sent_id,sentence_text,token_form,deprel,case_marker,mapper_candidates,mapper_confidence,mapper_status,verifier_candidates,verifier_decision,verifier_confidence,verifier_rule_id,final_candidates,final_decision,final_reason
train-s1,यह एशिया की सबसे बड़ी मस्जिदों में से एक है ।,यह,det,,,none,unsupported,,no_decision,none,,,no_decision,Verifier returned no_decision and mapper provided no Karaka candidates.
train-s1,यह एशिया की सबसे बड़ी मस्जिदों में से एक है ।,एशिया,nmod,की,,none,unsupported,,no_decision,none,,,no_decision,Verifier returned no_decision and mapper provided no Karaka candidates.
train-s1,यह एशिया की सबसे बड़ी मस्जिदों में से एक है ।,की,case,,,high,evidence_only,,no_decision,none,,,no_decision,Verifier returned no_decision and mapper provided no Karaka candidates.
train-s1,यह एशिया की सबसे बड़ी मस्जिदों में से एक है ।,सबसे,advmod,,,none,unsupported,,no_decision,none,,,no_decision,Verifier returned no_decision and mapper provided no Karaka candidates.
train-s1,यह एशिया की सबसे बड़ी मस्जिदों में से एक है ।,बड़ी,amod,,,none,unsupported,,no_decision,none,,,no_decision,Verifier returned no_decision and mapper provided no Karaka candidates.
train-s1,यह एशिया की सबसे बड़ी मस्जिदों में से एक है ।,मस्जिदों,nmod,में,,none,unsupported,,no_decision,none,,,no_decision,Verifier returned no_decision and mapper provided no Karaka candidates.
train-s1,यह एशिया की सबसे बड़ी मस्जिदों में से एक है ।,में,case,,,high,evidence_only,,no_decision,none,,,no_decision,Verifier returned no_decision and mapper provided no Karaka candidates.
train-s1,यह एशिया की सबसे बड़ी मस्जिदों में से एक है ।,से,case,,,high,evidence_only,,no_decision,none,,,no_decision,Verifier returned no_decision and mapper provided no Karaka candidates.
train-s1,यह एशिया की सबसे बड़ी मस्जिदों में से एक है ।,एक,root,,,high,no_karaka,,no_decision,none,,,no_decision,Verifier returned no_decision and mapper provided no Karaka candidates.
train-s1,यह एशिया की सबसे बड़ी मस्जिदों में से एक है ।,है,cop,,,none,unsupported,,no_decision,none,,,no_decision,Verifier returned no_decision and mapper provided no Karaka candidates.
train-s1,यह एशिया की सबसे बड़ी मस्जिदों में से एक है ।,।,punct,,,none,unsupported,,no_decision,none,,,no_decision,Verifier returned no_decision and mapper provided no Karaka candidates.
train-s2,इसे नवाब शाहजेहन ने बनवाया था ।,इसे,obj,,Karma,medium,mapped,,no_decision,none,,Karma,mapping_hypothesis,obj typically marks the direct object (patient) of the action.
train-s2,इसे नवाब शाहजेहन ने बनवाया था ।,नवाब,compound,,,none,unsupported,,no_decision,none,,,no_decision,Verifier returned no_decision and mapper provided no Karaka candidates.
train-s2,इसे नवाब शाहजेहन ने बनवाया था ।,शाहजेहन,nsubj,ने,Kartā,low-medium,mapped,Kartā,confirmed,high,R1,Kartā,confirmed,nsubj with ने postposition — strong agent/subject evidence for Kartā.
train-s2,इसे नवाब शाहजेहन ने बनवाया था ।,ने,case,,,high,evidence_only,,no_decision,none,,,no_decision,Verifier returned no_decision and mapper provided no Karaka candidates.
train-s2,इसे नवाब शाहजेहन ने बनवाया था ।,बनवाया,root,,,high,no_karaka,,no_decision,none,,,no_decision,Verifier returned no_decision and mapper provided no Karaka candidates.
train-s2,इसे नवाब शाहजेहन ने बनवाया था ।,था,aux,,,none,unsupported,,no_decision,none,,,no_decision,Verifier returned no_decision and mapper provided no Karaka candidates.
train-s2,इसे नवाब शाहजेहन ने बनवाया था ।,।,punct,,,none,unsupported,,no_decision,none,,,no_decision,Verifier returned no_decision and mapper provided no Karaka candidates.
train-s3,इसका प्रवेश द्वार दो मंजिला है ।,इसका,nmod,,,none,unsupported,,no_decision,none,,,no_decision,Verifier returned no_decision and mapper provided no Karaka candidates.
train-s3,इसका प्रवेश द्वार दो मंजिला है ।,प्रवेश,compound,,,none,unsupported,,no_decision,none,,,no_decision,Verifier returned no_decision and mapper provided no Karaka candidates.
train-s3,इसका प्रवेश द्वार दो मंजिला है ।,द्वार,nsubj,,Kartā,low-medium,mapped,,no_decision,none,,Kartā,mapping_hypothesis,nsubj is a grammatical subject; it may correspond to Kartā but is not always a semantic agent.
train-s3,इसका प्रवेश द्वार दो मंजिला है ।,दो,nummod,,,none,unsupported,,no_decision,none,,,no_decision,Verifier returned no_decision and mapper provided no Karaka candidates.
train-s3,इसका प्रवेश द्वार दो मंजिला है ।,मंजिला,root,,,high,no_karaka,,no_decision,none,,,no_decision,Verifier returned no_decision and mapper provided no Karaka candidates.
train-s3,इसका प्रवेश द्वार दो मंजिला है ।,है,cop,,,none,unsupported,,no_decision,none,,,no_decision,Verifier returned no_decision and mapper provided no Karaka candidates.
train-s3,इसका प्रवेश द्वार दो मंजिला है ।,।,punct,,,none,unsupported,,no_decision,none,,,no_decision,Verifier returned no_decision and mapper provided no Karaka candidates.
train-s4,जिसमें चार मेहराबें हैं और मुख्य प्रार्थना हॉल में जाने के लिए 9 प्रवेश द्वार हैं ।,जिसमें,nmod,,,none,unsupported,,no_decision,none,,,no_decision,Verifier returned no_decision and mapper provided no Karaka candidates.
train-s4,जिसमें चार मेहराबें हैं और मुख्य प्रार्थना हॉल में जाने के लिए 9 प्रवेश द्वार हैं ।,चार,nummod,,,none,unsupported,,no_decision,none,,,no_decision,Verifier returned no_decision and mapper provided no Karaka candidates.
train-s4,जिसमें चार मेहराबें हैं और मुख्य प्रार्थना हॉल में जाने के लिए 9 प्रवेश द्वार हैं ।,मेहराबें,root,,,high,no_karaka,,no_decision,none,,,no_decision,Verifier returned no_decision and mapper provided no Karaka candidates.
train-s4,जिसमें चार मेहराबें हैं और मुख्य प्रार्थना हॉल में जाने के लिए 9 प्रवेश द्वार हैं ।,हैं,cop,,,none,unsupported,,no_decision,none,,,no_decision,Verifier returned no_decision and mapper provided no Karaka candidates.
train-s4,जिसमें चार मेहराबें हैं और मुख्य प्रार्थना हॉल में जाने के लिए 9 प्रवेश द्वार हैं ।,और,cc,,,none,unsupported,,no_decision,none,,,no_decision,Verifier returned no_decision and mapper provided no Karaka candidates.
train-s4,जिसमें चार मेहराबें हैं और मुख्य प्रार्थना हॉल में जाने के लिए 9 प्रवेश द्वार हैं ।,मुख्य,amod,,,none,unsupported,,no_decision,none,,,no_decision,Verifier returned no_decision and mapper provided no Karaka candidates.
train-s4,जिसमें चार मेहराबें हैं और मुख्य प्रार्थना हॉल में जाने के लिए 9 प्रवेश द्वार हैं ।,प्रार्थना,compound,,,none,unsupported,,no_decision,none,,,no_decision,Verifier returned no_decision and mapper provided no Karaka candidates.
train-s4,जिसमें चार मेहराबें हैं और मुख्य प्रार्थना हॉल में जाने के लिए 9 प्रवेश द्वार हैं ।,हॉल,obl,में,Adhikaraṇa|Apādāna|Karaṇa,low,context_dependent,Adhikaraṇa,confirmed,medium-high,R2,Adhikaraṇa,confirmed,obl with में postposition — locative/locus pattern for Adhikaraṇa.
train-s4,जिसमें चार मेहराबें हैं और मुख्य प्रार्थना हॉल में जाने के लिए 9 प्रवेश द्वार हैं ।,में,case,,,high,evidence_only,,no_decision,none,,,no_decision,Verifier returned no_decision and mapper provided no Karaka candidates.
train-s4,जिसमें चार मेहराबें हैं और मुख्य प्रार्थना हॉल में जाने के लिए 9 प्रवेश द्वार हैं ।,जाने,advcl,,,none,unsupported,,no_decision,none,,,no_decision,Verifier returned no_decision and mapper provided no Karaka candidates.
train-s4,जिसमें चार मेहराबें हैं और मुख्य प्रार्थना हॉल में जाने के लिए 9 प्रवेश द्वार हैं ।,के,mark,,,none,unsupported,,no_decision,none,,,no_decision,Verifier returned no_decision and mapper provided no Karaka candidates.
train-s4,जिसमें चार मेहराबें हैं और मुख्य प्रार्थना हॉल में जाने के लिए 9 प्रवेश द्वार हैं ।,लिए,mark,,,none,unsupported,,no_decision,none,,,no_decision,Verifier returned no_decision and mapper provided no Karaka candidates.
train-s4,जिसमें चार मेहराबें हैं और मुख्य प्रार्थना हॉल में जाने के लिए 9 प्रवेश द्वार हैं ।,9,nummod,,,none,unsupported,,no_decision,none,,,no_decision,Verifier returned no_decision and mapper provided no Karaka candidates.
train-s4,जिसमें चार मेहराबें हैं और मुख्य प्रार्थना हॉल में जाने के लिए 9 प्रवेश द्वार हैं ।,प्रवेश,compound,,,none,unsupported,,no_decision,none,,,no_decision,Verifier returned no_decision and mapper provided no Karaka candidates.
train-s4,जिसमें चार मेहराबें हैं और मुख्य प्रार्थना हॉल में जाने के लिए 9 प्रवेश द्वार हैं ।,द्वार,nsubj,,Kartā,low-medium,mapped,,no_decision,none,,Kartā,mapping_hypothesis,nsubj is a grammatical subject; it may correspond to Kartā but is not always a semantic agent.
train-s4,जिसमें चार मेहराबें हैं और मुख्य प्रार्थना हॉल में जाने के लिए 9 प्रवेश द्वार हैं ।,हैं,conj,,,none,unsupported,,no_decision,none,,,no_decision,Verifier returned no_decision and mapper provided no Karaka candidates.
train-s4,जिसमें चार मेहराबें हैं और मुख्य प्रार्थना हॉल में जाने के लिए 9 प्रवेश द्वार हैं ।,।,punct,,,none,unsupported,,no_decision,none,,,no_decision,Verifier returned no_decision and mapper provided no Karaka candidates.
train-s5,पूरी इमारत बेहद खूबसूरत है ।,पूरी,amod,,,none,unsupported,,no_decision,none,,,no_decision,Verifier returned no_decision and mapper provided no Karaka candidates.
train-s5,पूरी इमारत बेहद खूबसूरत है ।,इमारत,nsubj,,Kartā,low-medium,mapped,,no_decision,none,,Kartā,mapping_hypothesis,nsubj is a grammatical subject; it may correspond to Kartā but is not always a semantic agent.
train-s5,पूरी इमारत बेहद खूबसूरत है ।,बेहद,advmod,,,none,unsupported,,no_decision,none,,,no_decision,Verifier returned no_decision and mapper provided no Karaka candidates.
train-s5,पूरी इमारत बेहद खूबसूरत है ।,खूबसूरत,root,,,high,no_karaka,,no_decision,none,,,no_decision,Verifier returned no_decision and mapper provided no Karaka candidates.
train-s5,पूरी इमारत बेहद खूबसूरत है ।,है,cop,,,none,unsupported,,no_decision,none,,,no_decision,Verifier returned no_decision and mapper provided no Karaka candidates.
train-s5,पूरी इमारत बेहद खूबसूरत है ।,।,punct,,,none,unsupported,,no_decision,none,,,no_decision,Verifier returned no_decision and mapper provided no Karaka candidates.
train-s6,यहाँ लगने वाला तीन दिन का इज्तिमा पूरे देश के लोगों को आमंत्रित करता है ।,यहाँ,obl,,Adhikaraṇa|Apādāna|Karaṇa,low,context_dependent,,no_decision,none,,Adhikaraṇa|Apādāna|Karaṇa,mapping_hypothesis,"obl is context-dependent; the Karaka role depends on postposition and verb semantics, not deprel alone."
train-s6,यहाँ लगने वाला तीन दिन का इज्तिमा पूरे देश के लोगों को आमंत्रित करता है ।,लगने,amod,,,none,unsupported,,no_decision,none,,,no_decision,Verifier returned no_decision and mapper provided no Karaka candidates.
train-s6,यहाँ लगने वाला तीन दिन का इज्तिमा पूरे देश के लोगों को आमंत्रित करता है ।,वाला,compound,,,none,unsupported,,no_decision,none,,,no_decision,Verifier returned no_decision and mapper provided no Karaka candidates.
train-s6,यहाँ लगने वाला तीन दिन का इज्तिमा पूरे देश के लोगों को आमंत्रित करता है ।,तीन,nummod,,,none,unsupported,,no_decision,none,,,no_decision,Verifier returned no_decision and mapper provided no Karaka candidates.
train-s6,यहाँ लगने वाला तीन दिन का इज्तिमा पूरे देश के लोगों को आमंत्रित करता है ।,दिन,nmod,का,,none,unsupported,,no_decision,none,,,no_decision,Verifier returned no_decision and mapper provided no Karaka candidates.
train-s6,यहाँ लगने वाला तीन दिन का इज्तिमा पूरे देश के लोगों को आमंत्रित करता है ।,का,case,,,high,evidence_only,,no_decision,none,,,no_decision,Verifier returned no_decision and mapper provided no Karaka candidates.
train-s6,यहाँ लगने वाला तीन दिन का इज्तिमा पूरे देश के लोगों को आमंत्रित करता है ।,इज्तिमा,nsubj,,Kartā,low-medium,mapped,,no_decision,none,,Kartā,mapping_hypothesis,nsubj is a grammatical subject; it may correspond to Kartā but is not always a semantic agent.
train-s6,यहाँ लगने वाला तीन दिन का इज्तिमा पूरे देश के लोगों को आमंत्रित करता है ।,पूरे,amod,,,none,unsupported,,no_decision,none,,,no_decision,Verifier returned no_decision and mapper provided no Karaka candidates.
train-s6,यहाँ लगने वाला तीन दिन का इज्तिमा पूरे देश के लोगों को आमंत्रित करता है ।,देश,nmod,के,,none,unsupported,,no_decision,none,,,no_decision,Verifier returned no_decision and mapper provided no Karaka candidates.
train-s6,यहाँ लगने वाला तीन दिन का इज्तिमा पूरे देश के लोगों को आमंत्रित करता है ।,के,case,,,high,evidence_only,,no_decision,none,,,no_decision,Verifier returned no_decision and mapper provided no Karaka candidates.
train-s6,यहाँ लगने वाला तीन दिन का इज्तिमा पूरे देश के लोगों को आमंत्रित करता है ।,लोगों,obj,को,Karma,medium,mapped,Karma|Sampradāna,ambiguous,low-medium,R5,Karma|Sampradāna,ambiguous,obj/iobj with को postposition — patient (Karma) or recipient (Sampradāna); cannot disambiguate in v1.
train-s6,यहाँ लगने वाला तीन दिन का इज्तिमा पूरे देश के लोगों को आमंत्रित करता है ।,को,case,,,high,evidence_only,,no_decision,none,,,no_decision,Verifier returned no_decision and mapper provided no Karaka candidates.
train-s6,यहाँ लगने वाला तीन दिन का इज्तिमा पूरे देश के लोगों को आमंत्रित करता है ।,आमंत्रित,compound,,,none,unsupported,,no_decision,none,,,no_decision,Verifier returned no_decision and mapper provided no Karaka candidates.
train-s6,यहाँ लगने वाला तीन दिन का इज्तिमा पूरे देश के लोगों को आमंत्रित करता है ।,करता,root,,,high,no_karaka,,no_decision,none,,,no_decision,Verifier returned no_decision and mapper provided no Karaka candidates.
train-s6,यहाँ लगने वाला तीन दिन का इज्तिमा पूरे देश के लोगों को आमंत्रित करता है ।,है,aux,,,none,unsupported,,no_decision,none,,,no_decision,Verifier returned no_decision and mapper provided no Karaka candidates.
train-s6,यहाँ लगने वाला तीन दिन का इज्तिमा पूरे देश के लोगों को आमंत्रित करता है ।,।,punct,,,none,unsupported,,no_decision,none,,,no_decision,Verifier returned no_decision and mapper provided no Karaka candidates.
train-s7,शौकत महल के सामने बड़ी झील के किनारे स्थित वास्तुकला का यह खूबसूरत नमूना कुदसिया बेगम के काल का है जिन्हें गोहर बेगम भी कहा जाता था ।,शौकत,compound,,,none,unsupported,,no_decision,none,,,no_decision,Verifier returned no_decision and mapper provided no Karaka candidates.
train-s7,शौकत महल के सामने बड़ी झील के किनारे स्थित वास्तुकला का यह खूबसूरत नमूना कुदसिया बेगम के काल का है जिन्हें गोहर बेगम भी कहा जाता था ।,महल,nmod,के,,none,unsupported,,no_decision,none,,,no_decision,Verifier returned no_decision and mapper provided no Karaka candidates.
train-s7,शौकत महल के सामने बड़ी झील के किनारे स्थित वास्तुकला का यह खूबसूरत नमूना कुदसिया बेगम के काल का है जिन्हें गोहर बेगम भी कहा जाता था ।,के,case,,,high,evidence_only,,no_decision,none,,,no_decision,Verifier returned no_decision and mapper provided no Karaka candidates.
train-s7,शौकत महल के सामने बड़ी झील के किनारे स्थित वास्तुकला का यह खूबसूरत नमूना कुदसिया बेगम के काल का है जिन्हें गोहर बेगम भी कहा जाता था ।,सामने,case,,,high,evidence_only,,no_decision,none,,,no_decision,Verifier returned no_decision and mapper provided no Karaka candidates.
train-s7,शौकत महल के सामने बड़ी झील के किनारे स्थित वास्तुकला का यह खूबसूरत नमूना कुदसिया बेगम के काल का है जिन्हें गोहर बेगम भी कहा जाता था ।,बड़ी,amod,,,none,unsupported,,no_decision,none,,,no_decision,Verifier returned no_decision and mapper provided no Karaka candidates.
train-s7,शौकत महल के सामने बड़ी झील के किनारे स्थित वास्तुकला का यह खूबसूरत नमूना कुदसिया बेगम के काल का है जिन्हें गोहर बेगम भी कहा जाता था ।,झील,nmod,के,,none,unsupported,,no_decision,none,,,no_decision,Verifier returned no_decision and mapper provided no Karaka candidates.
train-s7,शौकत महल के सामने बड़ी झील के किनारे स्थित वास्तुकला का यह खूबसूरत नमूना कुदसिया बेगम के काल का है जिन्हें गोहर बेगम भी कहा जाता था ।,के,case,,,high,evidence_only,,no_decision,none,,,no_decision,Verifier returned no_decision and mapper provided no Karaka candidates.
train-s7,शौकत महल के सामने बड़ी झील के किनारे स्थित वास्तुकला का यह खूबसूरत नमूना कुदसिया बेगम के काल का है जिन्हें गोहर बेगम भी कहा जाता था ।,किनारे,obl,,Adhikaraṇa|Apādāna|Karaṇa,low,context_dependent,,no_decision,none,,Adhikaraṇa|Apādāna|Karaṇa,mapping_hypothesis,"obl is context-dependent; the Karaka role depends on postposition and verb semantics, not deprel alone."
train-s7,शौकत महल के सामने बड़ी झील के किनारे स्थित वास्तुकला का यह खूबसूरत नमूना कुदसिया बेगम के काल का है जिन्हें गोहर बेगम भी कहा जाता था ।,स्थित,amod,,,none,unsupported,,no_decision,none,,,no_decision,Verifier returned no_decision and mapper provided no Karaka candidates.
train-s7,शौकत महल के सामने बड़ी झील के किनारे स्थित वास्तुकला का यह खूबसूरत नमूना कुदसिया बेगम के काल का है जिन्हें गोहर बेगम भी कहा जाता था ।,वास्तुकला,nmod,का,,none,unsupported,,no_decision,none,,,no_decision,Verifier returned no_decision and mapper provided no Karaka candidates.
train-s7,शौकत महल के सामने बड़ी झील के किनारे स्थित वास्तुकला का यह खूबसूरत नमूना कुदसिया बेगम के काल का है जिन्हें गोहर बेगम भी कहा जाता था ।,का,case,,,high,evidence_only,,no_decision,none,,,no_decision,Verifier returned no_decision and mapper provided no Karaka candidates.
train-s7,शौकत महल के सामने बड़ी झील के किनारे स्थित वास्तुकला का यह खूबसूरत नमूना कुदसिया बेगम के काल का है जिन्हें गोहर बेगम भी कहा जाता था ।,यह,det,,,none,unsupported,,no_decision,none,,,no_decision,Verifier returned no_decision and mapper provided no Karaka candidates.
train-s7,शौकत महल के सामने बड़ी झील के किनारे स्थित वास्तुकला का यह खूबसूरत नमूना कुदसिया बेगम के काल का है जिन्हें गोहर बेगम भी कहा जाता था ।,खूबसूरत,amod,,,none,unsupported,,no_decision,none,,,no_decision,Verifier returned no_decision and mapper provided no Karaka candidates.
train-s7,शौकत महल के सामने बड़ी झील के किनारे स्थित वास्तुकला का यह खूबसूरत नमूना कुदसिया बेगम के काल का है जिन्हें गोहर बेगम भी कहा जाता था ।,नमूना,root,,,high,no_karaka,,no_decision,none,,,no_decision,Verifier returned no_decision and mapper provided no Karaka candidates.
train-s7,शौकत महल के सामने बड़ी झील के किनारे स्थित वास्तुकला का यह खूबसूरत नमूना कुदसिया बेगम के काल का है जिन्हें गोहर बेगम भी कहा जाता था ।,कुदसिया,compound,,,none,unsupported,,no_decision,none,,,no_decision,Verifier returned no_decision and mapper provided no Karaka candidates.
train-s7,शौकत महल के सामने बड़ी झील के किनारे स्थित वास्तुकला का यह खूबसूरत नमूना कुदसिया बेगम के काल का है जिन्हें गोहर बेगम भी कहा जाता था ।,बेगम,nmod,के,,none,unsupported,,no_decision,none,,,no_decision,Verifier returned no_decision and mapper provided no Karaka candidates.
train-s7,शौकत महल के सामने बड़ी झील के किनारे स्थित वास्तुकला का यह खूबसूरत नमूना कुदसिया बेगम के काल का है जिन्हें गोहर बेगम भी कहा जाता था ।,के,case,,,high,evidence_only,,no_decision,none,,,no_decision,Verifier returned no_decision and mapper provided no Karaka candidates.
train-s7,शौकत महल के सामने बड़ी झील के किनारे स्थित वास्तुकला का यह खूबसूरत नमूना कुदसिया बेगम के काल का है जिन्हें गोहर बेगम भी कहा जाता था ।,काल,nmod,का,,none,unsupported,,no_decision,none,,,no_decision,Verifier returned no_decision and mapper provided no Karaka candidates.
train-s7,शौकत महल के सामने बड़ी झील के किनारे स्थित वास्तुकला का यह खूबसूरत नमूना कुदसिया बेगम के काल का है जिन्हें गोहर बेगम भी कहा जाता था ।,का,case,,,high,evidence_only,,no_decision,none,,,no_decision,Verifier returned no_decision and mapper provided no Karaka candidates.
train-s7,शौकत महल के सामने बड़ी झील के किनारे स्थित वास्तुकला का यह खूबसूरत नमूना कुदसिया बेगम के काल का है जिन्हें गोहर बेगम भी कहा जाता था ।,है,cop,,,none,unsupported,,no_decision,none,,,no_decision,Verifier returned no_decision and mapper provided no Karaka candidates.
train-s7,शौकत महल के सामने बड़ी झील के किनारे स्थित वास्तुकला का यह खूबसूरत नमूना कुदसिया बेगम के काल का है जिन्हें गोहर बेगम भी कहा जाता था ।,जिन्हें,obj,,Karma,medium,mapped,,no_decision,none,,Karma,mapping_hypothesis,obj typically marks the direct object (patient) of the action.
train-s7,शौकत महल के सामने बड़ी झील के किनारे स्थित वास्तुकला का यह खूबसूरत नमूना कुदसिया बेगम के काल का है जिन्हें गोहर बेगम भी कहा जाता था ।,गोहर,compound,,,none,unsupported,,no_decision,none,,,no_decision,Verifier returned no_decision and mapper provided no Karaka candidates.
train-s7,शौकत महल के सामने बड़ी झील के किनारे स्थित वास्तुकला का यह खूबसूरत नमूना कुदसिया बेगम के काल का है जिन्हें गोहर बेगम भी कहा जाता था ।,बेगम,acl,,,none,unsupported,,no_decision,none,,,no_decision,Verifier returned no_decision and mapper provided no Karaka candidates.
train-s7,शौकत महल के सामने बड़ी झील के किनारे स्थित वास्तुकला का यह खूबसूरत नमूना कुदसिया बेगम के काल का है जिन्हें गोहर बेगम भी कहा जाता था ।,भी,dep,,,none,unsupported,,no_decision,none,,,no_decision,Verifier returned no_decision and mapper provided no Karaka candidates.
train-s7,शौकत महल के सामने बड़ी झील के किनारे स्थित वास्तुकला का यह खूबसूरत नमूना कुदसिया बेगम के काल का है जिन्हें गोहर बेगम भी कहा जाता था ।,कहा,acl:relcl,,,none,unsupported,,no_decision,none,,,no_decision,Verifier returned no_decision and mapper provided no Karaka candidates.
train-s7,शौकत महल के सामने बड़ी झील के किनारे स्थित वास्तुकला का यह खूबसूरत नमूना कुदसिया बेगम के काल का है जिन्हें गोहर बेगम भी कहा जाता था ।,जाता,aux:pass,,,none,unsupported,,no_decision,none,,,no_decision,Verifier returned no_decision and mapper provided no Karaka candidates.
train-s7,शौकत महल के सामने बड़ी झील के किनारे स्थित वास्तुकला का यह खूबसूरत नमूना कुदसिया बेगम के काल का है जिन्हें गोहर बेगम भी कहा जाता था ।,था,aux:pass,,,none,unsupported,,no_decision,none,,,no_decision,Verifier returned no_decision and mapper provided no Karaka candidates.
train-s7,शौकत महल के सामने बड़ी झील के किनारे स्थित वास्तुकला का यह खूबसूरत नमूना कुदसिया बेगम के काल का है जिन्हें गोहर बेगम भी कहा जाता था ।,।,punct,,,none,unsupported,,no_decision,none,,,no_decision,Verifier returned no_decision and mapper provided no Karaka candidates.
train-s8,यह हिंदू और मुगल कला का अद्भुत संगम है ।,यह,nsubj,,Kartā,low-medium,mapped,,no_decision,none,,Kartā,mapping_hypothesis,nsubj is a grammatical subject; it may correspond to Kartā but is not always a semantic agent.
train-s8,यह हिंदू और मुगल कला का अद्भुत संगम है ।,हिंदू,dislocated,,,none,unsupported,,no_decision,none,,,no_decision,Verifier returned no_decision and mapper provided no Karaka candidates.
train-s8,यह हिंदू और मुगल कला का अद्भुत संगम है ।,और,cc,,,none,unsupported,,no_decision,none,,,no_decision,Verifier returned no_decision and mapper provided no Karaka candidates.
train-s8,यह हिंदू और मुगल कला का अद्भुत संगम है ।,मुगल,conj,,,none,unsupported,,no_decision,none,,,no_decision,Verifier returned no_decision and mapper provided no Karaka candidates.
train-s8,यह हिंदू और मुगल कला का अद्भुत संगम है ।,कला,nmod,का,,none,unsupported,,no_decision,none,,,no_decision,Verifier returned no_decision and mapper provided no Karaka candidates.
train-s8,यह हिंदू और मुगल कला का अद्भुत संगम है ।,का,case,,,high,evidence_only,,no_decision,none,,,no_decision,Verifier returned no_decision and mapper provided no Karaka candidates.
train-s8,यह हिंदू और मुगल कला का अद्भुत संगम है ।,अद्भुत,amod,,,none,unsupported,,no_decision,none,,,no_decision,Verifier returned no_decision and mapper provided no Karaka candidates.
train-s8,यह हिंदू और मुगल कला का अद्भुत संगम है ।,संगम,root,,,high,no_karaka,,no_decision,none,,,no_decision,Verifier returned no_decision and mapper provided no Karaka candidates.
train-s8,यह हिंदू और मुगल कला का अद्भुत संगम है ।,है,cop,,,none,unsupported,,no_decision,none,,,no_decision,Verifier returned no_decision and mapper provided no Karaka candidates.
train-s8,यह हिंदू और मुगल कला का अद्भुत संगम है ।,।,punct,,,none,unsupported,,no_decision,none,,,no_decision,Verifier returned no_decision and mapper provided no Karaka candidates.
train-s9,यह भारत की अनूठी राष्ट्रीय संस्था है ।,यह,nsubj,,Kartā,low-medium,mapped,,no_decision,none,,Kartā,mapping_hypothesis,nsubj is a grammatical subject; it may correspond to Kartā but is not always a semantic agent.
train-s9,यह भारत की अनूठी राष्ट्रीय संस्था है ।,भारत,nmod,की,,none,unsupported,,no_decision,none,,,no_decision,Verifier returned no_decision and mapper provided no Karaka candidates.
train-s9,यह भारत की अनूठी राष्ट्रीय संस्था है ।,की,case,,,high,evidence_only,,no_decision,none,,,no_decision,Verifier returned no_decision and mapper provided no Karaka candidates.
train-s9,यह भारत की अनूठी राष्ट्रीय संस्था है ।,अनूठी,amod,,,none,unsupported,,no_decision,none,,,no_decision,Verifier returned no_decision and mapper provided no Karaka candidates.
train-s9,यह भारत की अनूठी राष्ट्रीय संस्था है ।,राष्ट्रीय,amod,,,none,unsupported,,no_decision,none,,,no_decision,Verifier returned no_decision and mapper provided no Karaka candidates.
train-s9,यह भारत की अनूठी राष्ट्रीय संस्था है ।,संस्था,root,,,high,no_karaka,,no_decision,none,,,no_decision,Verifier returned no_decision and mapper provided no Karaka candidates.
train-s9,यह भारत की अनूठी राष्ट्रीय संस्था है ।,है,cop,,,none,unsupported,,no_decision,none,,,no_decision,Verifier returned no_decision and mapper provided no Karaka candidates.
train-s9,यह भारत की अनूठी राष्ट्रीय संस्था है ।,।,punct,,,none,unsupported,,no_decision,none,,,no_decision,Verifier returned no_decision and mapper provided no Karaka candidates.
train-s10,मुख्य रूप से यह प्रदर्शन कला और दृश्य कला का केंद्र है ।,मुख्य,amod,,,none,unsupported,,no_decision,none,,,no_decision,Verifier returned no_decision and mapper provided no Karaka candidates.
train-s10,मुख्य रूप से यह प्रदर्शन कला और दृश्य कला का केंद्र है ।,रूप,obl,से,Adhikaraṇa|Apādāna|Karaṇa,low,context_dependent,Karaṇa|Apādāna,ambiguous,low-medium,R4,Karaṇa|Apādāna,ambiguous,obl with से postposition — instrument (Karaṇa) or source (Apādāna); cannot disambiguate in v1.
train-s10,मुख्य रूप से यह प्रदर्शन कला और दृश्य कला का केंद्र है ।,से,case,,,high,evidence_only,,no_decision,none,,,no_decision,Verifier returned no_decision and mapper provided no Karaka candidates.
train-s10,मुख्य रूप से यह प्रदर्शन कला और दृश्य कला का केंद्र है ।,यह,nsubj,,Kartā,low-medium,mapped,,no_decision,none,,Kartā,mapping_hypothesis,nsubj is a grammatical subject; it may correspond to Kartā but is not always a semantic agent.
train-s10,मुख्य रूप से यह प्रदर्शन कला और दृश्य कला का केंद्र है ।,प्रदर्शन,compound,,,none,unsupported,,no_decision,none,,,no_decision,Verifier returned no_decision and mapper provided no Karaka candidates.
train-s10,मुख्य रूप से यह प्रदर्शन कला और दृश्य कला का केंद्र है ।,कला,nmod,,,none,unsupported,,no_decision,none,,,no_decision,Verifier returned no_decision and mapper provided no Karaka candidates.
train-s10,मुख्य रूप से यह प्रदर्शन कला और दृश्य कला का केंद्र है ।,और,cc,,,none,unsupported,,no_decision,none,,,no_decision,Verifier returned no_decision and mapper provided no Karaka candidates.
train-s10,मुख्य रूप से यह प्रदर्शन कला और दृश्य कला का केंद्र है ।,दृश्य,compound,,,none,unsupported,,no_decision,none,,,no_decision,Verifier returned no_decision and mapper provided no Karaka candidates.
train-s10,मुख्य रूप से यह प्रदर्शन कला और दृश्य कला का केंद्र है ।,कला,conj,का,,none,unsupported,,no_decision,none,,,no_decision,Verifier returned no_decision and mapper provided no Karaka candidates.
train-s10,मुख्य रूप से यह प्रदर्शन कला और दृश्य कला का केंद्र है ।,का,case,,,high,evidence_only,,no_decision,none,,,no_decision,Verifier returned no_decision and mapper provided no Karaka candidates.
train-s10,मुख्य रूप से यह प्रदर्शन कला और दृश्य कला का केंद्र है ।,केंद्र,root,,,high,no_karaka,,no_decision,none,,,no_decision,Verifier returned no_decision and mapper provided no Karaka candidates.
train-s10,मुख्य रूप से यह प्रदर्शन कला और दृश्य कला का केंद्र है ।,है,cop,,,none,unsupported,,no_decision,none,,,no_decision,Verifier returned no_decision and mapper provided no Karaka candidates.
train-s10,मुख्य रूप से यह प्रदर्शन कला और दृश्य कला का केंद्र है ।,।,punct,,,none,unsupported,,no_decision,none,,,no_decision,Verifier returned no_decision and mapper provided no Karaka candidates.
train-s11,इसे चार्ल्स कोरिया ने डिजाइन किया है ।,इसे,obj,,Karma,medium,mapped,,no_decision,none,,Karma,mapping_hypothesis,obj typically marks the direct object (patient) of the action.
train-s11,इसे चार्ल्स कोरिया ने डिजाइन किया है ।,चार्ल्स,compound,,,none,unsupported,,no_decision,none,,,no_decision,Verifier returned no_decision and mapper provided no Karaka candidates.
train-s11,इसे चार्ल्स कोरिया ने डिजाइन किया है ।,कोरिया,nsubj,ने,Kartā,low-medium,mapped,Kartā,confirmed,high,R1,Kartā,confirmed,nsubj with ने postposition — strong agent/subject evidence for Kartā.
train-s11,इसे चार्ल्स कोरिया ने डिजाइन किया है ।,ने,case,,,high,evidence_only,,no_decision,none,,,no_decision,Verifier returned no_decision and mapper provided no Karaka candidates.
train-s11,इसे चार्ल्स कोरिया ने डिजाइन किया है ।,डिजाइन,compound,,,none,unsupported,,no_decision,none,,,no_decision,Verifier returned no_decision and mapper provided no Karaka candidates.
train-s11,इसे चार्ल्स कोरिया ने डिजाइन किया है ।,किया,root,,,high,no_karaka,,no_decision,none,,,no_decision,Verifier returned no_decision and mapper provided no Karaka candidates.
train-s11,इसे चार्ल्स कोरिया ने डिजाइन किया है ।,है,aux,,,none,unsupported,,no_decision,none,,,no_decision,Verifier returned no_decision and mapper provided no Karaka candidates.
train-s11,इसे चार्ल्स कोरिया ने डिजाइन किया है ।,।,punct,,,none,unsupported,,no_decision,none,,,no_decision,Verifier returned no_decision and mapper provided no Karaka candidates.
train-s12,विशाल क्षेत्र में फैले इस भवन के आस - पास का प्राकृतिक सौंदर्य इसे और भी भव्य बनाता है ।,विशाल,amod,,,none,unsupported,,no_decision,none,,,no_decision,Verifier returned no_decision and mapper provided no Karaka candidates.
train-s12,विशाल क्षेत्र में फैले इस भवन के आस - पास का प्राकृतिक सौंदर्य इसे और भी भव्य बनाता है ।,क्षेत्र,obl,में,Adhikaraṇa|Apādāna|Karaṇa,low,context_dependent,Adhikaraṇa,confirmed,medium-high,R2,Adhikaraṇa,confirmed,obl with में postposition — locative/locus pattern for Adhikaraṇa.
train-s12,विशाल क्षेत्र में फैले इस भवन के आस - पास का प्राकृतिक सौंदर्य इसे और भी भव्य बनाता है ।,में,case,,,high,evidence_only,,no_decision,none,,,no_decision,Verifier returned no_decision and mapper provided no Karaka candidates.
train-s12,विशाल क्षेत्र में फैले इस भवन के आस - पास का प्राकृतिक सौंदर्य इसे और भी भव्य बनाता है ।,फैले,acl,,,none,unsupported,,no_decision,none,,,no_decision,Verifier returned no_decision and mapper provided no Karaka candidates.
train-s12,विशाल क्षेत्र में फैले इस भवन के आस - पास का प्राकृतिक सौंदर्य इसे और भी भव्य बनाता है ।,इस,det,,,none,unsupported,,no_decision,none,,,no_decision,Verifier returned no_decision and mapper provided no Karaka candidates.
train-s12,विशाल क्षेत्र में फैले इस भवन के आस - पास का प्राकृतिक सौंदर्य इसे और भी भव्य बनाता है ।,भवन,nmod,के,,none,unsupported,,no_decision,none,,,no_decision,Verifier returned no_decision and mapper provided no Karaka candidates.
train-s12,विशाल क्षेत्र में फैले इस भवन के आस - पास का प्राकृतिक सौंदर्य इसे और भी भव्य बनाता है ।,के,case,,,high,evidence_only,,no_decision,none,,,no_decision,Verifier returned no_decision and mapper provided no Karaka candidates.
train-s12,विशाल क्षेत्र में फैले इस भवन के आस - पास का प्राकृतिक सौंदर्य इसे और भी भव्य बनाता है ।,आस,case,,,high,evidence_only,,no_decision,none,,,no_decision,Verifier returned no_decision and mapper provided no Karaka candidates.
train-s12,विशाल क्षेत्र में फैले इस भवन के आस - पास का प्राकृतिक सौंदर्य इसे और भी भव्य बनाता है ।,-,punct,,,none,unsupported,,no_decision,none,,,no_decision,Verifier returned no_decision and mapper provided no Karaka candidates.
train-s12,विशाल क्षेत्र में फैले इस भवन के आस - पास का प्राकृतिक सौंदर्य इसे और भी भव्य बनाता है ।,पास,case,,,high,evidence_only,,no_decision,none,,,no_decision,Verifier returned no_decision and mapper provided no Karaka candidates.
train-s12,विशाल क्षेत्र में फैले इस भवन के आस - पास का प्राकृतिक सौंदर्य इसे और भी भव्य बनाता है ।,का,case,,,high,evidence_only,,no_decision,none,,,no_decision,Verifier returned no_decision and mapper provided no Karaka candidates.
train-s12,विशाल क्षेत्र में फैले इस भवन के आस - पास का प्राकृतिक सौंदर्य इसे और भी भव्य बनाता है ।,प्राकृतिक,amod,,,none,unsupported,,no_decision,none,,,no_decision,Verifier returned no_decision and mapper provided no Karaka candidates.
train-s12,विशाल क्षेत्र में फैले इस भवन के आस - पास का प्राकृतिक सौंदर्य इसे और भी भव्य बनाता है ।,सौंदर्य,nsubj,,Kartā,low-medium,mapped,,no_decision,none,,Kartā,mapping_hypothesis,nsubj is a grammatical subject; it may correspond to Kartā but is not always a semantic agent.
train-s12,विशाल क्षेत्र में फैले इस भवन के आस - पास का प्राकृतिक सौंदर्य इसे और भी भव्य बनाता है ।,इसे,obj,,Karma,medium,mapped,,no_decision,none,,Karma,mapping_hypothesis,obj typically marks the direct object (patient) of the action.
train-s12,विशाल क्षेत्र में फैले इस भवन के आस - पास का प्राकृतिक सौंदर्य इसे और भी भव्य बनाता है ।,और,det,,,none,unsupported,,no_decision,none,,,no_decision,Verifier returned no_decision and mapper provided no Karaka candidates.
train-s12,विशाल क्षेत्र में फैले इस भवन के आस - पास का प्राकृतिक सौंदर्य इसे और भी भव्य बनाता है ।,भी,dep,,,none,unsupported,,no_decision,none,,,no_decision,Verifier returned no_decision and mapper provided no Karaka candidates.
train-s12,विशाल क्षेत्र में फैले इस भवन के आस - पास का प्राकृतिक सौंदर्य इसे और भी भव्य बनाता है ।,भव्य,compound,,,none,unsupported,,no_decision,none,,,no_decision,Verifier returned no_decision and mapper provided no Karaka candidates.
train-s12,विशाल क्षेत्र में फैले इस भवन के आस - पास का प्राकृतिक सौंदर्य इसे और भी भव्य बनाता है ।,बनाता,root,,,high,no_karaka,,no_decision,none,,,no_decision,Verifier returned no_decision and mapper provided no Karaka candidates.
train-s12,विशाल क्षेत्र में फैले इस भवन के आस - पास का प्राकृतिक सौंदर्य इसे और भी भव्य बनाता है ।,है,aux,,,none,unsupported,,no_decision,none,,,no_decision,Verifier returned no_decision and mapper provided no Karaka candidates.
train-s12,विशाल क्षेत्र में फैले इस भवन के आस - पास का प्राकृतिक सौंदर्य इसे और भी भव्य बनाता है ।,।,punct,,,none,unsupported,,no_decision,none,,,no_decision,Verifier returned no_decision and mapper provided no Karaka candidates.
train-s13,"यहीं पर एक कला संग्रहालय, कला दीर्घा, फाइन आर्ट के लिए कार्यशाला, एक थिएटर, अंतरंग और बहिरंग ऑडिटोरियम, रिहर्सल कक्ष, भारतीय कविताओं का पुस्तकालय, शास्त्रीय और लोक संगीत संग्रहालय भी हैं ।",यहीं,nmod,पर,,none,unsupported,,no_decision,none,,,no_decision,Verifier returned no_decision and mapper provided no Karaka candidates.
train-s13,"यहीं पर एक कला संग्रहालय, कला दीर्घा, फाइन आर्ट के लिए कार्यशाला, एक थिएटर, अंतरंग और बहिरंग ऑडिटोरियम, रिहर्सल कक्ष, भारतीय कविताओं का पुस्तकालय, शास्त्रीय और लोक संगीत संग्रहालय भी हैं ।",पर,case,,,high,evidence_only,,no_decision,none,,,no_decision,Verifier returned no_decision and mapper provided no Karaka candidates.
train-s13,"यहीं पर एक कला संग्रहालय, कला दीर्घा, फाइन आर्ट के लिए कार्यशाला, एक थिएटर, अंतरंग और बहिरंग ऑडिटोरियम, रिहर्सल कक्ष, भारतीय कविताओं का पुस्तकालय, शास्त्रीय और लोक संगीत संग्रहालय भी हैं ।",एक,nummod,,,none,unsupported,,no_decision,none,,,no_decision,Verifier returned no_decision and mapper provided no Karaka candidates.
train-s13,"यहीं पर एक कला संग्रहालय, कला दीर्घा, फाइन आर्ट के लिए कार्यशाला, एक थिएटर, अंतरंग और बहिरंग ऑडिटोरियम, रिहर्सल कक्ष, भारतीय कविताओं का पुस्तकालय, शास्त्रीय और लोक संगीत संग्रहालय भी हैं ।",कला,compound,,,none,unsupported,,no_decision,none,,,no_decision,Verifier returned no_decision and mapper provided no Karaka candidates.
train-s13,"यहीं पर एक कला संग्रहालय, कला दीर्घा, फाइन आर्ट के लिए कार्यशाला, एक थिएटर, अंतरंग और बहिरंग ऑडिटोरियम, रिहर्सल कक्ष, भारतीय कविताओं का पुस्तकालय, शास्त्रीय और लोक संगीत संग्रहालय भी हैं ।",संग्रहालय,root,,,high,no_karaka,,no_decision,none,,,no_decision,Verifier returned no_decision and mapper provided no Karaka candidates.
train-s13,"यहीं पर एक कला संग्रहालय, कला दीर्घा, फाइन आर्ट के लिए कार्यशाला, एक थिएटर, अंतरंग और बहिरंग ऑडिटोरियम, रिहर्सल कक्ष, भारतीय कविताओं का पुस्तकालय, शास्त्रीय और लोक संगीत संग्रहालय भी हैं ।",",",punct,,,none,unsupported,,no_decision,none,,,no_decision,Verifier returned no_decision and mapper provided no Karaka candidates.
train-s13,"यहीं पर एक कला संग्रहालय, कला दीर्घा, फाइन आर्ट के लिए कार्यशाला, एक थिएटर, अंतरंग और बहिरंग ऑडिटोरियम, रिहर्सल कक्ष, भारतीय कविताओं का पुस्तकालय, शास्त्रीय और लोक संगीत संग्रहालय भी हैं ।",कला,compound,,,none,unsupported,,no_decision,none,,,no_decision,Verifier returned no_decision and mapper provided no Karaka candidates.
train-s13,"यहीं पर एक कला संग्रहालय, कला दीर्घा, फाइन आर्ट के लिए कार्यशाला, एक थिएटर, अंतरंग और बहिरंग ऑडिटोरियम, रिहर्सल कक्ष, भारतीय कविताओं का पुस्तकालय, शास्त्रीय और लोक संगीत संग्रहालय भी हैं ।",दीर्घा,conj,,,none,unsupported,,no_decision,none,,,no_decision,Verifier returned no_decision and mapper provided no Karaka candidates.
train-s13,"यहीं पर एक कला संग्रहालय, कला दीर्घा, फाइन आर्ट के लिए कार्यशाला, एक थिएटर, अंतरंग और बहिरंग ऑडिटोरियम, रिहर्सल कक्ष, भारतीय कविताओं का पुस्तकालय, शास्त्रीय और लोक संगीत संग्रहालय भी हैं ।",",",punct,,,none,unsupported,,no_decision,none,,,no_decision,Verifier returned no_decision and mapper provided no Karaka candidates.
train-s13,"यहीं पर एक कला संग्रहालय, कला दीर्घा, फाइन आर्ट के लिए कार्यशाला, एक थिएटर, अंतरंग और बहिरंग ऑडिटोरियम, रिहर्सल कक्ष, भारतीय कविताओं का पुस्तकालय, शास्त्रीय और लोक संगीत संग्रहालय भी हैं ।",फाइन,compound,,,none,unsupported,,no_decision,none,,,no_decision,Verifier returned no_decision and mapper provided no Karaka candidates.
train-s13,"यहीं पर एक कला संग्रहालय, कला दीर्घा, फाइन आर्ट के लिए कार्यशाला, एक थिएटर, अंतरंग और बहिरंग ऑडिटोरियम, रिहर्सल कक्ष, भारतीय कविताओं का पुस्तकालय, शास्त्रीय और लोक संगीत संग्रहालय भी हैं ।",आर्ट,nmod,के,,none,unsupported,,no_decision,none,,,no_decision,Verifier returned no_decision and mapper provided no Karaka candidates.
train-s13,"यहीं पर एक कला संग्रहालय, कला दीर्घा, फाइन आर्ट के लिए कार्यशाला, एक थिएटर, अंतरंग और बहिरंग ऑडिटोरियम, रिहर्सल कक्ष, भारतीय कविताओं का पुस्तकालय, शास्त्रीय और लोक संगीत संग्रहालय भी हैं ।",के,case,,,high,evidence_only,,no_decision,none,,,no_decision,Verifier returned no_decision and mapper provided no Karaka candidates.
train-s13,"यहीं पर एक कला संग्रहालय, कला दीर्घा, फाइन आर्ट के लिए कार्यशाला, एक थिएटर, अंतरंग और बहिरंग ऑडिटोरियम, रिहर्सल कक्ष, भारतीय कविताओं का पुस्तकालय, शास्त्रीय और लोक संगीत संग्रहालय भी हैं ।",लिए,case,,,high,evidence_only,,no_decision,none,,,no_decision,Verifier returned no_decision and mapper provided no Karaka candidates.
train-s13,"यहीं पर एक कला संग्रहालय, कला दीर्घा, फाइन आर्ट के लिए कार्यशाला, एक थिएटर, अंतरंग और बहिरंग ऑडिटोरियम, रिहर्सल कक्ष, भारतीय कविताओं का पुस्तकालय, शास्त्रीय और लोक संगीत संग्रहालय भी हैं ।",कार्यशाला,conj,,,none,unsupported,,no_decision,none,,,no_decision,Verifier returned no_decision and mapper provided no Karaka candidates.
train-s13,"यहीं पर एक कला संग्रहालय, कला दीर्घा, फाइन आर्ट के लिए कार्यशाला, एक थिएटर, अंतरंग और बहिरंग ऑडिटोरियम, रिहर्सल कक्ष, भारतीय कविताओं का पुस्तकालय, शास्त्रीय और लोक संगीत संग्रहालय भी हैं ।",",",punct,,,none,unsupported,,no_decision,none,,,no_decision,Verifier returned no_decision and mapper provided no Karaka candidates.
train-s13,"यहीं पर एक कला संग्रहालय, कला दीर्घा, फाइन आर्ट के लिए कार्यशाला, एक थिएटर, अंतरंग और बहिरंग ऑडिटोरियम, रिहर्सल कक्ष, भारतीय कविताओं का पुस्तकालय, शास्त्रीय और लोक संगीत संग्रहालय भी हैं ।",एक,nummod,,,none,unsupported,,no_decision,none,,,no_decision,Verifier returned no_decision and mapper provided no Karaka candidates.
train-s13,"यहीं पर एक कला संग्रहालय, कला दीर्घा, फाइन आर्ट के लिए कार्यशाला, एक थिएटर, अंतरंग और बहिरंग ऑडिटोरियम, रिहर्सल कक्ष, भारतीय कविताओं का पुस्तकालय, शास्त्रीय और लोक संगीत संग्रहालय भी हैं ।",थिएटर,conj,,,none,unsupported,,no_decision,none,,,no_decision,Verifier returned no_decision and mapper provided no Karaka candidates.
train-s13,"यहीं पर एक कला संग्रहालय, कला दीर्घा, फाइन आर्ट के लिए कार्यशाला, एक थिएटर, अंतरंग और बहिरंग ऑडिटोरियम, रिहर्सल कक्ष, भारतीय कविताओं का पुस्तकालय, शास्त्रीय और लोक संगीत संग्रहालय भी हैं ।",",",punct,,,none,unsupported,,no_decision,none,,,no_decision,Verifier returned no_decision and mapper provided no Karaka candidates.
train-s13,"यहीं पर एक कला संग्रहालय, कला दीर्घा, फाइन आर्ट के लिए कार्यशाला, एक थिएटर, अंतरंग और बहिरंग ऑडिटोरियम, रिहर्सल कक्ष, भारतीय कविताओं का पुस्तकालय, शास्त्रीय और लोक संगीत संग्रहालय भी हैं ।",अंतरंग,amod,,,none,unsupported,,no_decision,none,,,no_decision,Verifier returned no_decision and mapper provided no Karaka candidates.
train-s13,"यहीं पर एक कला संग्रहालय, कला दीर्घा, फाइन आर्ट के लिए कार्यशाला, एक थिएटर, अंतरंग और बहिरंग ऑडिटोरियम, रिहर्सल कक्ष, भारतीय कविताओं का पुस्तकालय, शास्त्रीय और लोक संगीत संग्रहालय भी हैं ।",और,cc,,,none,unsupported,,no_decision,none,,,no_decision,Verifier returned no_decision and mapper provided no Karaka candidates.
train-s13,"यहीं पर एक कला संग्रहालय, कला दीर्घा, फाइन आर्ट के लिए कार्यशाला, एक थिएटर, अंतरंग और बहिरंग ऑडिटोरियम, रिहर्सल कक्ष, भारतीय कविताओं का पुस्तकालय, शास्त्रीय और लोक संगीत संग्रहालय भी हैं ।",बहिरंग,conj,,,none,unsupported,,no_decision,none,,,no_decision,Verifier returned no_decision and mapper provided no Karaka candidates.
train-s13,"यहीं पर एक कला संग्रहालय, कला दीर्घा, फाइन आर्ट के लिए कार्यशाला, एक थिएटर, अंतरंग और बहिरंग ऑडिटोरियम, रिहर्सल कक्ष, भारतीय कविताओं का पुस्तकालय, शास्त्रीय और लोक संगीत संग्रहालय भी हैं ।",ऑडिटोरियम,conj,,,none,unsupported,,no_decision,none,,,no_decision,Verifier returned no_decision and mapper provided no Karaka candidates.
train-s13,"यहीं पर एक कला संग्रहालय, कला दीर्घा, फाइन आर्ट के लिए कार्यशाला, एक थिएटर, अंतरंग और बहिरंग ऑडिटोरियम, रिहर्सल कक्ष, भारतीय कविताओं का पुस्तकालय, शास्त्रीय और लोक संगीत संग्रहालय भी हैं ।",",",punct,,,none,unsupported,,no_decision,none,,,no_decision,Verifier returned no_decision and mapper provided no Karaka candidates.
train-s13,"यहीं पर एक कला संग्रहालय, कला दीर्घा, फाइन आर्ट के लिए कार्यशाला, एक थिएटर, अंतरंग और बहिरंग ऑडिटोरियम, रिहर्सल कक्ष, भारतीय कविताओं का पुस्तकालय, शास्त्रीय और लोक संगीत संग्रहालय भी हैं ।",रिहर्सल,compound,,,none,unsupported,,no_decision,none,,,no_decision,Verifier returned no_decision and mapper provided no Karaka candidates.
train-s13,"यहीं पर एक कला संग्रहालय, कला दीर्घा, फाइन आर्ट के लिए कार्यशाला, एक थिएटर, अंतरंग और बहिरंग ऑडिटोरियम, रिहर्सल कक्ष, भारतीय कविताओं का पुस्तकालय, शास्त्रीय और लोक संगीत संग्रहालय भी हैं ।",कक्ष,conj,,,none,unsupported,,no_decision,none,,,no_decision,Verifier returned no_decision and mapper provided no Karaka candidates.
train-s13,"यहीं पर एक कला संग्रहालय, कला दीर्घा, फाइन आर्ट के लिए कार्यशाला, एक थिएटर, अंतरंग और बहिरंग ऑडिटोरियम, रिहर्सल कक्ष, भारतीय कविताओं का पुस्तकालय, शास्त्रीय और लोक संगीत संग्रहालय भी हैं ।",",",punct,,,none,unsupported,,no_decision,none,,,no_decision,Verifier returned no_decision and mapper provided no Karaka candidates.
train-s13,"यहीं पर एक कला संग्रहालय, कला दीर्घा, फाइन आर्ट के लिए कार्यशाला, एक थिएटर, अंतरंग और बहिरंग ऑडिटोरियम, रिहर्सल कक्ष, भारतीय कविताओं का पुस्तकालय, शास्त्रीय और लोक संगीत संग्रहालय भी हैं ।",भारतीय,amod,,,none,unsupported,,no_decision,none,,,no_decision,Verifier returned no_decision and mapper provided no Karaka candidates.
train-s13,"यहीं पर एक कला संग्रहालय, कला दीर्घा, फाइन आर्ट के लिए कार्यशाला, एक थिएटर, अंतरंग और बहिरंग ऑडिटोरियम, रिहर्सल कक्ष, भारतीय कविताओं का पुस्तकालय, शास्त्रीय और लोक संगीत संग्रहालय भी हैं ।",कविताओं,nmod,का,,none,unsupported,,no_decision,none,,,no_decision,Verifier returned no_decision and mapper provided no Karaka candidates.
train-s13,"यहीं पर एक कला संग्रहालय, कला दीर्घा, फाइन आर्ट के लिए कार्यशाला, एक थिएटर, अंतरंग और बहिरंग ऑडिटोरियम, रिहर्सल कक्ष, भारतीय कविताओं का पुस्तकालय, शास्त्रीय और लोक संगीत संग्रहालय भी हैं ।",का,case,,,high,evidence_only,,no_decision,none,,,no_decision,Verifier returned no_decision and mapper provided no Karaka candidates.
train-s13,"यहीं पर एक कला संग्रहालय, कला दीर्घा, फाइन आर्ट के लिए कार्यशाला, एक थिएटर, अंतरंग और बहिरंग ऑडिटोरियम, रिहर्सल कक्ष, भारतीय कविताओं का पुस्तकालय, शास्त्रीय और लोक संगीत संग्रहालय भी हैं ।",पुस्तकालय,conj,,,none,unsupported,,no_decision,none,,,no_decision,Verifier returned no_decision and mapper provided no Karaka candidates.
train-s13,"यहीं पर एक कला संग्रहालय, कला दीर्घा, फाइन आर्ट के लिए कार्यशाला, एक थिएटर, अंतरंग और बहिरंग ऑडिटोरियम, रिहर्सल कक्ष, भारतीय कविताओं का पुस्तकालय, शास्त्रीय और लोक संगीत संग्रहालय भी हैं ।",",",punct,,,none,unsupported,,no_decision,none,,,no_decision,Verifier returned no_decision and mapper provided no Karaka candidates.
train-s13,"यहीं पर एक कला संग्रहालय, कला दीर्घा, फाइन आर्ट के लिए कार्यशाला, एक थिएटर, अंतरंग और बहिरंग ऑडिटोरियम, रिहर्सल कक्ष, भारतीय कविताओं का पुस्तकालय, शास्त्रीय और लोक संगीत संग्रहालय भी हैं ।",शास्त्रीय,amod,,,none,unsupported,,no_decision,none,,,no_decision,Verifier returned no_decision and mapper provided no Karaka candidates.
train-s13,"यहीं पर एक कला संग्रहालय, कला दीर्घा, फाइन आर्ट के लिए कार्यशाला, एक थिएटर, अंतरंग और बहिरंग ऑडिटोरियम, रिहर्सल कक्ष, भारतीय कविताओं का पुस्तकालय, शास्त्रीय और लोक संगीत संग्रहालय भी हैं ।",और,cc,,,none,unsupported,,no_decision,none,,,no_decision,Verifier returned no_decision and mapper provided no Karaka candidates.
train-s13,"यहीं पर एक कला संग्रहालय, कला दीर्घा, फाइन आर्ट के लिए कार्यशाला, एक थिएटर, अंतरंग और बहिरंग ऑडिटोरियम, रिहर्सल कक्ष, भारतीय कविताओं का पुस्तकालय, शास्त्रीय और लोक संगीत संग्रहालय भी हैं ।",लोक,conj,,,none,unsupported,,no_decision,none,,,no_decision,Verifier returned no_decision and mapper provided no Karaka candidates.
train-s13,"यहीं पर एक कला संग्रहालय, कला दीर्घा, फाइन आर्ट के लिए कार्यशाला, एक थिएटर, अंतरंग और बहिरंग ऑडिटोरियम, रिहर्सल कक्ष, भारतीय कविताओं का पुस्तकालय, शास्त्रीय और लोक संगीत संग्रहालय भी हैं ।",संगीत,nmod,,,none,unsupported,,no_decision,none,,,no_decision,Verifier returned no_decision and mapper provided no Karaka candidates.
train-s13,"यहीं पर एक कला संग्रहालय, कला दीर्घा, फाइन आर्ट के लिए कार्यशाला, एक थिएटर, अंतरंग और बहिरंग ऑडिटोरियम, रिहर्सल कक्ष, भारतीय कविताओं का पुस्तकालय, शास्त्रीय और लोक संगीत संग्रहालय भी हैं ।",संग्रहालय,conj,,,none,unsupported,,no_decision,none,,,no_decision,Verifier returned no_decision and mapper provided no Karaka candidates.
train-s13,"यहीं पर एक कला संग्रहालय, कला दीर्घा, फाइन आर्ट के लिए कार्यशाला, एक थिएटर, अंतरंग और बहिरंग ऑडिटोरियम, रिहर्सल कक्ष, भारतीय कविताओं का पुस्तकालय, शास्त्रीय और लोक संगीत संग्रहालय भी हैं ।",भी,dep,,,none,unsupported,,no_decision,none,,,no_decision,Verifier returned no_decision and mapper provided no Karaka candidates.
train-s13,"यहीं पर एक कला संग्रहालय, कला दीर्घा, फाइन आर्ट के लिए कार्यशाला, एक थिएटर, अंतरंग और बहिरंग ऑडिटोरियम, रिहर्सल कक्ष, भारतीय कविताओं का पुस्तकालय, शास्त्रीय और लोक संगीत संग्रहालय भी हैं ।",हैं,cop,,,none,unsupported,,no_decision,none,,,no_decision,Verifier returned no_decision and mapper provided no Karaka candidates.
train-s13,"यहीं पर एक कला संग्रहालय, कला दीर्घा, फाइन आर्ट के लिए कार्यशाला, एक थिएटर, अंतरंग और बहिरंग ऑडिटोरियम, रिहर्सल कक्ष, भारतीय कविताओं का पुस्तकालय, शास्त्रीय और लोक संगीत संग्रहालय भी हैं ।",।,punct,,,none,unsupported,,no_decision,none,,,no_decision,Verifier returned no_decision and mapper provided no Karaka candidates.
train-s14,यह सोमवार के अलावा पूरे सप्ताह दोपहर 2 बजे से रात 8 बजे तक खुला रहता है ।,यह,nsubj,,Kartā,low-medium,mapped,,no_decision,none,,Kartā,mapping_hypothesis,nsubj is a grammatical subject; it may correspond to Kartā but is not always a semantic agent.
train-s14,यह सोमवार के अलावा पूरे सप्ताह दोपहर 2 बजे से रात 8 बजे तक खुला रहता है ।,सोमवार,obl,के,Adhikaraṇa|Apādāna|Karaṇa,low,context_dependent,,no_decision,none,,Adhikaraṇa|Apādāna|Karaṇa,mapping_hypothesis,"obl is context-dependent; the Karaka role depends on postposition and verb semantics, not deprel alone."
train-s14,यह सोमवार के अलावा पूरे सप्ताह दोपहर 2 बजे से रात 8 बजे तक खुला रहता है ।,के,case,,,high,evidence_only,,no_decision,none,,,no_decision,Verifier returned no_decision and mapper provided no Karaka candidates.
train-s14,यह सोमवार के अलावा पूरे सप्ताह दोपहर 2 बजे से रात 8 बजे तक खुला रहता है ।,अलावा,case,,,high,evidence_only,,no_decision,none,,,no_decision,Verifier returned no_decision and mapper provided no Karaka candidates.
train-s14,यह सोमवार के अलावा पूरे सप्ताह दोपहर 2 बजे से रात 8 बजे तक खुला रहता है ।,पूरे,amod,,,none,unsupported,,no_decision,none,,,no_decision,Verifier returned no_decision and mapper provided no Karaka candidates.
train-s14,यह सोमवार के अलावा पूरे सप्ताह दोपहर 2 बजे से रात 8 बजे तक खुला रहता है ।,सप्ताह,obl,,Adhikaraṇa|Apādāna|Karaṇa,low,context_dependent,,no_decision,none,,Adhikaraṇa|Apādāna|Karaṇa,mapping_hypothesis,"obl is context-dependent; the Karaka role depends on postposition and verb semantics, not deprel alone."
train-s14,यह सोमवार के अलावा पूरे सप्ताह दोपहर 2 बजे से रात 8 बजे तक खुला रहता है ।,दोपहर,nmod,,,none,unsupported,,no_decision,none,,,no_decision,Verifier returned no_decision and mapper provided no Karaka candidates.
train-s14,यह सोमवार के अलावा पूरे सप्ताह दोपहर 2 बजे से रात 8 बजे तक खुला रहता है ।,2,nummod,,,none,unsupported,,no_decision,none,,,no_decision,Verifier returned no_decision and mapper provided no Karaka candidates.
train-s14,यह सोमवार के अलावा पूरे सप्ताह दोपहर 2 बजे से रात 8 बजे तक खुला रहता है ।,बजे,nmod,से,,none,unsupported,,no_decision,none,,,no_decision,Verifier returned no_decision and mapper provided no Karaka candidates.
train-s14,यह सोमवार के अलावा पूरे सप्ताह दोपहर 2 बजे से रात 8 बजे तक खुला रहता है ।,से,case,,,high,evidence_only,,no_decision,none,,,no_decision,Verifier returned no_decision and mapper provided no Karaka candidates.
train-s14,यह सोमवार के अलावा पूरे सप्ताह दोपहर 2 बजे से रात 8 बजे तक खुला रहता है ।,रात,nmod,,,none,unsupported,,no_decision,none,,,no_decision,Verifier returned no_decision and mapper provided no Karaka candidates.
train-s14,यह सोमवार के अलावा पूरे सप्ताह दोपहर 2 बजे से रात 8 बजे तक खुला रहता है ।,8,nummod,,,none,unsupported,,no_decision,none,,,no_decision,Verifier returned no_decision and mapper provided no Karaka candidates.
train-s14,यह सोमवार के अलावा पूरे सप्ताह दोपहर 2 बजे से रात 8 बजे तक खुला रहता है ।,बजे,obl,तक,Adhikaraṇa|Apādāna|Karaṇa,low,context_dependent,,no_decision,none,,Adhikaraṇa|Apādāna|Karaṇa,mapping_hypothesis,"obl is context-dependent; the Karaka role depends on postposition and verb semantics, not deprel alone."
train-s14,यह सोमवार के अलावा पूरे सप्ताह दोपहर 2 बजे से रात 8 बजे तक खुला रहता है ।,तक,case,,,high,evidence_only,,no_decision,none,,,no_decision,Verifier returned no_decision and mapper provided no Karaka candidates.
train-s14,यह सोमवार के अलावा पूरे सप्ताह दोपहर 2 बजे से रात 8 बजे तक खुला रहता है ।,खुला,root,,,high,no_karaka,,no_decision,none,,,no_decision,Verifier returned no_decision and mapper provided no Karaka candidates.
train-s14,यह सोमवार के अलावा पूरे सप्ताह दोपहर 2 बजे से रात 8 बजे तक खुला रहता है ।,रहता,aux,,,none,unsupported,,no_decision,none,,,no_decision,Verifier returned no_decision and mapper provided no Karaka candidates.
train-s14,यह सोमवार के अलावा पूरे सप्ताह दोपहर 2 बजे से रात 8 बजे तक खुला रहता है ।,है,aux:pass,,,none,unsupported,,no_decision,none,,,no_decision,Verifier returned no_decision and mapper provided no Karaka candidates.
train-s14,यह सोमवार के अलावा पूरे सप्ताह दोपहर 2 बजे से रात 8 बजे तक खुला रहता है ।,।,punct,,,none,unsupported,,no_decision,none,,,no_decision,Verifier returned no_decision and mapper provided no Karaka candidates.
train-s15,यह एक अनूठा संग्रहालय है जो 200 एकड़ में श्यामला हिल्स पर बड़ी झील के सामने फैला है ।,यह,nsubj,,Kartā,low-medium,mapped,,no_decision,none,,Kartā,mapping_hypothesis,nsubj is a grammatical subject; it may correspond to Kartā but is not always a semantic agent.
train-s15,यह एक अनूठा संग्रहालय है जो 200 एकड़ में श्यामला हिल्स पर बड़ी झील के सामने फैला है ।,एक,nummod,,,none,unsupported,,no_decision,none,,,no_decision,Verifier returned no_decision and mapper provided no Karaka candidates.
train-s15,यह एक अनूठा संग्रहालय है जो 200 एकड़ में श्यामला हिल्स पर बड़ी झील के सामने फैला है ।,अनूठा,amod,,,none,unsupported,,no_decision,none,,,no_decision,Verifier returned no_decision and mapper provided no Karaka candidates.
train-s15,यह एक अनूठा संग्रहालय है जो 200 एकड़ में श्यामला हिल्स पर बड़ी झील के सामने फैला है ।,संग्रहालय,root,,,high,no_karaka,,no_decision,none,,,no_decision,Verifier returned no_decision and mapper provided no Karaka candidates.
train-s15,यह एक अनूठा संग्रहालय है जो 200 एकड़ में श्यामला हिल्स पर बड़ी झील के सामने फैला है ।,है,cop,,,none,unsupported,,no_decision,none,,,no_decision,Verifier returned no_decision and mapper provided no Karaka candidates.
train-s15,यह एक अनूठा संग्रहालय है जो 200 एकड़ में श्यामला हिल्स पर बड़ी झील के सामने फैला है ।,जो,nsubj,,Kartā,low-medium,mapped,,no_decision,none,,Kartā,mapping_hypothesis,nsubj is a grammatical subject; it may correspond to Kartā but is not always a semantic agent.
train-s15,यह एक अनूठा संग्रहालय है जो 200 एकड़ में श्यामला हिल्स पर बड़ी झील के सामने फैला है ।,200,nummod,,,none,unsupported,,no_decision,none,,,no_decision,Verifier returned no_decision and mapper provided no Karaka candidates.
train-s15,यह एक अनूठा संग्रहालय है जो 200 एकड़ में श्यामला हिल्स पर बड़ी झील के सामने फैला है ।,एकड़,obl,में,Adhikaraṇa|Apādāna|Karaṇa,low,context_dependent,Adhikaraṇa,confirmed,medium-high,R2,Adhikaraṇa,confirmed,obl with में postposition — locative/locus pattern for Adhikaraṇa.
train-s15,यह एक अनूठा संग्रहालय है जो 200 एकड़ में श्यामला हिल्स पर बड़ी झील के सामने फैला है ।,में,case,,,high,evidence_only,,no_decision,none,,,no_decision,Verifier returned no_decision and mapper provided no Karaka candidates.
train-s15,यह एक अनूठा संग्रहालय है जो 200 एकड़ में श्यामला हिल्स पर बड़ी झील के सामने फैला है ।,श्यामला,compound,,,none,unsupported,,no_decision,none,,,no_decision,Verifier returned no_decision and mapper provided no Karaka candidates.
train-s15,यह एक अनूठा संग्रहालय है जो 200 एकड़ में श्यामला हिल्स पर बड़ी झील के सामने फैला है ।,हिल्स,obl,पर,Adhikaraṇa|Apādāna|Karaṇa,low,context_dependent,Adhikaraṇa,confirmed,medium-high,R3,Adhikaraṇa,confirmed,obl with पर postposition — surface/location pattern for Adhikaraṇa.
train-s15,यह एक अनूठा संग्रहालय है जो 200 एकड़ में श्यामला हिल्स पर बड़ी झील के सामने फैला है ।,पर,case,,,high,evidence_only,,no_decision,none,,,no_decision,Verifier returned no_decision and mapper provided no Karaka candidates.
train-s15,यह एक अनूठा संग्रहालय है जो 200 एकड़ में श्यामला हिल्स पर बड़ी झील के सामने फैला है ।,बड़ी,amod,,,none,unsupported,,no_decision,none,,,no_decision,Verifier returned no_decision and mapper provided no Karaka candidates.
train-s15,यह एक अनूठा संग्रहालय है जो 200 एकड़ में श्यामला हिल्स पर बड़ी झील के सामने फैला है ।,झील,obl,के,Adhikaraṇa|Apādāna|Karaṇa,low,context_dependent,,no_decision,none,,Adhikaraṇa|Apādāna|Karaṇa,mapping_hypothesis,"obl is context-dependent; the Karaka role depends on postposition and verb semantics, not deprel alone."
train-s15,यह एक अनूठा संग्रहालय है जो 200 एकड़ में श्यामला हिल्स पर बड़ी झील के सामने फैला है ।,के,case,,,high,evidence_only,,no_decision,none,,,no_decision,Verifier returned no_decision and mapper provided no Karaka candidates.
train-s15,यह एक अनूठा संग्रहालय है जो 200 एकड़ में श्यामला हिल्स पर बड़ी झील के सामने फैला है ।,सामने,case,,,high,evidence_only,,no_decision,none,,,no_decision,Verifier returned no_decision and mapper provided no Karaka candidates.
train-s15,यह एक अनूठा संग्रहालय है जो 200 एकड़ में श्यामला हिल्स पर बड़ी झील के सामने फैला है ।,फैला,acl:relcl,,,none,unsupported,,no_decision,none,,,no_decision,Verifier returned no_decision and mapper provided no Karaka candidates.
train-s15,यह एक अनूठा संग्रहालय है जो 200 एकड़ में श्यामला हिल्स पर बड़ी झील के सामने फैला है ।,है,aux,,,none,unsupported,,no_decision,none,,,no_decision,Verifier returned no_decision and mapper provided no Karaka candidates.
train-s15,यह एक अनूठा संग्रहालय है जो 200 एकड़ में श्यामला हिल्स पर बड़ी झील के सामने फैला है ।,।,punct,,,none,unsupported,,no_decision,none,,,no_decision,Verifier returned no_decision and mapper provided no Karaka candidates.
train-s16,यह एक प्रागैतिहासिक स्थल पर है और विश्व में अपनी तरह का एक ही संग्रहालय है जो प्रागैतिहासिक चित्रकला से सज्जित गुफाओं के समीप है ।,यह,nsubj,,Kartā,low-medium,mapped,,no_decision,none,,Kartā,mapping_hypothesis,nsubj is a grammatical subject; it may correspond to Kartā but is not always a semantic agent.
train-s16,यह एक प्रागैतिहासिक स्थल पर है और विश्व में अपनी तरह का एक ही संग्रहालय है जो प्रागैतिहासिक चित्रकला से सज्जित गुफाओं के समीप है ।,एक,nummod,,,none,unsupported,,no_decision,none,,,no_decision,Verifier returned no_decision and mapper provided no Karaka candidates.
train-s16,यह एक प्रागैतिहासिक स्थल पर है और विश्व में अपनी तरह का एक ही संग्रहालय है जो प्रागैतिहासिक चित्रकला से सज्जित गुफाओं के समीप है ।,प्रागैतिहासिक,amod,,,none,unsupported,,no_decision,none,,,no_decision,Verifier returned no_decision and mapper provided no Karaka candidates.
train-s16,यह एक प्रागैतिहासिक स्थल पर है और विश्व में अपनी तरह का एक ही संग्रहालय है जो प्रागैतिहासिक चित्रकला से सज्जित गुफाओं के समीप है ।,स्थल,root,पर,,high,no_karaka,,no_decision,none,,,no_decision,Verifier returned no_decision and mapper provided no Karaka candidates.
train-s16,यह एक प्रागैतिहासिक स्थल पर है और विश्व में अपनी तरह का एक ही संग्रहालय है जो प्रागैतिहासिक चित्रकला से सज्जित गुफाओं के समीप है ।,पर,case,,,high,evidence_only,,no_decision,none,,,no_decision,Verifier returned no_decision and mapper provided no Karaka candidates.
train-s16,यह एक प्रागैतिहासिक स्थल पर है और विश्व में अपनी तरह का एक ही संग्रहालय है जो प्रागैतिहासिक चित्रकला से सज्जित गुफाओं के समीप है ।,है,cop,,,none,unsupported,,no_decision,none,,,no_decision,Verifier returned no_decision and mapper provided no Karaka candidates.
train-s16,यह एक प्रागैतिहासिक स्थल पर है और विश्व में अपनी तरह का एक ही संग्रहालय है जो प्रागैतिहासिक चित्रकला से सज्जित गुफाओं के समीप है ।,और,cc,,,none,unsupported,,no_decision,none,,,no_decision,Verifier returned no_decision and mapper provided no Karaka candidates.
train-s16,यह एक प्रागैतिहासिक स्थल पर है और विश्व में अपनी तरह का एक ही संग्रहालय है जो प्रागैतिहासिक चित्रकला से सज्जित गुफाओं के समीप है ।,विश्व,nmod,में,,none,unsupported,,no_decision,none,,,no_decision,Verifier returned no_decision and mapper provided no Karaka candidates.
train-s16,यह एक प्रागैतिहासिक स्थल पर है और विश्व में अपनी तरह का एक ही संग्रहालय है जो प्रागैतिहासिक चित्रकला से सज्जित गुफाओं के समीप है ।,में,case,,,high,evidence_only,,no_decision,none,,,no_decision,Verifier returned no_decision and mapper provided no Karaka candidates.
train-s16,यह एक प्रागैतिहासिक स्थल पर है और विश्व में अपनी तरह का एक ही संग्रहालय है जो प्रागैतिहासिक चित्रकला से सज्जित गुफाओं के समीप है ।,अपनी,nmod,,,none,unsupported,,no_decision,none,,,no_decision,Verifier returned no_decision and mapper provided no Karaka candidates.
train-s16,यह एक प्रागैतिहासिक स्थल पर है और विश्व में अपनी तरह का एक ही संग्रहालय है जो प्रागैतिहासिक चित्रकला से सज्जित गुफाओं के समीप है ।,तरह,nmod,का,,none,unsupported,,no_decision,none,,,no_decision,Verifier returned no_decision and mapper provided no Karaka candidates.
train-s16,यह एक प्रागैतिहासिक स्थल पर है और विश्व में अपनी तरह का एक ही संग्रहालय है जो प्रागैतिहासिक चित्रकला से सज्जित गुफाओं के समीप है ।,का,case,,,high,evidence_only,,no_decision,none,,,no_decision,Verifier returned no_decision and mapper provided no Karaka candidates.
train-s16,यह एक प्रागैतिहासिक स्थल पर है और विश्व में अपनी तरह का एक ही संग्रहालय है जो प्रागैतिहासिक चित्रकला से सज्जित गुफाओं के समीप है ।,एक,nummod,,,none,unsupported,,no_decision,none,,,no_decision,Verifier returned no_decision and mapper provided no Karaka candidates.
train-s16,यह एक प्रागैतिहासिक स्थल पर है और विश्व में अपनी तरह का एक ही संग्रहालय है जो प्रागैतिहासिक चित्रकला से सज्जित गुफाओं के समीप है ।,ही,dep,,,none,unsupported,,no_decision,none,,,no_decision,Verifier returned no_decision and mapper provided no Karaka candidates.
train-s16,यह एक प्रागैतिहासिक स्थल पर है और विश्व में अपनी तरह का एक ही संग्रहालय है जो प्रागैतिहासिक चित्रकला से सज्जित गुफाओं के समीप है ।,संग्रहालय,conj,,,none,unsupported,,no_decision,none,,,no_decision,Verifier returned no_decision and mapper provided no Karaka candidates.
train-s16,यह एक प्रागैतिहासिक स्थल पर है और विश्व में अपनी तरह का एक ही संग्रहालय है जो प्रागैतिहासिक चित्रकला से सज्जित गुफाओं के समीप है ।,है,cop,,,none,unsupported,,no_decision,none,,,no_decision,Verifier returned no_decision and mapper provided no Karaka candidates.
train-s16,यह एक प्रागैतिहासिक स्थल पर है और विश्व में अपनी तरह का एक ही संग्रहालय है जो प्रागैतिहासिक चित्रकला से सज्जित गुफाओं के समीप है ।,जो,nsubj,,Kartā,low-medium,mapped,,no_decision,none,,Kartā,mapping_hypothesis,nsubj is a grammatical subject; it may correspond to Kartā but is not always a semantic agent.
train-s16,यह एक प्रागैतिहासिक स्थल पर है और विश्व में अपनी तरह का एक ही संग्रहालय है जो प्रागैतिहासिक चित्रकला से सज्जित गुफाओं के समीप है ।,प्रागैतिहासिक,amod,,,none,unsupported,,no_decision,none,,,no_decision,Verifier returned no_decision and mapper provided no Karaka candidates.
train-s16,यह एक प्रागैतिहासिक स्थल पर है और विश्व में अपनी तरह का एक ही संग्रहालय है जो प्रागैतिहासिक चित्रकला से सज्जित गुफाओं के समीप है ।,चित्रकला,obl,से,Adhikaraṇa|Apādāna|Karaṇa,low,context_dependent,Karaṇa|Apādāna,ambiguous,low-medium,R4,Karaṇa|Apādāna,ambiguous,obl with से postposition — instrument (Karaṇa) or source (Apādāna); cannot disambiguate in v1.
train-s16,यह एक प्रागैतिहासिक स्थल पर है और विश्व में अपनी तरह का एक ही संग्रहालय है जो प्रागैतिहासिक चित्रकला से सज्जित गुफाओं के समीप है ।,से,case,,,high,evidence_only,,no_decision,none,,,no_decision,Verifier returned no_decision and mapper provided no Karaka candidates.
train-s16,यह एक प्रागैतिहासिक स्थल पर है और विश्व में अपनी तरह का एक ही संग्रहालय है जो प्रागैतिहासिक चित्रकला से सज्जित गुफाओं के समीप है ।,सज्जित,amod,,,none,unsupported,,no_decision,none,,,no_decision,Verifier returned no_decision and mapper provided no Karaka candidates.
train-s16,यह एक प्रागैतिहासिक स्थल पर है और विश्व में अपनी तरह का एक ही संग्रहालय है जो प्रागैतिहासिक चित्रकला से सज्जित गुफाओं के समीप है ।,गुफाओं,acl:relcl,के,,none,unsupported,,no_decision,none,,,no_decision,Verifier returned no_decision and mapper provided no Karaka candidates.
train-s16,यह एक प्रागैतिहासिक स्थल पर है और विश्व में अपनी तरह का एक ही संग्रहालय है जो प्रागैतिहासिक चित्रकला से सज्जित गुफाओं के समीप है ।,के,case,,,high,evidence_only,,no_decision,none,,,no_decision,Verifier returned no_decision and mapper provided no Karaka candidates.
train-s16,यह एक प्रागैतिहासिक स्थल पर है और विश्व में अपनी तरह का एक ही संग्रहालय है जो प्रागैतिहासिक चित्रकला से सज्जित गुफाओं के समीप है ।,समीप,case,,,high,evidence_only,,no_decision,none,,,no_decision,Verifier returned no_decision and mapper provided no Karaka candidates.
train-s16,यह एक प्रागैतिहासिक स्थल पर है और विश्व में अपनी तरह का एक ही संग्रहालय है जो प्रागैतिहासिक चित्रकला से सज्जित गुफाओं के समीप है ।,है,cop,,,none,unsupported,,no_decision,none,,,no_decision,Verifier returned no_decision and mapper provided no Karaka candidates.
train-s16,यह एक प्रागैतिहासिक स्थल पर है और विश्व में अपनी तरह का एक ही संग्रहालय है जो प्रागैतिहासिक चित्रकला से सज्जित गुफाओं के समीप है ।,।,punct,,,none,unsupported,,no_decision,none,,,no_decision,Verifier returned no_decision and mapper provided no Karaka candidates.
train-s17,और इस तरह से यह वस्तुओं और परंपराओं से जीवंत रूप से जुड़ा हुआ है ।,और,cc,,,none,unsupported,,no_decision,none,,,no_decision,Verifier returned no_decision and mapper provided no Karaka candidates.
train-s17,और इस तरह से यह वस्तुओं और परंपराओं से जीवंत रूप से जुड़ा हुआ है ।,इस,det,,,none,unsupported,,no_decision,none,,,no_decision,Verifier returned no_decision and mapper provided no Karaka candidates.
train-s17,और इस तरह से यह वस्तुओं और परंपराओं से जीवंत रूप से जुड़ा हुआ है ।,तरह,obl,से,Adhikaraṇa|Apādāna|Karaṇa,low,context_dependent,Karaṇa|Apādāna,ambiguous,low-medium,R4,Karaṇa|Apādāna,ambiguous,obl with से postposition — instrument (Karaṇa) or source (Apādāna); cannot disambiguate in v1.
train-s17,और इस तरह से यह वस्तुओं और परंपराओं से जीवंत रूप से जुड़ा हुआ है ।,से,case,,,high,evidence_only,,no_decision,none,,,no_decision,Verifier returned no_decision and mapper provided no Karaka candidates.
train-s17,और इस तरह से यह वस्तुओं और परंपराओं से जीवंत रूप से जुड़ा हुआ है ।,यह,nsubj,,Kartā,low-medium,mapped,,no_decision,none,,Kartā,mapping_hypothesis,nsubj is a grammatical subject; it may correspond to Kartā but is not always a semantic agent.
train-s17,और इस तरह से यह वस्तुओं और परंपराओं से जीवंत रूप से जुड़ा हुआ है ।,वस्तुओं,obl,,Adhikaraṇa|Apādāna|Karaṇa,low,context_dependent,,no_decision,none,,Adhikaraṇa|Apādāna|Karaṇa,mapping_hypothesis,"obl is context-dependent; the Karaka role depends on postposition and verb semantics, not deprel alone."
train-s17,और इस तरह से यह वस्तुओं और परंपराओं से जीवंत रूप से जुड़ा हुआ है ।,और,cc,,,none,unsupported,,no_decision,none,,,no_decision,Verifier returned no_decision and mapper provided no Karaka candidates.
train-s17,और इस तरह से यह वस्तुओं और परंपराओं से जीवंत रूप से जुड़ा हुआ है ।,परंपराओं,conj,से,,none,unsupported,,no_decision,none,,,no_decision,Verifier returned no_decision and mapper provided no Karaka candidates.
train-s17,और इस तरह से यह वस्तुओं और परंपराओं से जीवंत रूप से जुड़ा हुआ है ।,से,case,,,high,evidence_only,,no_decision,none,,,no_decision,Verifier returned no_decision and mapper provided no Karaka candidates.
train-s17,और इस तरह से यह वस्तुओं और परंपराओं से जीवंत रूप से जुड़ा हुआ है ।,जीवंत,amod,,,none,unsupported,,no_decision,none,,,no_decision,Verifier returned no_decision and mapper provided no Karaka candidates.
train-s17,और इस तरह से यह वस्तुओं और परंपराओं से जीवंत रूप से जुड़ा हुआ है ।,रूप,obl,से,Adhikaraṇa|Apādāna|Karaṇa,low,context_dependent,Karaṇa|Apādāna,ambiguous,low-medium,R4,Karaṇa|Apādāna,ambiguous,obl with से postposition — instrument (Karaṇa) or source (Apādāna); cannot disambiguate in v1.
train-s17,और इस तरह से यह वस्तुओं और परंपराओं से जीवंत रूप से जुड़ा हुआ है ।,से,case,,,high,evidence_only,,no_decision,none,,,no_decision,Verifier returned no_decision and mapper provided no Karaka candidates.
train-s17,और इस तरह से यह वस्तुओं और परंपराओं से जीवंत रूप से जुड़ा हुआ है ।,जुड़ा,root,,,high,no_karaka,,no_decision,none,,,no_decision,Verifier returned no_decision and mapper provided no Karaka candidates.
train-s17,और इस तरह से यह वस्तुओं और परंपराओं से जीवंत रूप से जुड़ा हुआ है ।,हुआ,aux,,,none,unsupported,,no_decision,none,,,no_decision,Verifier returned no_decision and mapper provided no Karaka candidates.
train-s17,और इस तरह से यह वस्तुओं और परंपराओं से जीवंत रूप से जुड़ा हुआ है ।,है,aux:pass,,,none,unsupported,,no_decision,none,,,no_decision,Verifier returned no_decision and mapper provided no Karaka candidates.
train-s17,और इस तरह से यह वस्तुओं और परंपराओं से जीवंत रूप से जुड़ा हुआ है ।,।,punct,,,none,unsupported,,no_decision,none,,,no_decision,Verifier returned no_decision and mapper provided no Karaka candidates.
train-s18,"यहाँ आदिवासी, समुद्र किनारे, रेगिस्तान और हिमालय के आवासों के नमूने भी बनाए गए हैं ।",यहाँ,obl,,Adhikaraṇa|Apādāna|Karaṇa,low,context_dependent,,no_decision,none,,Adhikaraṇa|Apādāna|Karaṇa,mapping_hypothesis,"obl is context-dependent; the Karaka role depends on postposition and verb semantics, not deprel alone."
train-s18,"यहाँ आदिवासी, समुद्र किनारे, रेगिस्तान और हिमालय के आवासों के नमूने भी बनाए गए हैं ।",आदिवासी,nmod,,,none,unsupported,,no_decision,none,,,no_decision,Verifier returned no_decision and mapper provided no Karaka candidates.
train-s18,"यहाँ आदिवासी, समुद्र किनारे, रेगिस्तान और हिमालय के आवासों के नमूने भी बनाए गए हैं ।",",",punct,,,none,unsupported,,no_decision,none,,,no_decision,Verifier returned no_decision and mapper provided no Karaka candidates.
train-s18,"यहाँ आदिवासी, समुद्र किनारे, रेगिस्तान और हिमालय के आवासों के नमूने भी बनाए गए हैं ।",समुद्र,compound,,,none,unsupported,,no_decision,none,,,no_decision,Verifier returned no_decision and mapper provided no Karaka candidates.
train-s18,"यहाँ आदिवासी, समुद्र किनारे, रेगिस्तान और हिमालय के आवासों के नमूने भी बनाए गए हैं ।",किनारे,conj,,,none,unsupported,,no_decision,none,,,no_decision,Verifier returned no_decision and mapper provided no Karaka candidates.
train-s18,"यहाँ आदिवासी, समुद्र किनारे, रेगिस्तान और हिमालय के आवासों के नमूने भी बनाए गए हैं ।",",",punct,,,none,unsupported,,no_decision,none,,,no_decision,Verifier returned no_decision and mapper provided no Karaka candidates.
train-s18,"यहाँ आदिवासी, समुद्र किनारे, रेगिस्तान और हिमालय के आवासों के नमूने भी बनाए गए हैं ।",रेगिस्तान,conj,,,none,unsupported,,no_decision,none,,,no_decision,Verifier returned no_decision and mapper provided no Karaka candidates.
train-s18,"यहाँ आदिवासी, समुद्र किनारे, रेगिस्तान और हिमालय के आवासों के नमूने भी बनाए गए हैं ।",और,cc,,,none,unsupported,,no_decision,none,,,no_decision,Verifier returned no_decision and mapper provided no Karaka candidates.
train-s18,"यहाँ आदिवासी, समुद्र किनारे, रेगिस्तान और हिमालय के आवासों के नमूने भी बनाए गए हैं ।",हिमालय,nmod,के,,none,unsupported,,no_decision,none,,,no_decision,Verifier returned no_decision and mapper provided no Karaka candidates.
train-s18,"यहाँ आदिवासी, समुद्र किनारे, रेगिस्तान और हिमालय के आवासों के नमूने भी बनाए गए हैं ।",के,case,,,high,evidence_only,,no_decision,none,,,no_decision,Verifier returned no_decision and mapper provided no Karaka candidates.
train-s18,"यहाँ आदिवासी, समुद्र किनारे, रेगिस्तान और हिमालय के आवासों के नमूने भी बनाए गए हैं ।",आवासों,conj,के,,none,unsupported,,no_decision,none,,,no_decision,Verifier returned no_decision and mapper provided no Karaka candidates.
train-s18,"यहाँ आदिवासी, समुद्र किनारे, रेगिस्तान और हिमालय के आवासों के नमूने भी बनाए गए हैं ।",के,case,,,high,evidence_only,,no_decision,none,,,no_decision,Verifier returned no_decision and mapper provided no Karaka candidates.
train-s18,"यहाँ आदिवासी, समुद्र किनारे, रेगिस्तान और हिमालय के आवासों के नमूने भी बनाए गए हैं ।",नमूने,obj,,Karma,medium,mapped,,no_decision,none,,Karma,mapping_hypothesis,obj typically marks the direct object (patient) of the action.
train-s18,"यहाँ आदिवासी, समुद्र किनारे, रेगिस्तान और हिमालय के आवासों के नमूने भी बनाए गए हैं ।",भी,dep,,,none,unsupported,,no_decision,none,,,no_decision,Verifier returned no_decision and mapper provided no Karaka candidates.
train-s18,"यहाँ आदिवासी, समुद्र किनारे, रेगिस्तान और हिमालय के आवासों के नमूने भी बनाए गए हैं ।",बनाए,root,,,high,no_karaka,,no_decision,none,,,no_decision,Verifier returned no_decision and mapper provided no Karaka candidates.
train-s18,"यहाँ आदिवासी, समुद्र किनारे, रेगिस्तान और हिमालय के आवासों के नमूने भी बनाए गए हैं ।",गए,aux:pass,,,none,unsupported,,no_decision,none,,,no_decision,Verifier returned no_decision and mapper provided no Karaka candidates.
train-s18,"यहाँ आदिवासी, समुद्र किनारे, रेगिस्तान और हिमालय के आवासों के नमूने भी बनाए गए हैं ।",हैं,aux:pass,,,none,unsupported,,no_decision,none,,,no_decision,Verifier returned no_decision and mapper provided no Karaka candidates.
train-s18,"यहाँ आदिवासी, समुद्र किनारे, रेगिस्तान और हिमालय के आवासों के नमूने भी बनाए गए हैं ।",।,punct,,,none,unsupported,,no_decision,none,,,no_decision,Verifier returned no_decision and mapper provided no Karaka candidates.
train-s19,"यहाँ संग्रहालय में पुस्तकालय, दृश्य - श्रृव्य आर्काइव, कंप्यूटरीकृत कक्ष व प्रजातीय नमूनों को देखा जाता है ।",यहाँ,obl,,Adhikaraṇa|Apādāna|Karaṇa,low,context_dependent,,no_decision,none,,Adhikaraṇa|Apādāna|Karaṇa,mapping_hypothesis,"obl is context-dependent; the Karaka role depends on postposition and verb semantics, not deprel alone."
train-s19,"यहाँ संग्रहालय में पुस्तकालय, दृश्य - श्रृव्य आर्काइव, कंप्यूटरीकृत कक्ष व प्रजातीय नमूनों को देखा जाता है ।",संग्रहालय,obl,में,Adhikaraṇa|Apādāna|Karaṇa,low,context_dependent,Adhikaraṇa,confirmed,medium-high,R2,Adhikaraṇa,confirmed,obl with में postposition — locative/locus pattern for Adhikaraṇa.
train-s19,"यहाँ संग्रहालय में पुस्तकालय, दृश्य - श्रृव्य आर्काइव, कंप्यूटरीकृत कक्ष व प्रजातीय नमूनों को देखा जाता है ।",में,case,,,high,evidence_only,,no_decision,none,,,no_decision,Verifier returned no_decision and mapper provided no Karaka candidates.
train-s19,"यहाँ संग्रहालय में पुस्तकालय, दृश्य - श्रृव्य आर्काइव, कंप्यूटरीकृत कक्ष व प्रजातीय नमूनों को देखा जाता है ।",पुस्तकालय,obj,को,Karma,medium,mapped,Karma|Sampradāna,ambiguous,low-medium,R5,Karma|Sampradāna,ambiguous,obj/iobj with को postposition — patient (Karma) or recipient (Sampradāna); cannot disambiguate in v1.
train-s19,"यहाँ संग्रहालय में पुस्तकालय, दृश्य - श्रृव्य आर्काइव, कंप्यूटरीकृत कक्ष व प्रजातीय नमूनों को देखा जाता है ।",",",punct,,,none,unsupported,,no_decision,none,,,no_decision,Verifier returned no_decision and mapper provided no Karaka candidates.
train-s19,"यहाँ संग्रहालय में पुस्तकालय, दृश्य - श्रृव्य आर्काइव, कंप्यूटरीकृत कक्ष व प्रजातीय नमूनों को देखा जाता है ।",दृश्य,compound,,,none,unsupported,,no_decision,none,,,no_decision,Verifier returned no_decision and mapper provided no Karaka candidates.
train-s19,"यहाँ संग्रहालय में पुस्तकालय, दृश्य - श्रृव्य आर्काइव, कंप्यूटरीकृत कक्ष व प्रजातीय नमूनों को देखा जाता है ।",-,punct,,,none,unsupported,,no_decision,none,,,no_decision,Verifier returned no_decision and mapper provided no Karaka candidates.
train-s19,"यहाँ संग्रहालय में पुस्तकालय, दृश्य - श्रृव्य आर्काइव, कंप्यूटरीकृत कक्ष व प्रजातीय नमूनों को देखा जाता है ।",श्रृव्य,amod,,,none,unsupported,,no_decision,none,,,no_decision,Verifier returned no_decision and mapper provided no Karaka candidates.
train-s19,"यहाँ संग्रहालय में पुस्तकालय, दृश्य - श्रृव्य आर्काइव, कंप्यूटरीकृत कक्ष व प्रजातीय नमूनों को देखा जाता है ।",आर्काइव,conj,,,none,unsupported,,no_decision,none,,,no_decision,Verifier returned no_decision and mapper provided no Karaka candidates.
train-s19,"यहाँ संग्रहालय में पुस्तकालय, दृश्य - श्रृव्य आर्काइव, कंप्यूटरीकृत कक्ष व प्रजातीय नमूनों को देखा जाता है ।",",",punct,,,none,unsupported,,no_decision,none,,,no_decision,Verifier returned no_decision and mapper provided no Karaka candidates.
train-s19,"यहाँ संग्रहालय में पुस्तकालय, दृश्य - श्रृव्य आर्काइव, कंप्यूटरीकृत कक्ष व प्रजातीय नमूनों को देखा जाता है ।",कंप्यूटरीकृत,amod,,,none,unsupported,,no_decision,none,,,no_decision,Verifier returned no_decision and mapper provided no Karaka candidates.
train-s19,"यहाँ संग्रहालय में पुस्तकालय, दृश्य - श्रृव्य आर्काइव, कंप्यूटरीकृत कक्ष व प्रजातीय नमूनों को देखा जाता है ।",कक्ष,conj,,,none,unsupported,,no_decision,none,,,no_decision,Verifier returned no_decision and mapper provided no Karaka candidates.
train-s19,"यहाँ संग्रहालय में पुस्तकालय, दृश्य - श्रृव्य आर्काइव, कंप्यूटरीकृत कक्ष व प्रजातीय नमूनों को देखा जाता है ।",व,cc,,,none,unsupported,,no_decision,none,,,no_decision,Verifier returned no_decision and mapper provided no Karaka candidates.
train-s19,"यहाँ संग्रहालय में पुस्तकालय, दृश्य - श्रृव्य आर्काइव, कंप्यूटरीकृत कक्ष व प्रजातीय नमूनों को देखा जाता है ।",प्रजातीय,amod,,,none,unsupported,,no_decision,none,,,no_decision,Verifier returned no_decision and mapper provided no Karaka candidates.
train-s19,"यहाँ संग्रहालय में पुस्तकालय, दृश्य - श्रृव्य आर्काइव, कंप्यूटरीकृत कक्ष व प्रजातीय नमूनों को देखा जाता है ।",नमूनों,conj,,,none,unsupported,,no_decision,none,,,no_decision,Verifier returned no_decision and mapper provided no Karaka candidates.
train-s19,"यहाँ संग्रहालय में पुस्तकालय, दृश्य - श्रृव्य आर्काइव, कंप्यूटरीकृत कक्ष व प्रजातीय नमूनों को देखा जाता है ।",को,case,,,high,evidence_only,,no_decision,none,,,no_decision,Verifier returned no_decision and mapper provided no Karaka candidates.
train-s19,"यहाँ संग्रहालय में पुस्तकालय, दृश्य - श्रृव्य आर्काइव, कंप्यूटरीकृत कक्ष व प्रजातीय नमूनों को देखा जाता है ।",देखा,root,,,high,no_karaka,,no_decision,none,,,no_decision,Verifier returned no_decision and mapper provided no Karaka candidates.
train-s19,"यहाँ संग्रहालय में पुस्तकालय, दृश्य - श्रृव्य आर्काइव, कंप्यूटरीकृत कक्ष व प्रजातीय नमूनों को देखा जाता है ।",जाता,aux:pass,,,none,unsupported,,no_decision,none,,,no_decision,Verifier returned no_decision and mapper provided no Karaka candidates.
train-s19,"यहाँ संग्रहालय में पुस्तकालय, दृश्य - श्रृव्य आर्काइव, कंप्यूटरीकृत कक्ष व प्रजातीय नमूनों को देखा जाता है ।",है,aux:pass,,,none,unsupported,,no_decision,none,,,no_decision,Verifier returned no_decision and mapper provided no Karaka candidates.
train-s19,"यहाँ संग्रहालय में पुस्तकालय, दृश्य - श्रृव्य आर्काइव, कंप्यूटरीकृत कक्ष व प्रजातीय नमूनों को देखा जाता है ।",।,punct,,,none,unsupported,,no_decision,none,,,no_decision,Verifier returned no_decision and mapper provided no Karaka candidates.
train-s20,यहाँ मध्य प्रदेश के विभिन्न हिस्सों से कला के खूबसूरत नमूने एकत्रित करके रखे गए हैं ।,यहाँ,obl,,Adhikaraṇa|Apādāna|Karaṇa,low,context_dependent,,no_decision,none,,Adhikaraṇa|Apādāna|Karaṇa,mapping_hypothesis,"obl is context-dependent; the Karaka role depends on postposition and verb semantics, not deprel alone."
train-s20,यहाँ मध्य प्रदेश के विभिन्न हिस्सों से कला के खूबसूरत नमूने एकत्रित करके रखे गए हैं ।,मध्य,compound,,,none,unsupported,,no_decision,none,,,no_decision,Verifier returned no_decision and mapper provided no Karaka candidates.
train-s20,यहाँ मध्य प्रदेश के विभिन्न हिस्सों से कला के खूबसूरत नमूने एकत्रित करके रखे गए हैं ।,प्रदेश,nmod,के,,none,unsupported,,no_decision,none,,,no_decision,Verifier returned no_decision and mapper provided no Karaka candidates.
train-s20,यहाँ मध्य प्रदेश के विभिन्न हिस्सों से कला के खूबसूरत नमूने एकत्रित करके रखे गए हैं ।,के,case,,,high,evidence_only,,no_decision,none,,,no_decision,Verifier returned no_decision and mapper provided no Karaka candidates.
train-s20,यहाँ मध्य प्रदेश के विभिन्न हिस्सों से कला के खूबसूरत नमूने एकत्रित करके रखे गए हैं ।,विभिन्न,amod,,,none,unsupported,,no_decision,none,,,no_decision,Verifier returned no_decision and mapper provided no Karaka candidates.
train-s20,यहाँ मध्य प्रदेश के विभिन्न हिस्सों से कला के खूबसूरत नमूने एकत्रित करके रखे गए हैं ।,हिस्सों,obl,से,Adhikaraṇa|Apādāna|Karaṇa,low,context_dependent,Karaṇa|Apādāna,ambiguous,low-medium,R4,Karaṇa|Apādāna,ambiguous,obl with से postposition — instrument (Karaṇa) or source (Apādāna); cannot disambiguate in v1.
train-s20,यहाँ मध्य प्रदेश के विभिन्न हिस्सों से कला के खूबसूरत नमूने एकत्रित करके रखे गए हैं ।,से,case,,,high,evidence_only,,no_decision,none,,,no_decision,Verifier returned no_decision and mapper provided no Karaka candidates.
train-s20,यहाँ मध्य प्रदेश के विभिन्न हिस्सों से कला के खूबसूरत नमूने एकत्रित करके रखे गए हैं ।,कला,nmod,के,,none,unsupported,,no_decision,none,,,no_decision,Verifier returned no_decision and mapper provided no Karaka candidates.
train-s20,यहाँ मध्य प्रदेश के विभिन्न हिस्सों से कला के खूबसूरत नमूने एकत्रित करके रखे गए हैं ।,के,case,,,high,evidence_only,,no_decision,none,,,no_decision,Verifier returned no_decision and mapper provided no Karaka candidates.
train-s20,यहाँ मध्य प्रदेश के विभिन्न हिस्सों से कला के खूबसूरत नमूने एकत्रित करके रखे गए हैं ।,खूबसूरत,amod,,,none,unsupported,,no_decision,none,,,no_decision,Verifier returned no_decision and mapper provided no Karaka candidates.
train-s20,यहाँ मध्य प्रदेश के विभिन्न हिस्सों से कला के खूबसूरत नमूने एकत्रित करके रखे गए हैं ।,नमूने,obj,,Karma,medium,mapped,,no_decision,none,,Karma,mapping_hypothesis,obj typically marks the direct object (patient) of the action.
train-s20,यहाँ मध्य प्रदेश के विभिन्न हिस्सों से कला के खूबसूरत नमूने एकत्रित करके रखे गए हैं ।,एकत्रित,compound,,,none,unsupported,,no_decision,none,,,no_decision,Verifier returned no_decision and mapper provided no Karaka candidates.
train-s20,यहाँ मध्य प्रदेश के विभिन्न हिस्सों से कला के खूबसूरत नमूने एकत्रित करके रखे गए हैं ।,करके,advcl,,,none,unsupported,,no_decision,none,,,no_decision,Verifier returned no_decision and mapper provided no Karaka candidates.
train-s20,यहाँ मध्य प्रदेश के विभिन्न हिस्सों से कला के खूबसूरत नमूने एकत्रित करके रखे गए हैं ।,रखे,root,,,high,no_karaka,,no_decision,none,,,no_decision,Verifier returned no_decision and mapper provided no Karaka candidates.
train-s20,यहाँ मध्य प्रदेश के विभिन्न हिस्सों से कला के खूबसूरत नमूने एकत्रित करके रखे गए हैं ।,गए,aux:pass,,,none,unsupported,,no_decision,none,,,no_decision,Verifier returned no_decision and mapper provided no Karaka candidates.
train-s20,यहाँ मध्य प्रदेश के विभिन्न हिस्सों से कला के खूबसूरत नमूने एकत्रित करके रखे गए हैं ।,हैं,aux:pass,,,none,unsupported,,no_decision,none,,,no_decision,Verifier returned no_decision and mapper provided no Karaka candidates.
train-s20,यहाँ मध्य प्रदेश के विभिन्न हिस्सों से कला के खूबसूरत नमूने एकत्रित करके रखे गए हैं ।,।,punct,,,none,unsupported,,no_decision,none,,,no_decision,Verifier returned no_decision and mapper provided no Karaka candidates.
train-s21,संग्रहालय सोमवार को बंद रहता है ।,संग्रहालय,nsubj,,Kartā,low-medium,mapped,,no_decision,none,,Kartā,mapping_hypothesis,nsubj is a grammatical subject; it may correspond to Kartā but is not always a semantic agent.
train-s21,संग्रहालय सोमवार को बंद रहता है ।,सोमवार,obl,को,Adhikaraṇa|Apādāna|Karaṇa,low,context_dependent,,no_decision,none,,Adhikaraṇa|Apādāna|Karaṇa,mapping_hypothesis,"obl is context-dependent; the Karaka role depends on postposition and verb semantics, not deprel alone."
train-s21,संग्रहालय सोमवार को बंद रहता है ।,को,case,,,high,evidence_only,,no_decision,none,,,no_decision,Verifier returned no_decision and mapper provided no Karaka candidates.
train-s21,संग्रहालय सोमवार को बंद रहता है ।,बंद,compound,,,none,unsupported,,no_decision,none,,,no_decision,Verifier returned no_decision and mapper provided no Karaka candidates.
train-s21,संग्रहालय सोमवार को बंद रहता है ।,रहता,root,,,high,no_karaka,,no_decision,none,,,no_decision,Verifier returned no_decision and mapper provided no Karaka candidates.
train-s21,संग्रहालय सोमवार को बंद रहता है ।,है,aux,,,none,unsupported,,no_decision,none,,,no_decision,Verifier returned no_decision and mapper provided no Karaka candidates.
train-s21,संग्रहालय सोमवार को बंद रहता है ।,।,punct,,,none,unsupported,,no_decision,none,,,no_decision,Verifier returned no_decision and mapper provided no Karaka candidates.
train-s22,यह अरेरा हिल्स पर स्थित है ।,यह,nsubj,,Kartā,low-medium,mapped,,no_decision,none,,Kartā,mapping_hypothesis,nsubj is a grammatical subject; it may correspond to Kartā but is not always a semantic agent.
train-s22,यह अरेरा हिल्स पर स्थित है ।,अरेरा,compound,,,none,unsupported,,no_decision,none,,,no_decision,Verifier returned no_decision and mapper provided no Karaka candidates.
train-s22,यह अरेरा हिल्स पर स्थित है ।,हिल्स,nmod,पर,,none,unsupported,,no_decision,none,,,no_decision,Verifier returned no_decision and mapper provided no Karaka candidates.
train-s22,यह अरेरा हिल्स पर स्थित है ।,पर,case,,,high,evidence_only,,no_decision,none,,,no_decision,Verifier returned no_decision and mapper provided no Karaka candidates.
train-s22,यह अरेरा हिल्स पर स्थित है ।,स्थित,root,,,high,no_karaka,,no_decision,none,,,no_decision,Verifier returned no_decision and mapper provided no Karaka candidates.
train-s22,यह अरेरा हिल्स पर स्थित है ।,है,cop,,,none,unsupported,,no_decision,none,,,no_decision,Verifier returned no_decision and mapper provided no Karaka candidates.
train-s22,यह अरेरा हिल्स पर स्थित है ।,।,punct,,,none,unsupported,,no_decision,none,,,no_decision,Verifier returned no_decision and mapper provided no Karaka candidates.
train-s23,"इससे लगा हुआ एक संग्रहालय है जहाँ मध्यप्रदेश के रायसेन, सीहोर, मंदसौर और शहडोल जिलों से एकत्रित कला नमूनों को रखा गया है ।",इससे,obl,,Adhikaraṇa|Apādāna|Karaṇa,low,context_dependent,,no_decision,none,,Adhikaraṇa|Apādāna|Karaṇa,mapping_hypothesis,"obl is context-dependent; the Karaka role depends on postposition and verb semantics, not deprel alone."
train-s23,"इससे लगा हुआ एक संग्रहालय है जहाँ मध्यप्रदेश के रायसेन, सीहोर, मंदसौर और शहडोल जिलों से एकत्रित कला नमूनों को रखा गया है ।",लगा,acl,,,none,unsupported,,no_decision,none,,,no_decision,Verifier returned no_decision and mapper provided no Karaka candidates.
train-s23,"इससे लगा हुआ एक संग्रहालय है जहाँ मध्यप्रदेश के रायसेन, सीहोर, मंदसौर और शहडोल जिलों से एकत्रित कला नमूनों को रखा गया है ।",हुआ,aux,,,none,unsupported,,no_decision,none,,,no_decision,Verifier returned no_decision and mapper provided no Karaka candidates.
train-s23,"इससे लगा हुआ एक संग्रहालय है जहाँ मध्यप्रदेश के रायसेन, सीहोर, मंदसौर और शहडोल जिलों से एकत्रित कला नमूनों को रखा गया है ।",एक,nummod,,,none,unsupported,,no_decision,none,,,no_decision,Verifier returned no_decision and mapper provided no Karaka candidates.
train-s23,"इससे लगा हुआ एक संग्रहालय है जहाँ मध्यप्रदेश के रायसेन, सीहोर, मंदसौर और शहडोल जिलों से एकत्रित कला नमूनों को रखा गया है ।",संग्रहालय,root,,,high,no_karaka,,no_decision,none,,,no_decision,Verifier returned no_decision and mapper provided no Karaka candidates.
train-s23,"इससे लगा हुआ एक संग्रहालय है जहाँ मध्यप्रदेश के रायसेन, सीहोर, मंदसौर और शहडोल जिलों से एकत्रित कला नमूनों को रखा गया है ।",है,cop,,,none,unsupported,,no_decision,none,,,no_decision,Verifier returned no_decision and mapper provided no Karaka candidates.
train-s23,"इससे लगा हुआ एक संग्रहालय है जहाँ मध्यप्रदेश के रायसेन, सीहोर, मंदसौर और शहडोल जिलों से एकत्रित कला नमूनों को रखा गया है ।",जहाँ,obl,,Adhikaraṇa|Apādāna|Karaṇa,low,context_dependent,,no_decision,none,,Adhikaraṇa|Apādāna|Karaṇa,mapping_hypothesis,"obl is context-dependent; the Karaka role depends on postposition and verb semantics, not deprel alone."
train-s23,"इससे लगा हुआ एक संग्रहालय है जहाँ मध्यप्रदेश के रायसेन, सीहोर, मंदसौर और शहडोल जिलों से एकत्रित कला नमूनों को रखा गया है ।",मध्यप्रदेश,nmod,के,,none,unsupported,,no_decision,none,,,no_decision,Verifier returned no_decision and mapper provided no Karaka candidates.
train-s23,"इससे लगा हुआ एक संग्रहालय है जहाँ मध्यप्रदेश के रायसेन, सीहोर, मंदसौर और शहडोल जिलों से एकत्रित कला नमूनों को रखा गया है ।",के,case,,,high,evidence_only,,no_decision,none,,,no_decision,Verifier returned no_decision and mapper provided no Karaka candidates.
train-s23,"इससे लगा हुआ एक संग्रहालय है जहाँ मध्यप्रदेश के रायसेन, सीहोर, मंदसौर और शहडोल जिलों से एकत्रित कला नमूनों को रखा गया है ।",रायसेन,nmod,,,none,unsupported,,no_decision,none,,,no_decision,Verifier returned no_decision and mapper provided no Karaka candidates.
train-s23,"इससे लगा हुआ एक संग्रहालय है जहाँ मध्यप्रदेश के रायसेन, सीहोर, मंदसौर और शहडोल जिलों से एकत्रित कला नमूनों को रखा गया है ।",",",punct,,,none,unsupported,,no_decision,none,,,no_decision,Verifier returned no_decision and mapper provided no Karaka candidates.
train-s23,"इससे लगा हुआ एक संग्रहालय है जहाँ मध्यप्रदेश के रायसेन, सीहोर, मंदसौर और शहडोल जिलों से एकत्रित कला नमूनों को रखा गया है ।",सीहोर,conj,,,none,unsupported,,no_decision,none,,,no_decision,Verifier returned no_decision and mapper provided no Karaka candidates.
train-s23,"इससे लगा हुआ एक संग्रहालय है जहाँ मध्यप्रदेश के रायसेन, सीहोर, मंदसौर और शहडोल जिलों से एकत्रित कला नमूनों को रखा गया है ।",",",punct,,,none,unsupported,,no_decision,none,,,no_decision,Verifier returned no_decision and mapper provided no Karaka candidates.
train-s23,"इससे लगा हुआ एक संग्रहालय है जहाँ मध्यप्रदेश के रायसेन, सीहोर, मंदसौर और शहडोल जिलों से एकत्रित कला नमूनों को रखा गया है ।",मंदसौर,conj,,,none,unsupported,,no_decision,none,,,no_decision,Verifier returned no_decision and mapper provided no Karaka candidates.
train-s23,"इससे लगा हुआ एक संग्रहालय है जहाँ मध्यप्रदेश के रायसेन, सीहोर, मंदसौर और शहडोल जिलों से एकत्रित कला नमूनों को रखा गया है ।",और,cc,,,none,unsupported,,no_decision,none,,,no_decision,Verifier returned no_decision and mapper provided no Karaka candidates.
train-s23,"इससे लगा हुआ एक संग्रहालय है जहाँ मध्यप्रदेश के रायसेन, सीहोर, मंदसौर और शहडोल जिलों से एकत्रित कला नमूनों को रखा गया है ।",शहडोल,conj,,,none,unsupported,,no_decision,none,,,no_decision,Verifier returned no_decision and mapper provided no Karaka candidates.
train-s23,"इससे लगा हुआ एक संग्रहालय है जहाँ मध्यप्रदेश के रायसेन, सीहोर, मंदसौर और शहडोल जिलों से एकत्रित कला नमूनों को रखा गया है ।",जिलों,obl,से,Adhikaraṇa|Apādāna|Karaṇa,low,context_dependent,Karaṇa|Apādāna,ambiguous,low-medium,R4,Karaṇa|Apādāna,ambiguous,obl with से postposition — instrument (Karaṇa) or source (Apādāna); cannot disambiguate in v1.
train-s23,"इससे लगा हुआ एक संग्रहालय है जहाँ मध्यप्रदेश के रायसेन, सीहोर, मंदसौर और शहडोल जिलों से एकत्रित कला नमूनों को रखा गया है ।",से,case,,,high,evidence_only,,no_decision,none,,,no_decision,Verifier returned no_decision and mapper provided no Karaka candidates.
train-s23,"इससे लगा हुआ एक संग्रहालय है जहाँ मध्यप्रदेश के रायसेन, सीहोर, मंदसौर और शहडोल जिलों से एकत्रित कला नमूनों को रखा गया है ।",एकत्रित,amod,,,none,unsupported,,no_decision,none,,,no_decision,Verifier returned no_decision and mapper provided no Karaka candidates.
train-s23,"इससे लगा हुआ एक संग्रहालय है जहाँ मध्यप्रदेश के रायसेन, सीहोर, मंदसौर और शहडोल जिलों से एकत्रित कला नमूनों को रखा गया है ।",कला,compound,,,none,unsupported,,no_decision,none,,,no_decision,Verifier returned no_decision and mapper provided no Karaka candidates.
train-s23,"इससे लगा हुआ एक संग्रहालय है जहाँ मध्यप्रदेश के रायसेन, सीहोर, मंदसौर और शहडोल जिलों से एकत्रित कला नमूनों को रखा गया है ।",नमूनों,obj,को,Karma,medium,mapped,Karma|Sampradāna,ambiguous,low-medium,R5,Karma|Sampradāna,ambiguous,obj/iobj with को postposition — patient (Karma) or recipient (Sampradāna); cannot disambiguate in v1.
train-s23,"इससे लगा हुआ एक संग्रहालय है जहाँ मध्यप्रदेश के रायसेन, सीहोर, मंदसौर और शहडोल जिलों से एकत्रित कला नमूनों को रखा गया है ।",को,case,,,high,evidence_only,,no_decision,none,,,no_decision,Verifier returned no_decision and mapper provided no Karaka candidates.
train-s23,"इससे लगा हुआ एक संग्रहालय है जहाँ मध्यप्रदेश के रायसेन, सीहोर, मंदसौर और शहडोल जिलों से एकत्रित कला नमूनों को रखा गया है ।",रखा,acl:relcl,,,none,unsupported,,no_decision,none,,,no_decision,Verifier returned no_decision and mapper provided no Karaka candidates.
train-s23,"इससे लगा हुआ एक संग्रहालय है जहाँ मध्यप्रदेश के रायसेन, सीहोर, मंदसौर और शहडोल जिलों से एकत्रित कला नमूनों को रखा गया है ।",गया,aux:pass,,,none,unsupported,,no_decision,none,,,no_decision,Verifier returned no_decision and mapper provided no Karaka candidates.
train-s23,"इससे लगा हुआ एक संग्रहालय है जहाँ मध्यप्रदेश के रायसेन, सीहोर, मंदसौर और शहडोल जिलों से एकत्रित कला नमूनों को रखा गया है ।",है,aux:pass,,,none,unsupported,,no_decision,none,,,no_decision,Verifier returned no_decision and mapper provided no Karaka candidates.
train-s23,"इससे लगा हुआ एक संग्रहालय है जहाँ मध्यप्रदेश के रायसेन, सीहोर, मंदसौर और शहडोल जिलों से एकत्रित कला नमूनों को रखा गया है ।",।,punct,,,none,unsupported,,no_decision,none,,,no_decision,Verifier returned no_decision and mapper provided no Karaka candidates.
train-s24,यह संग्रहालय भी सोमवार को छोड़कर पूरे सप्ताह 9 बजे से 5 बजे तक खुला रहता है ।,यह,det,,,none,unsupported,,no_decision,none,,,no_decision,Verifier returned no_decision and mapper provided no Karaka candidates.
train-s24,यह संग्रहालय भी सोमवार को छोड़कर पूरे सप्ताह 9 बजे से 5 बजे तक खुला रहता है ।,संग्रहालय,nsubj,,Kartā,low-medium,mapped,,no_decision,none,,Kartā,mapping_hypothesis,nsubj is a grammatical subject; it may correspond to Kartā but is not always a semantic agent.
train-s24,यह संग्रहालय भी सोमवार को छोड़कर पूरे सप्ताह 9 बजे से 5 बजे तक खुला रहता है ।,भी,dep,,,none,unsupported,,no_decision,none,,,no_decision,Verifier returned no_decision and mapper provided no Karaka candidates.
train-s24,यह संग्रहालय भी सोमवार को छोड़कर पूरे सप्ताह 9 बजे से 5 बजे तक खुला रहता है ।,सोमवार,obl,को,Adhikaraṇa|Apādāna|Karaṇa,low,context_dependent,,no_decision,none,,Adhikaraṇa|Apādāna|Karaṇa,mapping_hypothesis,"obl is context-dependent; the Karaka role depends on postposition and verb semantics, not deprel alone."
train-s24,यह संग्रहालय भी सोमवार को छोड़कर पूरे सप्ताह 9 बजे से 5 बजे तक खुला रहता है ।,को,case,,,high,evidence_only,,no_decision,none,,,no_decision,Verifier returned no_decision and mapper provided no Karaka candidates.
train-s24,यह संग्रहालय भी सोमवार को छोड़कर पूरे सप्ताह 9 बजे से 5 बजे तक खुला रहता है ।,छोड़कर,advcl,,,none,unsupported,,no_decision,none,,,no_decision,Verifier returned no_decision and mapper provided no Karaka candidates.
train-s24,यह संग्रहालय भी सोमवार को छोड़कर पूरे सप्ताह 9 बजे से 5 बजे तक खुला रहता है ।,पूरे,amod,,,none,unsupported,,no_decision,none,,,no_decision,Verifier returned no_decision and mapper provided no Karaka candidates.
train-s24,यह संग्रहालय भी सोमवार को छोड़कर पूरे सप्ताह 9 बजे से 5 बजे तक खुला रहता है ।,सप्ताह,obl,,Adhikaraṇa|Apādāna|Karaṇa,low,context_dependent,,no_decision,none,,Adhikaraṇa|Apādāna|Karaṇa,mapping_hypothesis,"obl is context-dependent; the Karaka role depends on postposition and verb semantics, not deprel alone."
train-s24,यह संग्रहालय भी सोमवार को छोड़कर पूरे सप्ताह 9 बजे से 5 बजे तक खुला रहता है ।,9,nummod,,,none,unsupported,,no_decision,none,,,no_decision,Verifier returned no_decision and mapper provided no Karaka candidates.
train-s24,यह संग्रहालय भी सोमवार को छोड़कर पूरे सप्ताह 9 बजे से 5 बजे तक खुला रहता है ।,बजे,nmod,से,,none,unsupported,,no_decision,none,,,no_decision,Verifier returned no_decision and mapper provided no Karaka candidates.
train-s24,यह संग्रहालय भी सोमवार को छोड़कर पूरे सप्ताह 9 बजे से 5 बजे तक खुला रहता है ।,से,case,,,high,evidence_only,,no_decision,none,,,no_decision,Verifier returned no_decision and mapper provided no Karaka candidates.
train-s24,यह संग्रहालय भी सोमवार को छोड़कर पूरे सप्ताह 9 बजे से 5 बजे तक खुला रहता है ।,5,nummod,,,none,unsupported,,no_decision,none,,,no_decision,Verifier returned no_decision and mapper provided no Karaka candidates.
train-s24,यह संग्रहालय भी सोमवार को छोड़कर पूरे सप्ताह 9 बजे से 5 बजे तक खुला रहता है ।,बजे,obl,तक,Adhikaraṇa|Apādāna|Karaṇa,low,context_dependent,,no_decision,none,,Adhikaraṇa|Apādāna|Karaṇa,mapping_hypothesis,"obl is context-dependent; the Karaka role depends on postposition and verb semantics, not deprel alone."
train-s24,यह संग्रहालय भी सोमवार को छोड़कर पूरे सप्ताह 9 बजे से 5 बजे तक खुला रहता है ।,तक,case,,,high,evidence_only,,no_decision,none,,,no_decision,Verifier returned no_decision and mapper provided no Karaka candidates.
train-s24,यह संग्रहालय भी सोमवार को छोड़कर पूरे सप्ताह 9 बजे से 5 बजे तक खुला रहता है ।,खुला,root,,,high,no_karaka,,no_decision,none,,,no_decision,Verifier returned no_decision and mapper provided no Karaka candidates.
train-s24,यह संग्रहालय भी सोमवार को छोड़कर पूरे सप्ताह 9 बजे से 5 बजे तक खुला रहता है ।,रहता,aux,,,none,unsupported,,no_decision,none,,,no_decision,Verifier returned no_decision and mapper provided no Karaka candidates.
train-s24,यह संग्रहालय भी सोमवार को छोड़कर पूरे सप्ताह 9 बजे से 5 बजे तक खुला रहता है ।,है,aux:pass,,,none,unsupported,,no_decision,none,,,no_decision,Verifier returned no_decision and mapper provided no Karaka candidates.
train-s24,यह संग्रहालय भी सोमवार को छोड़कर पूरे सप्ताह 9 बजे से 5 बजे तक खुला रहता है ।,।,punct,,,none,unsupported,,no_decision,none,,,no_decision,Verifier returned no_decision and mapper provided no Karaka candidates.
train-s25,बड़ी झील से लगी पहाड़ी पर यह सफारी उद्यान स्थित है ।,बड़ी,amod,,,none,unsupported,,no_decision,none,,,no_decision,Verifier returned no_decision and mapper provided no Karaka candidates.
train-s25,बड़ी झील से लगी पहाड़ी पर यह सफारी उद्यान स्थित है ।,झील,obl,से,Adhikaraṇa|Apādāna|Karaṇa,low,context_dependent,Karaṇa|Apādāna,ambiguous,low-medium,R4,Karaṇa|Apādāna,ambiguous,obl with से postposition — instrument (Karaṇa) or source (Apādāna); cannot disambiguate in v1.
train-s25,बड़ी झील से लगी पहाड़ी पर यह सफारी उद्यान स्थित है ।,से,case,,,high,evidence_only,,no_decision,none,,,no_decision,Verifier returned no_decision and mapper provided no Karaka candidates.
train-s25,बड़ी झील से लगी पहाड़ी पर यह सफारी उद्यान स्थित है ।,लगी,acl,,,none,unsupported,,no_decision,none,,,no_decision,Verifier returned no_decision and mapper provided no Karaka candidates.
train-s25,बड़ी झील से लगी पहाड़ी पर यह सफारी उद्यान स्थित है ।,पहाड़ी,nmod,पर,,none,unsupported,,no_decision,none,,,no_decision,Verifier returned no_decision and mapper provided no Karaka candidates.
train-s25,बड़ी झील से लगी पहाड़ी पर यह सफारी उद्यान स्थित है ।,पर,case,,,high,evidence_only,,no_decision,none,,,no_decision,Verifier returned no_decision and mapper provided no Karaka candidates.
train-s25,बड़ी झील से लगी पहाड़ी पर यह सफारी उद्यान स्थित है ।,यह,det,,,none,unsupported,,no_decision,none,,,no_decision,Verifier returned no_decision and mapper provided no Karaka candidates.
train-s25,बड़ी झील से लगी पहाड़ी पर यह सफारी उद्यान स्थित है ।,सफारी,compound,,,none,unsupported,,no_decision,none,,,no_decision,Verifier returned no_decision and mapper provided no Karaka candidates.
train-s25,बड़ी झील से लगी पहाड़ी पर यह सफारी उद्यान स्थित है ।,उद्यान,nsubj,,Kartā,low-medium,mapped,,no_decision,none,,Kartā,mapping_hypothesis,nsubj is a grammatical subject; it may correspond to Kartā but is not always a semantic agent.
train-s25,बड़ी झील से लगी पहाड़ी पर यह सफारी उद्यान स्थित है ।,स्थित,root,,,high,no_karaka,,no_decision,none,,,no_decision,Verifier returned no_decision and mapper provided no Karaka candidates.
train-s25,बड़ी झील से लगी पहाड़ी पर यह सफारी उद्यान स्थित है ।,है,cop,,,none,unsupported,,no_decision,none,,,no_decision,Verifier returned no_decision and mapper provided no Karaka candidates.
train-s25,बड़ी झील से लगी पहाड़ी पर यह सफारी उद्यान स्थित है ।,।,punct,,,none,unsupported,,no_decision,none,,,no_decision,Verifier returned no_decision and mapper provided no Karaka candidates.
train-s26,यह 445 हैक्टेयर में फैला है ।,यह,nsubj,,Kartā,low-medium,mapped,,no_decision,none,,Kartā,mapping_hypothesis,nsubj is a grammatical subject; it may correspond to Kartā but is not always a semantic agent.
train-s26,यह 445 हैक्टेयर में फैला है ।,445,nummod,,,none,unsupported,,no_decision,none,,,no_decision,Verifier returned no_decision and mapper provided no Karaka candidates.
train-s26,यह 445 हैक्टेयर में फैला है ।,हैक्टेयर,obl,में,Adhikaraṇa|Apādāna|Karaṇa,low,context_dependent,Adhikaraṇa,confirmed,medium-high,R2,Adhikaraṇa,confirmed,obl with में postposition — locative/locus pattern for Adhikaraṇa.
train-s26,यह 445 हैक्टेयर में फैला है ।,में,case,,,high,evidence_only,,no_decision,none,,,no_decision,Verifier returned no_decision and mapper provided no Karaka candidates.
train-s26,यह 445 हैक्टेयर में फैला है ।,फैला,root,,,high,no_karaka,,no_decision,none,,,no_decision,Verifier returned no_decision and mapper provided no Karaka candidates.
train-s26,यह 445 हैक्टेयर में फैला है ।,है,aux,,,none,unsupported,,no_decision,none,,,no_decision,Verifier returned no_decision and mapper provided no Karaka candidates.
train-s26,यह 445 हैक्टेयर में फैला है ।,।,punct,,,none,unsupported,,no_decision,none,,,no_decision,Verifier returned no_decision and mapper provided no Karaka candidates.
train-s27,प्राकृतिक सुंदरता के बीच आप विभिन्न प्रकार के शाकाहारी और माँसाहारी प्राणियों को देखने का आनंद उठा सकते हैं ।,प्राकृतिक,amod,,,none,unsupported,,no_decision,none,,,no_decision,Verifier returned no_decision and mapper provided no Karaka candidates.
train-s27,प्राकृतिक सुंदरता के बीच आप विभिन्न प्रकार के शाकाहारी और माँसाहारी प्राणियों को देखने का आनंद उठा सकते हैं ।,सुंदरता,obl,के,Adhikaraṇa|Apādāna|Karaṇa,low,context_dependent,,no_decision,none,,Adhikaraṇa|Apādāna|Karaṇa,mapping_hypothesis,"obl is context-dependent; the Karaka role depends on postposition and verb semantics, not deprel alone."
train-s27,प्राकृतिक सुंदरता के बीच आप विभिन्न प्रकार के शाकाहारी और माँसाहारी प्राणियों को देखने का आनंद उठा सकते हैं ।,के,case,,,high,evidence_only,,no_decision,none,,,no_decision,Verifier returned no_decision and mapper provided no Karaka candidates.
train-s27,प्राकृतिक सुंदरता के बीच आप विभिन्न प्रकार के शाकाहारी और माँसाहारी प्राणियों को देखने का आनंद उठा सकते हैं ।,बीच,case,,,high,evidence_only,,no_decision,none,,,no_decision,Verifier returned no_decision and mapper provided no Karaka candidates.
train-s27,प्राकृतिक सुंदरता के बीच आप विभिन्न प्रकार के शाकाहारी और माँसाहारी प्राणियों को देखने का आनंद उठा सकते हैं ।,आप,nsubj,,Kartā,low-medium,mapped,,no_decision,none,,Kartā,mapping_hypothesis,nsubj is a grammatical subject; it may correspond to Kartā but is not always a semantic agent.
train-s27,प्राकृतिक सुंदरता के बीच आप विभिन्न प्रकार के शाकाहारी और माँसाहारी प्राणियों को देखने का आनंद उठा सकते हैं ।,विभिन्न,amod,,,none,unsupported,,no_decision,none,,,no_decision,Verifier returned no_decision and mapper provided no Karaka candidates.
train-s27,प्राकृतिक सुंदरता के बीच आप विभिन्न प्रकार के शाकाहारी और माँसाहारी प्राणियों को देखने का आनंद उठा सकते हैं ।,प्रकार,nmod,के,,none,unsupported,,no_decision,none,,,no_decision,Verifier returned no_decision and mapper provided no Karaka candidates.
train-s27,प्राकृतिक सुंदरता के बीच आप विभिन्न प्रकार के शाकाहारी और माँसाहारी प्राणियों को देखने का आनंद उठा सकते हैं ।,के,case,,,high,evidence_only,,no_decision,none,,,no_decision,Verifier returned no_decision and mapper provided no Karaka candidates.
train-s27,प्राकृतिक सुंदरता के बीच आप विभिन्न प्रकार के शाकाहारी और माँसाहारी प्राणियों को देखने का आनंद उठा सकते हैं ।,शाकाहारी,amod,,,none,unsupported,,no_decision,none,,,no_decision,Verifier returned no_decision and mapper provided no Karaka candidates.
train-s27,प्राकृतिक सुंदरता के बीच आप विभिन्न प्रकार के शाकाहारी और माँसाहारी प्राणियों को देखने का आनंद उठा सकते हैं ।,और,cc,,,none,unsupported,,no_decision,none,,,no_decision,Verifier returned no_decision and mapper provided no Karaka candidates.
train-s27,प्राकृतिक सुंदरता के बीच आप विभिन्न प्रकार के शाकाहारी और माँसाहारी प्राणियों को देखने का आनंद उठा सकते हैं ।,माँसाहारी,conj,,,none,unsupported,,no_decision,none,,,no_decision,Verifier returned no_decision and mapper provided no Karaka candidates.
train-s27,प्राकृतिक सुंदरता के बीच आप विभिन्न प्रकार के शाकाहारी और माँसाहारी प्राणियों को देखने का आनंद उठा सकते हैं ।,प्राणियों,obj,को,Karma,medium,mapped,Karma|Sampradāna,ambiguous,low-medium,R5,Karma|Sampradāna,ambiguous,obj/iobj with को postposition — patient (Karma) or recipient (Sampradāna); cannot disambiguate in v1.
train-s27,प्राकृतिक सुंदरता के बीच आप विभिन्न प्रकार के शाकाहारी और माँसाहारी प्राणियों को देखने का आनंद उठा सकते हैं ।,को,case,,,high,evidence_only,,no_decision,none,,,no_decision,Verifier returned no_decision and mapper provided no Karaka candidates.
train-s27,प्राकृतिक सुंदरता के बीच आप विभिन्न प्रकार के शाकाहारी और माँसाहारी प्राणियों को देखने का आनंद उठा सकते हैं ।,देखने,nmod,,,none,unsupported,,no_decision,none,,,no_decision,Verifier returned no_decision and mapper provided no Karaka candidates.
train-s27,प्राकृतिक सुंदरता के बीच आप विभिन्न प्रकार के शाकाहारी और माँसाहारी प्राणियों को देखने का आनंद उठा सकते हैं ।,का,mark,,,none,unsupported,,no_decision,none,,,no_decision,Verifier returned no_decision and mapper provided no Karaka candidates.
train-s27,प्राकृतिक सुंदरता के बीच आप विभिन्न प्रकार के शाकाहारी और माँसाहारी प्राणियों को देखने का आनंद उठा सकते हैं ।,आनंद,compound,,,none,unsupported,,no_decision,none,,,no_decision,Verifier returned no_decision and mapper provided no Karaka candidates.
train-s27,प्राकृतिक सुंदरता के बीच आप विभिन्न प्रकार के शाकाहारी और माँसाहारी प्राणियों को देखने का आनंद उठा सकते हैं ।,उठा,root,,,high,no_karaka,,no_decision,none,,,no_decision,Verifier returned no_decision and mapper provided no Karaka candidates.
train-s27,प्राकृतिक सुंदरता के बीच आप विभिन्न प्रकार के शाकाहारी और माँसाहारी प्राणियों को देखने का आनंद उठा सकते हैं ।,सकते,aux,,,none,unsupported,,no_decision,none,,,no_decision,Verifier returned no_decision and mapper provided no Karaka candidates.
train-s27,प्राकृतिक सुंदरता के बीच आप विभिन्न प्रकार के शाकाहारी और माँसाहारी प्राणियों को देखने का आनंद उठा सकते हैं ।,हैं,aux:pass,,,none,unsupported,,no_decision,none,,,no_decision,Verifier returned no_decision and mapper provided no Karaka candidates.
train-s27,प्राकृतिक सुंदरता के बीच आप विभिन्न प्रकार के शाकाहारी और माँसाहारी प्राणियों को देखने का आनंद उठा सकते हैं ।,।,punct,,,none,unsupported,,no_decision,none,,,no_decision,Verifier returned no_decision and mapper provided no Karaka candidates.
train-s28,यह मंगलवार को छोड़कर हर दिन सुबह 7 से 11 और 3 से 5 बजे शाम तक खुला रहता है ।,यह,nsubj,,Kartā,low-medium,mapped,,no_decision,none,,Kartā,mapping_hypothesis,nsubj is a grammatical subject; it may correspond to Kartā but is not always a semantic agent.
train-s28,यह मंगलवार को छोड़कर हर दिन सुबह 7 से 11 और 3 से 5 बजे शाम तक खुला रहता है ।,मंगलवार,obl,को,Adhikaraṇa|Apādāna|Karaṇa,low,context_dependent,,no_decision,none,,Adhikaraṇa|Apādāna|Karaṇa,mapping_hypothesis,"obl is context-dependent; the Karaka role depends on postposition and verb semantics, not deprel alone."
train-s28,यह मंगलवार को छोड़कर हर दिन सुबह 7 से 11 और 3 से 5 बजे शाम तक खुला रहता है ।,को,case,,,high,evidence_only,,no_decision,none,,,no_decision,Verifier returned no_decision and mapper provided no Karaka candidates.
train-s28,यह मंगलवार को छोड़कर हर दिन सुबह 7 से 11 और 3 से 5 बजे शाम तक खुला रहता है ।,छोड़कर,advcl,,,none,unsupported,,no_decision,none,,,no_decision,Verifier returned no_decision and mapper provided no Karaka candidates.
train-s28,यह मंगलवार को छोड़कर हर दिन सुबह 7 से 11 और 3 से 5 बजे शाम तक खुला रहता है ।,हर,det,,,none,unsupported,,no_decision,none,,,no_decision,Verifier returned no_decision and mapper provided no Karaka candidates.
train-s28,यह मंगलवार को छोड़कर हर दिन सुबह 7 से 11 और 3 से 5 बजे शाम तक खुला रहता है ।,दिन,obl,,Adhikaraṇa|Apādāna|Karaṇa,low,context_dependent,,no_decision,none,,Adhikaraṇa|Apādāna|Karaṇa,mapping_hypothesis,"obl is context-dependent; the Karaka role depends on postposition and verb semantics, not deprel alone."
train-s28,यह मंगलवार को छोड़कर हर दिन सुबह 7 से 11 और 3 से 5 बजे शाम तक खुला रहता है ।,सुबह,nmod,,,none,unsupported,,no_decision,none,,,no_decision,Verifier returned no_decision and mapper provided no Karaka candidates.
train-s28,यह मंगलवार को छोड़कर हर दिन सुबह 7 से 11 और 3 से 5 बजे शाम तक खुला रहता है ।,7,nmod,से,,none,unsupported,,no_decision,none,,,no_decision,Verifier returned no_decision and mapper provided no Karaka candidates.
train-s28,यह मंगलवार को छोड़कर हर दिन सुबह 7 से 11 और 3 से 5 बजे शाम तक खुला रहता है ।,से,case,,,high,evidence_only,,no_decision,none,,,no_decision,Verifier returned no_decision and mapper provided no Karaka candidates.
train-s28,यह मंगलवार को छोड़कर हर दिन सुबह 7 से 11 और 3 से 5 बजे शाम तक खुला रहता है ।,11,obl,,Adhikaraṇa|Apādāna|Karaṇa,low,context_dependent,,no_decision,none,,Adhikaraṇa|Apādāna|Karaṇa,mapping_hypothesis,"obl is context-dependent; the Karaka role depends on postposition and verb semantics, not deprel alone."
train-s28,यह मंगलवार को छोड़कर हर दिन सुबह 7 से 11 और 3 से 5 बजे शाम तक खुला रहता है ।,और,cc,,,none,unsupported,,no_decision,none,,,no_decision,Verifier returned no_decision and mapper provided no Karaka candidates.
train-s28,यह मंगलवार को छोड़कर हर दिन सुबह 7 से 11 और 3 से 5 बजे शाम तक खुला रहता है ।,3,nmod,से,,none,unsupported,,no_decision,none,,,no_decision,Verifier returned no_decision and mapper provided no Karaka candidates.
train-s28,यह मंगलवार को छोड़कर हर दिन सुबह 7 से 11 और 3 से 5 बजे शाम तक खुला रहता है ।,से,case,,,high,evidence_only,,no_decision,none,,,no_decision,Verifier returned no_decision and mapper provided no Karaka candidates.
train-s28,यह मंगलवार को छोड़कर हर दिन सुबह 7 से 11 और 3 से 5 बजे शाम तक खुला रहता है ।,5,nummod,,,none,unsupported,,no_decision,none,,,no_decision,Verifier returned no_decision and mapper provided no Karaka candidates.
train-s28,यह मंगलवार को छोड़कर हर दिन सुबह 7 से 11 और 3 से 5 बजे शाम तक खुला रहता है ।,बजे,nmod,,,none,unsupported,,no_decision,none,,,no_decision,Verifier returned no_decision and mapper provided no Karaka candidates.
train-s28,यह मंगलवार को छोड़कर हर दिन सुबह 7 से 11 और 3 से 5 बजे शाम तक खुला रहता है ।,शाम,conj,तक,,none,unsupported,,no_decision,none,,,no_decision,Verifier returned no_decision and mapper provided no Karaka candidates.
train-s28,यह मंगलवार को छोड़कर हर दिन सुबह 7 से 11 और 3 से 5 बजे शाम तक खुला रहता है ।,तक,case,,,high,evidence_only,,no_decision,none,,,no_decision,Verifier returned no_decision and mapper provided no Karaka candidates.
train-s28,यह मंगलवार को छोड़कर हर दिन सुबह 7 से 11 और 3 से 5 बजे शाम तक खुला रहता है ।,खुला,root,,,high,no_karaka,,no_decision,none,,,no_decision,Verifier returned no_decision and mapper provided no Karaka candidates.
train-s28,यह मंगलवार को छोड़कर हर दिन सुबह 7 से 11 और 3 से 5 बजे शाम तक खुला रहता है ।,रहता,aux,,,none,unsupported,,no_decision,none,,,no_decision,Verifier returned no_decision and mapper provided no Karaka candidates.
train-s28,यह मंगलवार को छोड़कर हर दिन सुबह 7 से 11 और 3 से 5 बजे शाम तक खुला रहता है ।,है,aux:pass,,,none,unsupported,,no_decision,none,,,no_decision,Verifier returned no_decision and mapper provided no Karaka candidates.
train-s28,यह मंगलवार को छोड़कर हर दिन सुबह 7 से 11 और 3 से 5 बजे शाम तक खुला रहता है ।,।,punct,,,none,unsupported,,no_decision,none,,,no_decision,Verifier returned no_decision and mapper provided no Karaka candidates.
train-s29,यह मूल रूप से विज्ञान संग्रहालय है जो श्यामला हिल्स की खूबसूरती के बीच स्थित है ।,यह,nsubj,,Kartā,low-medium,mapped,,no_decision,none,,Kartā,mapping_hypothesis,nsubj is a grammatical subject; it may correspond to Kartā but is not always a semantic agent.
train-s29,यह मूल रूप से विज्ञान संग्रहालय है जो श्यामला हिल्स की खूबसूरती के बीच स्थित है ।,मूल,amod,,,none,unsupported,,no_decision,none,,,no_decision,Verifier returned no_decision and mapper provided no Karaka candidates.
train-s29,यह मूल रूप से विज्ञान संग्रहालय है जो श्यामला हिल्स की खूबसूरती के बीच स्थित है ।,रूप,obl,से,Adhikaraṇa|Apādāna|Karaṇa,low,context_dependent,Karaṇa|Apādāna,ambiguous,low-medium,R4,Karaṇa|Apādāna,ambiguous,obl with से postposition — instrument (Karaṇa) or source (Apādāna); cannot disambiguate in v1.
train-s29,यह मूल रूप से विज्ञान संग्रहालय है जो श्यामला हिल्स की खूबसूरती के बीच स्थित है ।,से,case,,,high,evidence_only,,no_decision,none,,,no_decision,Verifier returned no_decision and mapper provided no Karaka candidates.
train-s29,यह मूल रूप से विज्ञान संग्रहालय है जो श्यामला हिल्स की खूबसूरती के बीच स्थित है ।,विज्ञान,compound,,,none,unsupported,,no_decision,none,,,no_decision,Verifier returned no_decision and mapper provided no Karaka candidates.
train-s29,यह मूल रूप से विज्ञान संग्रहालय है जो श्यामला हिल्स की खूबसूरती के बीच स्थित है ।,संग्रहालय,root,,,high,no_karaka,,no_decision,none,,,no_decision,Verifier returned no_decision and mapper provided no Karaka candidates.
train-s29,यह मूल रूप से विज्ञान संग्रहालय है जो श्यामला हिल्स की खूबसूरती के बीच स्थित है ।,है,cop,,,none,unsupported,,no_decision,none,,,no_decision,Verifier returned no_decision and mapper provided no Karaka candidates.
train-s29,यह मूल रूप से विज्ञान संग्रहालय है जो श्यामला हिल्स की खूबसूरती के बीच स्थित है ।,जो,nsubj,,Kartā,low-medium,mapped,,no_decision,none,,Kartā,mapping_hypothesis,nsubj is a grammatical subject; it may correspond to Kartā but is not always a semantic agent.
train-s29,यह मूल रूप से विज्ञान संग्रहालय है जो श्यामला हिल्स की खूबसूरती के बीच स्थित है ।,श्यामला,compound,,,none,unsupported,,no_decision,none,,,no_decision,Verifier returned no_decision and mapper provided no Karaka candidates.
train-s29,यह मूल रूप से विज्ञान संग्रहालय है जो श्यामला हिल्स की खूबसूरती के बीच स्थित है ।,हिल्स,nmod,की,,none,unsupported,,no_decision,none,,,no_decision,Verifier returned no_decision and mapper provided no Karaka candidates.
train-s29,यह मूल रूप से विज्ञान संग्रहालय है जो श्यामला हिल्स की खूबसूरती के बीच स्थित है ।,की,case,,,high,evidence_only,,no_decision,none,,,no_decision,Verifier returned no_decision and mapper provided no Karaka candidates.
train-s29,यह मूल रूप से विज्ञान संग्रहालय है जो श्यामला हिल्स की खूबसूरती के बीच स्थित है ।,खूबसूरती,nmod,के,,none,unsupported,,no_decision,none,,,no_decision,Verifier returned no_decision and mapper provided no Karaka candidates.
train-s29,यह मूल रूप से विज्ञान संग्रहालय है जो श्यामला हिल्स की खूबसूरती के बीच स्थित है ।,के,case,,,high,evidence_only,,no_decision,none,,,no_decision,Verifier returned no_decision and mapper provided no Karaka candidates.
train-s29,यह मूल रूप से विज्ञान संग्रहालय है जो श्यामला हिल्स की खूबसूरती के बीच स्थित है ।,बीच,case,,,high,evidence_only,,no_decision,none,,,no_decision,Verifier returned no_decision and mapper provided no Karaka candidates.
train-s29,यह मूल रूप से विज्ञान संग्रहालय है जो श्यामला हिल्स की खूबसूरती के बीच स्थित है ।,स्थित,acl:relcl,,,none,unsupported,,no_decision,none,,,no_decision,Verifier returned no_decision and mapper provided no Karaka candidates.
train-s29,यह मूल रूप से विज्ञान संग्रहालय है जो श्यामला हिल्स की खूबसूरती के बीच स्थित है ।,है,cop,,,none,unsupported,,no_decision,none,,,no_decision,Verifier returned no_decision and mapper provided no Karaka candidates.
train-s29,यह मूल रूप से विज्ञान संग्रहालय है जो श्यामला हिल्स की खूबसूरती के बीच स्थित है ।,।,punct,,,none,unsupported,,no_decision,none,,,no_decision,Verifier returned no_decision and mapper provided no Karaka candidates.
train-s30,यहाँ इन्वेंशन और फन साइंस गैलरी हैं और एक तारामंडल नाम का प्लेनेटेरियम भी है ।,यहाँ,nmod,,,none,unsupported,,no_decision,none,,,no_decision,Verifier returned no_decision and mapper provided no Karaka candidates.
train-s30,यहाँ इन्वेंशन और फन साइंस गैलरी हैं और एक तारामंडल नाम का प्लेनेटेरियम भी है ।,इन्वेंशन,nmod,,,none,unsupported,,no_decision,none,,,no_decision,Verifier returned no_decision and mapper provided no Karaka candidates.
train-s30,यहाँ इन्वेंशन और फन साइंस गैलरी हैं और एक तारामंडल नाम का प्लेनेटेरियम भी है ।,और,cc,,,none,unsupported,,no_decision,none,,,no_decision,Verifier returned no_decision and mapper provided no Karaka candidates.
train-s30,यहाँ इन्वेंशन और फन साइंस गैलरी हैं और एक तारामंडल नाम का प्लेनेटेरियम भी है ।,फन,compound,,,none,unsupported,,no_decision,none,,,no_decision,Verifier returned no_decision and mapper provided no Karaka candidates.
train-s30,यहाँ इन्वेंशन और फन साइंस गैलरी हैं और एक तारामंडल नाम का प्लेनेटेरियम भी है ।,साइंस,conj,,,none,unsupported,,no_decision,none,,,no_decision,Verifier returned no_decision and mapper provided no Karaka candidates.
train-s30,यहाँ इन्वेंशन और फन साइंस गैलरी हैं और एक तारामंडल नाम का प्लेनेटेरियम भी है ।,गैलरी,root,,,high,no_karaka,,no_decision,none,,,no_decision,Verifier returned no_decision and mapper provided no Karaka candidates.
train-s30,यहाँ इन्वेंशन और फन साइंस गैलरी हैं और एक तारामंडल नाम का प्लेनेटेरियम भी है ।,हैं,cop,,,none,unsupported,,no_decision,none,,,no_decision,Verifier returned no_decision and mapper provided no Karaka candidates.
train-s30,यहाँ इन्वेंशन और फन साइंस गैलरी हैं और एक तारामंडल नाम का प्लेनेटेरियम भी है ।,और,cc,,,none,unsupported,,no_decision,none,,,no_decision,Verifier returned no_decision and mapper provided no Karaka candidates.
train-s30,यहाँ इन्वेंशन और फन साइंस गैलरी हैं और एक तारामंडल नाम का प्लेनेटेरियम भी है ।,एक,nummod,,,none,unsupported,,no_decision,none,,,no_decision,Verifier returned no_decision and mapper provided no Karaka candidates.
train-s30,यहाँ इन्वेंशन और फन साइंस गैलरी हैं और एक तारामंडल नाम का प्लेनेटेरियम भी है ।,तारामंडल,nmod,,,none,unsupported,,no_decision,none,,,no_decision,Verifier returned no_decision and mapper provided no Karaka candidates.
train-s30,यहाँ इन्वेंशन और फन साइंस गैलरी हैं और एक तारामंडल नाम का प्लेनेटेरियम भी है ।,नाम,nmod,का,,none,unsupported,,no_decision,none,,,no_decision,Verifier returned no_decision and mapper provided no Karaka candidates.
train-s30,यहाँ इन्वेंशन और फन साइंस गैलरी हैं और एक तारामंडल नाम का प्लेनेटेरियम भी है ।,का,case,,,high,evidence_only,,no_decision,none,,,no_decision,Verifier returned no_decision and mapper provided no Karaka candidates.
train-s30,यहाँ इन्वेंशन और फन साइंस गैलरी हैं और एक तारामंडल नाम का प्लेनेटेरियम भी है ।,प्लेनेटेरियम,conj,,,none,unsupported,,no_decision,none,,,no_decision,Verifier returned no_decision and mapper provided no Karaka candidates.
train-s30,यहाँ इन्वेंशन और फन साइंस गैलरी हैं और एक तारामंडल नाम का प्लेनेटेरियम भी है ।,भी,dep,,,none,unsupported,,no_decision,none,,,no_decision,Verifier returned no_decision and mapper provided no Karaka candidates.
train-s30,यहाँ इन्वेंशन और फन साइंस गैलरी हैं और एक तारामंडल नाम का प्लेनेटेरियम भी है ।,है,cop,,,none,unsupported,,no_decision,none,,,no_decision,Verifier returned no_decision and mapper provided no Karaka candidates.
train-s30,यहाँ इन्वेंशन और फन साइंस गैलरी हैं और एक तारामंडल नाम का प्लेनेटेरियम भी है ।,।,punct,,,none,unsupported,,no_decision,none,,,no_decision,Verifier returned no_decision and mapper provided no Karaka candidates.
train-s31,यह सोमवार को छोड़कर हर दिन सुबह 10.30 से 6.30 तक खुला रहता है ।,यह,nsubj,,Kartā,low-medium,mapped,,no_decision,none,,Kartā,mapping_hypothesis,nsubj is a grammatical subject; it may correspond to Kartā but is not always a semantic agent.
train-s31,यह सोमवार को छोड़कर हर दिन सुबह 10.30 से 6.30 तक खुला रहता है ।,सोमवार,obl,को,Adhikaraṇa|Apādāna|Karaṇa,low,context_dependent,,no_decision,none,,Adhikaraṇa|Apādāna|Karaṇa,mapping_hypothesis,"obl is context-dependent; the Karaka role depends on postposition and verb semantics, not deprel alone."
train-s31,यह सोमवार को छोड़कर हर दिन सुबह 10.30 से 6.30 तक खुला रहता है ।,को,case,,,high,evidence_only,,no_decision,none,,,no_decision,Verifier returned no_decision and mapper provided no Karaka candidates.
train-s31,यह सोमवार को छोड़कर हर दिन सुबह 10.30 से 6.30 तक खुला रहता है ।,छोड़कर,advcl,,,none,unsupported,,no_decision,none,,,no_decision,Verifier returned no_decision and mapper provided no Karaka candidates.
train-s31,यह सोमवार को छोड़कर हर दिन सुबह 10.30 से 6.30 तक खुला रहता है ।,हर,det,,,none,unsupported,,no_decision,none,,,no_decision,Verifier returned no_decision and mapper provided no Karaka candidates.
train-s31,यह सोमवार को छोड़कर हर दिन सुबह 10.30 से 6.30 तक खुला रहता है ।,दिन,obl,,Adhikaraṇa|Apādāna|Karaṇa,low,context_dependent,,no_decision,none,,Adhikaraṇa|Apādāna|Karaṇa,mapping_hypothesis,"obl is context-dependent; the Karaka role depends on postposition and verb semantics, not deprel alone."
train-s31,यह सोमवार को छोड़कर हर दिन सुबह 10.30 से 6.30 तक खुला रहता है ।,सुबह,nmod,,,none,unsupported,,no_decision,none,,,no_decision,Verifier returned no_decision and mapper provided no Karaka candidates.
train-s31,यह सोमवार को छोड़कर हर दिन सुबह 10.30 से 6.30 तक खुला रहता है ।,10.30,nmod,से,,none,unsupported,,no_decision,none,,,no_decision,Verifier returned no_decision and mapper provided no Karaka candidates.
train-s31,यह सोमवार को छोड़कर हर दिन सुबह 10.30 से 6.30 तक खुला रहता है ।,से,case,,,high,evidence_only,,no_decision,none,,,no_decision,Verifier returned no_decision and mapper provided no Karaka candidates.
train-s31,यह सोमवार को छोड़कर हर दिन सुबह 10.30 से 6.30 तक खुला रहता है ।,6.30,obl,तक,Adhikaraṇa|Apādāna|Karaṇa,low,context_dependent,,no_decision,none,,Adhikaraṇa|Apādāna|Karaṇa,mapping_hypothesis,"obl is context-dependent; the Karaka role depends on postposition and verb semantics, not deprel alone."
train-s31,यह सोमवार को छोड़कर हर दिन सुबह 10.30 से 6.30 तक खुला रहता है ।,तक,case,,,high,evidence_only,,no_decision,none,,,no_decision,Verifier returned no_decision and mapper provided no Karaka candidates.
train-s31,यह सोमवार को छोड़कर हर दिन सुबह 10.30 से 6.30 तक खुला रहता है ।,खुला,root,,,high,no_karaka,,no_decision,none,,,no_decision,Verifier returned no_decision and mapper provided no Karaka candidates.
train-s31,यह सोमवार को छोड़कर हर दिन सुबह 10.30 से 6.30 तक खुला रहता है ।,रहता,aux,,,none,unsupported,,no_decision,none,,,no_decision,Verifier returned no_decision and mapper provided no Karaka candidates.
train-s31,यह सोमवार को छोड़कर हर दिन सुबह 10.30 से 6.30 तक खुला रहता है ।,है,aux:pass,,,none,unsupported,,no_decision,none,,,no_decision,Verifier returned no_decision and mapper provided no Karaka candidates.
train-s31,यह सोमवार को छोड़कर हर दिन सुबह 10.30 से 6.30 तक खुला रहता है ।,।,punct,,,none,unsupported,,no_decision,none,,,no_decision,Verifier returned no_decision and mapper provided no Karaka candidates.
train-s32,"शहर के बीच स्थित चौक में पुरानी मस्जिद, हवेलियाँ अतीत की स्मृति दिलाते हैं ।",शहर,obl,के,Adhikaraṇa|Apādāna|Karaṇa,low,context_dependent,,no_decision,none,,Adhikaraṇa|Apādāna|Karaṇa,mapping_hypothesis,"obl is context-dependent; the Karaka role depends on postposition and verb semantics, not deprel alone."
train-s32,"शहर के बीच स्थित चौक में पुरानी मस्जिद, हवेलियाँ अतीत की स्मृति दिलाते हैं ।",के,case,,,high,evidence_only,,no_decision,none,,,no_decision,Verifier returned no_decision and mapper provided no Karaka candidates.
train-s32,"शहर के बीच स्थित चौक में पुरानी मस्जिद, हवेलियाँ अतीत की स्मृति दिलाते हैं ।",बीच,case,,,high,evidence_only,,no_decision,none,,,no_decision,Verifier returned no_decision and mapper provided no Karaka candidates.
train-s32,"शहर के बीच स्थित चौक में पुरानी मस्जिद, हवेलियाँ अतीत की स्मृति दिलाते हैं ।",स्थित,amod,,,none,unsupported,,no_decision,none,,,no_decision,Verifier returned no_decision and mapper provided no Karaka candidates.
train-s32,"शहर के बीच स्थित चौक में पुरानी मस्जिद, हवेलियाँ अतीत की स्मृति दिलाते हैं ।",चौक,obl,में,Adhikaraṇa|Apādāna|Karaṇa,low,context_dependent,Adhikaraṇa,confirmed,medium-high,R2,Adhikaraṇa,confirmed,obl with में postposition — locative/locus pattern for Adhikaraṇa.
train-s32,"शहर के बीच स्थित चौक में पुरानी मस्जिद, हवेलियाँ अतीत की स्मृति दिलाते हैं ।",में,case,,,high,evidence_only,,no_decision,none,,,no_decision,Verifier returned no_decision and mapper provided no Karaka candidates.
train-s32,"शहर के बीच स्थित चौक में पुरानी मस्जिद, हवेलियाँ अतीत की स्मृति दिलाते हैं ।",पुरानी,amod,,,none,unsupported,,no_decision,none,,,no_decision,Verifier returned no_decision and mapper provided no Karaka candidates.
train-s32,"शहर के बीच स्थित चौक में पुरानी मस्जिद, हवेलियाँ अतीत की स्मृति दिलाते हैं ।",मस्जिद,nsubj,,Kartā,low-medium,mapped,,no_decision,none,,Kartā,mapping_hypothesis,nsubj is a grammatical subject; it may correspond to Kartā but is not always a semantic agent.
train-s32,"शहर के बीच स्थित चौक में पुरानी मस्जिद, हवेलियाँ अतीत की स्मृति दिलाते हैं ।",",",punct,,,none,unsupported,,no_decision,none,,,no_decision,Verifier returned no_decision and mapper provided no Karaka candidates.
train-s32,"शहर के बीच स्थित चौक में पुरानी मस्जिद, हवेलियाँ अतीत की स्मृति दिलाते हैं ।",हवेलियाँ,conj,,,none,unsupported,,no_decision,none,,,no_decision,Verifier returned no_decision and mapper provided no Karaka candidates.
train-s32,"शहर के बीच स्थित चौक में पुरानी मस्जिद, हवेलियाँ अतीत की स्मृति दिलाते हैं ।",अतीत,nmod,की,,none,unsupported,,no_decision,none,,,no_decision,Verifier returned no_decision and mapper provided no Karaka candidates.
train-s32,"शहर के बीच स्थित चौक में पुरानी मस्जिद, हवेलियाँ अतीत की स्मृति दिलाते हैं ।",की,case,,,high,evidence_only,,no_decision,none,,,no_decision,Verifier returned no_decision and mapper provided no Karaka candidates.
train-s32,"शहर के बीच स्थित चौक में पुरानी मस्जिद, हवेलियाँ अतीत की स्मृति दिलाते हैं ।",स्मृति,compound,,,none,unsupported,,no_decision,none,,,no_decision,Verifier returned no_decision and mapper provided no Karaka candidates.
train-s32,"शहर के बीच स्थित चौक में पुरानी मस्जिद, हवेलियाँ अतीत की स्मृति दिलाते हैं ।",दिलाते,root,,,high,no_karaka,,no_decision,none,,,no_decision,Verifier returned no_decision and mapper provided no Karaka candidates.
train-s32,"शहर के बीच स्थित चौक में पुरानी मस्जिद, हवेलियाँ अतीत की स्मृति दिलाते हैं ।",हैं,aux,,,none,unsupported,,no_decision,none,,,no_decision,Verifier returned no_decision and mapper provided no Karaka candidates.
train-s32,"शहर के बीच स्थित चौक में पुरानी मस्जिद, हवेलियाँ अतीत की स्मृति दिलाते हैं ।",।,punct,,,none,unsupported,,no_decision,none,,,no_decision,Verifier returned no_decision and mapper provided no Karaka candidates.
train-s33,सँकरी गलियों में स्थित दुकानें हैं जिनमें शिल्प के खजाने खुले हुए हैं ।,सँकरी,amod,,,none,unsupported,,no_decision,none,,,no_decision,Verifier returned no_decision and mapper provided no Karaka candidates.
train-s33,सँकरी गलियों में स्थित दुकानें हैं जिनमें शिल्प के खजाने खुले हुए हैं ।,गलियों,obl,में,Adhikaraṇa|Apādāna|Karaṇa,low,context_dependent,Adhikaraṇa,confirmed,medium-high,R2,Adhikaraṇa,confirmed,obl with में postposition — locative/locus pattern for Adhikaraṇa.
train-s33,सँकरी गलियों में स्थित दुकानें हैं जिनमें शिल्प के खजाने खुले हुए हैं ।,में,case,,,high,evidence_only,,no_decision,none,,,no_decision,Verifier returned no_decision and mapper provided no Karaka candidates.
train-s33,सँकरी गलियों में स्थित दुकानें हैं जिनमें शिल्प के खजाने खुले हुए हैं ।,स्थित,amod,,,none,unsupported,,no_decision,none,,,no_decision,Verifier returned no_decision and mapper provided no Karaka candidates.
train-s33,सँकरी गलियों में स्थित दुकानें हैं जिनमें शिल्प के खजाने खुले हुए हैं ।,दुकानें,root,,,high,no_karaka,,no_decision,none,,,no_decision,Verifier returned no_decision and mapper provided no Karaka candidates.
train-s33,सँकरी गलियों में स्थित दुकानें हैं जिनमें शिल्प के खजाने खुले हुए हैं ।,हैं,cop,,,none,unsupported,,no_decision,none,,,no_decision,Verifier returned no_decision and mapper provided no Karaka candidates.
train-s33,सँकरी गलियों में स्थित दुकानें हैं जिनमें शिल्प के खजाने खुले हुए हैं ।,जिनमें,obl,,Adhikaraṇa|Apādāna|Karaṇa,low,context_dependent,,no_decision,none,,Adhikaraṇa|Apādāna|Karaṇa,mapping_hypothesis,"obl is context-dependent; the Karaka role depends on postposition and verb semantics, not deprel alone."
train-s33,सँकरी गलियों में स्थित दुकानें हैं जिनमें शिल्प के खजाने खुले हुए हैं ।,शिल्प,nmod,के,,none,unsupported,,no_decision,none,,,no_decision,Verifier returned no_decision and mapper provided no Karaka candidates.
train-s33,सँकरी गलियों में स्थित दुकानें हैं जिनमें शिल्प के खजाने खुले हुए हैं ।,के,case,,,high,evidence_only,,no_decision,none,,,no_decision,Verifier returned no_decision and mapper provided no Karaka candidates.
train-s33,सँकरी गलियों में स्थित दुकानें हैं जिनमें शिल्प के खजाने खुले हुए हैं ।,खजाने,nsubj,,Kartā,low-medium,mapped,,no_decision,none,,Kartā,mapping_hypothesis,nsubj is a grammatical subject; it may correspond to Kartā but is not always a semantic agent.
train-s33,सँकरी गलियों में स्थित दुकानें हैं जिनमें शिल्प के खजाने खुले हुए हैं ।,खुले,acl:relcl,,,none,unsupported,,no_decision,none,,,no_decision,Verifier returned no_decision and mapper provided no Karaka candidates.
train-s33,सँकरी गलियों में स्थित दुकानें हैं जिनमें शिल्प के खजाने खुले हुए हैं ।,हुए,aux,,,none,unsupported,,no_decision,none,,,no_decision,Verifier returned no_decision and mapper provided no Karaka candidates.
train-s33,सँकरी गलियों में स्थित दुकानें हैं जिनमें शिल्प के खजाने खुले हुए हैं ।,हैं,aux:pass,,,none,unsupported,,no_decision,none,,,no_decision,Verifier returned no_decision and mapper provided no Karaka candidates.
train-s33,सँकरी गलियों में स्थित दुकानें हैं जिनमें शिल्प के खजाने खुले हुए हैं ।,।,punct,,,none,unsupported,,no_decision,none,,,no_decision,Verifier returned no_decision and mapper provided no Karaka candidates.
train-s34,"यहाँ आप चाँदी के आभूषण, बीडवर्क, कढ़ाई का काम और सीक्वन का काम खूबसूरत अंदाज में देख और खरीद सकते हैं ।",यहाँ,obl,,Adhikaraṇa|Apādāna|Karaṇa,low,context_dependent,,no_decision,none,,Adhikaraṇa|Apādāna|Karaṇa,mapping_hypothesis,"obl is context-dependent; the Karaka role depends on postposition and verb semantics, not deprel alone."
train-s34,"यहाँ आप चाँदी के आभूषण, बीडवर्क, कढ़ाई का काम और सीक्वन का काम खूबसूरत अंदाज में देख और खरीद सकते हैं ।",आप,nsubj,,Kartā,low-medium,mapped,,no_decision,none,,Kartā,mapping_hypothesis,nsubj is a grammatical subject; it may correspond to Kartā but is not always a semantic agent.
train-s34,"यहाँ आप चाँदी के आभूषण, बीडवर्क, कढ़ाई का काम और सीक्वन का काम खूबसूरत अंदाज में देख और खरीद सकते हैं ।",चाँदी,nmod,के,,none,unsupported,,no_decision,none,,,no_decision,Verifier returned no_decision and mapper provided no Karaka candidates.
train-s34,"यहाँ आप चाँदी के आभूषण, बीडवर्क, कढ़ाई का काम और सीक्वन का काम खूबसूरत अंदाज में देख और खरीद सकते हैं ।",के,case,,,high,evidence_only,,no_decision,none,,,no_decision,Verifier returned no_decision and mapper provided no Karaka candidates.
train-s34,"यहाँ आप चाँदी के आभूषण, बीडवर्क, कढ़ाई का काम और सीक्वन का काम खूबसूरत अंदाज में देख और खरीद सकते हैं ।",आभूषण,obj,,Karma,medium,mapped,,no_decision,none,,Karma,mapping_hypothesis,obj typically marks the direct object (patient) of the action.
train-s34,"यहाँ आप चाँदी के आभूषण, बीडवर्क, कढ़ाई का काम और सीक्वन का काम खूबसूरत अंदाज में देख और खरीद सकते हैं ।",",",punct,,,none,unsupported,,no_decision,none,,,no_decision,Verifier returned no_decision and mapper provided no Karaka candidates.
train-s34,"यहाँ आप चाँदी के आभूषण, बीडवर्क, कढ़ाई का काम और सीक्वन का काम खूबसूरत अंदाज में देख और खरीद सकते हैं ।",बीडवर्क,conj,,,none,unsupported,,no_decision,none,,,no_decision,Verifier returned no_decision and mapper provided no Karaka candidates.
train-s34,"यहाँ आप चाँदी के आभूषण, बीडवर्क, कढ़ाई का काम और सीक्वन का काम खूबसूरत अंदाज में देख और खरीद सकते हैं ।",",",punct,,,none,unsupported,,no_decision,none,,,no_decision,Verifier returned no_decision and mapper provided no Karaka candidates.
train-s34,"यहाँ आप चाँदी के आभूषण, बीडवर्क, कढ़ाई का काम और सीक्वन का काम खूबसूरत अंदाज में देख और खरीद सकते हैं ।",कढ़ाई,nmod,का,,none,unsupported,,no_decision,none,,,no_decision,Verifier returned no_decision and mapper provided no Karaka candidates.
train-s34,"यहाँ आप चाँदी के आभूषण, बीडवर्क, कढ़ाई का काम और सीक्वन का काम खूबसूरत अंदाज में देख और खरीद सकते हैं ।",का,case,,,high,evidence_only,,no_decision,none,,,no_decision,Verifier returned no_decision and mapper provided no Karaka candidates.
train-s34,"यहाँ आप चाँदी के आभूषण, बीडवर्क, कढ़ाई का काम और सीक्वन का काम खूबसूरत अंदाज में देख और खरीद सकते हैं ।",काम,conj,,,none,unsupported,,no_decision,none,,,no_decision,Verifier returned no_decision and mapper provided no Karaka candidates.
train-s34,"यहाँ आप चाँदी के आभूषण, बीडवर्क, कढ़ाई का काम और सीक्वन का काम खूबसूरत अंदाज में देख और खरीद सकते हैं ।",और,cc,,,none,unsupported,,no_decision,none,,,no_decision,Verifier returned no_decision and mapper provided no Karaka candidates.
train-s34,"यहाँ आप चाँदी के आभूषण, बीडवर्क, कढ़ाई का काम और सीक्वन का काम खूबसूरत अंदाज में देख और खरीद सकते हैं ।",सीक्वन,nmod,का,,none,unsupported,,no_decision,none,,,no_decision,Verifier returned no_decision and mapper provided no Karaka candidates.
train-s34,"यहाँ आप चाँदी के आभूषण, बीडवर्क, कढ़ाई का काम और सीक्वन का काम खूबसूरत अंदाज में देख और खरीद सकते हैं ।",का,case,,,high,evidence_only,,no_decision,none,,,no_decision,Verifier returned no_decision and mapper provided no Karaka candidates.
train-s34,"यहाँ आप चाँदी के आभूषण, बीडवर्क, कढ़ाई का काम और सीक्वन का काम खूबसूरत अंदाज में देख और खरीद सकते हैं ।",काम,conj,,,none,unsupported,,no_decision,none,,,no_decision,Verifier returned no_decision and mapper provided no Karaka candidates.
train-s34,"यहाँ आप चाँदी के आभूषण, बीडवर्क, कढ़ाई का काम और सीक्वन का काम खूबसूरत अंदाज में देख और खरीद सकते हैं ।",खूबसूरत,amod,,,none,unsupported,,no_decision,none,,,no_decision,Verifier returned no_decision and mapper provided no Karaka candidates.
train-s34,"यहाँ आप चाँदी के आभूषण, बीडवर्क, कढ़ाई का काम और सीक्वन का काम खूबसूरत अंदाज में देख और खरीद सकते हैं ।",अंदाज,obl,में,Adhikaraṇa|Apādāna|Karaṇa,low,context_dependent,Adhikaraṇa,confirmed,medium-high,R2,Adhikaraṇa,confirmed,obl with में postposition — locative/locus pattern for Adhikaraṇa.
train-s34,"यहाँ आप चाँदी के आभूषण, बीडवर्क, कढ़ाई का काम और सीक्वन का काम खूबसूरत अंदाज में देख और खरीद सकते हैं ।",में,case,,,high,evidence_only,,no_decision,none,,,no_decision,Verifier returned no_decision and mapper provided no Karaka candidates.
train-s34,"यहाँ आप चाँदी के आभूषण, बीडवर्क, कढ़ाई का काम और सीक्वन का काम खूबसूरत अंदाज में देख और खरीद सकते हैं ।",देख,root,,,high,no_karaka,,no_decision,none,,,no_decision,Verifier returned no_decision and mapper provided no Karaka candidates.
train-s34,"यहाँ आप चाँदी के आभूषण, बीडवर्क, कढ़ाई का काम और सीक्वन का काम खूबसूरत अंदाज में देख और खरीद सकते हैं ।",और,cc,,,none,unsupported,,no_decision,none,,,no_decision,Verifier returned no_decision and mapper provided no Karaka candidates.
train-s34,"यहाँ आप चाँदी के आभूषण, बीडवर्क, कढ़ाई का काम और सीक्वन का काम खूबसूरत अंदाज में देख और खरीद सकते हैं ।",खरीद,conj,,,none,unsupported,,no_decision,none,,,no_decision,Verifier returned no_decision and mapper provided no Karaka candidates.
train-s34,"यहाँ आप चाँदी के आभूषण, बीडवर्क, कढ़ाई का काम और सीक्वन का काम खूबसूरत अंदाज में देख और खरीद सकते हैं ।",सकते,conj,,,none,unsupported,,no_decision,none,,,no_decision,Verifier returned no_decision and mapper provided no Karaka candidates.
train-s34,"यहाँ आप चाँदी के आभूषण, बीडवर्क, कढ़ाई का काम और सीक्वन का काम खूबसूरत अंदाज में देख और खरीद सकते हैं ।",हैं,conj,,,none,unsupported,,no_decision,none,,,no_decision,Verifier returned no_decision and mapper provided no Karaka candidates.
train-s34,"यहाँ आप चाँदी के आभूषण, बीडवर्क, कढ़ाई का काम और सीक्वन का काम खूबसूरत अंदाज में देख और खरीद सकते हैं ।",।,punct,,,none,unsupported,,no_decision,none,,,no_decision,Verifier returned no_decision and mapper provided no Karaka candidates.
train-s35,बड़ी झील छोटी झील से एक ओवरब्रिज से अलग होती है ।,बड़ी,compound,,,none,unsupported,,no_decision,none,,,no_decision,Verifier returned no_decision and mapper provided no Karaka candidates.
train-s35,बड़ी झील छोटी झील से एक ओवरब्रिज से अलग होती है ।,झील,nsubj,,Kartā,low-medium,mapped,,no_decision,none,,Kartā,mapping_hypothesis,nsubj is a grammatical subject; it may correspond to Kartā but is not always a semantic agent.
train-s35,बड़ी झील छोटी झील से एक ओवरब्रिज से अलग होती है ।,छोटी,compound,,,none,unsupported,,no_decision,none,,,no_decision,Verifier returned no_decision and mapper provided no Karaka candidates.
train-s35,बड़ी झील छोटी झील से एक ओवरब्रिज से अलग होती है ।,झील,obl,से,Adhikaraṇa|Apādāna|Karaṇa,low,context_dependent,Karaṇa|Apādāna,ambiguous,low-medium,R4,Karaṇa|Apādāna,ambiguous,obl with से postposition — instrument (Karaṇa) or source (Apādāna); cannot disambiguate in v1.
train-s35,बड़ी झील छोटी झील से एक ओवरब्रिज से अलग होती है ।,से,case,,,high,evidence_only,,no_decision,none,,,no_decision,Verifier returned no_decision and mapper provided no Karaka candidates.
train-s35,बड़ी झील छोटी झील से एक ओवरब्रिज से अलग होती है ।,एक,nummod,,,none,unsupported,,no_decision,none,,,no_decision,Verifier returned no_decision and mapper provided no Karaka candidates.
train-s35,बड़ी झील छोटी झील से एक ओवरब्रिज से अलग होती है ।,ओवरब्रिज,obl,से,Adhikaraṇa|Apādāna|Karaṇa,low,context_dependent,Karaṇa|Apādāna,ambiguous,low-medium,R4,Karaṇa|Apādāna,ambiguous,obl with से postposition — instrument (Karaṇa) or source (Apādāna); cannot disambiguate in v1.
train-s35,बड़ी झील छोटी झील से एक ओवरब्रिज से अलग होती है ।,से,case,,,high,evidence_only,,no_decision,none,,,no_decision,Verifier returned no_decision and mapper provided no Karaka candidates.
train-s35,बड़ी झील छोटी झील से एक ओवरब्रिज से अलग होती है ।,अलग,compound,,,none,unsupported,,no_decision,none,,,no_decision,Verifier returned no_decision and mapper provided no Karaka candidates.
train-s35,बड़ी झील छोटी झील से एक ओवरब्रिज से अलग होती है ।,होती,root,,,high,no_karaka,,no_decision,none,,,no_decision,Verifier returned no_decision and mapper provided no Karaka candidates.
train-s35,बड़ी झील छोटी झील से एक ओवरब्रिज से अलग होती है ।,है,aux,,,none,unsupported,,no_decision,none,,,no_decision,Verifier returned no_decision and mapper provided no Karaka candidates.
train-s35,बड़ी झील छोटी झील से एक ओवरब्रिज से अलग होती है ।,।,punct,,,none,unsupported,,no_decision,none,,,no_decision,Verifier returned no_decision and mapper provided no Karaka candidates.
train-s36,म.प्र. पर्यटन बोट क्लब बड़ी झील में नौकायन भी करवाता है ।,म.प्र.,compound,,,none,unsupported,,no_decision,none,,,no_decision,Verifier returned no_decision and mapper provided no Karaka candidates.
train-s36,म.प्र. पर्यटन बोट क्लब बड़ी झील में नौकायन भी करवाता है ।,पर्यटन,compound,,,none,unsupported,,no_decision,none,,,no_decision,Verifier returned no_decision and mapper provided no Karaka candidates.
train-s36,म.प्र. पर्यटन बोट क्लब बड़ी झील में नौकायन भी करवाता है ।,बोट,compound,,,none,unsupported,,no_decision,none,,,no_decision,Verifier returned no_decision and mapper provided no Karaka candidates.
train-s36,म.प्र. पर्यटन बोट क्लब बड़ी झील में नौकायन भी करवाता है ।,क्लब,nsubj,,Kartā,low-medium,mapped,,no_decision,none,,Kartā,mapping_hypothesis,nsubj is a grammatical subject; it may correspond to Kartā but is not always a semantic agent.
train-s36,म.प्र. पर्यटन बोट क्लब बड़ी झील में नौकायन भी करवाता है ।,बड़ी,compound,,,none,unsupported,,no_decision,none,,,no_decision,Verifier returned no_decision and mapper provided no Karaka candidates.
train-s36,म.प्र. पर्यटन बोट क्लब बड़ी झील में नौकायन भी करवाता है ।,झील,obl,में,Adhikaraṇa|Apādāna|Karaṇa,low,context_dependent,Adhikaraṇa,confirmed,medium-high,R2,Adhikaraṇa,confirmed,obl with में postposition — locative/locus pattern for Adhikaraṇa.
train-s36,म.प्र. पर्यटन बोट क्लब बड़ी झील में नौकायन भी करवाता है ।,में,case,,,high,evidence_only,,no_decision,none,,,no_decision,Verifier returned no_decision and mapper provided no Karaka candidates.
train-s36,म.प्र. पर्यटन बोट क्लब बड़ी झील में नौकायन भी करवाता है ।,नौकायन,compound,,,none,unsupported,,no_decision,none,,,no_decision,Verifier returned no_decision and mapper provided no Karaka candidates.
train-s36,म.प्र. पर्यटन बोट क्लब बड़ी झील में नौकायन भी करवाता है ।,भी,dep,,,none,unsupported,,no_decision,none,,,no_decision,Verifier returned no_decision and mapper provided no Karaka candidates.
train-s36,म.प्र. पर्यटन बोट क्लब बड़ी झील में नौकायन भी करवाता है ।,करवाता,root,,,high,no_karaka,,no_decision,none,,,no_decision,Verifier returned no_decision and mapper provided no Karaka candidates.
train-s36,म.प्र. पर्यटन बोट क्लब बड़ी झील में नौकायन भी करवाता है ।,है,aux,,,none,unsupported,,no_decision,none,,,no_decision,Verifier returned no_decision and mapper provided no Karaka candidates.
train-s36,म.प्र. पर्यटन बोट क्लब बड़ी झील में नौकायन भी करवाता है ।,।,punct,,,none,unsupported,,no_decision,none,,,no_decision,Verifier returned no_decision and mapper provided no Karaka candidates.
train-s37,छोटी झील में एक मछली के आकार का एक्वेरियम है ।,छोटी,compound,,,none,unsupported,,no_decision,none,,,no_decision,Verifier returned no_decision and mapper provided no Karaka candidates.
train-s37,छोटी झील में एक मछली के आकार का एक्वेरियम है ।,झील,nmod,में,,none,unsupported,,no_decision,none,,,no_decision,Verifier returned no_decision and mapper provided no Karaka candidates.
train-s37,छोटी झील में एक मछली के आकार का एक्वेरियम है ।,में,case,,,high,evidence_only,,no_decision,none,,,no_decision,Verifier returned no_decision and mapper provided no Karaka candidates.
train-s37,छोटी झील में एक मछली के आकार का एक्वेरियम है ।,एक,nummod,,,none,unsupported,,no_decision,none,,,no_decision,Verifier returned no_decision and mapper provided no Karaka candidates.
train-s37,छोटी झील में एक मछली के आकार का एक्वेरियम है ।,मछली,nmod,के,,none,unsupported,,no_decision,none,,,no_decision,Verifier returned no_decision and mapper provided no Karaka candidates.
train-s37,छोटी झील में एक मछली के आकार का एक्वेरियम है ।,के,case,,,high,evidence_only,,no_decision,none,,,no_decision,Verifier returned no_decision and mapper provided no Karaka candidates.
train-s37,छोटी झील में एक मछली के आकार का एक्वेरियम है ।,आकार,nmod,का,,none,unsupported,,no_decision,none,,,no_decision,Verifier returned no_decision and mapper provided no Karaka candidates.
train-s37,छोटी झील में एक मछली के आकार का एक्वेरियम है ।,का,case,,,high,evidence_only,,no_decision,none,,,no_decision,Verifier returned no_decision and mapper provided no Karaka candidates.
train-s37,छोटी झील में एक मछली के आकार का एक्वेरियम है ।,एक्वेरियम,root,,,high,no_karaka,,no_decision,none,,,no_decision,Verifier returned no_decision and mapper provided no Karaka candidates.
train-s37,छोटी झील में एक मछली के आकार का एक्वेरियम है ।,है,cop,,,none,unsupported,,no_decision,none,,,no_decision,Verifier returned no_decision and mapper provided no Karaka candidates.
train-s37,छोटी झील में एक मछली के आकार का एक्वेरियम है ।,।,punct,,,none,unsupported,,no_decision,none,,,no_decision,Verifier returned no_decision and mapper provided no Karaka candidates.
train-s38,कैसे पहुँचे?,कैसे,obl,,Adhikaraṇa|Apādāna|Karaṇa,low,context_dependent,,no_decision,none,,Adhikaraṇa|Apādāna|Karaṇa,mapping_hypothesis,"obl is context-dependent; the Karaka role depends on postposition and verb semantics, not deprel alone."
train-s38,कैसे पहुँचे?,पहुँचे,root,,,high,no_karaka,,no_decision,none,,,no_decision,Verifier returned no_decision and mapper provided no Karaka candidates.
train-s38,कैसे पहुँचे?,?,punct,,,none,unsupported,,no_decision,none,,,no_decision,Verifier returned no_decision and mapper provided no Karaka candidates.
train-s39,"दिल्ली ग्वालियर, इंदौर और मुंबई से भोपाल के लिए नियमित विमान सेवा है ।",दिल्ली,nmod,से,,none,unsupported,,no_decision,none,,,no_decision,Verifier returned no_decision and mapper provided no Karaka candidates.
train-s39,"दिल्ली ग्वालियर, इंदौर और मुंबई से भोपाल के लिए नियमित विमान सेवा है ।",ग्वालियर,conj,,,none,unsupported,,no_decision,none,,,no_decision,Verifier returned no_decision and mapper provided no Karaka candidates.
train-s39,"दिल्ली ग्वालियर, इंदौर और मुंबई से भोपाल के लिए नियमित विमान सेवा है ।",",",punct,,,none,unsupported,,no_decision,none,,,no_decision,Verifier returned no_decision and mapper provided no Karaka candidates.
train-s39,"दिल्ली ग्वालियर, इंदौर और मुंबई से भोपाल के लिए नियमित विमान सेवा है ।",इंदौर,conj,,,none,unsupported,,no_decision,none,,,no_decision,Verifier returned no_decision and mapper provided no Karaka candidates.
train-s39,"दिल्ली ग्वालियर, इंदौर और मुंबई से भोपाल के लिए नियमित विमान सेवा है ।",और,cc,,,none,unsupported,,no_decision,none,,,no_decision,Verifier returned no_decision and mapper provided no Karaka candidates.
train-s39,"दिल्ली ग्वालियर, इंदौर और मुंबई से भोपाल के लिए नियमित विमान सेवा है ।",मुंबई,conj,,,none,unsupported,,no_decision,none,,,no_decision,Verifier returned no_decision and mapper provided no Karaka candidates.
train-s39,"दिल्ली ग्वालियर, इंदौर और मुंबई से भोपाल के लिए नियमित विमान सेवा है ।",से,case,,,high,evidence_only,,no_decision,none,,,no_decision,Verifier returned no_decision and mapper provided no Karaka candidates.
train-s39,"दिल्ली ग्वालियर, इंदौर और मुंबई से भोपाल के लिए नियमित विमान सेवा है ।",भोपाल,nmod,के,,none,unsupported,,no_decision,none,,,no_decision,Verifier returned no_decision and mapper provided no Karaka candidates.
train-s39,"दिल्ली ग्वालियर, इंदौर और मुंबई से भोपाल के लिए नियमित विमान सेवा है ।",के,case,,,high,evidence_only,,no_decision,none,,,no_decision,Verifier returned no_decision and mapper provided no Karaka candidates.
train-s39,"दिल्ली ग्वालियर, इंदौर और मुंबई से भोपाल के लिए नियमित विमान सेवा है ।",लिए,case,,,high,evidence_only,,no_decision,none,,,no_decision,Verifier returned no_decision and mapper provided no Karaka candidates.
train-s39,"दिल्ली ग्वालियर, इंदौर और मुंबई से भोपाल के लिए नियमित विमान सेवा है ।",नियमित,amod,,,none,unsupported,,no_decision,none,,,no_decision,Verifier returned no_decision and mapper provided no Karaka candidates.
train-s39,"दिल्ली ग्वालियर, इंदौर और मुंबई से भोपाल के लिए नियमित विमान सेवा है ।",विमान,compound,,,none,unsupported,,no_decision,none,,,no_decision,Verifier returned no_decision and mapper provided no Karaka candidates.
train-s39,"दिल्ली ग्वालियर, इंदौर और मुंबई से भोपाल के लिए नियमित विमान सेवा है ।",सेवा,root,,,high,no_karaka,,no_decision,none,,,no_decision,Verifier returned no_decision and mapper provided no Karaka candidates.
train-s39,"दिल्ली ग्वालियर, इंदौर और मुंबई से भोपाल के लिए नियमित विमान सेवा है ।",है,cop,,,none,unsupported,,no_decision,none,,,no_decision,Verifier returned no_decision and mapper provided no Karaka candidates.
train-s39,"दिल्ली ग्वालियर, इंदौर और मुंबई से भोपाल के लिए नियमित विमान सेवा है ।",।,punct,,,none,unsupported,,no_decision,none,,,no_decision,Verifier returned no_decision and mapper provided no Karaka candidates.
train-s40,"भोपाल, दिल्ली - मद्रास मेन लाइन पर है ।",भोपाल,nsubj,,Kartā,low-medium,mapped,,no_decision,none,,Kartā,mapping_hypothesis,nsubj is a grammatical subject; it may correspond to Kartā but is not always a semantic agent.
train-s40,"भोपाल, दिल्ली - मद्रास मेन लाइन पर है ।",",",punct,,,none,unsupported,,no_decision,none,,,no_decision,Verifier returned no_decision and mapper provided no Karaka candidates.
train-s40,"भोपाल, दिल्ली - मद्रास मेन लाइन पर है ।",दिल्ली,nmod,,,none,unsupported,,no_decision,none,,,no_decision,Verifier returned no_decision and mapper provided no Karaka candidates.
train-s40,"भोपाल, दिल्ली - मद्रास मेन लाइन पर है ।",-,punct,,,none,unsupported,,no_decision,none,,,no_decision,Verifier returned no_decision and mapper provided no Karaka candidates.
train-s40,"भोपाल, दिल्ली - मद्रास मेन लाइन पर है ।",मद्रास,nmod,,,none,unsupported,,no_decision,none,,,no_decision,Verifier returned no_decision and mapper provided no Karaka candidates.
train-s40,"भोपाल, दिल्ली - मद्रास मेन लाइन पर है ।",मेन,compound,,,none,unsupported,,no_decision,none,,,no_decision,Verifier returned no_decision and mapper provided no Karaka candidates.
train-s40,"भोपाल, दिल्ली - मद्रास मेन लाइन पर है ।",लाइन,root,पर,,high,no_karaka,,no_decision,none,,,no_decision,Verifier returned no_decision and mapper provided no Karaka candidates.
train-s40,"भोपाल, दिल्ली - मद्रास मेन लाइन पर है ।",पर,case,,,high,evidence_only,,no_decision,none,,,no_decision,Verifier returned no_decision and mapper provided no Karaka candidates.
train-s40,"भोपाल, दिल्ली - मद्रास मेन लाइन पर है ।",है,cop,,,none,unsupported,,no_decision,none,,,no_decision,Verifier returned no_decision and mapper provided no Karaka candidates.
train-s40,"भोपाल, दिल्ली - मद्रास मेन लाइन पर है ।",।,punct,,,none,unsupported,,no_decision,none,,,no_decision,Verifier returned no_decision and mapper provided no Karaka candidates.
train-s41,मुंबई से इटारसी और झाँसी के रास्ते दिल्ली जाने वाली मुख्य गाड़ियाँ भोपाल होकर जाती हैं ।,मुंबई,obl,से,Adhikaraṇa|Apādāna|Karaṇa,low,context_dependent,Karaṇa|Apādāna,ambiguous,low-medium,R4,Karaṇa|Apādāna,ambiguous,obl with से postposition — instrument (Karaṇa) or source (Apādāna); cannot disambiguate in v1.
train-s41,मुंबई से इटारसी और झाँसी के रास्ते दिल्ली जाने वाली मुख्य गाड़ियाँ भोपाल होकर जाती हैं ।,से,case,,,high,evidence_only,,no_decision,none,,,no_decision,Verifier returned no_decision and mapper provided no Karaka candidates.
train-s41,मुंबई से इटारसी और झाँसी के रास्ते दिल्ली जाने वाली मुख्य गाड़ियाँ भोपाल होकर जाती हैं ।,इटारसी,nmod,के,,none,unsupported,,no_decision,none,,,no_decision,Verifier returned no_decision and mapper provided no Karaka candidates.
train-s41,मुंबई से इटारसी और झाँसी के रास्ते दिल्ली जाने वाली मुख्य गाड़ियाँ भोपाल होकर जाती हैं ।,और,cc,,,none,unsupported,,no_decision,none,,,no_decision,Verifier returned no_decision and mapper provided no Karaka candidates.
train-s41,मुंबई से इटारसी और झाँसी के रास्ते दिल्ली जाने वाली मुख्य गाड़ियाँ भोपाल होकर जाती हैं ।,झाँसी,conj,,,none,unsupported,,no_decision,none,,,no_decision,Verifier returned no_decision and mapper provided no Karaka candidates.
train-s41,मुंबई से इटारसी और झाँसी के रास्ते दिल्ली जाने वाली मुख्य गाड़ियाँ भोपाल होकर जाती हैं ।,के,case,,,high,evidence_only,,no_decision,none,,,no_decision,Verifier returned no_decision and mapper provided no Karaka candidates.
train-s41,मुंबई से इटारसी और झाँसी के रास्ते दिल्ली जाने वाली मुख्य गाड़ियाँ भोपाल होकर जाती हैं ।,रास्ते,obl,,Adhikaraṇa|Apādāna|Karaṇa,low,context_dependent,,no_decision,none,,Adhikaraṇa|Apādāna|Karaṇa,mapping_hypothesis,"obl is context-dependent; the Karaka role depends on postposition and verb semantics, not deprel alone."
train-s41,मुंबई से इटारसी और झाँसी के रास्ते दिल्ली जाने वाली मुख्य गाड़ियाँ भोपाल होकर जाती हैं ।,दिल्ली,obl,,Adhikaraṇa|Apādāna|Karaṇa,low,context_dependent,,no_decision,none,,Adhikaraṇa|Apādāna|Karaṇa,mapping_hypothesis,"obl is context-dependent; the Karaka role depends on postposition and verb semantics, not deprel alone."
train-s41,मुंबई से इटारसी और झाँसी के रास्ते दिल्ली जाने वाली मुख्य गाड़ियाँ भोपाल होकर जाती हैं ।,जाने,amod,,,none,unsupported,,no_decision,none,,,no_decision,Verifier returned no_decision and mapper provided no Karaka candidates.
train-s41,मुंबई से इटारसी और झाँसी के रास्ते दिल्ली जाने वाली मुख्य गाड़ियाँ भोपाल होकर जाती हैं ।,वाली,compound,,,none,unsupported,,no_decision,none,,,no_decision,Verifier returned no_decision and mapper provided no Karaka candidates.
train-s41,मुंबई से इटारसी और झाँसी के रास्ते दिल्ली जाने वाली मुख्य गाड़ियाँ भोपाल होकर जाती हैं ।,मुख्य,amod,,,none,unsupported,,no_decision,none,,,no_decision,Verifier returned no_decision and mapper provided no Karaka candidates.
train-s41,मुंबई से इटारसी और झाँसी के रास्ते दिल्ली जाने वाली मुख्य गाड़ियाँ भोपाल होकर जाती हैं ।,गाड़ियाँ,nsubj,,Kartā,low-medium,mapped,,no_decision,none,,Kartā,mapping_hypothesis,nsubj is a grammatical subject; it may correspond to Kartā but is not always a semantic agent.
train-s41,मुंबई से इटारसी और झाँसी के रास्ते दिल्ली जाने वाली मुख्य गाड़ियाँ भोपाल होकर जाती हैं ।,भोपाल,obl,,Adhikaraṇa|Apādāna|Karaṇa,low,context_dependent,,no_decision,none,,Adhikaraṇa|Apādāna|Karaṇa,mapping_hypothesis,"obl is context-dependent; the Karaka role depends on postposition and verb semantics, not deprel alone."
train-s41,मुंबई से इटारसी और झाँसी के रास्ते दिल्ली जाने वाली मुख्य गाड़ियाँ भोपाल होकर जाती हैं ।,होकर,advcl,,,none,unsupported,,no_decision,none,,,no_decision,Verifier returned no_decision and mapper provided no Karaka candidates.
train-s41,मुंबई से इटारसी और झाँसी के रास्ते दिल्ली जाने वाली मुख्य गाड़ियाँ भोपाल होकर जाती हैं ।,जाती,root,,,high,no_karaka,,no_decision,none,,,no_decision,Verifier returned no_decision and mapper provided no Karaka candidates.
train-s41,मुंबई से इटारसी और झाँसी के रास्ते दिल्ली जाने वाली मुख्य गाड़ियाँ भोपाल होकर जाती हैं ।,हैं,aux,,,none,unsupported,,no_decision,none,,,no_decision,Verifier returned no_decision and mapper provided no Karaka candidates.
train-s41,मुंबई से इटारसी और झाँसी के रास्ते दिल्ली जाने वाली मुख्य गाड़ियाँ भोपाल होकर जाती हैं ।,।,punct,,,none,unsupported,,no_decision,none,,,no_decision,Verifier returned no_decision and mapper provided no Karaka candidates.
train-s42,"भोपाल तथा इंदौर, मांडू, उज्जैन, खजुराहो, पचमढ़ी, ग्वालियर, साँची, जबलपुर और शिवपुरी के बीच नियमित बस सेवाएँ हैं ।",भोपाल,nmod,,,none,unsupported,,no_decision,none,,,no_decision,Verifier returned no_decision and mapper provided no Karaka candidates.
train-s42,"भोपाल तथा इंदौर, मांडू, उज्जैन, खजुराहो, पचमढ़ी, ग्वालियर, साँची, जबलपुर और शिवपुरी के बीच नियमित बस सेवाएँ हैं ।",तथा,cc,,,none,unsupported,,no_decision,none,,,no_decision,Verifier returned no_decision and mapper provided no Karaka candidates.
train-s42,"भोपाल तथा इंदौर, मांडू, उज्जैन, खजुराहो, पचमढ़ी, ग्वालियर, साँची, जबलपुर और शिवपुरी के बीच नियमित बस सेवाएँ हैं ।",इंदौर,conj,,,none,unsupported,,no_decision,none,,,no_decision,Verifier returned no_decision and mapper provided no Karaka candidates.
train-s42,"भोपाल तथा इंदौर, मांडू, उज्जैन, खजुराहो, पचमढ़ी, ग्वालियर, साँची, जबलपुर और शिवपुरी के बीच नियमित बस सेवाएँ हैं ।",",",punct,,,none,unsupported,,no_decision,none,,,no_decision,Verifier returned no_decision and mapper provided no Karaka candidates.
train-s42,"भोपाल तथा इंदौर, मांडू, उज्जैन, खजुराहो, पचमढ़ी, ग्वालियर, साँची, जबलपुर और शिवपुरी के बीच नियमित बस सेवाएँ हैं ।",मांडू,conj,,,none,unsupported,,no_decision,none,,,no_decision,Verifier returned no_decision and mapper provided no Karaka candidates.
train-s42,"भोपाल तथा इंदौर, मांडू, उज्जैन, खजुराहो, पचमढ़ी, ग्वालियर, साँची, जबलपुर और शिवपुरी के बीच नियमित बस सेवाएँ हैं ।",",",punct,,,none,unsupported,,no_decision,none,,,no_decision,Verifier returned no_decision and mapper provided no Karaka candidates.
train-s42,"भोपाल तथा इंदौर, मांडू, उज्जैन, खजुराहो, पचमढ़ी, ग्वालियर, साँची, जबलपुर और शिवपुरी के बीच नियमित बस सेवाएँ हैं ।",उज्जैन,conj,,,none,unsupported,,no_decision,none,,,no_decision,Verifier returned no_decision and mapper provided no Karaka candidates.
train-s42,"भोपाल तथा इंदौर, मांडू, उज्जैन, खजुराहो, पचमढ़ी, ग्वालियर, साँची, जबलपुर और शिवपुरी के बीच नियमित बस सेवाएँ हैं ।",",",punct,,,none,unsupported,,no_decision,none,,,no_decision,Verifier returned no_decision and mapper provided no Karaka candidates.
train-s42,"भोपाल तथा इंदौर, मांडू, उज्जैन, खजुराहो, पचमढ़ी, ग्वालियर, साँची, जबलपुर और शिवपुरी के बीच नियमित बस सेवाएँ हैं ।",खजुराहो,conj,,,none,unsupported,,no_decision,none,,,no_decision,Verifier returned no_decision and mapper provided no Karaka candidates.
train-s42,"भोपाल तथा इंदौर, मांडू, उज्जैन, खजुराहो, पचमढ़ी, ग्वालियर, साँची, जबलपुर और शिवपुरी के बीच नियमित बस सेवाएँ हैं ।",",",punct,,,none,unsupported,,no_decision,none,,,no_decision,Verifier returned no_decision and mapper provided no Karaka candidates.
train-s42,"भोपाल तथा इंदौर, मांडू, उज्जैन, खजुराहो, पचमढ़ी, ग्वालियर, साँची, जबलपुर और शिवपुरी के बीच नियमित बस सेवाएँ हैं ।",पचमढ़ी,conj,,,none,unsupported,,no_decision,none,,,no_decision,Verifier returned no_decision and mapper provided no Karaka candidates.
train-s42,"भोपाल तथा इंदौर, मांडू, उज्जैन, खजुराहो, पचमढ़ी, ग्वालियर, साँची, जबलपुर और शिवपुरी के बीच नियमित बस सेवाएँ हैं ।",",",punct,,,none,unsupported,,no_decision,none,,,no_decision,Verifier returned no_decision and mapper provided no Karaka candidates.
train-s42,"भोपाल तथा इंदौर, मांडू, उज्जैन, खजुराहो, पचमढ़ी, ग्वालियर, साँची, जबलपुर और शिवपुरी के बीच नियमित बस सेवाएँ हैं ।",ग्वालियर,conj,,,none,unsupported,,no_decision,none,,,no_decision,Verifier returned no_decision and mapper provided no Karaka candidates.
train-s42,"भोपाल तथा इंदौर, मांडू, उज्जैन, खजुराहो, पचमढ़ी, ग्वालियर, साँची, जबलपुर और शिवपुरी के बीच नियमित बस सेवाएँ हैं ।",",",punct,,,none,unsupported,,no_decision,none,,,no_decision,Verifier returned no_decision and mapper provided no Karaka candidates.
train-s42,"भोपाल तथा इंदौर, मांडू, उज्जैन, खजुराहो, पचमढ़ी, ग्वालियर, साँची, जबलपुर और शिवपुरी के बीच नियमित बस सेवाएँ हैं ।",साँची,conj,,,none,unsupported,,no_decision,none,,,no_decision,Verifier returned no_decision and mapper provided no Karaka candidates.
train-s42,"भोपाल तथा इंदौर, मांडू, उज्जैन, खजुराहो, पचमढ़ी, ग्वालियर, साँची, जबलपुर और शिवपुरी के बीच नियमित बस सेवाएँ हैं ।",",",punct,,,none,unsupported,,no_decision,none,,,no_decision,Verifier returned no_decision and mapper provided no Karaka candidates.
train-s42,"भोपाल तथा इंदौर, मांडू, उज्जैन, खजुराहो, पचमढ़ी, ग्वालियर, साँची, जबलपुर और शिवपुरी के बीच नियमित बस सेवाएँ हैं ।",जबलपुर,conj,,,none,unsupported,,no_decision,none,,,no_decision,Verifier returned no_decision and mapper provided no Karaka candidates.
train-s42,"भोपाल तथा इंदौर, मांडू, उज्जैन, खजुराहो, पचमढ़ी, ग्वालियर, साँची, जबलपुर और शिवपुरी के बीच नियमित बस सेवाएँ हैं ।",और,cc,,,none,unsupported,,no_decision,none,,,no_decision,Verifier returned no_decision and mapper provided no Karaka candidates.
train-s42,"भोपाल तथा इंदौर, मांडू, उज्जैन, खजुराहो, पचमढ़ी, ग्वालियर, साँची, जबलपुर और शिवपुरी के बीच नियमित बस सेवाएँ हैं ।",शिवपुरी,conj,के,,none,unsupported,,no_decision,none,,,no_decision,Verifier returned no_decision and mapper provided no Karaka candidates.
train-s42,"भोपाल तथा इंदौर, मांडू, उज्जैन, खजुराहो, पचमढ़ी, ग्वालियर, साँची, जबलपुर और शिवपुरी के बीच नियमित बस सेवाएँ हैं ।",के,case,,,high,evidence_only,,no_decision,none,,,no_decision,Verifier returned no_decision and mapper provided no Karaka candidates.
train-s42,"भोपाल तथा इंदौर, मांडू, उज्जैन, खजुराहो, पचमढ़ी, ग्वालियर, साँची, जबलपुर और शिवपुरी के बीच नियमित बस सेवाएँ हैं ।",बीच,case,,,high,evidence_only,,no_decision,none,,,no_decision,Verifier returned no_decision and mapper provided no Karaka candidates.
train-s42,"भोपाल तथा इंदौर, मांडू, उज्जैन, खजुराहो, पचमढ़ी, ग्वालियर, साँची, जबलपुर और शिवपुरी के बीच नियमित बस सेवाएँ हैं ।",नियमित,amod,,,none,unsupported,,no_decision,none,,,no_decision,Verifier returned no_decision and mapper provided no Karaka candidates.
train-s42,"भोपाल तथा इंदौर, मांडू, उज्जैन, खजुराहो, पचमढ़ी, ग्वालियर, साँची, जबलपुर और शिवपुरी के बीच नियमित बस सेवाएँ हैं ।",बस,compound,,,none,unsupported,,no_decision,none,,,no_decision,Verifier returned no_decision and mapper provided no Karaka candidates.
train-s42,"भोपाल तथा इंदौर, मांडू, उज्जैन, खजुराहो, पचमढ़ी, ग्वालियर, साँची, जबलपुर और शिवपुरी के बीच नियमित बस सेवाएँ हैं ।",सेवाएँ,root,,,high,no_karaka,,no_decision,none,,,no_decision,Verifier returned no_decision and mapper provided no Karaka candidates.
train-s42,"भोपाल तथा इंदौर, मांडू, उज्जैन, खजुराहो, पचमढ़ी, ग्वालियर, साँची, जबलपुर और शिवपुरी के बीच नियमित बस सेवाएँ हैं ।",हैं,cop,,,none,unsupported,,no_decision,none,,,no_decision,Verifier returned no_decision and mapper provided no Karaka candidates.
train-s42,"भोपाल तथा इंदौर, मांडू, उज्जैन, खजुराहो, पचमढ़ी, ग्वालियर, साँची, जबलपुर और शिवपुरी के बीच नियमित बस सेवाएँ हैं ।",।,punct,,,none,unsupported,,no_decision,none,,,no_decision,Verifier returned no_decision and mapper provided no Karaka candidates.
train-s43,ठहरने के लिए - मध्यप्रदेश पर्यटन विकास निगम के होटल तथा निजी होटल हैं ।,ठहरने,advcl,,,none,unsupported,,no_decision,none,,,no_decision,Verifier returned no_decision and mapper provided no Karaka candidates.
train-s43,ठहरने के लिए - मध्यप्रदेश पर्यटन विकास निगम के होटल तथा निजी होटल हैं ।,के,mark,,,none,unsupported,,no_decision,none,,,no_decision,Verifier returned no_decision and mapper provided no Karaka candidates.
train-s43,ठहरने के लिए - मध्यप्रदेश पर्यटन विकास निगम के होटल तथा निजी होटल हैं ।,लिए,mark,,,none,unsupported,,no_decision,none,,,no_decision,Verifier returned no_decision and mapper provided no Karaka candidates.
train-s43,ठहरने के लिए - मध्यप्रदेश पर्यटन विकास निगम के होटल तथा निजी होटल हैं ।,-,punct,,,none,unsupported,,no_decision,none,,,no_decision,Verifier returned no_decision and mapper provided no Karaka candidates.
train-s43,ठहरने के लिए - मध्यप्रदेश पर्यटन विकास निगम के होटल तथा निजी होटल हैं ।,मध्यप्रदेश,compound,,,none,unsupported,,no_decision,none,,,no_decision,Verifier returned no_decision and mapper provided no Karaka candidates.
train-s43,ठहरने के लिए - मध्यप्रदेश पर्यटन विकास निगम के होटल तथा निजी होटल हैं ।,पर्यटन,compound,,,none,unsupported,,no_decision,none,,,no_decision,Verifier returned no_decision and mapper provided no Karaka candidates.
train-s43,ठहरने के लिए - मध्यप्रदेश पर्यटन विकास निगम के होटल तथा निजी होटल हैं ।,विकास,compound,,,none,unsupported,,no_decision,none,,,no_decision,Verifier returned no_decision and mapper provided no Karaka candidates.
train-s43,ठहरने के लिए - मध्यप्रदेश पर्यटन विकास निगम के होटल तथा निजी होटल हैं ।,निगम,nmod,के,,none,unsupported,,no_decision,none,,,no_decision,Verifier returned no_decision and mapper provided no Karaka candidates.
train-s43,ठहरने के लिए - मध्यप्रदेश पर्यटन विकास निगम के होटल तथा निजी होटल हैं ।,के,case,,,high,evidence_only,,no_decision,none,,,no_decision,Verifier returned no_decision and mapper provided no Karaka candidates.
train-s43,ठहरने के लिए - मध्यप्रदेश पर्यटन विकास निगम के होटल तथा निजी होटल हैं ।,होटल,nsubj,,Kartā,low-medium,mapped,,no_decision,none,,Kartā,mapping_hypothesis,nsubj is a grammatical subject; it may correspond to Kartā but is not always a semantic agent.
train-s43,ठहरने के लिए - मध्यप्रदेश पर्यटन विकास निगम के होटल तथा निजी होटल हैं ।,तथा,cc,,,none,unsupported,,no_decision,none,,,no_decision,Verifier returned no_decision and mapper provided no Karaka candidates.
train-s43,ठहरने के लिए - मध्यप्रदेश पर्यटन विकास निगम के होटल तथा निजी होटल हैं ।,निजी,amod,,,none,unsupported,,no_decision,none,,,no_decision,Verifier returned no_decision and mapper provided no Karaka candidates.
train-s43,ठहरने के लिए - मध्यप्रदेश पर्यटन विकास निगम के होटल तथा निजी होटल हैं ।,होटल,conj,,,none,unsupported,,no_decision,none,,,no_decision,Verifier returned no_decision and mapper provided no Karaka candidates.
train-s43,ठहरने के लिए - मध्यप्रदेश पर्यटन विकास निगम के होटल तथा निजी होटल हैं ।,हैं,root,,,high,no_karaka,,no_decision,none,,,no_decision,Verifier returned no_decision and mapper provided no Karaka candidates.
train-s43,ठहरने के लिए - मध्यप्रदेश पर्यटन विकास निगम के होटल तथा निजी होटल हैं ।,।,punct,,,none,unsupported,,no_decision,none,,,no_decision,Verifier returned no_decision and mapper provided no Karaka candidates.
train-s44,कब जाएँ?,कब,obl,,Adhikaraṇa|Apādāna|Karaṇa,low,context_dependent,,no_decision,none,,Adhikaraṇa|Apādāna|Karaṇa,mapping_hypothesis,"obl is context-dependent; the Karaka role depends on postposition and verb semantics, not deprel alone."
train-s44,कब जाएँ?,जाएँ,root,,,high,no_karaka,,no_decision,none,,,no_decision,Verifier returned no_decision and mapper provided no Karaka candidates.
train-s44,कब जाएँ?,?,punct,,,none,unsupported,,no_decision,none,,,no_decision,Verifier returned no_decision and mapper provided no Karaka candidates.
train-s45,वर्ष में कभी भी आप यहाँ जा सकते हैं ।,वर्ष,obl,में,Adhikaraṇa|Apādāna|Karaṇa,low,context_dependent,Adhikaraṇa,confirmed,medium-high,R2,Adhikaraṇa,confirmed,obl with में postposition — locative/locus pattern for Adhikaraṇa.
train-s45,वर्ष में कभी भी आप यहाँ जा सकते हैं ।,में,case,,,high,evidence_only,,no_decision,none,,,no_decision,Verifier returned no_decision and mapper provided no Karaka candidates.
train-s45,वर्ष में कभी भी आप यहाँ जा सकते हैं ।,कभी,obl,,Adhikaraṇa|Apādāna|Karaṇa,low,context_dependent,,no_decision,none,,Adhikaraṇa|Apādāna|Karaṇa,mapping_hypothesis,"obl is context-dependent; the Karaka role depends on postposition and verb semantics, not deprel alone."
train-s45,वर्ष में कभी भी आप यहाँ जा सकते हैं ।,भी,dep,,,none,unsupported,,no_decision,none,,,no_decision,Verifier returned no_decision and mapper provided no Karaka candidates.
train-s45,वर्ष में कभी भी आप यहाँ जा सकते हैं ।,आप,nsubj,,Kartā,low-medium,mapped,,no_decision,none,,Kartā,mapping_hypothesis,nsubj is a grammatical subject; it may correspond to Kartā but is not always a semantic agent.
train-s45,वर्ष में कभी भी आप यहाँ जा सकते हैं ।,यहाँ,obl,,Adhikaraṇa|Apādāna|Karaṇa,low,context_dependent,,no_decision,none,,Adhikaraṇa|Apādāna|Karaṇa,mapping_hypothesis,"obl is context-dependent; the Karaka role depends on postposition and verb semantics, not deprel alone."
train-s45,वर्ष में कभी भी आप यहाँ जा सकते हैं ।,जा,root,,,high,no_karaka,,no_decision,none,,,no_decision,Verifier returned no_decision and mapper provided no Karaka candidates.
train-s45,वर्ष में कभी भी आप यहाँ जा सकते हैं ।,सकते,aux,,,none,unsupported,,no_decision,none,,,no_decision,Verifier returned no_decision and mapper provided no Karaka candidates.
train-s45,वर्ष में कभी भी आप यहाँ जा सकते हैं ।,हैं,aux:pass,,,none,unsupported,,no_decision,none,,,no_decision,Verifier returned no_decision and mapper provided no Karaka candidates.
train-s45,वर्ष में कभी भी आप यहाँ जा सकते हैं ।,।,punct,,,none,unsupported,,no_decision,none,,,no_decision,Verifier returned no_decision and mapper provided no Karaka candidates.
train-s46,"ओरछा का वैभव पत्थरों में जैसे कैद हो गया है, समय यहाँ ठहरा हुआ लगता है और हम चले जाते हैं बरसों बरस पीछे, मध्यकाल के एक शहर में.",ओरछा,nmod,का,,none,unsupported,,no_decision,none,,,no_decision,Verifier returned no_decision and mapper provided no Karaka candidates.
train-s46,"ओरछा का वैभव पत्थरों में जैसे कैद हो गया है, समय यहाँ ठहरा हुआ लगता है और हम चले जाते हैं बरसों बरस पीछे, मध्यकाल के एक शहर में.",का,case,,,high,evidence_only,,no_decision,none,,,no_decision,Verifier returned no_decision and mapper provided no Karaka candidates.
train-s46,"ओरछा का वैभव पत्थरों में जैसे कैद हो गया है, समय यहाँ ठहरा हुआ लगता है और हम चले जाते हैं बरसों बरस पीछे, मध्यकाल के एक शहर में.",वैभव,nsubj,,Kartā,low-medium,mapped,,no_decision,none,,Kartā,mapping_hypothesis,nsubj is a grammatical subject; it may correspond to Kartā but is not always a semantic agent.
train-s46,"ओरछा का वैभव पत्थरों में जैसे कैद हो गया है, समय यहाँ ठहरा हुआ लगता है और हम चले जाते हैं बरसों बरस पीछे, मध्यकाल के एक शहर में.",पत्थरों,obl,में,Adhikaraṇa|Apādāna|Karaṇa,low,context_dependent,Adhikaraṇa,confirmed,medium-high,R2,Adhikaraṇa,confirmed,obl with में postposition — locative/locus pattern for Adhikaraṇa.
train-s46,"ओरछा का वैभव पत्थरों में जैसे कैद हो गया है, समय यहाँ ठहरा हुआ लगता है और हम चले जाते हैं बरसों बरस पीछे, मध्यकाल के एक शहर में.",में,case,,,high,evidence_only,,no_decision,none,,,no_decision,Verifier returned no_decision and mapper provided no Karaka candidates.
train-s46,"ओरछा का वैभव पत्थरों में जैसे कैद हो गया है, समय यहाँ ठहरा हुआ लगता है और हम चले जाते हैं बरसों बरस पीछे, मध्यकाल के एक शहर में.",जैसे,dep,,,none,unsupported,,no_decision,none,,,no_decision,Verifier returned no_decision and mapper provided no Karaka candidates.
train-s46,"ओरछा का वैभव पत्थरों में जैसे कैद हो गया है, समय यहाँ ठहरा हुआ लगता है और हम चले जाते हैं बरसों बरस पीछे, मध्यकाल के एक शहर में.",कैद,compound,,,none,unsupported,,no_decision,none,,,no_decision,Verifier returned no_decision and mapper provided no Karaka candidates.
train-s46,"ओरछा का वैभव पत्थरों में जैसे कैद हो गया है, समय यहाँ ठहरा हुआ लगता है और हम चले जाते हैं बरसों बरस पीछे, मध्यकाल के एक शहर में.",हो,root,,,high,no_karaka,,no_decision,none,,,no_decision,Verifier returned no_decision and mapper provided no Karaka candidates.
train-s46,"ओरछा का वैभव पत्थरों में जैसे कैद हो गया है, समय यहाँ ठहरा हुआ लगता है और हम चले जाते हैं बरसों बरस पीछे, मध्यकाल के एक शहर में.",गया,aux,,,none,unsupported,,no_decision,none,,,no_decision,Verifier returned no_decision and mapper provided no Karaka candidates.
train-s46,"ओरछा का वैभव पत्थरों में जैसे कैद हो गया है, समय यहाँ ठहरा हुआ लगता है और हम चले जाते हैं बरसों बरस पीछे, मध्यकाल के एक शहर में.",है,aux:pass,,,none,unsupported,,no_decision,none,,,no_decision,Verifier returned no_decision and mapper provided no Karaka candidates.
train-s46,"ओरछा का वैभव पत्थरों में जैसे कैद हो गया है, समय यहाँ ठहरा हुआ लगता है और हम चले जाते हैं बरसों बरस पीछे, मध्यकाल के एक शहर में.",",",punct,,,none,unsupported,,no_decision,none,,,no_decision,Verifier returned no_decision and mapper provided no Karaka candidates.
train-s46,"ओरछा का वैभव पत्थरों में जैसे कैद हो गया है, समय यहाँ ठहरा हुआ लगता है और हम चले जाते हैं बरसों बरस पीछे, मध्यकाल के एक शहर में.",समय,nsubj,,Kartā,low-medium,mapped,,no_decision,none,,Kartā,mapping_hypothesis,nsubj is a grammatical subject; it may correspond to Kartā but is not always a semantic agent.
train-s46,"ओरछा का वैभव पत्थरों में जैसे कैद हो गया है, समय यहाँ ठहरा हुआ लगता है और हम चले जाते हैं बरसों बरस पीछे, मध्यकाल के एक शहर में.",यहाँ,obl,,Adhikaraṇa|Apādāna|Karaṇa,low,context_dependent,,no_decision,none,,Adhikaraṇa|Apādāna|Karaṇa,mapping_hypothesis,"obl is context-dependent; the Karaka role depends on postposition and verb semantics, not deprel alone."
train-s46,"ओरछा का वैभव पत्थरों में जैसे कैद हो गया है, समय यहाँ ठहरा हुआ लगता है और हम चले जाते हैं बरसों बरस पीछे, मध्यकाल के एक शहर में.",ठहरा,advcl,,,none,unsupported,,no_decision,none,,,no_decision,Verifier returned no_decision and mapper provided no Karaka candidates.
train-s46,"ओरछा का वैभव पत्थरों में जैसे कैद हो गया है, समय यहाँ ठहरा हुआ लगता है और हम चले जाते हैं बरसों बरस पीछे, मध्यकाल के एक शहर में.",हुआ,aux,,,none,unsupported,,no_decision,none,,,no_decision,Verifier returned no_decision and mapper provided no Karaka candidates.
train-s46,"ओरछा का वैभव पत्थरों में जैसे कैद हो गया है, समय यहाँ ठहरा हुआ लगता है और हम चले जाते हैं बरसों बरस पीछे, मध्यकाल के एक शहर में.",लगता,conj,,,none,unsupported,,no_decision,none,,,no_decision,Verifier returned no_decision and mapper provided no Karaka candidates.
train-s46,"ओरछा का वैभव पत्थरों में जैसे कैद हो गया है, समय यहाँ ठहरा हुआ लगता है और हम चले जाते हैं बरसों बरस पीछे, मध्यकाल के एक शहर में.",है,aux,,,none,unsupported,,no_decision,none,,,no_decision,Verifier returned no_decision and mapper provided no Karaka candidates.
train-s46,"ओरछा का वैभव पत्थरों में जैसे कैद हो गया है, समय यहाँ ठहरा हुआ लगता है और हम चले जाते हैं बरसों बरस पीछे, मध्यकाल के एक शहर में.",और,cc,,,none,unsupported,,no_decision,none,,,no_decision,Verifier returned no_decision and mapper provided no Karaka candidates.
train-s46,"ओरछा का वैभव पत्थरों में जैसे कैद हो गया है, समय यहाँ ठहरा हुआ लगता है और हम चले जाते हैं बरसों बरस पीछे, मध्यकाल के एक शहर में.",हम,nsubj:pass,,,none,unsupported,,no_decision,none,,,no_decision,Verifier returned no_decision and mapper provided no Karaka candidates.
train-s46,"ओरछा का वैभव पत्थरों में जैसे कैद हो गया है, समय यहाँ ठहरा हुआ लगता है और हम चले जाते हैं बरसों बरस पीछे, मध्यकाल के एक शहर में.",चले,conj,,,none,unsupported,,no_decision,none,,,no_decision,Verifier returned no_decision and mapper provided no Karaka candidates.
train-s46,"ओरछा का वैभव पत्थरों में जैसे कैद हो गया है, समय यहाँ ठहरा हुआ लगता है और हम चले जाते हैं बरसों बरस पीछे, मध्यकाल के एक शहर में.",जाते,aux:pass,,,none,unsupported,,no_decision,none,,,no_decision,Verifier returned no_decision and mapper provided no Karaka candidates.
train-s46,"ओरछा का वैभव पत्थरों में जैसे कैद हो गया है, समय यहाँ ठहरा हुआ लगता है और हम चले जाते हैं बरसों बरस पीछे, मध्यकाल के एक शहर में.",हैं,aux:pass,,,none,unsupported,,no_decision,none,,,no_decision,Verifier returned no_decision and mapper provided no Karaka candidates.
train-s46,"ओरछा का वैभव पत्थरों में जैसे कैद हो गया है, समय यहाँ ठहरा हुआ लगता है और हम चले जाते हैं बरसों बरस पीछे, मध्यकाल के एक शहर में.",बरसों,compound,,,none,unsupported,,no_decision,none,,,no_decision,Verifier returned no_decision and mapper provided no Karaka candidates.
train-s46,"ओरछा का वैभव पत्थरों में जैसे कैद हो गया है, समय यहाँ ठहरा हुआ लगता है और हम चले जाते हैं बरसों बरस पीछे, मध्यकाल के एक शहर में.",बरस,obl,पीछे,Adhikaraṇa|Apādāna|Karaṇa,low,context_dependent,,no_decision,none,,Adhikaraṇa|Apādāna|Karaṇa,mapping_hypothesis,"obl is context-dependent; the Karaka role depends on postposition and verb semantics, not deprel alone."
train-s46,"ओरछा का वैभव पत्थरों में जैसे कैद हो गया है, समय यहाँ ठहरा हुआ लगता है और हम चले जाते हैं बरसों बरस पीछे, मध्यकाल के एक शहर में.",पीछे,case,,,high,evidence_only,,no_decision,none,,,no_decision,Verifier returned no_decision and mapper provided no Karaka candidates.
train-s46,"ओरछा का वैभव पत्थरों में जैसे कैद हो गया है, समय यहाँ ठहरा हुआ लगता है और हम चले जाते हैं बरसों बरस पीछे, मध्यकाल के एक शहर में.",",",punct,,,none,unsupported,,no_decision,none,,,no_decision,Verifier returned no_decision and mapper provided no Karaka candidates.
train-s46,"ओरछा का वैभव पत्थरों में जैसे कैद हो गया है, समय यहाँ ठहरा हुआ लगता है और हम चले जाते हैं बरसों बरस पीछे, मध्यकाल के एक शहर में.",मध्यकाल,nmod,के,,none,unsupported,,no_decision,none,,,no_decision,Verifier returned no_decision and mapper provided no Karaka candidates.
train-s46,"ओरछा का वैभव पत्थरों में जैसे कैद हो गया है, समय यहाँ ठहरा हुआ लगता है और हम चले जाते हैं बरसों बरस पीछे, मध्यकाल के एक शहर में.",के,case,,,high,evidence_only,,no_decision,none,,,no_decision,Verifier returned no_decision and mapper provided no Karaka candidates.
train-s46,"ओरछा का वैभव पत्थरों में जैसे कैद हो गया है, समय यहाँ ठहरा हुआ लगता है और हम चले जाते हैं बरसों बरस पीछे, मध्यकाल के एक शहर में.",एक,nummod,,,none,unsupported,,no_decision,none,,,no_decision,Verifier returned no_decision and mapper provided no Karaka candidates.
train-s46,"ओरछा का वैभव पत्थरों में जैसे कैद हो गया है, समय यहाँ ठहरा हुआ लगता है और हम चले जाते हैं बरसों बरस पीछे, मध्यकाल के एक शहर में.",शहर,obl,में,Adhikaraṇa|Apādāna|Karaṇa,low,context_dependent,Adhikaraṇa,confirmed,medium-high,R2,Adhikaraṇa,confirmed,obl with में postposition — locative/locus pattern for Adhikaraṇa.
train-s46,"ओरछा का वैभव पत्थरों में जैसे कैद हो गया है, समय यहाँ ठहरा हुआ लगता है और हम चले जाते हैं बरसों बरस पीछे, मध्यकाल के एक शहर में.",में,case,,,high,evidence_only,,no_decision,none,,,no_decision,Verifier returned no_decision and mapper provided no Karaka candidates.
train-s46,"ओरछा का वैभव पत्थरों में जैसे कैद हो गया है, समय यहाँ ठहरा हुआ लगता है और हम चले जाते हैं बरसों बरस पीछे, मध्यकाल के एक शहर में.",.,punct,,,none,unsupported,,no_decision,none,,,no_decision,Verifier returned no_decision and mapper provided no Karaka candidates.
train-s47,जहाँ के मंदिरों और महलों की चमक को समय की धुंध भी धुँधला नहीं सकी है.,जहाँ,nmod,के,,none,unsupported,,no_decision,none,,,no_decision,Verifier returned no_decision and mapper provided no Karaka candidates.
train-s47,जहाँ के मंदिरों और महलों की चमक को समय की धुंध भी धुँधला नहीं सकी है.,के,case,,,high,evidence_only,,no_decision,none,,,no_decision,Verifier returned no_decision and mapper provided no Karaka candidates.
train-s47,जहाँ के मंदिरों और महलों की चमक को समय की धुंध भी धुँधला नहीं सकी है.,मंदिरों,nmod,की,,none,unsupported,,no_decision,none,,,no_decision,Verifier returned no_decision and mapper provided no Karaka candidates.
train-s47,जहाँ के मंदिरों और महलों की चमक को समय की धुंध भी धुँधला नहीं सकी है.,और,cc,,,none,unsupported,,no_decision,none,,,no_decision,Verifier returned no_decision and mapper provided no Karaka candidates.
train-s47,जहाँ के मंदिरों और महलों की चमक को समय की धुंध भी धुँधला नहीं सकी है.,महलों,conj,,,none,unsupported,,no_decision,none,,,no_decision,Verifier returned no_decision and mapper provided no Karaka candidates.
train-s47,जहाँ के मंदिरों और महलों की चमक को समय की धुंध भी धुँधला नहीं सकी है.,की,case,,,high,evidence_only,,no_decision,none,,,no_decision,Verifier returned no_decision and mapper provided no Karaka candidates.
train-s47,जहाँ के मंदिरों और महलों की चमक को समय की धुंध भी धुँधला नहीं सकी है.,चमक,obj,को,Karma,medium,mapped,Karma|Sampradāna,ambiguous,low-medium,R5,Karma|Sampradāna,ambiguous,obj/iobj with को postposition — patient (Karma) or recipient (Sampradāna); cannot disambiguate in v1.
train-s47,जहाँ के मंदिरों और महलों की चमक को समय की धुंध भी धुँधला नहीं सकी है.,को,case,,,high,evidence_only,,no_decision,none,,,no_decision,Verifier returned no_decision and mapper provided no Karaka candidates.
train-s47,जहाँ के मंदिरों और महलों की चमक को समय की धुंध भी धुँधला नहीं सकी है.,समय,nmod,की,,none,unsupported,,no_decision,none,,,no_decision,Verifier returned no_decision and mapper provided no Karaka candidates.
train-s47,जहाँ के मंदिरों और महलों की चमक को समय की धुंध भी धुँधला नहीं सकी है.,की,case,,,high,evidence_only,,no_decision,none,,,no_decision,Verifier returned no_decision and mapper provided no Karaka candidates.
train-s47,जहाँ के मंदिरों और महलों की चमक को समय की धुंध भी धुँधला नहीं सकी है.,धुंध,nsubj,,Kartā,low-medium,mapped,,no_decision,none,,Kartā,mapping_hypothesis,nsubj is a grammatical subject; it may correspond to Kartā but is not always a semantic agent.
train-s47,जहाँ के मंदिरों और महलों की चमक को समय की धुंध भी धुँधला नहीं सकी है.,भी,dep,,,none,unsupported,,no_decision,none,,,no_decision,Verifier returned no_decision and mapper provided no Karaka candidates.
train-s47,जहाँ के मंदिरों और महलों की चमक को समय की धुंध भी धुँधला नहीं सकी है.,धुँधला,root,,,high,no_karaka,,no_decision,none,,,no_decision,Verifier returned no_decision and mapper provided no Karaka candidates.
train-s47,जहाँ के मंदिरों और महलों की चमक को समय की धुंध भी धुँधला नहीं सकी है.,नहीं,advmod,,,none,unsupported,,no_decision,none,,,no_decision,Verifier returned no_decision and mapper provided no Karaka candidates.
train-s47,जहाँ के मंदिरों और महलों की चमक को समय की धुंध भी धुँधला नहीं सकी है.,सकी,aux,,,none,unsupported,,no_decision,none,,,no_decision,Verifier returned no_decision and mapper provided no Karaka candidates.
train-s47,जहाँ के मंदिरों और महलों की चमक को समय की धुंध भी धुँधला नहीं सकी है.,है,aux:pass,,,none,unsupported,,no_decision,none,,,no_decision,Verifier returned no_decision and mapper provided no Karaka candidates.
train-s47,जहाँ के मंदिरों और महलों की चमक को समय की धुंध भी धुँधला नहीं सकी है.,.,punct,,,none,unsupported,,no_decision,none,,,no_decision,Verifier returned no_decision and mapper provided no Karaka candidates.
train-s48,16 से 17वीं शताब्दी में बुंदेला शासकों द्वारा बनवाई गई ये इमारतें प्राचीन वैभव को बयाँ करती हैं ।,16,nmod,से,,none,unsupported,,no_decision,none,,,no_decision,Verifier returned no_decision and mapper provided no Karaka candidates.
train-s48,16 से 17वीं शताब्दी में बुंदेला शासकों द्वारा बनवाई गई ये इमारतें प्राचीन वैभव को बयाँ करती हैं ।,से,case,,,high,evidence_only,,no_decision,none,,,no_decision,Verifier returned no_decision and mapper provided no Karaka candidates.
train-s48,16 से 17वीं शताब्दी में बुंदेला शासकों द्वारा बनवाई गई ये इमारतें प्राचीन वैभव को बयाँ करती हैं ।,17वीं,compound,,,none,unsupported,,no_decision,none,,,no_decision,Verifier returned no_decision and mapper provided no Karaka candidates.
train-s48,16 से 17वीं शताब्दी में बुंदेला शासकों द्वारा बनवाई गई ये इमारतें प्राचीन वैभव को बयाँ करती हैं ।,शताब्दी,obl,में,Adhikaraṇa|Apādāna|Karaṇa,low,context_dependent,Adhikaraṇa,confirmed,medium-high,R2,Adhikaraṇa,confirmed,obl with में postposition — locative/locus pattern for Adhikaraṇa.
train-s48,16 से 17वीं शताब्दी में बुंदेला शासकों द्वारा बनवाई गई ये इमारतें प्राचीन वैभव को बयाँ करती हैं ।,में,case,,,high,evidence_only,,no_decision,none,,,no_decision,Verifier returned no_decision and mapper provided no Karaka candidates.
train-s48,16 से 17वीं शताब्दी में बुंदेला शासकों द्वारा बनवाई गई ये इमारतें प्राचीन वैभव को बयाँ करती हैं ।,बुंदेला,nmod,,,none,unsupported,,no_decision,none,,,no_decision,Verifier returned no_decision and mapper provided no Karaka candidates.
train-s48,16 से 17वीं शताब्दी में बुंदेला शासकों द्वारा बनवाई गई ये इमारतें प्राचीन वैभव को बयाँ करती हैं ।,शासकों,nsubj:pass,द्वारा,,none,unsupported,,no_decision,none,,,no_decision,Verifier returned no_decision and mapper provided no Karaka candidates.
train-s48,16 से 17वीं शताब्दी में बुंदेला शासकों द्वारा बनवाई गई ये इमारतें प्राचीन वैभव को बयाँ करती हैं ।,द्वारा,case,,,high,evidence_only,,no_decision,none,,,no_decision,Verifier returned no_decision and mapper provided no Karaka candidates.
train-s48,16 से 17वीं शताब्दी में बुंदेला शासकों द्वारा बनवाई गई ये इमारतें प्राचीन वैभव को बयाँ करती हैं ।,बनवाई,acl,,,none,unsupported,,no_decision,none,,,no_decision,Verifier returned no_decision and mapper provided no Karaka candidates.
train-s48,16 से 17वीं शताब्दी में बुंदेला शासकों द्वारा बनवाई गई ये इमारतें प्राचीन वैभव को बयाँ करती हैं ।,गई,aux:pass,,,none,unsupported,,no_decision,none,,,no_decision,Verifier returned no_decision and mapper provided no Karaka candidates.
train-s48,16 से 17वीं शताब्दी में बुंदेला शासकों द्वारा बनवाई गई ये इमारतें प्राचीन वैभव को बयाँ करती हैं ।,ये,det,,,none,unsupported,,no_decision,none,,,no_decision,Verifier returned no_decision and mapper provided no Karaka candidates.
train-s48,16 से 17वीं शताब्दी में बुंदेला शासकों द्वारा बनवाई गई ये इमारतें प्राचीन वैभव को बयाँ करती हैं ।,इमारतें,nsubj,,Kartā,low-medium,mapped,,no_decision,none,,Kartā,mapping_hypothesis,nsubj is a grammatical subject; it may correspond to Kartā but is not always a semantic agent.
train-s48,16 से 17वीं शताब्दी में बुंदेला शासकों द्वारा बनवाई गई ये इमारतें प्राचीन वैभव को बयाँ करती हैं ।,प्राचीन,amod,,,none,unsupported,,no_decision,none,,,no_decision,Verifier returned no_decision and mapper provided no Karaka candidates.
train-s48,16 से 17वीं शताब्दी में बुंदेला शासकों द्वारा बनवाई गई ये इमारतें प्राचीन वैभव को बयाँ करती हैं ।,वैभव,obj,को,Karma,medium,mapped,Karma|Sampradāna,ambiguous,low-medium,R5,Karma|Sampradāna,ambiguous,obj/iobj with को postposition — patient (Karma) or recipient (Sampradāna); cannot disambiguate in v1.
train-s48,16 से 17वीं शताब्दी में बुंदेला शासकों द्वारा बनवाई गई ये इमारतें प्राचीन वैभव को बयाँ करती हैं ।,को,case,,,high,evidence_only,,no_decision,none,,,no_decision,Verifier returned no_decision and mapper provided no Karaka candidates.
train-s48,16 से 17वीं शताब्दी में बुंदेला शासकों द्वारा बनवाई गई ये इमारतें प्राचीन वैभव को बयाँ करती हैं ।,बयाँ,compound,,,none,unsupported,,no_decision,none,,,no_decision,Verifier returned no_decision and mapper provided no Karaka candidates.
train-s48,16 से 17वीं शताब्दी में बुंदेला शासकों द्वारा बनवाई गई ये इमारतें प्राचीन वैभव को बयाँ करती हैं ।,करती,root,,,high,no_karaka,,no_decision,none,,,no_decision,Verifier returned no_decision and mapper provided no Karaka candidates.
train-s48,16 से 17वीं शताब्दी में बुंदेला शासकों द्वारा बनवाई गई ये इमारतें प्राचीन वैभव को बयाँ करती हैं ।,हैं,aux,,,none,unsupported,,no_decision,none,,,no_decision,Verifier returned no_decision and mapper provided no Karaka candidates.
train-s48,16 से 17वीं शताब्दी में बुंदेला शासकों द्वारा बनवाई गई ये इमारतें प्राचीन वैभव को बयाँ करती हैं ।,।,punct,,,none,unsupported,,no_decision,none,,,no_decision,Verifier returned no_decision and mapper provided no Karaka candidates.
train-s49,"ओरछा, 16वीं शताब्दी में बुंदेला राजपूत रुद्र प्रताप के द्वारा बसाया गया था ।",ओरछा,obj,,Karma,medium,mapped,,no_decision,none,,Karma,mapping_hypothesis,obj typically marks the direct object (patient) of the action.
train-s49,"ओरछा, 16वीं शताब्दी में बुंदेला राजपूत रुद्र प्रताप के द्वारा बसाया गया था ।",",",punct,,,none,unsupported,,no_decision,none,,,no_decision,Verifier returned no_decision and mapper provided no Karaka candidates.
train-s49,"ओरछा, 16वीं शताब्दी में बुंदेला राजपूत रुद्र प्रताप के द्वारा बसाया गया था ।",16वीं,compound,,,none,unsupported,,no_decision,none,,,no_decision,Verifier returned no_decision and mapper provided no Karaka candidates.
train-s49,"ओरछा, 16वीं शताब्दी में बुंदेला राजपूत रुद्र प्रताप के द्वारा बसाया गया था ।",शताब्दी,obl,में,Adhikaraṇa|Apādāna|Karaṇa,low,context_dependent,Adhikaraṇa,confirmed,medium-high,R2,Adhikaraṇa,confirmed,obl with में postposition — locative/locus pattern for Adhikaraṇa.
train-s49,"ओरछा, 16वीं शताब्दी में बुंदेला राजपूत रुद्र प्रताप के द्वारा बसाया गया था ।",में,case,,,high,evidence_only,,no_decision,none,,,no_decision,Verifier returned no_decision and mapper provided no Karaka candidates.
train-s49,"ओरछा, 16वीं शताब्दी में बुंदेला राजपूत रुद्र प्रताप के द्वारा बसाया गया था ।",बुंदेला,nmod,,,none,unsupported,,no_decision,none,,,no_decision,Verifier returned no_decision and mapper provided no Karaka candidates.
train-s49,"ओरछा, 16वीं शताब्दी में बुंदेला राजपूत रुद्र प्रताप के द्वारा बसाया गया था ।",राजपूत,nmod,,,none,unsupported,,no_decision,none,,,no_decision,Verifier returned no_decision and mapper provided no Karaka candidates.
train-s49,"ओरछा, 16वीं शताब्दी में बुंदेला राजपूत रुद्र प्रताप के द्वारा बसाया गया था ।",रुद्र,compound,,,none,unsupported,,no_decision,none,,,no_decision,Verifier returned no_decision and mapper provided no Karaka candidates.
train-s49,"ओरछा, 16वीं शताब्दी में बुंदेला राजपूत रुद्र प्रताप के द्वारा बसाया गया था ।",प्रताप,nsubj:pass,के,,none,unsupported,,no_decision,none,,,no_decision,Verifier returned no_decision and mapper provided no Karaka candidates.
train-s49,"ओरछा, 16वीं शताब्दी में बुंदेला राजपूत रुद्र प्रताप के द्वारा बसाया गया था ।",के,case,,,high,evidence_only,,no_decision,none,,,no_decision,Verifier returned no_decision and mapper provided no Karaka candidates.
train-s49,"ओरछा, 16वीं शताब्दी में बुंदेला राजपूत रुद्र प्रताप के द्वारा बसाया गया था ।",द्वारा,case,,,high,evidence_only,,no_decision,none,,,no_decision,Verifier returned no_decision and mapper provided no Karaka candidates.
train-s49,"ओरछा, 16वीं शताब्दी में बुंदेला राजपूत रुद्र प्रताप के द्वारा बसाया गया था ।",बसाया,root,,,high,no_karaka,,no_decision,none,,,no_decision,Verifier returned no_decision and mapper provided no Karaka candidates.
train-s49,"ओरछा, 16वीं शताब्दी में बुंदेला राजपूत रुद्र प्रताप के द्वारा बसाया गया था ।",गया,aux:pass,,,none,unsupported,,no_decision,none,,,no_decision,Verifier returned no_decision and mapper provided no Karaka candidates.
train-s49,"ओरछा, 16वीं शताब्दी में बुंदेला राजपूत रुद्र प्रताप के द्वारा बसाया गया था ।",था,aux:pass,,,none,unsupported,,no_decision,none,,,no_decision,Verifier returned no_decision and mapper provided no Karaka candidates.
train-s49,"ओरछा, 16वीं शताब्दी में बुंदेला राजपूत रुद्र प्रताप के द्वारा बसाया गया था ।",।,punct,,,none,unsupported,,no_decision,none,,,no_decision,Verifier returned no_decision and mapper provided no Karaka candidates.
train-s50,उनके आगे के राजाओं ने शानदार इमारतें और भवन बनवाकर इसकी शान में चार चाँद लगा दिए ।,उनके,nmod,आगे,,none,unsupported,,no_decision,none,,,no_decision,Verifier returned no_decision and mapper provided no Karaka candidates.
train-s50,उनके आगे के राजाओं ने शानदार इमारतें और भवन बनवाकर इसकी शान में चार चाँद लगा दिए ।,आगे,case,,,high,evidence_only,,no_decision,none,,,no_decision,Verifier returned no_decision and mapper provided no Karaka candidates.
train-s50,उनके आगे के राजाओं ने शानदार इमारतें और भवन बनवाकर इसकी शान में चार चाँद लगा दिए ।,के,case,,,high,evidence_only,,no_decision,none,,,no_decision,Verifier returned no_decision and mapper provided no Karaka candidates.
train-s50,उनके आगे के राजाओं ने शानदार इमारतें और भवन बनवाकर इसकी शान में चार चाँद लगा दिए ।,राजाओं,nsubj,ने,Kartā,low-medium,mapped,Kartā,confirmed,high,R1,Kartā,confirmed,nsubj with ने postposition — strong agent/subject evidence for Kartā.
train-s50,उनके आगे के राजाओं ने शानदार इमारतें और भवन बनवाकर इसकी शान में चार चाँद लगा दिए ।,ने,case,,,high,evidence_only,,no_decision,none,,,no_decision,Verifier returned no_decision and mapper provided no Karaka candidates.
train-s50,उनके आगे के राजाओं ने शानदार इमारतें और भवन बनवाकर इसकी शान में चार चाँद लगा दिए ।,शानदार,amod,,,none,unsupported,,no_decision,none,,,no_decision,Verifier returned no_decision and mapper provided no Karaka candidates.
train-s50,उनके आगे के राजाओं ने शानदार इमारतें और भवन बनवाकर इसकी शान में चार चाँद लगा दिए ।,इमारतें,obj,,Karma,medium,mapped,,no_decision,none,,Karma,mapping_hypothesis,obj typically marks the direct object (patient) of the action.
train-s50,उनके आगे के राजाओं ने शानदार इमारतें और भवन बनवाकर इसकी शान में चार चाँद लगा दिए ।,और,cc,,,none,unsupported,,no_decision,none,,,no_decision,Verifier returned no_decision and mapper provided no Karaka candidates.
train-s50,उनके आगे के राजाओं ने शानदार इमारतें और भवन बनवाकर इसकी शान में चार चाँद लगा दिए ।,भवन,conj,,,none,unsupported,,no_decision,none,,,no_decision,Verifier returned no_decision and mapper provided no Karaka candidates.
train-s50,उनके आगे के राजाओं ने शानदार इमारतें और भवन बनवाकर इसकी शान में चार चाँद लगा दिए ।,बनवाकर,advcl,,,none,unsupported,,no_decision,none,,,no_decision,Verifier returned no_decision and mapper provided no Karaka candidates.
train-s50,उनके आगे के राजाओं ने शानदार इमारतें और भवन बनवाकर इसकी शान में चार चाँद लगा दिए ।,इसकी,nmod,,,none,unsupported,,no_decision,none,,,no_decision,Verifier returned no_decision and mapper provided no Karaka candidates.
train-s50,उनके आगे के राजाओं ने शानदार इमारतें और भवन बनवाकर इसकी शान में चार चाँद लगा दिए ।,शान,obl,में,Adhikaraṇa|Apādāna|Karaṇa,low,context_dependent,Adhikaraṇa,confirmed,medium-high,R2,Adhikaraṇa,confirmed,obl with में postposition — locative/locus pattern for Adhikaraṇa.
train-s50,उनके आगे के राजाओं ने शानदार इमारतें और भवन बनवाकर इसकी शान में चार चाँद लगा दिए ।,में,case,,,high,evidence_only,,no_decision,none,,,no_decision,Verifier returned no_decision and mapper provided no Karaka candidates.
train-s50,उनके आगे के राजाओं ने शानदार इमारतें और भवन बनवाकर इसकी शान में चार चाँद लगा दिए ।,चार,nummod,,,none,unsupported,,no_decision,none,,,no_decision,Verifier returned no_decision and mapper provided no Karaka candidates.
train-s50,उनके आगे के राजाओं ने शानदार इमारतें और भवन बनवाकर इसकी शान में चार चाँद लगा दिए ।,चाँद,compound,,,none,unsupported,,no_decision,none,,,no_decision,Verifier returned no_decision and mapper provided no Karaka candidates.
train-s50,उनके आगे के राजाओं ने शानदार इमारतें और भवन बनवाकर इसकी शान में चार चाँद लगा दिए ।,लगा,root,,,high,no_karaka,,no_decision,none,,,no_decision,Verifier returned no_decision and mapper provided no Karaka candidates.
train-s50,उनके आगे के राजाओं ने शानदार इमारतें और भवन बनवाकर इसकी शान में चार चाँद लगा दिए ।,दिए,compound,,,none,unsupported,,no_decision,none,,,no_decision,Verifier returned no_decision and mapper provided no Karaka candidates.
train-s50,उनके आगे के राजाओं ने शानदार इमारतें और भवन बनवाकर इसकी शान में चार चाँद लगा दिए ।,।,punct,,,none,unsupported,,no_decision,none,,,no_decision,Verifier returned no_decision and mapper provided no Karaka candidates.
