ud_split,ud_sent_id,ud_text,normalized_text
train,train-s1,यह एशिया की सबसे बड़ी मस्जिदों में से एक है ।,यह एशिया की सबसे बड़ी मस्जिदों में से एक है।
train,train-s7,शौकत महल के सामने बड़ी झील के किनारे स्थित वास्तुकला का यह खूबसूरत नमूना कुदसिया बेगम के काल का है जिन्हें गोहर बेगम भी कहा जाता था ।,शौकत महल के सामने बड़ी झील के किनारे स्थित वास्तुकला का यह खूबसूरत नमूना कुदसिया बेगम के काल का है जिन्हें गोहर बेगम भी कहा जाता था।
train,train-s15,यह एक अनूठा संग्रहालय है जो 200 एकड़ में श्यामला हिल्स पर बड़ी झील के सामने फैला है ।,यह एक अनूठा संग्रहालय है जो 200 एकड़ में श्यामला हिल्स पर बड़ी झील के सामने फैला है।
train,train-s17,और इस तरह से यह वस्तुओं और परंपराओं से जीवंत रूप से जुड़ा हुआ है ।,और इस तरह से यह वस्तुओं और परंपराओं से जीवंत रूप से जुड़ा हुआ है।
train,train-s24,यह संग्रहालय भी सोमवार को छोड़कर पूरे सप्ताह 9 बजे से 5 बजे तक खुला रहता है ।,यह संग्रहालय भी सोमवार को छोड़कर पूरे सप्ताह 9 बजे से 5 बजे तक खुला रहता है।
train,train-s25,बड़ी झील से लगी पहाड़ी पर यह सफारी उद्यान स्थित है ।,बड़ी झील से लगी पहाड़ी पर यह सफारी उद्यान स्थित है।
train,train-s28,यह मंगलवार को छोड़कर हर दिन सुबह 7 से 11 और 3 से 5 बजे शाम तक खुला रहता है ।,यह मंगलवार को छोड़कर हर दिन सुबह 7 से 11 और 3 से 5 बजे शाम तक खुला रहता है।
train,train-s31,यह सोमवार को छोड़कर हर दिन सुबह 10.30 से 6.30 तक खुला रहता है ।,यह सोमवार को छोड़कर हर दिन सुबह 10.30 से 6.30 तक खुला रहता है।
train,train-s34,"यहाँ आप चाँदी के आभूषण, बीडवर्क, कढ़ाई का काम और सीक्वन का काम खूबसूरत अंदाज में देख और खरीद सकते हैं ।","यहाँ आप चाँदी के आभूषण, बीडवर्क, कढ़ाई का काम और सीक्वन का काम खूबसूरत अंदाज में देख और खरीद सकते हैं।"
train,train-s35,बड़ी झील छोटी झील से एक ओवरब्रिज से अलग होती है ।,बड़ी झील छोटी झील से एक ओवरब्रिज से अलग होती है।
train,train-s36,म.प्र. पर्यटन बोट क्लब बड़ी झील में नौकायन भी करवाता है ।,म.प्र. पर्यटन बोट क्लब बड़ी झील में नौकायन भी करवाता है।
train,train-s41,मुंबई से इटारसी और झाँसी के रास्ते दिल्ली जाने वाली मुख्य गाड़ियाँ भोपाल होकर जाती हैं ।,मुंबई से इटारसी और झाँसी के रास्ते दिल्ली जाने वाली मुख्य गाड़ियाँ भोपाल होकर जाती हैं।
train,train-s42,"भोपाल तथा इंदौर, मांडू, उज्जैन, खजुराहो, पचमढ़ी, ग्वालियर, साँची, जबलपुर और शिवपुरी के बीच नियमित बस सेवाएँ हैं ।","भोपाल तथा इंदौर, मांडू, उज्जैन, खजुराहो, पचमढ़ी, ग्वालियर, साँची, जबलपुर और शिवपुरी के बीच नियमित बस सेवाएँ हैं।"
train,train-s59,संभवतः यह सुल्तान गयासुद्दीन खिलजी ने बड़े हरम के रूप में बनवाया था.,संभवतः यह सुल्तान गयासुद्दीन खिलजी ने बड़े हरम के रूप में बनवाया था.
train,train-s67,यह अफगानी कला का बेजोड़ उदाहरण है.,यह अफगानी कला का बेजोड़ उदाहरण है.
train,train-s74,इस भव्य इमारत से बाज बहादुर के महल और निमाड़ के मैदान में बह रही नर्मदा नदी के दर्शन किए जा सकते हैं ।,इस भव्य इमारत से बाज बहादुर के महल और निमाड़ के मैदान में बह रही नर्मदा नदी के दर्शन किए जा सकते हैं।
train,train-s76,यहाँ शिवजी का मंदिर है जिसमें जाने के लिए अंदर सीढ़ी उतरकर जाना पड़ता है ।,यहाँ शिवजी का मंदिर है जिसमें जाने के लिए अंदर सीढ़ी उतरकर जाना पड़ता है।
train,train-s78,ऊपर पेड़ों से घिरे तालाब से एक धार नीचे शिवजी का अभिषेक करती जाती है ।,ऊपर पेड़ों से घिरे तालाब से एक धार नीचे शिवजी का अभिषेक करती जाती है।
train,train-s82,यहाँ ईको पॉइंट पर पर्यटकों की भीड़ लगी ही रहती है ।,यहाँ ईको पॉइंट पर पर्यटकों की भीड़ लगी ही रहती है।
train,train-s85,"99 किमी. पर इंदौर हवाई अड्डा सबसे निकट है जो मुंबई, दिल्ली और भोपाल से जुड़ा है ।","99 किमी. पर इंदौर हवाई अड्डा सबसे निकट है जो मुंबई, दिल्ली और भोपाल से जुड़ा है।"
train,train-s91,ऊँची पहाड़ी पर पहले आबादी से भरपूर मजबूत रणथम्भौर किला था जिसे हथियाने के लिए एक शासक ने तलहटी में एक साल तक घेरा डाले रखा था ।,ऊँची पहाड़ी पर पहले आबादी से भरपूर मजबूत रणथम्भौर किला था जिसे हथियाने के लिए एक शासक ने तलहटी में एक साल तक घेरा डाले रखा था।
train,train-s92,कई युद्ध झेल चुका और कितने ही राजा और नवाबों के उत्कर्ष और पतन का साक्षी रहा रणथम्भौर किला समुद्र की सतह से 401 मीटर ऊँची पहाड़ी पर बना है ।,कई युद्ध झेल चुका और कितने ही राजा और नवाबों के उत्कर्ष और पतन का साक्षी रहा रणथम्भौर किला समुद्र की सतह से 401 मीटर ऊँची पहाड़ी पर बना है।
train,train-s94,"यहाँ बाघ के अलावा तेंदुआ, हिरण, चीतल, नीलगाय, जंगली सूअर और कई तरह के पक्षी बड़ी संख्या में हैं ।","यहाँ बाघ के अलावा तेंदुआ, हिरण, चीतल, नीलगाय, जंगली सूअर और कई तरह के पक्षी बड़ी संख्या में हैं।"
train,train-s95,किले और उद्यान तक पहुँचने के लिए सिंहद्वार तक एक ही सड़क है ।,किले और उद्यान तक पहुँचने के लिए सिंहद्वार तक एक ही सड़क है।
train,train-s102,सन् 1282 में चौहान वंशीय राजा हमीर यहाँ सत्तारूढ़ थे ।,सन् 1282 में चौहान वंशीय राजा हमीर यहाँ सत्तारूढ़ थे।
train,train-s116,महारानी एलिज़ाबेथ द्वितीय और एडेनबर्ग के ड्यूक के अलावा पूर्व प्रधानमंत्री राजीव गाँधी भी उद्यान में बाघ देखने आ चुके हैं ।,महारानी एलिज़ाबेथ द्वितीय और एडेनबर्ग के ड्यूक के अलावा पूर्व प्रधानमंत्री राजीव गाँधी भी उद्यान में बाघ देखने आ चुके हैं।
train,train-s121,"पिछले पन्द्रह वर्षों से इस क्षेत्र में वाहन चला रहे भानु प्रताप सिंह ने बताया कि पर्यटकों की संख्या निरंतर बढ़ रही है, लेकिन बाघ कभी कभार ही दिखता है ।","पिछले पन्द्रह वर्षों से इस क्षेत्र में वाहन चला रहे भानु प्रताप सिंह ने बताया कि पर्यटकों की संख्या निरंतर बढ़ रही है, लेकिन बाघ कभी कभार ही दिखता है।"
train,train-s126,तो वहीँ दूसरी तरफ सुंदर वादियाँ हैं जो सुंदर फूलों और रंगीन पत्तियों वाले पेड़ों से ढकी रहती हैं ।,तो वहीँ दूसरी तरफ सुंदर वादियाँ हैं जो सुंदर फूलों और रंगीन पत्तियों वाले पेड़ों से ढकी रहती हैं।
train,train-s127,यूँ तो आपने यश चोपड़ा की फिल्मों में इस खूबसूरत देश के कई नयनाभिराम दृश्य देखे होंगे ।,यूँ तो आपने यश चोपड़ा की फिल्मों में इस खूबसूरत देश के कई नयनाभिराम दृश्य देखे होंगे।
train,train-s133,यदि आपके पास थोड़ा सा वक्त और हौसला हो तो सूर्योदय के समय यहाँ की पहाड़ियों पर चहल - कदमी करना बेहद सुखद लगता है ।,यदि आपके पास थोड़ा सा वक्त और हौसला हो तो सूर्योदय के समय यहाँ की पहाड़ियों पर चहल-कदमी करना बेहद सुखद लगता है।
train,train-s134,यदि पैदल नहीं जा सकते तो यहाँ से एक ट्रेन सीधी पहाड़ी के ऊपर जाती है ।,यदि पैदल नहीं जा सकते तो यहाँ से एक ट्रेन सीधी पहाड़ी के ऊपर जाती है।
train,train-s136,और पहाड़ी के ऊपर से सुंदर स्विट्जरलैंड का नजारा लीजिए ।,और पहाड़ी के ऊपर से सुंदर स्विट्जरलैंड का नजारा लीजिए।
train,train-s161,इस मौसम की सुहानी सुबह में आपको फ्रेंच लोग पिस्त्रो में कॉफी और 'लोफ ब्रेड' का आनंद उठाते नजर आएंगे ।,इस मौसम की सुहानी सुबह में आपको फ्रेंच लोग पिस्त्रो में कॉफी और 'लोफ ब्रेड' का आनंद उठाते नजर आएंगे।
train,train-s216,यहाँ के मैजिकल कासल में 'विश कम ट्रू' नामक 12 मिनट की खूबसूरत फिल्म दिखाई जाती है ।,यहाँ के मैजिकल कासल में 'विश कम ट्रू' नामक 12 मिनट की खूबसूरत फिल्म दिखाई जाती है।
train,train-s252,यह शहर कई खूबसूरत नहरों से जुड़ा है ।,यह शहर कई खूबसूरत नहरों से जुड़ा है।
train,train-s257,यहाँ यूरोप का सबसे पुराना जू 'आरटिस जूर' है ।,यहाँ यूरोप का सबसे पुराना जू 'आरटिस जूर' है।
train,train-s262,जहाँ युवतियाँ निर्वस्त्र खड़ी रहकर ग्राहकों को आकर्षित करती हैं ।,जहाँ युवतियाँ निर्वस्त्र खड़ी रहकर ग्राहकों को आकर्षित करती हैं।
train,train-s263,इन खिड़कियों पर चार घंटे खड़े रहने के एवज में इन्हें खासा टैक्स चुकाना पड़ता है ।,इन खिड़कियों पर चार घंटे खड़े रहने के एवज में इन्हें खासा टैक्स चुकाना पड़ता है।
train,train-s270,मेरीटाइम म्यूजियम में आप अतीत के बड़े - बड़े जहाज देख सकते हैं ।,मेरीटाइम म्यूजियम में आप अतीत के बड़े-बड़े जहाज देख सकते हैं।
train,train-s271,इस म्यूजियम में समुद्री यात्राओं से जुड़ी कई यादें संभालकर रखी गई हैं ।,इस म्यूजियम में समुद्री यात्राओं से जुड़ी कई यादें संभालकर रखी गई हैं।
train,train-s274,इस जगह को देखकर आपको बरबस 'सिलसिला' फिल्म का गाना 'देखा एक ख्वाब तो सिलसिले हुए...' की याद आ जाएगी ।,इस जगह को देखकर आपको बरबस 'सिलसिला' फिल्म का गाना 'देखा एक ख्वाब तो सिलसिले हुए...' की याद आ जाएगी।
train,train-s277,यूँ भी नीदरलैंड दुनिया का सबसे बड़ा फूल उत्पादक और विक्रेता देश है ।,यूँ भी नीदरलैंड दुनिया का सबसे बड़ा फूल उत्पादक और विक्रेता देश है।
train,train-s279,यहाँ अनगढ़ हीरों को बेहद खूबसूरती के साथ तराशा जाता है ।,यहाँ अनगढ़ हीरों को बेहद खूबसूरती के साथ तराशा जाता है।
train,train-s281,बाँधवगढ़ के अंदर बना प्राचीन किला भी देखने योग्य है.,बाँधवगढ़ के अंदर बना प्राचीन किला भी देखने योग्य है.
train,train-s289,बाँधवगढ़ जाने का सही मौसम फरवरी से जून माह तक है.,बाँधवगढ़ जाने का सही मौसम फरवरी से जून माह तक है.
train,train-s293,"आप प्लेन, रेल या सड़क मार्ग, जिससे चाहे जा सकते हैं.","आप प्लेन, रेल या सड़क मार्ग, जिससे चाहे जा सकते हैं."
train,train-s298,यहाँ फॉरेस्ट के होटल में दो से तीन हजार रुपए में बढ़िया एयरकूल्ड और एसी रूम उपलब्ध हैं.,यहाँ फॉरेस्ट के होटल में दो से तीन हजार रुपए में बढ़िया एयरकूल्ड और एसी रूम उपलब्ध हैं.
train,train-s302,बजट इस बात पर निर्भर करता है कि आप यात्रा के किस साधन का इस्तेमाल कर रहे हैं और वह बाँधवगढ़ से कितना दूर हैं.,बजट इस बात पर निर्भर करता है कि आप यात्रा के किस साधन का इस्तेमाल कर रहे हैं और वह बाँधवगढ़ से कितना दूर हैं.
train,train-s310,यह किला राजपूती स्थापत्य कला का बेजोड़ नमूना है.,यह किला राजपूती स्थापत्य कला का बेजोड़ नमूना है.
train,train-s311,पुराने समय के खूबसूरत और बड़े भवनों को हवेलियों के नाम से पहचाना जाता था.,पुराने समय के खूबसूरत और बड़े भवनों को हवेलियों के नाम से पहचाना जाता था.
train,train-s314,"इन हवेलियों की खासियत इनके नक्काशीदार खिड़की - दरवाजे, छज्जे और चौड़े परिसर हैं.","इन हवेलियों की खासियत इनके नक्काशीदार खिड़की-दरवाजे, छज्जे और चौड़े परिसर हैं."
train,train-s341,उत्तरप्रदेश का तीसरा बड़ा जिला आगरा ऐतिहासिक दृष्टि से काफी महत्वपूर्ण है.,उत्तरप्रदेश का तीसरा बड़ा जिला आगरा ऐतिहासिक दृष्टि से काफी महत्वपूर्ण है.
train,train-s351,दूधिया चाँदनी में नहाए ताजमहल को देखने के बाद खूबसूरती की सारी उपमाएँ फीकी पड़ जाती हैं.,दूधिया चाँदनी में नहाए ताजमहल को देखने के बाद खूबसूरती की सारी उपमाएँ फीकी पड़ जाती हैं.
train,train-s359,लाल पत्थरों से निर्मित इस इमारत को स्थापत्य कला का बेजोड़ नमूना कहा जा सकता है.,लाल पत्थरों से निर्मित इस इमारत को स्थापत्य कला का बेजोड़ नमूना कहा जा सकता है.
train,train-s364,"जो लोग आगरा शहर में निर्मित स्थापत्य की बेजोड़ कलाओं को देखने आते हैं, वे एक बार फतेहपुर सीकरी का रुख जरूर करते हैं.","जो लोग आगरा शहर में निर्मित स्थापत्य की बेजोड़ कलाओं को देखने आते हैं, वे एक बार फतेहपुर सीकरी का रुख जरूर करते हैं."
train,train-s365,"आगरा से लगभग 35 किलोमीटर दूर स्थित इस स्थान को मुगल सम्राट अकबर ने अपनी राजधानी बनाया था, अतः यहाँ कई बड़ी - बड़ी इमारतें बनी हुई हैं.","आगरा से लगभग 35 किलोमीटर दूर स्थित इस स्थान को मुगल सम्राट अकबर ने अपनी राजधानी बनाया था, अतः यहाँ कई बड़ी-बड़ी इमारतें बनी हुई हैं."
train,train-s370,ताजमहल की तरह ही इसके गुंबद भी बड़ी ही खूबसूरती से तराशे गए हैं.,ताजमहल की तरह ही इसके गुंबद भी बड़ी ही खूबसूरती से तराशे गए हैं.
train,train-s371,मेहताब बाग 'ताजमहल' के पास ही बना हुआ है.,मेहताब बाग 'ताजमहल' के पास ही बना हुआ है.
train,train-s374,एक खूबसूरत छोटी पहाड़ी पर स्थित इन स्मारकों में वि‍भिन्न स्तूपों के अलावा गुप्तकालीन मंदिर और विहार आदि शामिल है.,एक खूबसूरत छोटी पहाड़ी पर स्थित इन स्मारकों में वि‍भिन्न स्तूपों के अलावा गुप्तकालीन मंदिर और विहार आदि शामिल है.
train,train-s382,स्तूप क्रमांक दो पहाड़ी के शिखर पर स्थित है और यह पत्थर की सुंदर चारदीवारी से घिरा हुआ है.,स्तूप क्रमांक दो पहाड़ी के शिखर पर स्थित है और यह पत्थर की सुंदर चारदीवारी से घिरा हुआ है.
train,train-s394,साँची में एक ही चट्टान को काटकर बनाया गया एक बड़ा कटोरा है ।,साँची में एक ही चट्टान को काटकर बनाया गया एक बड़ा कटोरा है।
train,train-s396,पहाड़ी के ठीक नीचे भारतीय पुरातत्व सर्वेक्षण विभाग द्वारा संग्रहालय की स्थापना की गई है ।,पहाड़ी के ठीक नीचे भारतीय पुरातत्व सर्वेक्षण विभाग द्वारा संग्रहालय की स्थापना की गई है।
train,train-s410,"यहाँ एक छोटा सा रेलवे स्टेशन भी है, परंतु नजदीकी बड़ा स्टेशन विदिशा 12 किमी दूर है ।","यहाँ एक छोटा सा रेलवे स्टेशन भी है, परंतु नजदीकी बड़ा स्टेशन विदिशा 12 किमी दूर है।"
train,train-s412,सड़क मार्ग द्वारा एक से डेढ़ घंटे में आसानी से पहुँचा जा सकता है ।,सड़क मार्ग द्वारा एक से डेढ़ घंटे में आसानी से पहुँचा जा सकता है।
train,train-s414,भोपाल हवाई मार्ग से भी देश के सभी बड़े शहरों से जुड़ा हुआ है ।,भोपाल हवाई मार्ग से भी देश के सभी बड़े शहरों से जुड़ा हुआ है।
train,train-s427,इसके अलावा बैठने की अच्छी व्यवस्था तथा पूजा करने के लिए भी काफी बड़े स्थान नजर आए ।,इसके अलावा बैठने की अच्छी व्यवस्था तथा पूजा करने के लिए भी काफी बड़े स्थान नजर आए।
train,train-s429,"कुआलालम्पुर में प्रतिवर्ष भारतीयों द्वारा बड़े पैमाने पर धार्मिक रैली का भी आयोजन किया जाता है, जिसमें भारतीय मूल के लोग भी भाग लेते हैं ।","कुआलालम्पुर में प्रतिवर्ष भारतीयों द्वारा बड़े पैमाने पर धार्मिक रैली का भी आयोजन किया जाता है, जिसमें भारतीय मूल के लोग भी भाग लेते हैं।"
train,train-s443,इसी बाउंड्रीवाल पर वहीदा रहमान का मशहूर गीत 'आज फिर जीने की तमन्‍ना है' फिल्‍माया गया है ।,इसी बाउंड्रीवाल पर वहीदा रहमान का मशहूर गीत 'आज फिर जीने की तमन्‍ना है' फिल्‍माया गया है।
train,train-s448,यानि कुछ लोगों को अपने घर का पता 'चित्‍तौड़ का किला' लिखने का सौभाग्‍य प्राप्‍त हो रहा है ।,यानि कुछ लोगों को अपने घर का पता 'चित्‍तौड़ का किला' लिखने का सौभाग्‍य प्राप्‍त हो रहा है।
train,train-s460,इस किले के नजदीक ही एक स्‍थान को 'जौहर स्‍थल' की संज्ञा दी गई है ।,इस किले के नजदीक ही एक स्‍थान को 'जौहर स्‍थल' की संज्ञा दी गई है।
train,train-s469,"चित्‍तौड़ के किले का एक और अविस्‍मरणीय पड़ाव है, मीरा का मंदिर ।","चित्‍तौड़ के किले का एक और अविस्‍मरणीय पड़ाव है, मीरा का मंदिर।"
train,train-s480,चित्तौड़ देश के सभी हिस्‍सों से सड़क व रेलमार्ग द्वारा जुड़ा है ।,चित्तौड़ देश के सभी हिस्‍सों से सड़क व रेलमार्ग द्वारा जुड़ा है।
train,train-s481,उदयपुर से केवल दो घंटे की सड़क यात्रा करके आप चित्तौड़ पहुँच सकते हैं ।,उदयपुर से केवल दो घंटे की सड़क यात्रा करके आप चित्तौड़ पहुँच सकते हैं।
train,train-s484,सितंबर से फरवरी माह के बीच चित्तौडगढ़ की सैर करना श्रेयस्‍कर होगा ।,सितंबर से फरवरी माह के बीच चित्तौडगढ़ की सैर करना श्रेयस्‍कर होगा।
train,train-s487,"चित्तौड़ एक छोटा, शांत और सस्‍ता शहर है ।","चित्तौड़ एक छोटा, शांत और सस्‍ता शहर है।"
train,train-s490,यमुना नदी के मंदिर के अतिरिक्‍त यहाँ का सबसे बड़ा आकर्षण है - सूर्यकुंड ।,यमुना नदी के मंदिर के अतिरिक्‍त यहाँ का सबसे बड़ा आकर्षण है-सूर्यकुंड।
train,train-s502,ऋषिकेश से 220 किमी का सड़क मार्ग तय करने के बाद फूलचट्टी नामक स्‍थान से यमनोत्री की चढ़ाई प्रारंभ होती है ।,ऋषिकेश से 220 किमी का सड़क मार्ग तय करने के बाद फूलचट्टी नामक स्‍थान से यमनोत्री की चढ़ाई प्रारंभ होती है।
train,train-s508,यमनोत्री की यात्रा पर जाने से पूर्व अपने साथ गर्म कपड़े अवश्‍य रखें ।,यमनोत्री की यात्रा पर जाने से पूर्व अपने साथ गर्म कपड़े अवश्‍य रखें।
train,train-s509,पैरों में डिजाइनर चप्‍पलों या सैंडल की बजाए स्‍पोर्टस शू पहनें तो चढ़ाई करने में आसानी रहेगी ।,पैरों में डिजाइनर चप्‍पलों या सैंडल की बजाए स्‍पोर्टस शू पहनें तो चढ़ाई करने में आसानी रहेगी।
train,train-s510,जब बहुत बड़ी संख्या में विद्युतकण 'इलेक्ट्रॉन' पृथ्वी की ओर बड़े वेग से चुंबकीय क्षेत्र से होकर निकलते हैं तो वातावरण की ऊपरी सतह पर रगड़ खाने से इसमें व्याप्त गैसें जलने लगती हैं और तरह - तरह के प्रकाश प्रकट होते हैं ।,जब बहुत बड़ी संख्या में विद्युतकण 'इलेक्ट्रॉन' पृथ्वी की ओर बड़े वेग से चुंबकीय क्षेत्र से होकर निकलते हैं तो वातावरण की ऊपरी सतह पर रगड़ खाने से इसमें व्याप्त गैसें जलने लगती हैं और तरह-तरह के प्रकाश प्रकट होते हैं।
train,train-s511,इसे 'अरोरा बोरेलिस' कहते हैं ।,इसे 'अरोरा बोरेलिस' कहते हैं।
train,train-s523,ट्राम्सो के पास ही ऊँचे पहाड़ों पर जाने के लिए यहाँ केबल कार चलती है जो 420 मीटर की ऊँचाई तक जाती है ।,ट्राम्सो के पास ही ऊँचे पहाड़ों पर जाने के लिए यहाँ केबल कार चलती है जो 420 मीटर की ऊँचाई तक जाती है।
train,train-s529,जोस्टेडल्सब्रीन ग्लेशियर उत्तरी योरप का सबसे बड़ा ग्लेशियर है ।,जोस्टेडल्सब्रीन ग्लेशियर उत्तरी योरप का सबसे बड़ा ग्लेशियर है।
train,train-s530,रात्रि भर चलने के पश्चात हम लोग अगले दिन अपने अंतिम पड़ाव बर्गन पहुँचे ।,रात्रि भर चलने के पश्चात हम लोग अगले दिन अपने अंतिम पड़ाव बर्गन पहुँचे।
train,train-s531,यह शहर सात पहाड़ों तथा अनेक फ्यूर्ड से घिरा है ।,यह शहर सात पहाड़ों तथा अनेक फ्यूर्ड से घिरा है।
train,train-s532,"यहाँ के ब्राइगन घाट पर लकड़ी के अनेक सुंदर मकान हैं, जो मध्यकालीन युग की याद दिलाते हैं ।","यहाँ के ब्राइगन घाट पर लकड़ी के अनेक सुंदर मकान हैं, जो मध्यकालीन युग की याद दिलाते हैं।"
train,train-s543,मंदिर के गर्भगृह में सात घोड़ों पर सवार सूर्यदेव की प्रतिमा है ।,मंदिर के गर्भगृह में सात घोड़ों पर सवार सूर्यदेव की प्रतिमा है।
train,train-s547,इस मंदिर की सबसे बड़ी खासियत यह है कि इसमें सहस्रमुखी शिवलिंग है ।,इस मंदिर की सबसे बड़ी खासियत यह है कि इसमें सहस्रमुखी शिवलिंग है।
train,train-s553,"यह 117 फुट लंबा, 117 फुट ऊँचा और 66 फुट चौड़ा है ।","यह 117 फुट लंबा, 117 फुट ऊँचा और 66 फुट चौड़ा है।"
train,train-s560,"कहते हैं, कि उस समय बच्‍चे गुरुकुल में पढ़ते थे ।","कहते हैं, कि उस समय बच्‍चे गुरुकुल में पढ़ते थे।"
train,train-s564,"मनुष्य की गरिमा के सम्मान, जिसका हमारे संविधान में उल्लेख है, के दर्शन यहाँ होते हैं जब पैदल चलने वालों को सड़क पार करने के लिए प्राथमिकता दी जाती है व महँगी कार में बैठा कोई बड़ा उद्योगपति अपनी कार रोके रखता है ।","मनुष्य की गरिमा के सम्मान, जिसका हमारे संविधान में उल्लेख है, के दर्शन यहाँ होते हैं जब पैदल चलने वालों को सड़क पार करने के लिए प्राथमिकता दी जाती है व महँगी कार में बैठा कोई बड़ा उद्योगपति अपनी कार रोके रखता है।"
train,train-s565,कम जगह व अधिक यातायात दबाव में संतुलन के लिए सड़कों के समानांतर दूसरी मंजिल पर रेल पटरी है तो कुछ स्थानों पर तीन मंजिला लोकल ट्रेन की पटरियाँ व प्लेटफार्म भी हैं ।,कम जगह व अधिक यातायात दबाव में संतुलन के लिए सड़कों के समानांतर दूसरी मंजिल पर रेल पटरी है तो कुछ स्थानों पर तीन मंजिला लोकल ट्रेन की पटरियाँ व प्लेटफार्म भी हैं।
train,train-s568,इस आजादी की लड़ाई में भारतीयों का भी महत्वपूर्ण योगदान था ।,इस आजादी की लड़ाई में भारतीयों का भी महत्वपूर्ण योगदान था।
train,train-s570,600 प्रजातियों व 8000 से ज्यादा पक्षियों के संग्रह के साथ जुरोंग बर्ड पार्क एशिया - प्रशांत क्षेत्र का सबसे बड़ा पक्षी पार्क है ।,600 प्रजातियों व 8000 से ज्यादा पक्षियों के संग्रह के साथ जुरोंग बर्ड पार्क एशिया-प्रशांत क्षेत्र का सबसे बड़ा पक्षी पार्क है।
train,train-s589,इस उत्सव को 'अंबूवकी अमीती' कहा जाता है ।,इस उत्सव को 'अंबूवकी अमीती' कहा जाता है।
train,train-s605,'वशिष्ठ आश्रम' गुवाहटी से मात्र 12 किलोमीटर दूरी पर स्थित है ।,'वशिष्ठ आश्रम' गुवाहटी से मात्र 12 किलोमीटर दूरी पर स्थित है।
train,train-s625,बृहस्पतिवार को पणज़ी में शुरू हुए ३६वें अंतर्राष्ट्रीय फिल्म महोत्सव के रंग में भंग उस समय पड़ा जब वहां पर तैनात सुरक्षाकर्मियों ने बॉलीवुड की अभिनेत्री बिपाशा बसु के साथ दुव्यर्वहार किया ।,बृहस्पतिवार को पणज़ी में शुरू हुए ३६वें अंतर्राष्ट्रीय फिल्म महोत्सव के रंग में भंग उस समय पड़ा जब वहां पर तैनात सुरक्षाकर्मियों ने बॉलीवुड की अभिनेत्री बिपाशा बसु के साथ दुव्यर्वहार किया।
train,train-s627,लेकिन अभिनेत्री के इस कदम से वहां रंग में भंग पड़ गया ।,लेकिन अभिनेत्री के इस कदम से वहां रंग में भंग पड़ गया।
train,train-s634,इसके पूर्व पणज़ी में रंगारंग कार्निवाल के ३६वें अंतर्राष्ट्रीय फिल्म समारोह का शुभारंभ बड़े ही धूमधाम से हुआ ।,इसके पूर्व पणज़ी में रंगारंग कार्निवाल के ३६वें अंतर्राष्ट्रीय फिल्म समारोह का शुभारंभ बड़े ही धूमधाम से हुआ।
train,train-s635,महोत्सव की सुरक्षा व्यवस्था को लेकर प्रशासन के द्वारा कड़े इंतजाम किए गये हैं और वह किसी भी तरह की कोताही नहीं बरतना चाहता ।,महोत्सव की सुरक्षा व्यवस्था को लेकर प्रशासन के द्वारा कड़े इंतजाम किए गये हैं और वह किसी भी तरह की कोताही नहीं बरतना चाहता।
train,train-s653,गौरतलब है कि राज्य में पंचायतों का गठन न होने के कारण केंद्र सरकार द्वारा पंचायतों को दिए जाने वाले प्रतिवर्ष ५ अरब के केंद्रीय अनुदान से भी झारखंड को हाथ धोना पड़ता है ।,गौरतलब है कि राज्य में पंचायतों का गठन न होने के कारण केंद्र सरकार द्वारा पंचायतों को दिए जाने वाले प्रतिवर्ष ५ अरब के केंद्रीय अनुदान से भी झारखंड को हाथ धोना पड़ता है।
train,train-s654,नोएडा से अपने मॉडलिंग का सफर शुरू करने वाली सोनल चौहान ने शनिवार को ३३ देशों की बालाओं को पछाड़ते हुए मिस टूरिज्म इंटरकान्टिनेंटल का खिताब हासिल किया ।,नोएडा से अपने मॉडलिंग का सफर शुरू करने वाली सोनल चौहान ने शनिवार को ३३ देशों की बालाओं को पछाड़ते हुए मिस टूरिज्म इंटरकान्टिनेंटल का खिताब हासिल किया।
train,train-s655,यह खिताब पाने वाली सोनल देश की पहली लड़की है ।,यह खिताब पाने वाली सोनल देश की पहली लड़की है।
train,train-s666,"लेकिन, उसकी दृढ़ इच्छा के आगे उन्हें झुकना पड़ा ।","लेकिन, उसकी दृढ़ इच्छा के आगे उन्हें झुकना पड़ा।"
train,train-s668,कई विज्ञापनों में मॉडलिंग कर चुकी सोनल ने बीती रात जब खुद फोन कर घर वालों को बताया कि उसे विजेता चुना गया है तो पूरे घर में खुशी की लहर दौड़ गई और पटाखे छोड़े गए ।,कई विज्ञापनों में मॉडलिंग कर चुकी सोनल ने बीती रात जब खुद फोन कर घर वालों को बताया कि उसे विजेता चुना गया है तो पूरे घर में खुशी की लहर दौड़ गई और पटाखे छोड़े गए।
train,train-s682,उन्हें विदा देने के लिए उनके करीमनगर जिले में स्थित वंगारा गांव से भी सैकड़ों ग्रामीण आए थे ।,उन्हें विदा देने के लिए उनके करीमनगर जिले में स्थित वंगारा गांव से भी सैकड़ों ग्रामीण आए थे।
train,train-s683,"इस मौके पर पूर्व प्रधानमंत्री एच. डी. देवगौड़ा, पूर्व उप प्रधानमंत्री लालकृष्ण आडवाणी, रक्षा मंत्री प्रणब मुखर्जी, वित्त मंत्री पी. चिदंबरम, कांग्रेस अध्यक्ष सोनिया गांधी के प्रतिनिधि मोतीलाल वोरा और अशोक गहलोत, आंध्र प्रदेश के राज्यपाल सुशील कुमार शिंदे, मुख्यमंत्री राजशेखर रेड्डी और तेलुगु देशम पार्टी के अध्यक्ष चंद्रबाबू नायडू भी उपस्थित थे ।","इस मौके पर पूर्व प्रधानमंत्री एच. डी. देवगौड़ा, पूर्व उप प्रधानमंत्री लालकृष्ण आडवाणी, रक्षा मंत्री प्रणब मुखर्जी, वित्त मंत्री पी. चिदंबरम, कांग्रेस अध्यक्ष सोनिया गांधी के प्रतिनिधि मोतीलाल वोरा और अशोक गहलोत, आंध्र प्रदेश के राज्यपाल सुशील कुमार शिंदे, मुख्यमंत्री राजशेखर रेड्डी और तेलुगु देशम पार्टी के अध्यक्ष चंद्रबाबू नायडू भी उपस्थित थे।"
train,train-s685,आंध्र प्रदेश सरकार ने शुक्रवार को हुसैन सागर झील के किनारे राव की अंत्येष्टि के लिए २.९ एकड़ जमीन को मंजूरी थी ।,आंध्र प्रदेश सरकार ने शुक्रवार को हुसैन सागर झील के किनारे राव की अंत्येष्टि के लिए २.९ एकड़ जमीन को मंजूरी थी।
train,train-s692,कांग्रेस और भाजपा को आड़े हाथों लेते हुए उन्होंने कहा कि इन दोनों पार्टियों ने लोगों का विश्वास खो दिया है ।,कांग्रेस और भाजपा को आड़े हाथों लेते हुए उन्होंने कहा कि इन दोनों पार्टियों ने लोगों का विश्वास खो दिया है।
train,train-s693,"इसके साथ ही उन्होंने कहा कि उत्तर प्रदेश सरकार प्रस्तावित ३७४० मेगावाट की गैस आधारित बिजली परियोजना पर रिलायंस के वाइस चेयरमैन अनिल अंबानी से बात करेगी, जिससे कि राज्य में अगले डेढ़ साल में बिजली की समस्या खत्म हो जाए और वह दूसरों को बिजली देने की स्थिति में पहुंच जाए ।","इसके साथ ही उन्होंने कहा कि उत्तर प्रदेश सरकार प्रस्तावित ३७४० मेगावाट की गैस आधारित बिजली परियोजना पर रिलायंस के वाइस चेयरमैन अनिल अंबानी से बात करेगी, जिससे कि राज्य में अगले डेढ़ साल में बिजली की समस्या खत्म हो जाए और वह दूसरों को बिजली देने की स्थिति में पहुंच जाए।"
train,train-s695,उन्होंने कहा कि सपा भाजपा के खिलाफ लड़ाई लड़ रही है और इसी का नतीजा है कि उत्तर प्रदेश में भगवा पार्टी के कई दिग्गज नेताओं को हार का सामना करना पड़ा है ।,उन्होंने कहा कि सपा भाजपा के खिलाफ लड़ाई लड़ रही है और इसी का नतीजा है कि उत्तर प्रदेश में भगवा पार्टी के कई दिग्गज नेताओं को हार का सामना करना पड़ा है।
train,train-s701,मुलायम ने कहा कि कर्नाटक में सपा बड़ी ताकत के रूप में उभरेगी ।,मुलायम ने कहा कि कर्नाटक में सपा बड़ी ताकत के रूप में उभरेगी।
train,train-s702,इसके साथ ही उन्होंने ऐलान किया कि हाल ही में भाजपा छोड़कर सपा में आए पूर्व मुख्यमंत्री एस. बंगरप्पा अगले विधानसभा चुनाव में पार्टी की ओर से मुख्यमंत्री पद के दावेदार होंगे ।,इसके साथ ही उन्होंने ऐलान किया कि हाल ही में भाजपा छोड़कर सपा में आए पूर्व मुख्यमंत्री एस. बंगरप्पा अगले विधानसभा चुनाव में पार्टी की ओर से मुख्यमंत्री पद के दावेदार होंगे।
train,train-s705,"देश की धार्मिक, सामाजिक और राजनीतिक समस्याओं के लिए आरएसएस के सरसंघचालक केसी सुदर्शन ने रविवार को स्थानीय मिनी स्टेडियम में आयोजित स्वयंसेवक सम्मेलन में गांधी, नेहरू और जिन्ना को कटघरे में खड़ा किया ।","देश की धार्मिक, सामाजिक और राजनीतिक समस्याओं के लिए आरएसएस के सरसंघचालक केसी सुदर्शन ने रविवार को स्थानीय मिनी स्टेडियम में आयोजित स्वयंसेवक सम्मेलन में गांधी, नेहरू और जिन्ना को कटघरे में खड़ा किया।"
train,train-s720,उन्होंने कहा कि बीस साल बाद फिर जिन्ना ने मुसलिम लीग के कार्यकर्ताओं को पाकिस्तान बनाने की मांग पर भड़काया ।,उन्होंने कहा कि बीस साल बाद फिर जिन्ना ने मुसलिम लीग के कार्यकर्ताओं को पाकिस्तान बनाने की मांग पर भड़काया।
train,train-s727,इसमें संघ की चार पीढ़ियों का योगदान रहा है ।,इसमें संघ की चार पीढ़ियों का योगदान रहा है।
train,train-s729,जनता पार्टी के नेताओं द्वारा १९७७ में आरएसएस से रिश्ते तोड़ने की शर्त पर इन नेताओं ने भाजपा का गठन किया ।,जनता पार्टी के नेताओं द्वारा १९७७ में आरएसएस से रिश्ते तोड़ने की शर्त पर इन नेताओं ने भाजपा का गठन किया।
train,train-s732,उन्होंने कार्यकर्ताओं से कहा कि विदेशियों के सांस्कृतिक आक्रमण के प्रति सचेत रहें और संघ के कार्य को आगे बढ़ाएं ।,उन्होंने कार्यकर्ताओं से कहा कि विदेशियों के सांस्कृतिक आक्रमण के प्रति सचेत रहें और संघ के कार्य को आगे बढ़ाएं।
train,train-s737,"उन्होंने कहा कि चारा घोटाले के अभियुक्त आर. के. राणा के पुत्र को टिकट देने का संकेत दिया गया है जबकि वास्तविक पार्टी कार्यकर्ताओं ने, जिन्होंने राजद को खड़ा किया है, उन्हें पार्टी टिकट देने से मना किया जा रहा है ।","उन्होंने कहा कि चारा घोटाले के अभियुक्त आर. के. राणा के पुत्र को टिकट देने का संकेत दिया गया है जबकि वास्तविक पार्टी कार्यकर्ताओं ने, जिन्होंने राजद को खड़ा किया है, उन्हें पार्टी टिकट देने से मना किया जा रहा है।"
train,train-s740,लालू की पत्नी पूर्व मुख्यमंत्री राबड़ी देवी के सबसे छोटे भाई सुभाष ने राजद के वरिष्ठ नेता और पूर्व मंत्री जगदानंद सिंह पर आरोप लगाया कि वह पार्टी हितों के खिलाफ काम कर रहे हैं ।,लालू की पत्नी पूर्व मुख्यमंत्री राबड़ी देवी के सबसे छोटे भाई सुभाष ने राजद के वरिष्ठ नेता और पूर्व मंत्री जगदानंद सिंह पर आरोप लगाया कि वह पार्टी हितों के खिलाफ काम कर रहे हैं।
train,train-s743,"लालू के सबसे छोटे साले ने कहा कि जिन लोगों का पार्टी की मजबूती में बहुत कम योगदान है, उन्हें तो टिकट से नवाजा जा रहा है लेकिन असली पार्टी कार्यकर्ता भीड़ का हिस्सा बनकर १, अणे मार्ग पर इंतजार करते रहते हैं ।","लालू के सबसे छोटे साले ने कहा कि जिन लोगों का पार्टी की मजबूती में बहुत कम योगदान है, उन्हें तो टिकट से नवाजा जा रहा है लेकिन असली पार्टी कार्यकर्ता भीड़ का हिस्सा बनकर १, अणे मार्ग पर इंतजार करते रहते हैं।"
train,train-s744,उन्होंने इस बात का दृढ़ता से खंडन किया कि अपनी पत्नी रेणु देवी का टिकट कटने से उन्होंने विद्रोह किया है ।,उन्होंने इस बात का दृढ़ता से खंडन किया कि अपनी पत्नी रेणु देवी का टिकट कटने से उन्होंने विद्रोह किया है।
train,train-s745,सुभाष ने कहा कि वे दौड़ में शामिल नहीं हैं ।,सुभाष ने कहा कि वे दौड़ में शामिल नहीं हैं।
train,train-s746,"आगरा में जिस तरह से एक विचाराधीन कैदी ने आत्महत्या की है और दूसरा हार्ट अटैक से मर गया, उसने एक बार फिर भारतीय जेलों की दुर्दशा को उघाड़ कर रख दिया है ।","आगरा में जिस तरह से एक विचाराधीन कैदी ने आत्महत्या की है और दूसरा हार्ट अटैक से मर गया, उसने एक बार फिर भारतीय जेलों की दुर्दशा को उघाड़ कर रख दिया है।"
train,train-s750,और उन कैदियों की तो बात ही मत कीजिए जो जेलों की बदहाली से होनेवाली बीमारियों और इलाज न मिलने के कारण दम तोड़ बैठते हैं ।,और उन कैदियों की तो बात ही मत कीजिए जो जेलों की बदहाली से होनेवाली बीमारियों और इलाज न मिलने के कारण दम तोड़ बैठते हैं।
train,train-s754,राजधानी दिल्ली की मशहूर तिहाड़ जेल भी इस तरह के हादसों से बची नहीं है ।,राजधानी दिल्ली की मशहूर तिहाड़ जेल भी इस तरह के हादसों से बची नहीं है।
train,train-s755,तिहाड़ में ५ साल में ११६ मौतें हो चुकी हैं ।,तिहाड़ में ५ साल में ११६ मौतें हो चुकी हैं।
train,train-s759,वहां कमरुद्दीन नाम के एक कैदी की रहस्यमय मौत के बाद एक अन्य कैदी को प्रताड़ित करने के लिए जेल अधिकारी ने उसके पाले १०० कबूतरों को ही मौत के घाट उतार दिया था ।,वहां कमरुद्दीन नाम के एक कैदी की रहस्यमय मौत के बाद एक अन्य कैदी को प्रताड़ित करने के लिए जेल अधिकारी ने उसके पाले १०० कबूतरों को ही मौत के घाट उतार दिया था।
train,train-s761,पश्चिम बंगाल के जलपाईगुड़ी के अलीपुरद्वार जेल में मार्च महीने पहले प्राजित दास नाम के एक युवा कैदी की रहस्यमय परिस्थितियों में मौत हो गई थी ।,पश्चिम बंगाल के जलपाईगुड़ी के अलीपुरद्वार जेल में मार्च महीने पहले प्राजित दास नाम के एक युवा कैदी की रहस्यमय परिस्थितियों में मौत हो गई थी।
train,train-s765,इसका सबसे बड़ा कारण है हमारी ढीली न्याय प्रणाली और लापरवाह सरकारी मशीनरी ।,इसका सबसे बड़ा कारण है हमारी ढीली न्याय प्रणाली और लापरवाह सरकारी मशीनरी।
train,train-s766,राष्ट्रीय मानवाधिकार आयोग के आंकड़ों के मुताबिक देश के जेलों में सन २००४ में कुल ३३६१५२ कैदी थे ।,राष्ट्रीय मानवाधिकार आयोग के आंकड़ों के मुताबिक देश के जेलों में सन २००४ में कुल ३३६१५२ कैदी थे।
train,train-s777,वर्षो तक मुकदमें का इंतजार जेलों में सड़ते इन विचाराधीन कैदियों को अवसाद में जाने को विवश कर देती है ।,वर्षो तक मुकदमें का इंतजार जेलों में सड़ते इन विचाराधीन कैदियों को अवसाद में जाने को विवश कर देती है।
train,train-s779,आम कैदी को वहां कदम - कदम पर भ्रष्टाचार का सामना करना पड़ता है ।,आम कैदी को वहां कदम-कदम पर भ्रष्टाचार का सामना करना पड़ता है।
train,train-s780,अपने परिजनों से मिलने के लिए भी जेलकर्मियों को घूस देनी पड़ती है ।,अपने परिजनों से मिलने के लिए भी जेलकर्मियों को घूस देनी पड़ती है।
train,train-s783,कई बड़े अपराध सरगना तो यहीं से अपने गैंग का संचालन भी करते हैं और यह सब होता है जेलकर्मियों की मिलीभगत से ।,कई बड़े अपराध सरगना तो यहीं से अपने गैंग का संचालन भी करते हैं और यह सब होता है जेलकर्मियों की मिलीभगत से।
train,train-s790,आधिकारिक सूत्रों ने यहां बताया कि इंटरपोल की महासभा ने पिछले सप्ताह बर्लिन में एक प्रस्ताव पारित कर अल कायदा और तालिबान से जुड़े लोगों के खिलाफ एक विशेष अंतर्राष्ट्रीय नोटिस जारी करने का फैसला लिया ।,आधिकारिक सूत्रों ने यहां बताया कि इंटरपोल की महासभा ने पिछले सप्ताह बर्लिन में एक प्रस्ताव पारित कर अल कायदा और तालिबान से जुड़े लोगों के खिलाफ एक विशेष अंतर्राष्ट्रीय नोटिस जारी करने का फैसला लिया।
train,train-s794,इसके चलते पाकिस्तान पर राजनीतिक दबाव बढ़ेगा कि वह अपने देश में फर्जी नाम से छिपे दाऊद को बाहर निकाले ।,इसके चलते पाकिस्तान पर राजनीतिक दबाव बढ़ेगा कि वह अपने देश में फर्जी नाम से छिपे दाऊद को बाहर निकाले।
train,train-s802,इंटरपोल की ओर दाऊद के खिलाफ यह नया नोटिस जारी करने के बाद पाकिस्तान की मुसीबत बढ़ सकती है ।,इंटरपोल की ओर दाऊद के खिलाफ यह नया नोटिस जारी करने के बाद पाकिस्तान की मुसीबत बढ़ सकती है।
train,train-s804,ग्रामीण विकास विभाग के राज्य सचिवों के सम्मेलन के मौके पर प्रसाद ने बुधवार को पत्रकारों से कहा कि राजग ने लोकतंत्र को चोट पहुंचाने में कोई कसर नहीं छोड़ी ।,ग्रामीण विकास विभाग के राज्य सचिवों के सम्मेलन के मौके पर प्रसाद ने बुधवार को पत्रकारों से कहा कि राजग ने लोकतंत्र को चोट पहुंचाने में कोई कसर नहीं छोड़ी।
train,train-s807,विधायकों की खरीद - फरोख्त के गंदे खेल में शामिल होने के लिए भाजपा नेतृत्व वाले राजग की आलोचना करते हुए प्रसाद ने कहा कि चुनाव में सबसे बड़ी पार्टी के रूप में उभरने के बाद राजद ने सरकार बनाने का दावा पेश किया था ।,विधायकों की खरीद-फरोख्त के गंदे खेल में शामिल होने के लिए भाजपा नेतृत्व वाले राजग की आलोचना करते हुए प्रसाद ने कहा कि चुनाव में सबसे बड़ी पार्टी के रूप में उभरने के बाद राजद ने सरकार बनाने का दावा पेश किया था।
train,train-s825,भारत और पाकिस्तान के बीच बढ़ते संबंधों का असर कश्मीर के किचन में भी देखा जा रहा है ।,भारत और पाकिस्तान के बीच बढ़ते संबंधों का असर कश्मीर के किचन में भी देखा जा रहा है।
train,train-s827,लोग इसे दोनों देशों के बीच बढ़ते रिश्ते के परिणाम के रूप में देख रहे हैं ।,लोग इसे दोनों देशों के बीच बढ़ते रिश्ते के परिणाम के रूप में देख रहे हैं।
train,train-s836,इसकी कीमत इतनी अधिक बढ़ गयी थी कि सिर्फ धनी आदमी ही इसका उपयोग कर सकते थे ।,इसकी कीमत इतनी अधिक बढ़ गयी थी कि सिर्फ धनी आदमी ही इसका उपयोग कर सकते थे।
train,train-s842A,चोरी और उस पर सीनाजोरी!,चोरी और उस पर सीनाजोरी!
train,train-s842B,लक्मे इंडिया फैशन वीक में इस बार कुछ ऐसा ही चल रहा है ।,लक्मे इंडिया फैशन वीक में इस बार कुछ ऐसा ही चल रहा है।
train,train-s845,अगर कुछ ओरिजनल है तो पुराने दिग्गज फैशन डिजाइनरों का काम ही सिर चढ़कर बोल रहा है ।,अगर कुछ ओरिजनल है तो पुराने दिग्गज फैशन डिजाइनरों का काम ही सिर चढ़कर बोल रहा है।
train,train-s852A,उन्होंने कहा!,उन्होंने कहा!
train,train-s852B,दरअसल मैंने इसे एक पत्रिका में रानी मुखर्जी को एक फिल्म के प्रचार के सिलसिले में पहने देखा था तो उन्होंने आरोप साबित करने के लिए प्रेसकांफ्रेंस बुलाई थी ।,दरअसल मैंने इसे एक पत्रिका में रानी मुखर्जी को एक फिल्म के प्रचार के सिलसिले में पहने देखा था तो उन्होंने आरोप साबित करने के लिए प्रेसकांफ्रेंस बुलाई थी।
train,train-s854,जिसमें रानी ने लाइट ब्लू रंग की टॉप और कढ़े हुए ट्राउजर पहने हुए हैं ।,जिसमें रानी ने लाइट ब्लू रंग की टॉप और कढ़े हुए ट्राउजर पहने हुए हैं।
train,train-s859,विवाद बढ़ा तो शांतनु ने सफाई पेश की कि डिजिटल प्रिंट ऐसी तकनीक नहीं है जिसका कोई कॉपीराइट होता हो ।,विवाद बढ़ा तो शांतनु ने सफाई पेश की कि डिजिटल प्रिंट ऐसी तकनीक नहीं है जिसका कोई कॉपीराइट होता हो।
train,train-s862,शांतनु ने कहा कि उनकी लाइन क्रिस्टल वर्क से कढ़ी हुई है ।,शांतनु ने कहा कि उनकी लाइन क्रिस्टल वर्क से कढ़ी हुई है।
train,train-s863,जबकि तरुण के काम में कढ़ाई के साथ - साथ सजावट पर ज्यादा जोर दिया गया है ।,जबकि तरुण के काम में कढ़ाई के साथ-साथ सजावट पर ज्यादा जोर दिया गया है।
train,train-s869,जैसा कि डिजाइनर स्वप्न सीमा कहती हैं कि अगर हमारे डिजाइन की कॉपी नहीं होती है तो लगता है कि कहीं कुछ गड़बड़ है ।,जैसा कि डिजाइनर स्वप्न सीमा कहती हैं कि अगर हमारे डिजाइन की कॉपी नहीं होती है तो लगता है कि कहीं कुछ गड़बड़ है।
train,train-s872,इसलिए हम लोग इस पचड़े में नहीं पड़ना चाहते ।,इसलिए हम लोग इस पचड़े में नहीं पड़ना चाहते।
train,train-s903,उन्होंने कहा कि मीकन्स कंपनी गुजरात में एक बड़ा प्रोजेक्ट लगाने जा रही है और इसके लिए ट्यूबर की आपूर्ति लाहौल से ही की जाएगी ।,उन्होंने कहा कि मीकन्स कंपनी गुजरात में एक बड़ा प्रोजेक्ट लगाने जा रही है और इसके लिए ट्यूबर की आपूर्ति लाहौल से ही की जाएगी।
train,train-s906,यानि बीमार वेबसाइट के चलते आप परेशानी में पड़ जाएंगे ।,यानि बीमार वेबसाइट के चलते आप परेशानी में पड़ जाएंगे।
train,train-s907,"कंप्यूटरों की सुरक्षा से जुड़े विशेषज्ञों ने बताया कि स्कॅब, ट्रोजन, कीस्ट्रोक लॅगर, टोफर या वेबर डाट पी जैसे प्रोग्राम डाउनलोड करने पर कंप्यूटरों से प्रोग्रामों को हैक किया जा सकता है ।","कंप्यूटरों की सुरक्षा से जुड़े विशेषज्ञों ने बताया कि स्कॅब, ट्रोजन, कीस्ट्रोक लॅगर, टोफर या वेबर डाट पी जैसे प्रोग्राम डाउनलोड करने पर कंप्यूटरों से प्रोग्रामों को हैक किया जा सकता है।"
train,train-s911,"कई स्थानों पर पेड़ गिर गए और जगह -JOIN जगह होर्डिंग व घरों, दुकानों के टीन उड़ गए ।","कई स्थानों पर पेड़ गिर गए और जगह -JOIN जगह होर्डिंग व घरों, दुकानों के टीन उड़ गए।"
train,train-s914,पेड़ व होर्डिंग गिर जाने से कुछ स्थानों पर सड़कें अवरुद्ध हो गई हालांकि मंगलवार दोपहर राजधानी का मौसम सुहाना हो गया था ।,पेड़ व होर्डिंग गिर जाने से कुछ स्थानों पर सड़कें अवरुद्ध हो गई हालांकि मंगलवार दोपहर राजधानी का मौसम सुहाना हो गया था।
train,train-s915,शाम साढ़े आठ बजे तक ३.२ मिलीमीटर बरसात हुई ।,शाम साढ़े आठ बजे तक ३.२ मिलीमीटर बरसात हुई।
train,train-s932,"गुड़गांव, बादशाहपुर एवं कुछ अन्य इलाकों में ओले भी पड़े ।","गुड़गांव, बादशाहपुर एवं कुछ अन्य इलाकों में ओले भी पड़े।"
train,train-s934,"कुछ स्थानों पर पेड़ टूटकर सड़कों पर गिर गए, जिससे यातायात बाधित हुआ ।","कुछ स्थानों पर पेड़ टूटकर सड़कों पर गिर गए, जिससे यातायात बाधित हुआ।"
train,train-s935,अंधड़ और बारिश होने के साथ ही दक्षिण हरियाणा बिजली वितरण निगम ने लगभग पूरे शहर की बत्ती गुल कर दी ।,अंधड़ और बारिश होने के साथ ही दक्षिण हरियाणा बिजली वितरण निगम ने लगभग पूरे शहर की बत्ती गुल कर दी।
train,train-s939,राष्ट्रीय जनतांत्रिक गठबंधन के संयोजक व जद यू नेता जॉर्ज फनॅडिस को आज यहां अस्पताल में एक महिला की मदद को कथित रूप से पांच सौ रुपये देना महंगा पड़ गया ।,राष्ट्रीय जनतांत्रिक गठबंधन के संयोजक व जद यू नेता जॉर्ज फनॅडिस को आज यहां अस्पताल में एक महिला की मदद को कथित रूप से पांच सौ रुपये देना महंगा पड़ गया।
train,train-s945,एक टीवी चैनल ने दिखाया कि सुनीता बच्चों को गोद में लिए थी और उसके बगल में खड़े एक व्यक्ति को फनॅडिस ने ५०० रुपये का नोट दिया ।,एक टीवी चैनल ने दिखाया कि सुनीता बच्चों को गोद में लिए थी और उसके बगल में खड़े एक व्यक्ति को फनॅडिस ने ५०० रुपये का नोट दिया।
train,train-s951,लोढ़ा ने कहा कि रकम जब्त कर ली गई है ।,लोढ़ा ने कहा कि रकम जब्त कर ली गई है।
train,train-s953,तेजी से बदले घटनाक्रम के बीच बिहार के सत्ताधारी राष्ट्रीय जनता दल के प्रवक्ता शिवानंद तिवारी ने कहा कि रकम देना आचार संहिता का उल्लंघन है और यदि फनॅडिस ने ऐसा किया है तो चुनाव आयोग को कड़ी कार्रवाई करनी चाहिए ।,तेजी से बदले घटनाक्रम के बीच बिहार के सत्ताधारी राष्ट्रीय जनता दल के प्रवक्ता शिवानंद तिवारी ने कहा कि रकम देना आचार संहिता का उल्लंघन है और यदि फनॅडिस ने ऐसा किया है तो चुनाव आयोग को कड़ी कार्रवाई करनी चाहिए।
train,train-s976,"वहीं, सोनिया गांधी ने कहा कि होली मित्रता बढ़ाने का त्योहार है ।","वहीं, सोनिया गांधी ने कहा कि होली मित्रता बढ़ाने का त्योहार है।"
train,train-s985,इससे सांप्रदायिक राजनीति को बढ़ावा मिलेगा ।,इससे सांप्रदायिक राजनीति को बढ़ावा मिलेगा।
train,train-s990,राजस्थान के उत्तरी और पूर्वी हिस्से में बुधवार को धूल भरी आंधी से कई इलाकों में पेड़ उखड़ गए और बिजली आपूर्ति ठप हो गई ।,राजस्थान के उत्तरी और पूर्वी हिस्से में बुधवार को धूल भरी आंधी से कई इलाकों में पेड़ उखड़ गए और बिजली आपूर्ति ठप हो गई।
train,train-s991,"कई इलाकों में हल्की बारिश भी हुई, जिससे गर्मी की मार झेल रहे लोगों को थोड़ी राहत महसूस हुई ।","कई इलाकों में हल्की बारिश भी हुई, जिससे गर्मी की मार झेल रहे लोगों को थोड़ी राहत महसूस हुई।"
train,train-s992,"मौसम विभाग के अनुसार जयपुर और बीकानेर संभाग में ८६ किलोमीटर प्रति घंटा की रफ्तार से चली आंधी के कारण कई इलाकों में हल्की बारिश भी हुई, जिससे लोगों को गर्मी से थोड़ी राहत मिली ।","मौसम विभाग के अनुसार जयपुर और बीकानेर संभाग में ८६ किलोमीटर प्रति घंटा की रफ्तार से चली आंधी के कारण कई इलाकों में हल्की बारिश भी हुई, जिससे लोगों को गर्मी से थोड़ी राहत मिली।"
train,train-s993,"गढ़वाल के केदारनाथ, बद्री नाथ, हेमकुंठ साहिब और भारत - तिब्बत सीमा के पास बर्फ गिरने की खबर है ।","गढ़वाल के केदारनाथ, बद्री नाथ, हेमकुंठ साहिब और भारत-तिब्बत सीमा के पास बर्फ गिरने की खबर है।"
train,train-s994,"भारी बारिश से जहां तापमान में कमी दर्ज की गई वहीं तीन दिनों से राज्य के चमोली, रूद्रप्रयाग, उत्तरकाशी, पौड़ी गढ़वाल, टिहरी गढ़वाल, बागेश्वर और पिथौरागढ़ के कई इलाकों में जनजीवन भी प्रभावित रहा ।","भारी बारिश से जहां तापमान में कमी दर्ज की गई वहीं तीन दिनों से राज्य के चमोली, रूद्रप्रयाग, उत्तरकाशी, पौड़ी गढ़वाल, टिहरी गढ़वाल, बागेश्वर और पिथौरागढ़ के कई इलाकों में जनजीवन भी प्रभावित रहा।"
train,train-s995,"सूत्रों के अनुसार, मुंस्यारी, पंगु, निलांग, कामेट, द्रोणागिरी, नंदादेवी, त्रिशूल, वेदिनी और चौखंबा में बर्फबारी से पर्यटकों की गतिविधियों पर भी असर पड़ा ।","सूत्रों के अनुसार, मुंस्यारी, पंगु, निलांग, कामेट, द्रोणागिरी, नंदादेवी, त्रिशूल, वेदिनी और चौखंबा में बर्फबारी से पर्यटकों की गतिविधियों पर भी असर पड़ा।"
train,train-s996,"पुलिस सूत्रों के अनुसार फिलहाल किसी के हताहत होने अथवा संपत्ति के नुकसान की सूचना नहीं मिली है, लेकिन काफी संख्या में पेड़ उखड़ गए हैं ।","पुलिस सूत्रों के अनुसार फिलहाल किसी के हताहत होने अथवा संपत्ति के नुकसान की सूचना नहीं मिली है, लेकिन काफी संख्या में पेड़ उखड़ गए हैं।"
train,train-s997,बिजली की आपूर्ति ठप पड़ गई है और कई इलाकों में टेलीफोन लाइनें खराब हो गई हैं ।,बिजली की आपूर्ति ठप पड़ गई है और कई इलाकों में टेलीफोन लाइनें खराब हो गई हैं।
train,train-s998,इस वजह से लोगों को परेशानियों का सामना करना पड़ा ।,इस वजह से लोगों को परेशानियों का सामना करना पड़ा।
train,train-s1000,जयपुर और उसके आसपास के इलाकों में धूल भरी आंधी चलने के कारण आज सुबह सड़क यातायात प्रभावित हुआ ।,जयपुर और उसके आसपास के इलाकों में धूल भरी आंधी चलने के कारण आज सुबह सड़क यातायात प्रभावित हुआ।
train,train-s1032,"जस्टिस एस. एन. वरियावा, जस्टिस ए. आर. लक्ष्मण और जस्टिस एस. एच. कपाड़िया वाली खंडपीठ ने पासवान की वार्षिक गोपनीय रिपोर्ट भी मांगी है ।","जस्टिस एस. एन. वरियावा, जस्टिस ए. आर. लक्ष्मण और जस्टिस एस. एच. कपाड़िया वाली खंडपीठ ने पासवान की वार्षिक गोपनीय रिपोर्ट भी मांगी है।"
train,train-s1038,सपा से निलंबित नेता और अभिनेता राज बब्बर ने रविवार को समाजवादी मोर्चा बनाने का ऐलान करते हुए कहा कि यह गैर राजनीतिक मोर्चा किसानों और बेरोजगार युवाओं के हक में लड़ाई लड़ेगा ।,सपा से निलंबित नेता और अभिनेता राज बब्बर ने रविवार को समाजवादी मोर्चा बनाने का ऐलान करते हुए कहा कि यह गैर राजनीतिक मोर्चा किसानों और बेरोजगार युवाओं के हक में लड़ाई लड़ेगा।
train,train-s1044,हाल में मालवण और मुंबई क्षेत्रों के उपचुनाव में हुई करारी हार के बाद शिवसेना में मचा तूफान अब नाजुक मोड़ पर पहुंच गया है ।,हाल में मालवण और मुंबई क्षेत्रों के उपचुनाव में हुई करारी हार के बाद शिवसेना में मचा तूफान अब नाजुक मोड़ पर पहुंच गया है।
train,train-s1045,अपने चचेरे भाई और शिवसेना के कार्यकारी अध्यक्ष उद्धव ठाकरे से खफा राज ठाकरे ने शिवसेना सुप्रीमो बाल ठाकरे को कड़ा लिखा और पूछा कि मालवण की हार के लिए जिम्मेदार कौन है?,अपने चचेरे भाई और शिवसेना के कार्यकारी अध्यक्ष उद्धव ठाकरे से खफा राज ठाकरे ने शिवसेना सुप्रीमो बाल ठाकरे को कड़ा लिखा और पूछा कि मालवण की हार के लिए जिम्मेदार कौन है?
train,train-s1047,दूसरी तरफ महाराष्ट्र में शिवसेना की जड़ें उखाड़ने की फिराक में लगी कांग्रेस इस विवाद को सुनहरे मौके की तरह देख रही है ।,दूसरी तरफ महाराष्ट्र में शिवसेना की जड़ें उखाड़ने की फिराक में लगी कांग्रेस इस विवाद को सुनहरे मौके की तरह देख रही है।
train,train-s1049,"महाराष्ट्र कांग्रेस के प्रवक्ता संजय निरुपम ने शुक्रवार को कहा कि उनकी पार्टी राज ठाकरे को स्वीकार करने के लिए तैयार है, बशर्ते वह शिवसेना की विचारधारा छोड़कर सोनिया गांधी के नेतृत्व को स्वीकार कर लें ।","महाराष्ट्र कांग्रेस के प्रवक्ता संजय निरुपम ने शुक्रवार को कहा कि उनकी पार्टी राज ठाकरे को स्वीकार करने के लिए तैयार है, बशर्ते वह शिवसेना की विचारधारा छोड़कर सोनिया गांधी के नेतृत्व को स्वीकार कर लें।"
train,train-s1055,उन्होंने राज को बहुत परिपक्व नेता बताते हुए कहा कि बाला साहेब ही अपने भतीजे से बात करेंगे और ऐसा नहीं लगता कि इसे लेकर पार्टी में कोई बड़ा विवाद छिड़ेगा ।,उन्होंने राज को बहुत परिपक्व नेता बताते हुए कहा कि बाला साहेब ही अपने भतीजे से बात करेंगे और ऐसा नहीं लगता कि इसे लेकर पार्टी में कोई बड़ा विवाद छिड़ेगा।
train,train-s1060,"सूत्रों का कहना है कि राज ने जिस कड़ी भाषा में बाल ठाकरे को लिखा है, उसे देखते हुए तत्काल समाधान जरूरी लगता है ।","सूत्रों का कहना है कि राज ने जिस कड़ी भाषा में बाल ठाकरे को लिखा है, उसे देखते हुए तत्काल समाधान जरूरी लगता है।"
train,train-s1064,कांग्रेस अध्यक्ष सोनिया गांधी के निर्देश पर शुरू किए गए इस प्रशिक्षण शिविर में महिलाओं को कांग्रेस के सिद्धांतों का पाठ पढ़ाया जा रहा है ।,कांग्रेस अध्यक्ष सोनिया गांधी के निर्देश पर शुरू किए गए इस प्रशिक्षण शिविर में महिलाओं को कांग्रेस के सिद्धांतों का पाठ पढ़ाया जा रहा है।
train,train-s1068,इस पार्टी की छवि महिलाओं के हक के लिए लड़ने वाली पार्टी के तौर पर हो ।,इस पार्टी की छवि महिलाओं के हक के लिए लड़ने वाली पार्टी के तौर पर हो।
train,train-s1070,ताकि जीवन में आगे बढ़ने का कोई भी मौका वे अपने हाथ से न जाने दें ।,ताकि जीवन में आगे बढ़ने का कोई भी मौका वे अपने हाथ से न जाने दें।
train,train-s1071,उन्होंने कहा कि देश भर में प्रशिक्षण शिविर आयोजित करने का सबसे बड़ा मकसद यह है कि महिलाएं अपने अधिकारों के प्रति जागरूक बनें और अपने खिलाफ होने वाले अत्याचार का सामना करें ।,उन्होंने कहा कि देश भर में प्रशिक्षण शिविर आयोजित करने का सबसे बड़ा मकसद यह है कि महिलाएं अपने अधिकारों के प्रति जागरूक बनें और अपने खिलाफ होने वाले अत्याचार का सामना करें।
train,train-s1074,एफआईआई और ऑपरेटरों के जोरदार समर्थन से कारोबार के दौरान एक समय बीएसई का सेंसेक्स ८९१२.१२ अंक तक चढ़ गया ।,एफआईआई और ऑपरेटरों के जोरदार समर्थन से कारोबार के दौरान एक समय बीएसई का सेंसेक्स ८९१२.१२ अंक तक चढ़ गया।
train,train-s1077,चार सत्रों में सेंसेक्स ३५४.०६ अंक बढ़ चुका है ।,चार सत्रों में सेंसेक्स ३५४.०६ अंक बढ़ चुका है।
train,train-s1078,बीएसई में आज सिर्फ ९७८.३७ करोड़ रुपये के ही सौदे हुए ।,बीएसई में आज सिर्फ ९७८.३७ करोड़ रुपये के ही सौदे हुए।
train,train-s1080,एक हफ्ते में एफआईआई ने १३६४.५० करोड़ रुपये की लिवाली की है ।,एक हफ्ते में एफआईआई ने १३६४.५० करोड़ रुपये की लिवाली की है।
train,train-s1086,"पड़ोस के राज्य में गन्ने का न्यूनतम मूल्य १३५ रुपये क्विंटल सरकार ने घोषित कर रखा है, जबकि उत्तर प्रदेश में यह अधिकतम १२० रुपये क्विंटल है ।","पड़ोस के राज्य में गन्ने का न्यूनतम मूल्य १३५ रुपये क्विंटल सरकार ने घोषित कर रखा है, जबकि उत्तर प्रदेश में यह अधिकतम १२० रुपये क्विंटल है।"
train,train-s1093,"टिकैत ने कहा कि आगामी २ जनवरी को गन्ने का समर्थन मूल्य बढ़ाये जाने तथा किसानों की अन्य समस्याओं को लेकर लखनऊ में महापंचायत बुलाई गई है, जिसके जरिए सरकार पर दबाव बनाया जाएगा ।","टिकैत ने कहा कि आगामी २ जनवरी को गन्ने का समर्थन मूल्य बढ़ाये जाने तथा किसानों की अन्य समस्याओं को लेकर लखनऊ में महापंचायत बुलाई गई है, जिसके जरिए सरकार पर दबाव बनाया जाएगा।"
train,train-s1101,इसमें अब भी पांच पाकिस्तानी लड़के हैं ।,इसमें अब भी पांच पाकिस्तानी लड़के हैं।
train,train-s1110,राष्ट्रीय महिला आयोग को मिलने वाली शिकायतों पर यकीन करें तो मध्यप्रदेश के मुख्यमंत्री बाबूलाल गौर पर केवल दो सगी बहनों के यौन उत्पीड़न का आरोप नहीं है बल्कि दिल्ली में भी उनकी सताई हुई महिलाओं की तादाद कम नहीं है ।,राष्ट्रीय महिला आयोग को मिलने वाली शिकायतों पर यकीन करें तो मध्यप्रदेश के मुख्यमंत्री बाबूलाल गौर पर केवल दो सगी बहनों के यौन उत्पीड़न का आरोप नहीं है बल्कि दिल्ली में भी उनकी सताई हुई महिलाओं की तादाद कम नहीं है।
train,train-s1119,मंत्रालय के आंकड़ों के मुताबिक पिछले साल की तुलना में धान की बुआई में १२.४ फीसदी का इजाफा हुआ है ।,मंत्रालय के आंकड़ों के मुताबिक पिछले साल की तुलना में धान की बुआई में १२.४ फीसदी का इजाफा हुआ है।
train,train-s1131,आंकड़ों के अनुसार धान की बुआई पिछले साल की तुलना में १२.४४ लाख हेक्टेयर में ज्यादा हुई है ।,आंकड़ों के अनुसार धान की बुआई पिछले साल की तुलना में १२.४४ लाख हेक्टेयर में ज्यादा हुई है।
train,train-s1133,कांग्रेस ने समाजवादी पार्टी द्वारा उत्तर प्रदेश के राज्यपाल के मऊ दौरे पर निशाना साधने पर कड़ा ऐतराज जताया है ।,कांग्रेस ने समाजवादी पार्टी द्वारा उत्तर प्रदेश के राज्यपाल के मऊ दौरे पर निशाना साधने पर कड़ा ऐतराज जताया है।
train,train-s1140,मजबूरन राज्यपाल को इजाजत के बगैर मऊ जाना पड़ा ।,मजबूरन राज्यपाल को इजाजत के बगैर मऊ जाना पड़ा।
train,train-s1143,राज्य सरकार को शायद यही डर था कि राज्यपाल के दौरे से इस सच्चाई से परदा उठ जाएगा कि खुद उसकी पार्टी के कार्यकर्ता वहां सांप्रदायिक तनाव को बढ़ावा दे रहे थे ।,राज्य सरकार को शायद यही डर था कि राज्यपाल के दौरे से इस सच्चाई से परदा उठ जाएगा कि खुद उसकी पार्टी के कार्यकर्ता वहां सांप्रदायिक तनाव को बढ़ावा दे रहे थे।
train,train-s1147,चौतरफा मुनाफावसूली के चलते सोमवार को बीएसई सेंसेक्स १७१ अंक लुढ़क गया ।,चौतरफा मुनाफावसूली के चलते सोमवार को बीएसई सेंसेक्स १७१ अंक लुढ़क गया।
train,train-s1153,पिछले कुछ दिनों में सेंसेक्स में काफी तेज उछाल दर्ज किया गया था और इस दौरान निवेशकों ने काफी बड़े सौदे किए थे ।,पिछले कुछ दिनों में सेंसेक्स में काफी तेज उछाल दर्ज किया गया था और इस दौरान निवेशकों ने काफी बड़े सौदे किए थे।
train,train-s1155,शनिवार को बनारस में अटकने के बाद मानसून ने आज फिर रफ्तार पकड़ ली ।,शनिवार को बनारस में अटकने के बाद मानसून ने आज फिर रफ्तार पकड़ ली।
train,train-s1158,मौसम विभाग का मानना है कि इस बारिश के बाद अब दिल्ली में मानसून के समय पर आने की संभावना बढ़ गई है ।,मौसम विभाग का मानना है कि इस बारिश के बाद अब दिल्ली में मानसून के समय पर आने की संभावना बढ़ गई है।
train,train-s1170,देश के प्रमुख आईटी शो के मंच का इस्तेमाल करते हुए पूर्व प्रधानमंत्री और जनता दल एस सुप्रीमो एच. डी. देवगौड़ा ने बुधवार को आईटी क्षेत्र के एक धड़े के खिलाफ नए सिरे से निशाना साधा ।,देश के प्रमुख आईटी शो के मंच का इस्तेमाल करते हुए पूर्व प्रधानमंत्री और जनता दल एस सुप्रीमो एच. डी. देवगौड़ा ने बुधवार को आईटी क्षेत्र के एक धड़े के खिलाफ नए सिरे से निशाना साधा।
train,train-s1171,पूर्व प्रधानमंत्री ने आईटी दिग्गजों पर कर्नाटक में कांग्रेस के साथ उनकी पार्टी की गठबंधन सरकार को अस्थिर करने के लिए अभियान छेड़ने का आरोप लगाया ।,पूर्व प्रधानमंत्री ने आईटी दिग्गजों पर कर्नाटक में कांग्रेस के साथ उनकी पार्टी की गठबंधन सरकार को अस्थिर करने के लिए अभियान छेड़ने का आरोप लगाया।
train,train-s1172,कहा जा रहा है कि आईटी कंपनियां आधारभूत ढांचे की कमी की वजह से बंगलोर छोड़ कर जा रही हैं ।,कहा जा रहा है कि आईटी कंपनियां आधारभूत ढांचे की कमी की वजह से बंगलोर छोड़ कर जा रही हैं।
train,train-s1173,चार दिन के इस आयोजन में मुख्य अतिथि के तौर पर मौजूद देवगौड़ा ने इस धड़े पर गठबंधन सरकार के बारे में नकारात्मक प्रभाव बनाने का आरोप लगाया ।,चार दिन के इस आयोजन में मुख्य अतिथि के तौर पर मौजूद देवगौड़ा ने इस धड़े पर गठबंधन सरकार के बारे में नकारात्मक प्रभाव बनाने का आरोप लगाया।
train,train-s1175,नसीम कौसर की आंख से बहने वाला एक -JOIN एक कतरा उनकी पीड़ा को बयां कर रहा था ।,नसीम कौसर की आंख से बहने वाला एक -JOIN एक कतरा उनकी पीड़ा को बयां कर रहा था।
train,train-s1179,"हालांकि कौसर को अपने मामा से मिलने की खुशी तो थी ही, लेकिन यह भी मलाल था कि भाई को देखने के इंतजार में उनकी मां तड़प -JOIN तड़प कर मर गई ।","हालांकि कौसर को अपने मामा से मिलने की खुशी तो थी ही, लेकिन यह भी मलाल था कि भाई को देखने के इंतजार में उनकी मां तड़प -JOIN तड़प कर मर गई।"
train,train-s1182,नसीम कौसर की बेटी शैला के चेहरे से भी विभाजन की पीड़ा का अहसास किया जा सकता था ।,नसीम कौसर की बेटी शैला के चेहरे से भी विभाजन की पीड़ा का अहसास किया जा सकता था।
train,train-s1185,"राज्य सरकार की अधिकारी नसीम कौसर ने अमर उजाला को बताया कि पैंतालीस सालों के बाद उसे अपने मामा से मिलने की बहुत खुशी है, लेकिन इस बात का मलाल भी है कि मेरी मां उन्हें देखने के लिए तड़पती रहीं ।","राज्य सरकार की अधिकारी नसीम कौसर ने अमर उजाला को बताया कि पैंतालीस सालों के बाद उसे अपने मामा से मिलने की बहुत खुशी है, लेकिन इस बात का मलाल भी है कि मेरी मां उन्हें देखने के लिए तड़पती रहीं।"
train,train-s1198,खासकर यह बताना चाहिए कि भारत की आणविक नीति और सुरक्षा पर इस कदम से क्या प्रभाव पड़ेगा?,खासकर यह बताना चाहिए कि भारत की आणविक नीति और सुरक्षा पर इस कदम से क्या प्रभाव पड़ेगा?
train,train-s1200,पाक के जनरल करामात ने बातचीत से पूर्व यह बयान दिया था कि न्यूयॉर्क में मनमोहन सिंह के साथ सियाचिन और कुपवाड़ा से फौजें हटाने पर बातचीत होगी ।,पाक के जनरल करामात ने बातचीत से पूर्व यह बयान दिया था कि न्यूयॉर्क में मनमोहन सिंह के साथ सियाचिन और कुपवाड़ा से फौजें हटाने पर बातचीत होगी।
train,train-s1207,पासवान की मुस्लिम मुख्यमंत्री की शर्त के बारे में दिग्विजय सिंह ने कहा कि पासवान को पहले कांग्रेस व सहयोगी दलों के साथ मिलकर चुनाव लड़ना होगा ।,पासवान की मुस्लिम मुख्यमंत्री की शर्त के बारे में दिग्विजय सिंह ने कहा कि पासवान को पहले कांग्रेस व सहयोगी दलों के साथ मिलकर चुनाव लड़ना होगा।
train,train-s1211,पासवान ने कांग्रेस को यह दलील देते हुए भी अपनी शर्त पर राजी करने की कोशिश की कि कांग्रेस धर्मनिरपेक्षता के लिए बड़ी - बड़ी कुर्बानी देती रही है ।,पासवान ने कांग्रेस को यह दलील देते हुए भी अपनी शर्त पर राजी करने की कोशिश की कि कांग्रेस धर्मनिरपेक्षता के लिए बड़ी-बड़ी कुर्बानी देती रही है।
train,train-s1217,समूह द्वारा २.५ करोड़ रुपये का आयात शुल्क नहीं चुकाए जाने के आरोप में कारों को जब्त किया गया है ।,समूह द्वारा २.५ करोड़ रुपये का आयात शुल्क नहीं चुकाए जाने के आरोप में कारों को जब्त किया गया है।
train,train-s1218,हालांकि समूह के प्रबंध निदेशक मनोज गौड़ ने कहा कि इन कारों का आयात कानून के तहत किया गया और सभी शर्तों का पूरी तरह पालन किया गया है ।,हालांकि समूह के प्रबंध निदेशक मनोज गौड़ ने कहा कि इन कारों का आयात कानून के तहत किया गया और सभी शर्तों का पूरी तरह पालन किया गया है।
train,train-s1228,थानाध्यक्ष ने भी उससे जिद छोड़ने को कहा लेकिन साबिरा टस से मस नहीं हुई ।,थानाध्यक्ष ने भी उससे जिद छोड़ने को कहा लेकिन साबिरा टस से मस नहीं हुई।
train,train-s1241,जब उन्होंने बाहर खड़े होकर उसे समझाया तो वह मान गई और बाहर निकल आई ।,जब उन्होंने बाहर खड़े होकर उसे समझाया तो वह मान गई और बाहर निकल आई।
train,train-s1244,बात बढ़ने पर थानाध्यक्ष साबिरा को थाने ले आए ।,बात बढ़ने पर थानाध्यक्ष साबिरा को थाने ले आए।
train,train-s1246,फैसला ग्रामीणों पर छोड़ दिया गया ।,फैसला ग्रामीणों पर छोड़ दिया गया।
train,train-s1255,तालिब के घर पर भी आस - पास की महिलाओं का जमावड़ा लगा हुआ है ।,तालिब के घर पर भी आस-पास की महिलाओं का जमावड़ा लगा हुआ है।
train,train-s1259,निकाह कराने वाले काज़ी अब्दुल रशीद ने कहा कि साबिरा खातून बालिग है ।,निकाह कराने वाले काज़ी अब्दुल रशीद ने कहा कि साबिरा खातून बालिग है।
train,train-s1262,रशीद ने बताया कि साबिरा ने जो कदम उठाया वह है तो गलत ही लेकिन उसकी जिद के आगे लोगों को झुकना ही पड़ा ।,रशीद ने बताया कि साबिरा ने जो कदम उठाया वह है तो गलत ही लेकिन उसकी जिद के आगे लोगों को झुकना ही पड़ा।
train,train-s1266,लेकिन अपनी बेटी की जिद के आगे उन्हें हार माननी पड़ी ।,लेकिन अपनी बेटी की जिद के आगे उन्हें हार माननी पड़ी।
train,train-s1268,रेलवे स्टेशनों पर प्लास्टिक के गिलास की जगह मिट्टी के कुल्हड़ में चाय देने की केंद्रीय रेल मंत्री लालू प्रसाद यादव की घोषणा के बाद कुम्हारों के चेहरों पर रौनक लौट आई है ।,रेलवे स्टेशनों पर प्लास्टिक के गिलास की जगह मिट्टी के कुल्हड़ में चाय देने की केंद्रीय रेल मंत्री लालू प्रसाद यादव की घोषणा के बाद कुम्हारों के चेहरों पर रौनक लौट आई है।
train,train-s1269,वेंडरों से कुम्हारों को कुल्हड़ बनाने के आर्डर भी मिलने लगे हैं ।,वेंडरों से कुम्हारों को कुल्हड़ बनाने के आर्डर भी मिलने लगे हैं।
train,train-s1272,"कारण, उसे ताजा -JOIN ताजा दो हजार कुल्हड़ बनाने का आर्डर मिला है ।","कारण, उसे ताजा -JOIN ताजा दो हजार कुल्हड़ बनाने का आर्डर मिला है।"
train,train-s1277,"आधुनिकता की होड़ ने जहां घरों से घड़े -JOIN मटके गायब कर दिए, वहां कम उत्पादन व बढ़ती लागत के कारण मिट्टी के बर्तन गरीब आदमी की पहुंच से भी दूर होते चले गए और उन्होंने भी इनके विकल्प ढूंढने शुरू कर दिए ।","आधुनिकता की होड़ ने जहां घरों से घड़े -JOIN मटके गायब कर दिए, वहां कम उत्पादन व बढ़ती लागत के कारण मिट्टी के बर्तन गरीब आदमी की पहुंच से भी दूर होते चले गए और उन्होंने भी इनके विकल्प ढूंढने शुरू कर दिए।"
train,train-s1278,शामलाल के अनुसार उसका धंधा एकदम चौपट हो गया था और उसने बच्चों को इस पुश्तैनी धंधे को छोड़ने तक की सलाह दे दी थी लेकिन रेल मंत्री की घोषणा कुम्हार समुदाय के लिए आशा की नई किरण लेकर आई है ।,शामलाल के अनुसार उसका धंधा एकदम चौपट हो गया था और उसने बच्चों को इस पुश्तैनी धंधे को छोड़ने तक की सलाह दे दी थी लेकिन रेल मंत्री की घोषणा कुम्हार समुदाय के लिए आशा की नई किरण लेकर आई है।
train,train-s1279,शामलाल ने बताया कि उसे मंगलवार को ही रेलवे से दो हजार कुल्हड़ बनाने का आर्डर मिला है ।,शामलाल ने बताया कि उसे मंगलवार को ही रेलवे से दो हजार कुल्हड़ बनाने का आर्डर मिला है।
train,train-s1280,छावनी रेलवे स्टेशन प्रबंधक मीना ने बताया कि रेल मंत्री के आदेशानुसार २५ मई से ही स्टेशन पर कुल्हड़ में चाय परोसने की कवायद को अमलीजामा पहना दिया गया है ।,छावनी रेलवे स्टेशन प्रबंधक मीना ने बताया कि रेल मंत्री के आदेशानुसार २५ मई से ही स्टेशन पर कुल्हड़ में चाय परोसने की कवायद को अमलीजामा पहना दिया गया है।
train,train-s1282,कुछ वेंडरों द्वारा प्लास्टिक के गिलास में चाय परोसने के सवाल पर मीना ने कहा कि ये लोग भी कुल्हड़ों का इंतजाम करने में लगे हैं और शाम तक पूरे स्टेशन पर कुल्हड़ों में ही चाय परोसी जाएगी ।,कुछ वेंडरों द्वारा प्लास्टिक के गिलास में चाय परोसने के सवाल पर मीना ने कहा कि ये लोग भी कुल्हड़ों का इंतजाम करने में लगे हैं और शाम तक पूरे स्टेशन पर कुल्हड़ों में ही चाय परोसी जाएगी।
train,train-s1283,एफडी पर लगातार बढ़ती ब्याज दरों से बैंक अधिकारियों और कर्मचारियों का तनाव कम हो गया है ।,एफडी पर लगातार बढ़ती ब्याज दरों से बैंक अधिकारियों और कर्मचारियों का तनाव कम हो गया है।
train,train-s1284,जमा राशि बढ़ाने का दबाव बैंक कर्मियों पर साल भर से हावी था ।,जमा राशि बढ़ाने का दबाव बैंक कर्मियों पर साल भर से हावी था।
train,train-s1285,कम समय की जमा राशियों पर बढ़ी ब्याज दरों का जादू ऐसा चला कि डाकघर की बचत योजनाओं और बैंकों में पहले से चल रहे फिक्स्ड खाते तोड़कर पैसा बढ़ी ब्याज दरों पर सावधि जमा योजनाओं में लगाया जा रहा है ।,कम समय की जमा राशियों पर बढ़ी ब्याज दरों का जादू ऐसा चला कि डाकघर की बचत योजनाओं और बैंकों में पहले से चल रहे फिक्स्ड खाते तोड़कर पैसा बढ़ी ब्याज दरों पर सावधि जमा योजनाओं में लगाया जा रहा है।
train,train-s1291,"यानि केवल स्कीम बदलने पर २१३१ रुपये का फायदा, ग्राहक बढ़ना लाजमी है ।","यानि केवल स्कीम बदलने पर २१३१ रुपये का फायदा, ग्राहक बढ़ना लाजमी है।"
train,train-s1293,जमा राशि कम हुई तो बचत योजनाओं में आकर्षण पैदा करना पड़ा ।,जमा राशि कम हुई तो बचत योजनाओं में आकर्षण पैदा करना पड़ा।
train,train-s1294,योजनाओं के कारण ही एफडी की संख्या बढ़ी ।,योजनाओं के कारण ही एफडी की संख्या बढ़ी।
train,train-s1295,आईसीआईसीआई बैंक एक कदम आगे बढ़कर आटो इनवेस्ट फेसिलिटी दे रहा ।,आईसीआईसीआई बैंक एक कदम आगे बढ़कर आटो इनवेस्ट फेसिलिटी दे रहा।
train,train-s1298,सीनियर बिजनेस डेवलपमेंट एक्जिक्यूटिव रोहित सिंह ने माना कि योजनाओं के कारण ही एफडी की संख्या बढ़ी है ।,सीनियर बिजनेस डेवलपमेंट एक्जिक्यूटिव रोहित सिंह ने माना कि योजनाओं के कारण ही एफडी की संख्या बढ़ी है।
train,train-s1299,पीएनबी मुख्य शाखा के प्रभारी जनसंपर्क शशिकांत श्रीवास्तव ने बताया कि १५ अप्रैल के बाद से एफडी के लिए होड़ लगी है ।,पीएनबी मुख्य शाखा के प्रभारी जनसंपर्क शशिकांत श्रीवास्तव ने बताया कि १५ अप्रैल के बाद से एफडी के लिए होड़ लगी है।
train,train-s1302,संघ के विचारक एम. जी. वैद्य ने कहा कि इस विवाद को लेकर सोनिया ने लोकसभा सीट और राष्ट्रीय सलाहकार परिषद के अध्यक्ष पद को छोड़ने का फैसला कर चतुराई भरा कदम उठाया है ।,संघ के विचारक एम. जी. वैद्य ने कहा कि इस विवाद को लेकर सोनिया ने लोकसभा सीट और राष्ट्रीय सलाहकार परिषद के अध्यक्ष पद को छोड़ने का फैसला कर चतुराई भरा कदम उठाया है।
train,train-s1310,उन्होंने कहा कि सोनिया ने लोकसभा की सदस्यता छोड़ी न कि राजनीति से संन्यास लिया है ।,उन्होंने कहा कि सोनिया ने लोकसभा की सदस्यता छोड़ी न कि राजनीति से संन्यास लिया है।
train,train-s1311,वह रायबरेली से दोबारा चुनाव लड़ने जा रही है ।,वह रायबरेली से दोबारा चुनाव लड़ने जा रही है।
train,train-s1316,"भाजपा का बगैर नाम लिए वाम दलों की आलोचना करते हुए वैद्य ने कहा कि जो भी सांसद लाभ वाले पद पर आसीन होने के दायरे में आते हैं, उन्हें पद छोड़ देना चाहिए ।","भाजपा का बगैर नाम लिए वाम दलों की आलोचना करते हुए वैद्य ने कहा कि जो भी सांसद लाभ वाले पद पर आसीन होने के दायरे में आते हैं, उन्हें पद छोड़ देना चाहिए।"
train,train-s1320,पाकिस्तान इसे प्रचारित करने में कोई कसर नहीं छोड़ रहा है कि ऐसा ही होगा जबकि भारतीय विदेश मंत्रालय के उच्च पदस्थ सूत्रों के अनुसार अभी दिल्ली दूर है ।,पाकिस्तान इसे प्रचारित करने में कोई कसर नहीं छोड़ रहा है कि ऐसा ही होगा जबकि भारतीय विदेश मंत्रालय के उच्च पदस्थ सूत्रों के अनुसार अभी दिल्ली दूर है।
train,train-s1331,लेकिन अभी इसके आसार कम दिखाई पड़ रहे हैं ।,लेकिन अभी इसके आसार कम दिखाई पड़ रहे हैं।
train,train-s1333,व्यापार बढ़ने से सुधरेंगे संबंध,व्यापार बढ़ने से सुधरेंगे संबंध
train,train-s1335,भारत का मानना है कि पाकिस्तान और भारत के बीच में द्वि पक्षीय व्यापार बढ़ने पर दोनों के बीच में संबंध सुधरेंगे ।,भारत का मानना है कि पाकिस्तान और भारत के बीच में द्वि पक्षीय व्यापार बढ़ने पर दोनों के बीच में संबंध सुधरेंगे।
train,train-s1352,उन्होंने कहा कि जब रेखा ने उन्हें रोते हुए बताया कि प्रवीण ने प्रमोद को गोली मार दी है तब वह दौड़ते हुए प्रमोद के फ्लैट की ओर भागीं ।,उन्होंने कहा कि जब रेखा ने उन्हें रोते हुए बताया कि प्रवीण ने प्रमोद को गोली मार दी है तब वह दौड़ते हुए प्रमोद के फ्लैट की ओर भागीं।
train,train-s1353,सरकारी वकील उज्जवल निकम ने सुनवाई के बाद संवाददाताओं से कहा कि इस मामले में मुख्य गवाह प्रमोद महाजन का नौकर महेश वानखेड़े ८ मई को अपनी गवाही देगा ।,सरकारी वकील उज्जवल निकम ने सुनवाई के बाद संवाददाताओं से कहा कि इस मामले में मुख्य गवाह प्रमोद महाजन का नौकर महेश वानखेड़े ८ मई को अपनी गवाही देगा।
train,train-s1357,माना जा रहा है कि यदि उड़ानों पर प्रतिबंध लागू हो जाता है तो प्रतिदिन हजारों भारतीय प्रभावित होंगे ।,माना जा रहा है कि यदि उड़ानों पर प्रतिबंध लागू हो जाता है तो प्रतिदिन हजारों भारतीय प्रभावित होंगे।
train,train-s1359,कुवैत सरकार ने यह कदम भारत से उड़ान भरने वाले कुवैती विमानों की संख्या बढ़ाए जाने के मसले पर रुचि न दिखाने पर उठाया है ।,कुवैत सरकार ने यह कदम भारत से उड़ान भरने वाले कुवैती विमानों की संख्या बढ़ाए जाने के मसले पर रुचि न दिखाने पर उठाया है।
train,train-s1360,उल्लेखनीय है कि भारत और कुवैत के बीच इससे पहले उड़ानों की संख्या बढ़ाने को लेकर एक समझौता भी हो चुका है ।,उल्लेखनीय है कि भारत और कुवैत के बीच इससे पहले उड़ानों की संख्या बढ़ाने को लेकर एक समझौता भी हो चुका है।
train,train-s1362,दरअसल कुवैत चाहता है कि उसकी एक एयरलाइंस की भारत से उड़ानों को बढ़ा दिया जाए लेकिन भारत इसकी स्वीकृति नहीं दे रहा ।,दरअसल कुवैत चाहता है कि उसकी एक एयरलाइंस की भारत से उड़ानों को बढ़ा दिया जाए लेकिन भारत इसकी स्वीकृति नहीं दे रहा।
train,train-s1375,हालांकि विमान कंपनियां कह रही हैं कि यात्रियों में इस सूचना को लेकर किसी तरह की हड़बड़ी नहीं है और जुलाई तक के लिए एडवांस बुकिंग की जा रही है ।,हालांकि विमान कंपनियां कह रही हैं कि यात्रियों में इस सूचना को लेकर किसी तरह की हड़बड़ी नहीं है और जुलाई तक के लिए एडवांस बुकिंग की जा रही है।
train,train-s1377,कुछ दिन पहले कुवैत ने अपनी पहली प्राइवेट बजट एयरलाइंस जजीरा एयरवेज की उड़ानों की संख्या बढ़ाने की मांग की ।,कुछ दिन पहले कुवैत ने अपनी पहली प्राइवेट बजट एयरलाइंस जजीरा एयरवेज की उड़ानों की संख्या बढ़ाने की मांग की।
train,train-s1378,इसके लिए उड़ानों की संख्या करीब ५० फीसदी बढ़ाने को कहा गया ।,इसके लिए उड़ानों की संख्या करीब ५० फीसदी बढ़ाने को कहा गया।
train,train-s1380,यदि जजीरा एयरवेज को ऐसा करने की स्वीकृति मिल जाती तो इससे इंडियन एयरलाइंस और एयर इंडिया के व्यापार पर असर पड़ सकता है ।,यदि जजीरा एयरवेज को ऐसा करने की स्वीकृति मिल जाती तो इससे इंडियन एयरलाइंस और एयर इंडिया के व्यापार पर असर पड़ सकता है।
train,train-s1383,वहीं कुवैत एयरवेज और जजीरा एयरलाइंस की मुंबई तक की प्रतिदिन एक उड़ान है और दक्षिण भारत के लिए साप्ताहिक उड़ाने हैं ।,वहीं कुवैत एयरवेज और जजीरा एयरलाइंस की मुंबई तक की प्रतिदिन एक उड़ान है और दक्षिण भारत के लिए साप्ताहिक उड़ाने हैं।
train,train-s1384,बी. टेक. कंप्यूटर साइंस अंतिम वर्ष के छात्र विपिन कुमार ने देश में कंप्यूटर की प्रोसेसिंग पावर बढ़ाने के क्षेत्र में चल रहे अनुसंधान को चुनौती देते हुए तीस कंप्यूटरों को क्लस्टर तकनीक से जोड़कर सुपर कंप्यूटर बनाने का गौरव हासिल किया है ।,बी. टेक. कंप्यूटर साइंस अंतिम वर्ष के छात्र विपिन कुमार ने देश में कंप्यूटर की प्रोसेसिंग पावर बढ़ाने के क्षेत्र में चल रहे अनुसंधान को चुनौती देते हुए तीस कंप्यूटरों को क्लस्टर तकनीक से जोड़कर सुपर कंप्यूटर बनाने का गौरव हासिल किया है।
train,train-s1386,जबकि पश्चिमी उत्तर प्रदेश के इस युवा ने इसकी स्पीड कुछ अन्य कंप्यूटरों को जोड़कर डेढ़ लाख गीगा हर्टज तक बढ़ाने का दावा किया है ।,जबकि पश्चिमी उत्तर प्रदेश के इस युवा ने इसकी स्पीड कुछ अन्य कंप्यूटरों को जोड़कर डेढ़ लाख गीगा हर्टज तक बढ़ाने का दावा किया है।
train,train-s1389,विपिन पहला ऐसा भारतीय है जिसने सामान्य कंप्यूटरों को जोड़कर सुपर कंप्यूटर बनाया है ।,विपिन पहला ऐसा भारतीय है जिसने सामान्य कंप्यूटरों को जोड़कर सुपर कंप्यूटर बनाया है।
train,train-s1391,उन्होंने कहा कि कलक्ट्रेट के कंप्यूटरों को भी विपिन की अत्याधुनिक तकनीक से जोड़कर उनकी प्रोसेसिंग पावर बढ़ाई जाएगी ।,उन्होंने कहा कि कलक्ट्रेट के कंप्यूटरों को भी विपिन की अत्याधुनिक तकनीक से जोड़कर उनकी प्रोसेसिंग पावर बढ़ाई जाएगी।
train,train-s1406,कई कंप्यूटरों को जब जोड़ दिया गया तो स्पीड बढ़ गई ।,कई कंप्यूटरों को जब जोड़ दिया गया तो स्पीड बढ़ गई।
train,train-s1411,इसकी सबसे बड़ी विशेषता यह है कि सामान्य कार्य चलता रहेगा और किसी चीज की प्रोसेसिंग भी अपने आप होती रहेगी ।,इसकी सबसे बड़ी विशेषता यह है कि सामान्य कार्य चलता रहेगा और किसी चीज की प्रोसेसिंग भी अपने आप होती रहेगी।
train,train-s1416,खोखर ने दोहराया कि हम संवेदनशील मसलों पर गंभीरता से विचार करने की दिशा में आगे बढ़ रहे हैं ।,खोखर ने दोहराया कि हम संवेदनशील मसलों पर गंभीरता से विचार करने की दिशा में आगे बढ़ रहे हैं।
train,train-s1426,"भारत का कहना है कि दोनों देशों के बीच सैन्य सहयोग और विश्वास बढ़ाने में भारत पीछे नहीं रहेगा, लेकिन कश्मीर के मामले में भारत अपने पुराने रुख से पीछे नहीं हटेगा ।","भारत का कहना है कि दोनों देशों के बीच सैन्य सहयोग और विश्वास बढ़ाने में भारत पीछे नहीं रहेगा, लेकिन कश्मीर के मामले में भारत अपने पुराने रुख से पीछे नहीं हटेगा।"
train,train-s1431,इसी रोकटोक से नाराज वकील पुलिस के खिलाफ सड़क पर उतर आए और दिन भर गुरिल्ला युद्ध चलता रहा ।,इसी रोकटोक से नाराज वकील पुलिस के खिलाफ सड़क पर उतर आए और दिन भर गुरिल्ला युद्ध चलता रहा।
train,train-s1433,पथराव में आसपास की दुकानों में काम करने वाले लड़कों ने भी साथ दिया ।,पथराव में आसपास की दुकानों में काम करने वाले लड़कों ने भी साथ दिया।
train,train-s1436,"पथराव, भगदड़ और आगजनी में दो दर्जन वकीलों को चोटें आईं तो पुलिस और मीडियाकर्मी भी घायल हुए ।","पथराव, भगदड़ और आगजनी में दो दर्जन वकीलों को चोटें आईं तो पुलिस और मीडियाकर्मी भी घायल हुए।"
train,train-s1445,इसके पूर्व एक न्यायमूर्ति को भी रास्ता बदलकर हाईकोर्ट जाना पड़ा था ।,इसके पूर्व एक न्यायमूर्ति को भी रास्ता बदलकर हाईकोर्ट जाना पड़ा था।
train,train-s1454,इसी दौरान कुछ लोगों ने सामने खड़ी पुलिस की टाटा सूमो (यूपी - ७० एजी / ००२६) को पलट दिया और नारेबाजी करने लगे ।,इसी दौरान कुछ लोगों ने सामने खड़ी पुलिस की टाटा सूमो (यूपी-७० एजी / ००२६) को पलट दिया और नारेबाजी करने लगे।
train,train-s1456,उन्होंने वकीलों को समझाना चाहा लेकिन गुस्साई भीड़ कुछ भी सुनने को तैयार नहीं थी ।,उन्होंने वकीलों को समझाना चाहा लेकिन गुस्साई भीड़ कुछ भी सुनने को तैयार नहीं थी।
train,train-s1461,"शाम चार बजे आईजी, डीआईजी और एसएसपी भी पहुंचे तो आगे खड़े वकीलों ने पीएसी हटाकर बात करने को कहा ।","शाम चार बजे आईजी, डीआईजी और एसएसपी भी पहुंचे तो आगे खड़े वकीलों ने पीएसी हटाकर बात करने को कहा।"
train,train-s1463,कुछ देर बाद जी.टी. रोड पर पत्थरबाजी हुई और मुख्य गेट के पास खड़ी एक सरकारी जीप आग के हवाले कर दी गई ।,कुछ देर बाद जी.टी. रोड पर पत्थरबाजी हुई और मुख्य गेट के पास खड़ी एक सरकारी जीप आग के हवाले कर दी गई।
train,train-s1469,वैट से देशभर का व्यापार ठप पड़ा है ।,वैट से देशभर का व्यापार ठप पड़ा है।
train,train-s1470,तकनीकी खामियों को लेकर उत्पन्न अनिश्चितता से उबरते हुए अमेरिकी स्पेस एजेंसी नासा के स्पेस शटल डिस्कवरी ने मंगलवार को भारतीय समयानुसार रात ८ बजकर ९ मिनट पर केनेडी स्पेस सेंटर से उड़ान भरी ।,तकनीकी खामियों को लेकर उत्पन्न अनिश्चितता से उबरते हुए अमेरिकी स्पेस एजेंसी नासा के स्पेस शटल डिस्कवरी ने मंगलवार को भारतीय समयानुसार रात ८ बजकर ९ मिनट पर केनेडी स्पेस सेंटर से उड़ान भरी।
train,train-s1475,ढाई साल पहले हुए कोलंबिया हादसे के बाद किसी अमेरिकी अंतरिक्ष यान की यह पहली उड़ान है ।,ढाई साल पहले हुए कोलंबिया हादसे के बाद किसी अमेरिकी अंतरिक्ष यान की यह पहली उड़ान है।
train,train-s1476,डिस्कवरी अंतर्राष्ट्रीय अंतरिक्ष स्टेशन (आईएसएस) के लिए उपकरण व अन्य ज़रूरी सामान लेकर गया है ।,डिस्कवरी अंतर्राष्ट्रीय अंतरिक्ष स्टेशन (आईएसएस) के लिए उपकरण व अन्य ज़रूरी सामान लेकर गया है।
train,train-s1478,"इस अभियान में जाने वाले अंतरिक्ष यात्री हैं, पायलट जेम्स कैली, वेंडी लॅरेंस, चार्ल्स कमारडा, एंड्रयू थॉमस, स्टीफ़न रॅबिंसन, कमांडर इलीन कॉलिंस और जापान के सोची नोगुची ।","इस अभियान में जाने वाले अंतरिक्ष यात्री हैं, पायलट जेम्स कैली, वेंडी लॅरेंस, चार्ल्स कमारडा, एंड्रयू थॉमस, स्टीफ़न रॅबिंसन, कमांडर इलीन कॉलिंस और जापान के सोची नोगुची।"
train,train-s1484,इसके कारण सैकड़ों श्रद्धालुओं को इस विरोध प्रदर्शन के कारण मुख्य दरवाजे के बाहर इंतज़ार करना पड़ा ।,इसके कारण सैकड़ों श्रद्धालुओं को इस विरोध प्रदर्शन के कारण मुख्य दरवाजे के बाहर इंतज़ार करना पड़ा।
train,train-s1485,इसके बाद पुलिस ने मामले में हस्तक्षेप करके दरवाज़ा खुलवाया ।,इसके बाद पुलिस ने मामले में हस्तक्षेप करके दरवाज़ा खुलवाया।
train,train-s1486,अतिक्रमण विरोधी अभियान दरगाह कमेटी ने उर्स के मौके पर दरगाह की सुरक्षा के लिए छेड़ा था ।,अतिक्रमण विरोधी अभियान दरगाह कमेटी ने उर्स के मौके पर दरगाह की सुरक्षा के लिए छेड़ा था।
train,train-s1489,भारत सरकार ने नेपाल से कहा है कि पाकिस्तान के आतंकवादी भारत - नेपाल सीमा पर सुरक्षा खामियों का फ़ायदा उठाकर भारतीय क्षेत्र में घुसपैठ करते हैं ।,भारत सरकार ने नेपाल से कहा है कि पाकिस्तान के आतंकवादी भारत-नेपाल सीमा पर सुरक्षा खामियों का फ़ायदा उठाकर भारतीय क्षेत्र में घुसपैठ करते हैं।
train,train-s1491,पश्चिम बंगाल के मानवाधिकार आयोग ने एक डीआईजी पर पुरुष कांस्टेबल देबाशीष बनर्जी का यौन उत्पीड़न करने के आरोप की जांच करने के आदेश दिए हैं ।,पश्चिम बंगाल के मानवाधिकार आयोग ने एक डीआईजी पर पुरुष कांस्टेबल देबाशीष बनर्जी का यौन उत्पीड़न करने के आरोप की जांच करने के आदेश दिए हैं।
train,train-s1495,पुलिस सूत्रों के मुताबिक स्टेशन के नज़दीक स्थित पानी टंकी के पास एक गोदाम में दोपहर बाद विस्फ़ोट हुआ ।,पुलिस सूत्रों के मुताबिक स्टेशन के नज़दीक स्थित पानी टंकी के पास एक गोदाम में दोपहर बाद विस्फ़ोट हुआ।
train,train-s1496,उन्होंने बताया कि संदिग्ध आतंकवादियों ने विस्फ़ोट को अंजाम देने के बाद भीड़ का लाभ उठाकर भागने में सफल हो गए ।,उन्होंने बताया कि संदिग्ध आतंकवादियों ने विस्फ़ोट को अंजाम देने के बाद भीड़ का लाभ उठाकर भागने में सफल हो गए।
train,train-s1499,पुलिस सूत्रों के मुताबिक विस्फ़ोट का रेल सेवा पर कोई प्रभाव नहीं पड़ा है ।,पुलिस सूत्रों के मुताबिक विस्फ़ोट का रेल सेवा पर कोई प्रभाव नहीं पड़ा है।
train,train-s1500,अमरनाथ गुफ़ा में हर साल प्राकृतिक रूप से बनने वाले शिवलिंग के साथ कथित रूप से छेड़छाड़ किए जाने के मामले में श्री अमरनाथ श्राइन बोर्ड के खिलाफ़ शिकायत दर्ज की गई है ।,अमरनाथ गुफ़ा में हर साल प्राकृतिक रूप से बनने वाले शिवलिंग के साथ कथित रूप से छेड़छाड़ किए जाने के मामले में श्री अमरनाथ श्राइन बोर्ड के खिलाफ़ शिकायत दर्ज की गई है।
train,train-s1504,याचिका में आरोप लगाया गया है कि श्राइन बोर्ड द्वारा नकली शिवलिंग बनाए जाने से अमरनाथ की पवित्र गुफ़ा के दर्शन को आने वाले हिंदू श्रद्धालुओं की भावनाएं आहत हुई हैं ।,याचिका में आरोप लगाया गया है कि श्राइन बोर्ड द्वारा नकली शिवलिंग बनाए जाने से अमरनाथ की पवित्र गुफ़ा के दर्शन को आने वाले हिंदू श्रद्धालुओं की भावनाएं आहत हुई हैं।
train,train-s1506,अप्रैल माह में शहर में आयोजित धार्मिक जुलूस के दौरान हुई हिंसा के मामले में सिमी के दो संदिग्ध कार्यकर्ताओं को गिरफ़्तार किया गया है ।,अप्रैल माह में शहर में आयोजित धार्मिक जुलूस के दौरान हुई हिंसा के मामले में सिमी के दो संदिग्ध कार्यकर्ताओं को गिरफ़्तार किया गया है।
train,train-s1507,बुधवार को अतिरिक्त पुलिस अधीक्षक एस. पी. सिंह ने बताया कि प्रतिबंधित संगठन के वरिष्ठ कार्यकर्ताओं से मिली जानकारी के आधार पर मोहम्मद अमीन कुरैशी और मोहम्मद शफ़ीक को गिरफ़्तार किया गया है ।,बुधवार को अतिरिक्त पुलिस अधीक्षक एस. पी. सिंह ने बताया कि प्रतिबंधित संगठन के वरिष्ठ कार्यकर्ताओं से मिली जानकारी के आधार पर मोहम्मद अमीन कुरैशी और मोहम्मद शफ़ीक को गिरफ़्तार किया गया है।
train,train-s1508,सिंह ने बताया कि मुंबई बम विस्फ़ोट के बाद भोपाल में गिरफ़्तार किए गए सिमी कार्यकर्ता इमरान अंसारी से मिली जानकारी के आधार पर दोनों को गिरफ़्तार किया गया ।,सिंह ने बताया कि मुंबई बम विस्फ़ोट के बाद भोपाल में गिरफ़्तार किए गए सिमी कार्यकर्ता इमरान अंसारी से मिली जानकारी के आधार पर दोनों को गिरफ़्तार किया गया।
train,train-s1509,उन्होंने बताया कि दोनों के पास से कई आपत्तिजनक दस्तावेज़ मिले हैं ।,उन्होंने बताया कि दोनों के पास से कई आपत्तिजनक दस्तावेज़ मिले हैं।
train,train-s1512,फिर इसमें कुछ और तकनीकी अड़चनें भी हैं ।,फिर इसमें कुछ और तकनीकी अड़चनें भी हैं।
train,train-s1518,दरअसल चैपल ने कल्पना भी नहीं की थी कि उंगली का इशारा इस कदर तूल पकड़ लेगा ।,दरअसल चैपल ने कल्पना भी नहीं की थी कि उंगली का इशारा इस कदर तूल पकड़ लेगा।
train,train-s1519,कोलकता के अंग्रेजी अखबार ने (किंकर्तव्यविमूढ़) चैपल से सच उगलवा ही लिया ।,कोलकता के अंग्रेजी अखबार ने (किंकर्तव्यविमूढ़) चैपल से सच उगलवा ही लिया।
train,train-s1520,"इसके मुताबिक, दर्शकों की ओर जानबूझकर अभद्र इशारे की बाबत पूछे जाने पर चैपल ने कहा, मुझे इसकी व्याख्या करने की ज़रूरत नहीं है ।","इसके मुताबिक, दर्शकों की ओर जानबूझकर अभद्र इशारे की बाबत पूछे जाने पर चैपल ने कहा, मुझे इसकी व्याख्या करने की ज़रूरत नहीं है।"
train,train-s1522,"उन्होंने यह भी कहा कि विभिन्न न्यूज़ चैनलों पर जो तस्वीर दिखाई गई है, वह सही है ।","उन्होंने यह भी कहा कि विभिन्न न्यूज़ चैनलों पर जो तस्वीर दिखाई गई है, वह सही है।"
train,train-s1527,इस खुलासे के बावजूद रविवार शाम भारतीय टीम के कप्तान राहुल द्रविड़ और मीडिया मैनेजर बालादित्य के साथ प्रेस कांफ्रेंस में अपनी साफगोई और सख्ती के लिए विख्यात ग्रेग चैपल इशारे के सवाल पर चुप्पी साध गए ।,इस खुलासे के बावजूद रविवार शाम भारतीय टीम के कप्तान राहुल द्रविड़ और मीडिया मैनेजर बालादित्य के साथ प्रेस कांफ्रेंस में अपनी साफगोई और सख्ती के लिए विख्यात ग्रेग चैपल इशारे के सवाल पर चुप्पी साध गए।
train,train-s1528,बाद में उनकी तरफ़ से बालादित्य यह कहकर बात टालने की कोशिश की कि ऐसी कोई घटना हुई ही नहीं ।,बाद में उनकी तरफ़ से बालादित्य यह कहकर बात टालने की कोशिश की कि ऐसी कोई घटना हुई ही नहीं।
train,train-s1531,चैपल को अभ्यास सत्र के दौरान चोट लगी थी और बात अब यहीं ख़त्म कर दी जानी चाहिए ।,चैपल को अभ्यास सत्र के दौरान चोट लगी थी और बात अब यहीं ख़त्म कर दी जानी चाहिए।
train,train-s1538,इसके लिए ज़रूरी है कि इन दस्तावेजों को सदन के पटल पर रखा जाए ।,इसके लिए ज़रूरी है कि इन दस्तावेजों को सदन के पटल पर रखा जाए।
train,train-s1543,इस बार जरूरी सूचनाओं से लैस अधिकारी दीपावली की खरीददारी में खुले हाथ से पैसा लुटाने वाले १ -JOIN १.५ करोड़ लोगों को एसएमएस भेजकर अंतिम समय सीमा ३१ अक्तूबर से पहले हर हाल में रिटर्न दाखिल करने को कहेंगे ।,इस बार जरूरी सूचनाओं से लैस अधिकारी दीपावली की खरीददारी में खुले हाथ से पैसा लुटाने वाले १ -JOIN १.५ करोड़ लोगों को एसएमएस भेजकर अंतिम समय सीमा ३१ अक्तूबर से पहले हर हाल में रिटर्न दाखिल करने को कहेंगे।
train,train-s1549,"चिदंबरम ने कहा कि उन सभी १ - १.५ करोड़ मोबाइलधारक जिन्होंने १०,००० रुपये से ज्यादा की खरीददारी की है, को ३१ अक्तूबर से पहले टैक्स रिटर्न दाखिल करने के लिए एसएमएस भेजा जाएगा ।","चिदंबरम ने कहा कि उन सभी १-१.५ करोड़ मोबाइलधारक जिन्होंने १०,००० रुपये से ज्यादा की खरीददारी की है, को ३१ अक्तूबर से पहले टैक्स रिटर्न दाखिल करने के लिए एसएमएस भेजा जाएगा।"
train,train-s1555,लेकिन यह आंकड़ा निश्चित रूप से और ज्यादा है ।,लेकिन यह आंकड़ा निश्चित रूप से और ज्यादा है।
train,train-s1559,पाकिस्तान क्रिकेट बोर्ड के मुख्य कार्यकारी अधिकारी रमीज राजा ने अपने पद से इस्तीफ़ा दे दिया है ।,पाकिस्तान क्रिकेट बोर्ड के मुख्य कार्यकारी अधिकारी रमीज राजा ने अपने पद से इस्तीफ़ा दे दिया है।
train,train-s1560,पूर्व सलामी बल्लेबाज रमीज का बोर्ड में सीईओ रहते हुए टीवी कमेंटरी करने की काफ़ी आलोचना हो रही थी ।,पूर्व सलामी बल्लेबाज रमीज का बोर्ड में सीईओ रहते हुए टीवी कमेंटरी करने की काफ़ी आलोचना हो रही थी।
train,train-s1561,रमीज ने कहा कि उनके लिए पीसीबी सीईओ पद छोड़ने का यह उचित समय है ।,रमीज ने कहा कि उनके लिए पीसीबी सीईओ पद छोड़ने का यह उचित समय है।
train,train-s1562,रमीज ने कहा कि उन्होंने बोर्ड को साफ़ कर दिया है कि उनके लिए मीडिया क्षेत्र बेहद महत्वपूर्ण है ।,रमीज ने कहा कि उन्होंने बोर्ड को साफ़ कर दिया है कि उनके लिए मीडिया क्षेत्र बेहद महत्वपूर्ण है।
train,train-s1563,हालांकि उन्होंने इस बात से इनकार किया कि उन्होंने इस्तीफ़ा आलोचनाओं की वजह से दिया ।,हालांकि उन्होंने इस बात से इनकार किया कि उन्होंने इस्तीफ़ा आलोचनाओं की वजह से दिया।
train,train-s1565,रमीज ने कहा कि उन्होंने अपने इस्तीफ़े के सिलसिले में बोर्ड अध्यक्ष शहरयार खान से भी बात की ।,रमीज ने कहा कि उन्होंने अपने इस्तीफ़े के सिलसिले में बोर्ड अध्यक्ष शहरयार खान से भी बात की।
train,train-s1567,रमीज ने कहा कि उन्होंने इस पद पर बेहद उत्साह से काम किया और पद छोड़ते हुए अफ़सोस हुआ ।,रमीज ने कहा कि उन्होंने इस पद पर बेहद उत्साह से काम किया और पद छोड़ते हुए अफ़सोस हुआ।
train,train-s1570,इसके लिए जरूरी है कि कृषि क्षेत्र में निवेश बढ़ाया जाए ।,इसके लिए जरूरी है कि कृषि क्षेत्र में निवेश बढ़ाया जाए।
train,train-s1574,पिछले एक दशक में कृषि क्षेत्र की विकास दर ४.७ फीसदी से घट कर १.२ फ़ीसदी आ जाने से प्रधानमंत्री बेहद चिंतित दिखे ।,पिछले एक दशक में कृषि क्षेत्र की विकास दर ४.७ फीसदी से घट कर १.२ फ़ीसदी आ जाने से प्रधानमंत्री बेहद चिंतित दिखे।
train,train-s1577,प्रधानमंत्री ने इस मौके पर वर्षा सिंचित क्षेत्रों के लिए 'रेनफीड एरिया अथॅरिटी' गठित करने का ऐलान किया ।,प्रधानमंत्री ने इस मौके पर वर्षा सिंचित क्षेत्रों के लिए 'रेनफीड एरिया अथॅरिटी' गठित करने का ऐलान किया।
train,train-s1580,"उन्होंने कहा कि कृषि, सिंचाई और अन्य संबद्ध क्षेत्रों में निवेश बढ़ाने की आवश्यकता है ।","उन्होंने कहा कि कृषि, सिंचाई और अन्य संबद्ध क्षेत्रों में निवेश बढ़ाने की आवश्यकता है।"
train,train-s1586,सतलुज नदी में जलस्तर घटने से हिमाचल प्रदेश में बाढ़ का खतरा फिलहाल टल गया है और हजारों लोग अब सुरक्षित स्थानों से अपने घरों की ओर लौट रहे हैं ।,सतलुज नदी में जलस्तर घटने से हिमाचल प्रदेश में बाढ़ का खतरा फिलहाल टल गया है और हजारों लोग अब सुरक्षित स्थानों से अपने घरों की ओर लौट रहे हैं।
train,train-s1587,लेकिन कुदरत के इस कहर ने हिमाचल को ८०० करोड़ रुपये से अधिक की चोट पहुंचाई है ।,लेकिन कुदरत के इस कहर ने हिमाचल को ८०० करोड़ रुपये से अधिक की चोट पहुंचाई है।
train,train-s1588,तिब्बत के एक गांव से बहकर आई छह लाशें ज़रूर मिली हैं ।,तिब्बत के एक गांव से बहकर आई छह लाशें ज़रूर मिली हैं।
train,train-s1590,किन्नौर के साथ लगते स्पीति इलाके में बाढ़ से व्यापक नुकसान हुआ है ।,किन्नौर के साथ लगते स्पीति इलाके में बाढ़ से व्यापक नुकसान हुआ है।
train,train-s1595,एक बड़ी चट्टान झील के मुहाने पर दिखाई दे रही है ।,एक बड़ी चट्टान झील के मुहाने पर दिखाई दे रही है।
train,train-s1596,इस चट्टान के नीचे से पानी तेजी से बहकर हिमाचल की तरफ़ आ रहा है ।,इस चट्टान के नीचे से पानी तेजी से बहकर हिमाचल की तरफ़ आ रहा है।
train,train-s1597,पारछू में दरार के कारण स्पीति नदी में भी खारक के पास एक बड़ी झील बन गई है ।,पारछू में दरार के कारण स्पीति नदी में भी खारक के पास एक बड़ी झील बन गई है।
train,train-s1599,केन्द्रीय गृह सचिव वी. के. दुग्गल ने सोमवार को नई दिल्ली में कहा कि हिमाचल को लेकर फ़िलहाल चिंता की कोई बात नहीं है ।,केन्द्रीय गृह सचिव वी. के. दुग्गल ने सोमवार को नई दिल्ली में कहा कि हिमाचल को लेकर फ़िलहाल चिंता की कोई बात नहीं है।
train,train-s1609,घाटी में बे-लगाम हुए आतंकियों ने शनिवार को हंदवाड़ा के पास वन मंत्री गुलाम मोहिउद्दीन सोफी के काफिले पर गोलियां बरसाईं ।,घाटी में बे-लगाम हुए आतंकियों ने शनिवार को हंदवाड़ा के पास वन मंत्री गुलाम मोहिउद्दीन सोफी के काफिले पर गोलियां बरसाईं।
train,train-s1612,प्राप्त जानकारी के अनुसार वन मंत्री का काफिला दोपहर चार बजे के करीब हंदवाड़ा के बुडलवाला इलाके से गुजर रहा था ।,प्राप्त जानकारी के अनुसार वन मंत्री का काफिला दोपहर चार बजे के करीब हंदवाड़ा के बुडलवाला इलाके से गुजर रहा था।
train,train-s1617,अनंतनाग जिले के अछबल इलाके में ७ राष्ट्रीय राइफल्स तथा स्पेशल आपरेशन ग्रुप द्वारा चलाए एक संयुक्त अभियान के दौरान हुई मुठभेड़ में दो आतंकियों को मार गिराया गया ।,अनंतनाग जिले के अछबल इलाके में ७ राष्ट्रीय राइफल्स तथा स्पेशल आपरेशन ग्रुप द्वारा चलाए एक संयुक्त अभियान के दौरान हुई मुठभेड़ में दो आतंकियों को मार गिराया गया।
train,train-s1622,मुठभेड़ में सात राष्ट्रीय राइफल्स का जवान बलवंत सिंह घायल हो गया ।,मुठभेड़ में सात राष्ट्रीय राइफल्स का जवान बलवंत सिंह घायल हो गया।
train,train-s1637,वजा के साथ पाकिस्तान के तत्कालीन सैन्य तानाशाह जिया उल हक ने कश्मीरी आतंकियों की भर्ती के लिए उसके साथ एक 'सहमति' पर दस्तखत किए थे ।,वजा के साथ पाकिस्तान के तत्कालीन सैन्य तानाशाह जिया उल हक ने कश्मीरी आतंकियों की भर्ती के लिए उसके साथ एक 'सहमति' पर दस्तखत किए थे।
train,train-s1638,अलगाववादी संगठन पीपुल्स कांफ्रेंस के एक धड़े के कार्यकारी अध्यक्ष वजा ने जम्मू के अखबार 'डेली एक्सेलसियर' को बताया कि राशिद के बंगले की सुरक्षा में सादे कपड़ों में पाकिस्तानी सेना के जवान तैनात रहते थे ।,अलगाववादी संगठन पीपुल्स कांफ्रेंस के एक धड़े के कार्यकारी अध्यक्ष वजा ने जम्मू के अखबार 'डेली एक्सेलसियर' को बताया कि राशिद के बंगले की सुरक्षा में सादे कपड़ों में पाकिस्तानी सेना के जवान तैनात रहते थे।
train,train-s1647,हालांकि राइस की नियुक्ति के लिए सीनेट में मतदान कराना पड़ा और लंबी बहस के बाद १३ के मुकाबले ८५ मतों से राइस की नियुक्ति को अनुमोदित किया गया ।,हालांकि राइस की नियुक्ति के लिए सीनेट में मतदान कराना पड़ा और लंबी बहस के बाद १३ के मुकाबले ८५ मतों से राइस की नियुक्ति को अनुमोदित किया गया।
train,train-s1662,"आडवाणी ने कहा कि भाजपा ने विपक्ष और शासक के नाते जो साख बनाई है, यह एक बड़ी उपलब्धि है ।","आडवाणी ने कहा कि भाजपा ने विपक्ष और शासक के नाते जो साख बनाई है, यह एक बड़ी उपलब्धि है।"
train,train-s1667,कोईराला के भतीजे और नेपाली कांग्रेस सदस्य शेखर कोइराला ने पत्रकारों को बताया है कि ब्रोंकाइटिस से पीड़ित कोईराला की तबियत में सुधार हो रहा है और वह शनिवार शपथ लेंगे ।,कोईराला के भतीजे और नेपाली कांग्रेस सदस्य शेखर कोइराला ने पत्रकारों को बताया है कि ब्रोंकाइटिस से पीड़ित कोईराला की तबियत में सुधार हो रहा है और वह शनिवार शपथ लेंगे।
train,train-s1670,आज संसदीय दल की बैठक के बाद शपथ ग्रहण समारोह में उन्हें प्रधानमंत्री पद की शपथ दिलाई जानी थी कि ऐन मौके पर वो बीमार पड़ गए ।,आज संसदीय दल की बैठक के बाद शपथ ग्रहण समारोह में उन्हें प्रधानमंत्री पद की शपथ दिलाई जानी थी कि ऐन मौके पर वो बीमार पड़ गए।
train,train-s1674,अमेरिका ने चीनी सेना के बढ़ते विस्तार पर गहरी चिंता जताते हुए इस सैन्य तैयारी को चीन की क्षेत्रीय सैन्य जरूरतों के अनुपात में अधिक व्यापक करार दिया है ।,अमेरिका ने चीनी सेना के बढ़ते विस्तार पर गहरी चिंता जताते हुए इस सैन्य तैयारी को चीन की क्षेत्रीय सैन्य जरूरतों के अनुपात में अधिक व्यापक करार दिया है।
train,train-s1677,उन्होंने कहा कि अमेरिका पाकिस्तान के उसके पड़ोसी मुल्कों के साथ बेहतर रिश्ते की वकालत करता रहा है ।,उन्होंने कहा कि अमेरिका पाकिस्तान के उसके पड़ोसी मुल्कों के साथ बेहतर रिश्ते की वकालत करता रहा है।
train,train-s1678,ऐसे में अगर चीन और पाकिस्तान में प्रगाढ़ता बढ़ती है तो इस पर अमेरिका को ऐतराज नहीं है बशर्ते कि यह रिश्ता क्षेत्रीय शक्ति संतुलन के विपरीत न हो ।,ऐसे में अगर चीन और पाकिस्तान में प्रगाढ़ता बढ़ती है तो इस पर अमेरिका को ऐतराज नहीं है बशर्ते कि यह रिश्ता क्षेत्रीय शक्ति संतुलन के विपरीत न हो।
train,train-s1680,"चीन आर्थिक, राजनयिक, राजनीतिक और सैन्य रूप से लगातार मजबूत हो रहा है लेकिन चीन को अपने इस बढ़ते प्रभाव का इस्तेमाल रचनात्मक तरीके से करना चाहिए ।","चीन आर्थिक, राजनयिक, राजनीतिक और सैन्य रूप से लगातार मजबूत हो रहा है लेकिन चीन को अपने इस बढ़ते प्रभाव का इस्तेमाल रचनात्मक तरीके से करना चाहिए।"
train,train-s1687,हालांकि बल्लेबाजों ने भारत की नैय्या डुबाने में कोई कसर नहीं छोड़ी लेकिन गेंदबाजों ने बेहतर प्रदर्शन करते हुए कोटला के मैदान पर अंग्रेजों को ३९ रनों से धूल चटा दी ।,हालांकि बल्लेबाजों ने भारत की नैय्या डुबाने में कोई कसर नहीं छोड़ी लेकिन गेंदबाजों ने बेहतर प्रदर्शन करते हुए कोटला के मैदान पर अंग्रेजों को ३९ रनों से धूल चटा दी।
train,train-s1688,हरभजन सिंह और इरफान पठान ने युवराज सिंह के साथ मिलकर गेंदबाजी की ऐसी बिसात बिछाई कि २०३ रनों को अपेक्षाकृत आसान लक्ष्य मान रही इंग्लैंड की टीम १६४ के आंकड़े तक पहुंचते ही ढेर हो गई ।,हरभजन सिंह और इरफान पठान ने युवराज सिंह के साथ मिलकर गेंदबाजी की ऐसी बिसात बिछाई कि २०३ रनों को अपेक्षाकृत आसान लक्ष्य मान रही इंग्लैंड की टीम १६४ के आंकड़े तक पहुंचते ही ढेर हो गई।
train,train-s1693,सहवाग के बाद आए कप्तान राहुल द्रविड़ ने पारी संभालने की भरसक कोशिश की लेकिन उनका साथ निभाने आए युवराज सिंह एक रन बनाने के बाद ही उनका साथ छोड़कर चलते बने ।,सहवाग के बाद आए कप्तान राहुल द्रविड़ ने पारी संभालने की भरसक कोशिश की लेकिन उनका साथ निभाने आए युवराज सिंह एक रन बनाने के बाद ही उनका साथ छोड़कर चलते बने।
train,train-s1696,द्रविड़ ३४ रन के निजी स्कोर पर प्लंकेट का शिकार बने ।,द्रविड़ ३४ रन के निजी स्कोर पर प्लंकेट का शिकार बने।
train,train-s1697,इसके बाद सुरेश रैना और इरफान पठान की जोड़ी ने मैच संभालने का प्रयास किया और कुछ रन जोड़े ।,इसके बाद सुरेश रैना और इरफान पठान की जोड़ी ने मैच संभालने का प्रयास किया और कुछ रन जोड़े।
train,train-s1706,उसके बाद प्रियोर और पीटरसन ने मिलकर स्कोर को आगे बढ़ाया ।,उसके बाद प्रियोर और पीटरसन ने मिलकर स्कोर को आगे बढ़ाया।
train,train-s1717,उन्होंने कहा कि बीजिंग स्थित सत्ता प्रतिष्ठान ने भारत के साथ सैन्य व रणनीतिक सहयोग बढ़ाने की हरी झंडी दे दी है ।,उन्होंने कहा कि बीजिंग स्थित सत्ता प्रतिष्ठान ने भारत के साथ सैन्य व रणनीतिक सहयोग बढ़ाने की हरी झंडी दे दी है।
train,train-s1721,उन्होंने कहा कि भविष्य के संयुक्त सैन्य अभ्यासों का फोकस आतंकवाद और जल दस्यु से लड़ना होना चाहिए ।,उन्होंने कहा कि भविष्य के संयुक्त सैन्य अभ्यासों का फोकस आतंकवाद और जल दस्यु से लड़ना होना चाहिए।
train,train-s1730,झारखंड के धनबाद जिले में चार आदिवासी नाबालिग लड़कियों के साथ सामूहिक बलात्कार की घटना ने सुरक्षा - व्यवस्था की कलई खोल दी है ।,झारखंड के धनबाद जिले में चार आदिवासी नाबालिग लड़कियों के साथ सामूहिक बलात्कार की घटना ने सुरक्षा-व्यवस्था की कलई खोल दी है।
train,train-s1731,"यूं तो घटना पिछले सप्ताह हुई, लेकिन मामले ने तब तूल पकड़ा जब झारखंड मुक्ति मोर्चा के स्थानीय नेताओं ने इस घटना की ओर प्रशासन का ध्यान आकृष्ट किया ।","यूं तो घटना पिछले सप्ताह हुई, लेकिन मामले ने तब तूल पकड़ा जब झारखंड मुक्ति मोर्चा के स्थानीय नेताओं ने इस घटना की ओर प्रशासन का ध्यान आकृष्ट किया।"
train,train-s1732,सूत्रों के मुताबिक धनबाद के पहाड़ाबाद गांव के पास ८ युवकों ने इन लड़कियों के साथ बलात्कार किया ।,सूत्रों के मुताबिक धनबाद के पहाड़ाबाद गांव के पास ८ युवकों ने इन लड़कियों के साथ बलात्कार किया।
train,train-s1733,ये लड़कियां पास की एक फैक्टरी में मजदूरी कर शाम को घर लौट रहीं थीं ।,ये लड़कियां पास की एक फैक्टरी में मजदूरी कर शाम को घर लौट रहीं थीं।
train,train-s1734,बलात्कार की शिकार हुई इन लड़कियों की उम्र १४ से १६ वर्ष बताई गयी है ।,बलात्कार की शिकार हुई इन लड़कियों की उम्र १४ से १६ वर्ष बताई गयी है।
train,train-s1735,एक वरिष्ठ पुलिस अधिकारी ने बताया कि इन आठ युवकों ने बंदूक की नोंक पर इन लड़कियों के साथ बलात्कार किया ।,एक वरिष्ठ पुलिस अधिकारी ने बताया कि इन आठ युवकों ने बंदूक की नोंक पर इन लड़कियों के साथ बलात्कार किया।
train,train-s1737,इन युवकों ने भुक्तभोगी लड़कियों से पैसे भी छीन लिए ।,इन युवकों ने भुक्तभोगी लड़कियों से पैसे भी छीन लिए।
train,train-s1738,जाते वक्त उन्होंने लड़कियों को धमकी दी कि अगर उन्होंने मुंह खोला तो उन्हें और उनके परिवार वालों को मार दिया जाएगा ।,जाते वक्त उन्होंने लड़कियों को धमकी दी कि अगर उन्होंने मुंह खोला तो उन्हें और उनके परिवार वालों को मार दिया जाएगा।
train,train-s1740,"वर्ष १९९६ में एक नौसिखिए की हैसियत से राजनीति शुरू करने वाले एच. डी. कुमारस्वामी वर्ष २००६ के पहले महीने में एक ऐसे मंजे हुए नेता के रूप में सामने आए, जिसने कई राजनीतिक अखाड़े के कई कद्दारों को चित कर दिया ।","वर्ष १९९६ में एक नौसिखिए की हैसियत से राजनीति शुरू करने वाले एच. डी. कुमारस्वामी वर्ष २००६ के पहले महीने में एक ऐसे मंजे हुए नेता के रूप में सामने आए, जिसने कई राजनीतिक अखाड़े के कई कद्दारों को चित कर दिया।"
train,train-s1741,कुमारस्वामी अपनी मां चेन्नमा के कहने पर बड़ी अनिच्छा से राजनीति में आए थे ।,कुमारस्वामी अपनी मां चेन्नमा के कहने पर बड़ी अनिच्छा से राजनीति में आए थे।
train,train-s1742,"पूर्व प्रधानमंत्री एच. डी. देवगौड़ा के इस बेटे ने अब तक वे पांच चुनाव लड़े हैं, जिनमें से केवल दो में कामयाबी मिली ।","पूर्व प्रधानमंत्री एच. डी. देवगौड़ा के इस बेटे ने अब तक वे पांच चुनाव लड़े हैं, जिनमें से केवल दो में कामयाबी मिली।"
train,train-s1743,"कुमारस्वामी को पहली सफलता वर्ष १९९६ में मिली, जब देवगौड़ा ने कनकपुरा संसदीय क्षेत्र से अविभाजित जद एस प्रत्याशी के रूप में उनका नाम प्रस्तावित किया था और वह चुनाव जीत गए ।","कुमारस्वामी को पहली सफलता वर्ष १९९६ में मिली, जब देवगौड़ा ने कनकपुरा संसदीय क्षेत्र से अविभाजित जद एस प्रत्याशी के रूप में उनका नाम प्रस्तावित किया था और वह चुनाव जीत गए।"
train,train-s1744,वर्ष १९९८ में कुमारस्वामी अपना जादू दोहराने में नाकाम रहे और कांग्रेस के एम. चंद्रशेखर मूर्ति के हाथों उन्हें मात खानी पड़ी ।,वर्ष १९९८ में कुमारस्वामी अपना जादू दोहराने में नाकाम रहे और कांग्रेस के एम. चंद्रशेखर मूर्ति के हाथों उन्हें मात खानी पड़ी।
train,train-s1745,"अगले ही साल उन्हें दोहरा झटका लगा, जब सथनुर विधानसभा और कनकपुरा संसदीय क्षेत्रों में मतदाताओं ने उन्हें उखाड़ फेंका ।","अगले ही साल उन्हें दोहरा झटका लगा, जब सथनुर विधानसभा और कनकपुरा संसदीय क्षेत्रों में मतदाताओं ने उन्हें उखाड़ फेंका।"
train,train-s1746,इस चुनाव में देवगौड़ा अपने घरेलू मैदान हासन और उनके बड़े पुत्र एच. डी. रवन्ना परिवार की परंपरागत सीट होलनसिंपुरा सीट से हार गए थे ।,इस चुनाव में देवगौड़ा अपने घरेलू मैदान हासन और उनके बड़े पुत्र एच. डी. रवन्ना परिवार की परंपरागत सीट होलनसिंपुरा सीट से हार गए थे।
train,train-s1751,"संस्थान प्रशासन ने आरोप को सही पाया, लेकिन प्रशासन ने शत्रुता पैदा करने वाली कोई कड़ी सजा देने की बजाय सकारात्मक सजा देने का नायाब फैसला लिया ।","संस्थान प्रशासन ने आरोप को सही पाया, लेकिन प्रशासन ने शत्रुता पैदा करने वाली कोई कड़ी सजा देने की बजाय सकारात्मक सजा देने का नायाब फैसला लिया।"
train,train-s1757,"केन्द्रीय बजट २००६ -JOIN ०७ में महिलाओं को लाभ देने के लिए कुल २८,७३७ करोड़ रुपये का प्रावधान किया गया है ।","केन्द्रीय बजट २००६ -JOIN ०७ में महिलाओं को लाभ देने के लिए कुल २८,७३७ करोड़ रुपये का प्रावधान किया गया है।"
train,train-s1758,इसके साथ ही बालिकाओं की शिक्षा को बढ़ावा देने के लिए भी मौद्रक लाभ का प्रस्ताव है ।,इसके साथ ही बालिकाओं की शिक्षा को बढ़ावा देने के लिए भी मौद्रक लाभ का प्रस्ताव है।
train,train-s1760,"इनसे जुड़ी योजनाओं के लिए २८,७३७ करोड़ रुपये का प्रावधान है ।","इनसे जुड़ी योजनाओं के लिए २८,७३७ करोड़ रुपये का प्रावधान है।"
train,train-s1764,बालिका शिक्षा को बढ़ावा देने के लिए इस साल कस्तूरबा गांधी बालिका विद्यालय योजना को १७२ करोड़ रुपये का अतिरिक्त प्रावधान किया गया है ।,बालिका शिक्षा को बढ़ावा देने के लिए इस साल कस्तूरबा गांधी बालिका विद्यालय योजना को १७२ करोड़ रुपये का अतिरिक्त प्रावधान किया गया है।
train,train-s1765,इस योजना के तहत आठवीं पास करके सेकेंडरी स्कूल में पंजीकरण कराने वाली लड़कियों के नाम तीन हजार रुपया जमा किया जाएगा ।,इस योजना के तहत आठवीं पास करके सेकेंडरी स्कूल में पंजीकरण कराने वाली लड़कियों के नाम तीन हजार रुपया जमा किया जाएगा।
train,train-s1768,पार्टी का कहना है कि राष्ट्रीय सुरक्षा से जुड़े इस अहम मुद्दे पर उसने सभी विकल्प खुले रखे हैं ।,पार्टी का कहना है कि राष्ट्रीय सुरक्षा से जुड़े इस अहम मुद्दे पर उसने सभी विकल्प खुले रखे हैं।
train,train-s1794,उन्होंने कहा कि शांति प्रक्रिया को आगे बढ़ाना व राज्य में विकास कार्यों में तेजी लाना सरकार की मुख्य कार्य सूची में शामिल होगा ।,उन्होंने कहा कि शांति प्रक्रिया को आगे बढ़ाना व राज्य में विकास कार्यों में तेजी लाना सरकार की मुख्य कार्य सूची में शामिल होगा।
train,train-s1795,इसके अलावा सरकार राज्य में भूकंप पीड़ितों के पुनर्वास पर भी ध्यान देगी ।,इसके अलावा सरकार राज्य में भूकंप पीड़ितों के पुनर्वास पर भी ध्यान देगी।
train,train-s1797,राष्ट्रीय मानवाधिकार आयोग ने पंजाब के रोपड़ जिले के मुहाली में बस स्टैंड पर महीनों से रह रहे बुजुर्ग की हालत पर चिंता जताई है ।,राष्ट्रीय मानवाधिकार आयोग ने पंजाब के रोपड़ जिले के मुहाली में बस स्टैंड पर महीनों से रह रहे बुजुर्ग की हालत पर चिंता जताई है।
train,train-s1800,९० साल का रामचंद्र महीनों से मुहाली के फेज़ पांच के बस स्टैंड पर रहने को मजबूर है ।,९० साल का रामचंद्र महीनों से मुहाली के फेज़ पांच के बस स्टैंड पर रहने को मजबूर है।
train,train-s1814,"उन्होंने यह भी कहा कि जिस तरह सीता को अग्नि -JOIN परीक्षा से गुजरना पड़ा था, उसी तरह संघ की परंपराओं के अनुसार जोशी ने तुरंत पद से इस्तीफा दे दिया ।","उन्होंने यह भी कहा कि जिस तरह सीता को अग्नि -JOIN परीक्षा से गुजरना पड़ा था, उसी तरह संघ की परंपराओं के अनुसार जोशी ने तुरंत पद से इस्तीफा दे दिया।"
train,train-s1835,भाजपा अध्यक्ष लालकृष्ण आडवाणी बड़े खराब मूड में हैं ।,भाजपा अध्यक्ष लालकृष्ण आडवाणी बड़े खराब मूड में हैं।
train,train-s1838,इस बार आडवाणी उखड़ गए ।,इस बार आडवाणी उखड़ गए।
train,train-s1843,उन्होंने कहा कि इन केंद्रों के माध्यम से फसलों की नई किस्मों को देश भर में प्रदर्शन करेगा जिससे केंद्रों के राजस्व में भी बढ़ोतरी होगी ।,उन्होंने कहा कि इन केंद्रों के माध्यम से फसलों की नई किस्मों को देश भर में प्रदर्शन करेगा जिससे केंद्रों के राजस्व में भी बढ़ोतरी होगी।
train,train-s1845,भारतीय जनता पार्टी के पूर्व महासचिव और संगठन मंत्री संजय जोशी के आपत्तिजनक और विवादस्पद सीडी के मामले से राष्ट्रीय महिला आयोग ने अपना पल्ला झाड़ लिया है ।,भारतीय जनता पार्टी के पूर्व महासचिव और संगठन मंत्री संजय जोशी के आपत्तिजनक और विवादस्पद सीडी के मामले से राष्ट्रीय महिला आयोग ने अपना पल्ला झाड़ लिया है।
train,train-s1847,सूत्रों के मुताबिक कुछ पत्रकारों ने टेलीफोन पर हुई बातचीत में आयोग की अध्यक्ष गिरिजा व्यास से यह शिकायत की थी कि संजय जोशी ने किसी महिला का यौन उत्पीड़न किया है और उस महिला की चिट्ठी उनके पास है ।,सूत्रों के मुताबिक कुछ पत्रकारों ने टेलीफोन पर हुई बातचीत में आयोग की अध्यक्ष गिरिजा व्यास से यह शिकायत की थी कि संजय जोशी ने किसी महिला का यौन उत्पीड़न किया है और उस महिला की चिट्ठी उनके पास है।
train,train-s1852,सूत्रों के मुताबिक कुछ प्रमुख अखबारों और टीवी चैनलों में भाजपा से जुड़ी खबरों को संकलन करने वाले संवाददाताओं के पास एक महिला ने गुमनाम चिट्ठी भेजी थी जिसमें उसने संजय जोशी पर यौन उत्पीड़न करने का आरोप लगाया था ।,सूत्रों के मुताबिक कुछ प्रमुख अखबारों और टीवी चैनलों में भाजपा से जुड़ी खबरों को संकलन करने वाले संवाददाताओं के पास एक महिला ने गुमनाम चिट्ठी भेजी थी जिसमें उसने संजय जोशी पर यौन उत्पीड़न करने का आरोप लगाया था।
train,train-s1853,बाद में उस महिला ने एक ऑडियो कैसेट भी भेजा था जिसे भाजपा और संघ के बड़े नेताओं के पास भी भेजा गया था ।,बाद में उस महिला ने एक ऑडियो कैसेट भी भेजा था जिसे भाजपा और संघ के बड़े नेताओं के पास भी भेजा गया था।
train,train-s1855,'1 फीलगुड और शाइनिंग इंडिया जैसे नारे का असर उलटा पड़ गया ।,'1 फीलगुड और शाइनिंग इंडिया जैसे नारे का असर उलटा पड़ गया।
train,train-s1857,लोकसभा चुनाव के बाद पहली बार मीडिया से मुखातिब हुए आडवाणी ने शुक्रवार को माना कि चुनावी नतीजों से भाजपा की उम्मीदों को तगड़ा झटका लगा है ।,लोकसभा चुनाव के बाद पहली बार मीडिया से मुखातिब हुए आडवाणी ने शुक्रवार को माना कि चुनावी नतीजों से भाजपा की उम्मीदों को तगड़ा झटका लगा है।
train,train-s1858,उनका कहना है कि ६ साल का वाजपेयी सरकार का कार्यकाल भाजपा के लिए भविष्य में बड़ी पूंजी साबित होगी ।,उनका कहना है कि ६ साल का वाजपेयी सरकार का कार्यकाल भाजपा के लिए भविष्य में बड़ी पूंजी साबित होगी।
train,train-s1866,आडवाणी ने कहा कि भाजपा की हार की एक बड़ी वजह निर्वर्तमान सांसदों को दोबारा टिकट देना रहा ।,आडवाणी ने कहा कि भाजपा की हार की एक बड़ी वजह निर्वर्तमान सांसदों को दोबारा टिकट देना रहा।
train,train-s1872,आडवाणी ने कहा कि किसी को यह शक नहीं होना चाहिए कि हमने हिंदुत्व को छोड़ दिया है ।,आडवाणी ने कहा कि किसी को यह शक नहीं होना चाहिए कि हमने हिंदुत्व को छोड़ दिया है।
train,train-s1873,यह हमारी विचारधारा से जुड़ा है ।,यह हमारी विचारधारा से जुड़ा है।
train,train-s1874,उन्होंने कहा कि मनमोहन सिंह की छवि अच्छी है लेकिन त्रासदी यह है कि उन्हें अपने दागी मंत्रियों का बचाव करना पड़ रहा है ।,उन्होंने कहा कि मनमोहन सिंह की छवि अच्छी है लेकिन त्रासदी यह है कि उन्हें अपने दागी मंत्रियों का बचाव करना पड़ रहा है।
train,train-s1881,असलम ने भारत की ओर से भूकंप पीड़ितों के लिए ढाई करोड़ डॉलर की अतिरिक्त रकम देने के प्रस्ताव का स्वागत किया है.,असलम ने भारत की ओर से भूकंप पीड़ितों के लिए ढाई करोड़ डॉलर की अतिरिक्त रकम देने के प्रस्ताव का स्वागत किया है.
train,train-s1882,मालूम हो कि जिनेवा में बृहस्पतिवार को भूंकप पीड़ितों की मदद के लिए आयोजित संयुक्त राष्ट्र सम्मेलन में भारत ने ढाई करोड़ डॉलर की अतिरिक्त रकम देने की पेशकश की थी.,मालूम हो कि जिनेवा में बृहस्पतिवार को भूंकप पीड़ितों की मदद के लिए आयोजित संयुक्त राष्ट्र सम्मेलन में भारत ने ढाई करोड़ डॉलर की अतिरिक्त रकम देने की पेशकश की थी.
train,train-s1883,"भारत ने नियंत्रण रेखा पर तीन जगहों उड़ी में अमन सेतु, तंगधार में टिटवाल और पूंछ में चकन -JOIN दा - बाग में राहत कैंप खोलने का प्रस्ताव दिया है.","भारत ने नियंत्रण रेखा पर तीन जगहों उड़ी में अमन सेतु, तंगधार में टिटवाल और पूंछ में चकन -JOIN दा-बाग में राहत कैंप खोलने का प्रस्ताव दिया है."
train,train-s1884,इन जगहों पर पाकिस्तान अधिकृत कश्मीर से भूकंप पीड़ित आकर अपना इलाज करा सकेंगे और राहत सामग्री ले सकेंगे.,इन जगहों पर पाकिस्तान अधिकृत कश्मीर से भूकंप पीड़ित आकर अपना इलाज करा सकेंगे और राहत सामग्री ले सकेंगे.
train,train-s1885,एक स्थानीय अदालत ने बृहस्पतिवार को केंद्रीय मानव संसाधन विकास मंत्री अर्जुन सिंह के खिलाफ़ दायर मानहानि की याचिका को रद्द कर दिया.,एक स्थानीय अदालत ने बृहस्पतिवार को केंद्रीय मानव संसाधन विकास मंत्री अर्जुन सिंह के खिलाफ़ दायर मानहानि की याचिका को रद्द कर दिया.
train,train-s1889,उन्होंने अपने फैसले में कहा कि सिंह के खिलाफ़ प्रथम दृष्टा में कोई मामला नहीं बनता है.,उन्होंने अपने फैसले में कहा कि सिंह के खिलाफ़ प्रथम दृष्टा में कोई मामला नहीं बनता है.
train,train-s1895,आम बजट को काफ़ी हद तक न्यूनतम साझा कार्यक्रम (सीएमपी) के मुताबिक बताते हुए वामदलों ने इसे बेहतर बताया है.,आम बजट को काफ़ी हद तक न्यूनतम साझा कार्यक्रम (सीएमपी) के मुताबिक बताते हुए वामदलों ने इसे बेहतर बताया है.
train,train-s1896,"हालांकि, कृषि के लिए कम बजट आवंटन, कस्टम ड्यूटी में कटौती व रक्षा बजट में इज़ाफ़े को लेकर सरकार से उनकी नाराजगी बरकरार है.","हालांकि, कृषि के लिए कम बजट आवंटन, कस्टम ड्यूटी में कटौती व रक्षा बजट में इज़ाफ़े को लेकर सरकार से उनकी नाराजगी बरकरार है."
train,train-s1897,वरिष्ठ माकपा नेता नीलोत्पल बसु के मुताबिक आम बजट में न्यूनतम साझा कार्यक्रम की झलक साफ़ नज़र आती है.,वरिष्ठ माकपा नेता नीलोत्पल बसु के मुताबिक आम बजट में न्यूनतम साझा कार्यक्रम की झलक साफ़ नज़र आती है.
train,train-s1898,"वामदल लगातार सरकार पर शिक्षा, स्वास्थ्य व रोजगार क्षेत्रों में बजट प्रावधान बढ़ाने के लिए दबाव बनाए हुए थे.","वामदल लगातार सरकार पर शिक्षा, स्वास्थ्य व रोजगार क्षेत्रों में बजट प्रावधान बढ़ाने के लिए दबाव बनाए हुए थे."
train,train-s1901,रक्षा बजट में इज़ाफ़े का विरोध करते हुए उन्होंने कहा कि मौजूदा हालात में रक्षा बजट में किसी तरह की बढ़ोतरी की जरूरत नहीं है.,रक्षा बजट में इज़ाफ़े का विरोध करते हुए उन्होंने कहा कि मौजूदा हालात में रक्षा बजट में किसी तरह की बढ़ोतरी की जरूरत नहीं है.
train,train-s1905,इसलिए इनकी कीमतों पर कोई फ़र्क नहीं पड़ेगा.,इसलिए इनकी कीमतों पर कोई फ़र्क नहीं पड़ेगा.
train,train-s1907,लघु उद्योग के लिए नई योजना नहीं है और कस्टम में कटौती का सीधा असर घरेलू उद्योग पर पड़ेगा.,लघु उद्योग के लिए नई योजना नहीं है और कस्टम में कटौती का सीधा असर घरेलू उद्योग पर पड़ेगा.
train,train-s1910,उनकी दलील है कि इससे घरेलू उद्योग पर बुरा असर पड़ेगा.,उनकी दलील है कि इससे घरेलू उद्योग पर बुरा असर पड़ेगा.
train,train-s1913,केन्द्र सरकार ने सुनामी लहरों से हुए हादसे का असर पर्यटन उद्योग पर न पड़े इसके लिए कोशिश तेज कर दी है.,केन्द्र सरकार ने सुनामी लहरों से हुए हादसे का असर पर्यटन उद्योग पर न पड़े इसके लिए कोशिश तेज कर दी है.
train,train-s1915,सरकार ने हादसे के शिकार पर्यटकों को भारत होकर जाने के लिए अस्थायी वीज़ा देने का फैसला किया है.,सरकार ने हादसे के शिकार पर्यटकों को भारत होकर जाने के लिए अस्थायी वीज़ा देने का फैसला किया है.
train,train-s1916,इसके अलावा उन पर्यटकों को भी भारत आने की इजाज़त दी जाएगी जो इस हादसे के बाद इंडोनेशिया या श्रीलंका के बजाय भारत आना चाहते हैं.,इसके अलावा उन पर्यटकों को भी भारत आने की इजाज़त दी जाएगी जो इस हादसे के बाद इंडोनेशिया या श्रीलंका के बजाय भारत आना चाहते हैं.
train,train-s1927,"६.२९ से ७.०० बजे तक 'प्रतिनिधि केंद्रों से डिजिटल आंकड़े डाउनलोड किए गए, जिसमें लगभग आधा घंटा लग गया","६.२९ से ७.०० बजे तक 'प्रतिनिधि केंद्रों से डिजिटल आंकड़े डाउनलोड किए गए, जिसमें लगभग आधा घंटा लग गया"
train,train-s1930,रिपोर्ट में कहा गया है कि '1 २६ जनवरी को सुबह ७ से ८ बजे के बीच दक्षिणी राज्यों के कई हिस्सों से फ़ोन से सूचना मिली कि उनके क्षेत्र में भूकंप के झटके महसूस किए गए हैं.,रिपोर्ट में कहा गया है कि '1 २६ जनवरी को सुबह ७ से ८ बजे के बीच दक्षिणी राज्यों के कई हिस्सों से फ़ोन से सूचना मिली कि उनके क्षेत्र में भूकंप के झटके महसूस किए गए हैं.
train,train-s1932,अतः विभाग द्वारा टेलीफ़ोन पर तुरंत इस सूचना (भूकंप को झुठलाने की खबर) को प्रसारित करने पर जोर दिया गया,अतः विभाग द्वारा टेलीफ़ोन पर तुरंत इस सूचना (भूकंप को झुठलाने की खबर) को प्रसारित करने पर जोर दिया गया
train,train-s1938,मौसम विभाग ने आंकड़ों का विस्तृत विश्लेषण जारी रखा.,मौसम विभाग ने आंकड़ों का विस्तृत विश्लेषण जारी रखा.
train,train-s1939,रिपोर्ट के मुताबिक '1 मौसम विभाग द्वारा इस बात को नोट किया गया कि भारतीय क्षेत्र से दूर आए भूकंप की तीव्रता काफ़ी अधिक है.,रिपोर्ट के मुताबिक '1 मौसम विभाग द्वारा इस बात को नोट किया गया कि भारतीय क्षेत्र से दूर आए भूकंप की तीव्रता काफ़ी अधिक है.
train,train-s1940,इसकी तीव्रता की पुष्टि करने के लिए और अधिक आंकड़ों को डाउनलोड किया गया,इसकी तीव्रता की पुष्टि करने के लिए और अधिक आंकड़ों को डाउनलोड किया गया
train,train-s1941,मौसम विभाग आंकड़े डाउनलोड करता रहा और सुनामी लहरें लोंगों को लीलने लगीं.,मौसम विभाग आंकड़े डाउनलोड करता रहा और सुनामी लहरें लोंगों को लीलने लगीं.
train,train-s1946,लेकिन पाकिस्तान ने इस मुद्दे को कुछ ऐसी शर्तों के साथ जोड़ दिया है जिन्हें स्वीकार नहीं किया जा सकता.,लेकिन पाकिस्तान ने इस मुद्दे को कुछ ऐसी शर्तों के साथ जोड़ दिया है जिन्हें स्वीकार नहीं किया जा सकता.
train,train-s1947,राज्यसभा में प्रश्नकाल के दौरान विदेश मंत्री नटवर सिंह ने कहा कि पाकिस्तानी राष्ट्रपति परवेज़ मुशर्रफ़ हाल के भारत दौरे में इस बात से सहमत थे कि सियाचिन मसले के हल के लिए तत्काल कदम उठाए जाने की आवश्यकता है.,राज्यसभा में प्रश्नकाल के दौरान विदेश मंत्री नटवर सिंह ने कहा कि पाकिस्तानी राष्ट्रपति परवेज़ मुशर्रफ़ हाल के भारत दौरे में इस बात से सहमत थे कि सियाचिन मसले के हल के लिए तत्काल कदम उठाए जाने की आवश्यकता है.
train,train-s1949,नटवर सिंह ने कहा कि परवेज़ मुशर्रफ़ के भारत दौरे में सियाचिन मसले को प्रमुखता से उठाया गया था.,नटवर सिंह ने कहा कि परवेज़ मुशर्रफ़ के भारत दौरे में सियाचिन मसले को प्रमुखता से उठाया गया था.
train,train-s1951,नटवर सिंह ने कहा कि इस समय दुनिया के सबसे ऊंचाई पर स्थित लड़ाई के मैदान सियाचिन में भारत -JOIN पाकिस्तान के बीच कोई तनाव नहीं है.,नटवर सिंह ने कहा कि इस समय दुनिया के सबसे ऊंचाई पर स्थित लड़ाई के मैदान सियाचिन में भारत -JOIN पाकिस्तान के बीच कोई तनाव नहीं है.
train,train-s1953,नेपाल में हाल में हुई नए राजनीतिक घटनाक्रम पर भारत ने कहा है कि वहां के नरेश ज्ञानेंद्र द्वारा देश में आपातकाल हटाए जाने व राजनीतिक बंदियों के छोड़े जाने के आश्वासन के बाद ऐसा किया जाना दुखद है.,नेपाल में हाल में हुई नए राजनीतिक घटनाक्रम पर भारत ने कहा है कि वहां के नरेश ज्ञानेंद्र द्वारा देश में आपातकाल हटाए जाने व राजनीतिक बंदियों के छोड़े जाने के आश्वासन के बाद ऐसा किया जाना दुखद है.
train,train-s1954,"इस बारे में राज्यसभा में एक प्रश्न के जवाब में विदेश मंत्री नटवर सिंह ने कहा कि नेपाल नरेश ज्ञानेंद्र द्वारा प्रधानमंत्री मनमोहन सिंह व उन्हें देश में आपातकाल हटाए जाने, राजनीतिक कैदियों के छोड़े जाने व लोकतांत्रिक प्रक्रिया जल्द शुरू किए जाने के आश्वासन देने के बाद यह कार्रवाई करना खेद जनक है.","इस बारे में राज्यसभा में एक प्रश्न के जवाब में विदेश मंत्री नटवर सिंह ने कहा कि नेपाल नरेश ज्ञानेंद्र द्वारा प्रधानमंत्री मनमोहन सिंह व उन्हें देश में आपातकाल हटाए जाने, राजनीतिक कैदियों के छोड़े जाने व लोकतांत्रिक प्रक्रिया जल्द शुरू किए जाने के आश्वासन देने के बाद यह कार्रवाई करना खेद जनक है."
train,train-s1960,कार निकोबार की रणनीतिक भौगोलिक स्थिति को ध्यान में रखते हुए वायु सेना की इस छोटे से बेस को सुखोई - ३० एमकेआई विमान तैनात कर देश का एक बड़ा लड़ाकू बेस बनाने की योजना थी.,कार निकोबार की रणनीतिक भौगोलिक स्थिति को ध्यान में रखते हुए वायु सेना की इस छोटे से बेस को सुखोई-३० एमकेआई विमान तैनात कर देश का एक बड़ा लड़ाकू बेस बनाने की योजना थी.
train,train-s1961,"इसके तहत वायुसेना की ५ जनवरी से बेस पर दो सुखोई - ३० विमान तैनात किए जाने थे, लेकिन रविवार को आए तूफ़ान ने इस योजना पर फ़िलहाल पानी फेर दिया है.","इसके तहत वायुसेना की ५ जनवरी से बेस पर दो सुखोई-३० विमान तैनात किए जाने थे, लेकिन रविवार को आए तूफ़ान ने इस योजना पर फ़िलहाल पानी फेर दिया है."
train,train-s1962,हालांकि वायुसेना की योजना को लेकर आश्वस्त एअर चीफ़ मार्शल एस. कृष्णास्वामी का कहना है कि हम अगले छह महीनों में बेस से लड़ाकू विमान उड़ाना शुरू कर देंगे.,हालांकि वायुसेना की योजना को लेकर आश्वस्त एअर चीफ़ मार्शल एस. कृष्णास्वामी का कहना है कि हम अगले छह महीनों में बेस से लड़ाकू विमान उड़ाना शुरू कर देंगे.
train,train-s1963,समुद्री तूफ़ान के बाद में बेस में हुए नुकसान का व्यक्तिगत रूप से जायजा लेने के बाद उन्होंने कहा कि एक वर्ष में हम बेस को पूरी तरह ऑपरेशनल बना देंगे.,समुद्री तूफ़ान के बाद में बेस में हुए नुकसान का व्यक्तिगत रूप से जायजा लेने के बाद उन्होंने कहा कि एक वर्ष में हम बेस को पूरी तरह ऑपरेशनल बना देंगे.
train,train-s1966,गौरतलब है कि दूसरे विश्व युद्ध के समय ब्रिटेन के साथ - साथ अमेरिका की सेनाएं दक्षिण एशिया में जापानी सेनाओं के खिलाफ़ अंडमान -JOIN निकोबार का इस्तेमाल करती थीं.,गौरतलब है कि दूसरे विश्व युद्ध के समय ब्रिटेन के साथ-साथ अमेरिका की सेनाएं दक्षिण एशिया में जापानी सेनाओं के खिलाफ़ अंडमान -JOIN निकोबार का इस्तेमाल करती थीं.
train,train-s1970,श्रीनगर में पारा लुढ़ककर ०.५ डिग्री सेल्सियस हो गया.,श्रीनगर में पारा लुढ़ककर ०.५ डिग्री सेल्सियस हो गया.
train,train-s1973,आधिकारिक सूत्रों ने बताया कि जम्मू व कश्मीर में बारामुला के गुलमर्ग स्थित स्कींग रिजार्ट में बर्फ़ की पांच इंच मोटी परत बिछ गई.,आधिकारिक सूत्रों ने बताया कि जम्मू व कश्मीर में बारामुला के गुलमर्ग स्थित स्कींग रिजार्ट में बर्फ़ की पांच इंच मोटी परत बिछ गई.
train,train-s1974,पूरे कुपवाड़ा जिले में जगह -JOIN जगह बर्फ़ की छह इंच से लेकर दो फीट मोटी पर्त तक देखी गई.,पूरे कुपवाड़ा जिले में जगह -JOIN जगह बर्फ़ की छह इंच से लेकर दो फीट मोटी पर्त तक देखी गई.
train,train-s1975,श्रीनगर में आज हुई बर्फ़बारी से तापमान गिरकर ०.५ डिग्री सेल्सियस हो गया.,श्रीनगर में आज हुई बर्फ़बारी से तापमान गिरकर ०.५ डिग्री सेल्सियस हो गया.
train,train-s1976,पहाड़ों की यह सर्दी मैदानी इलाकों को भी कंपकंपा गई.,पहाड़ों की यह सर्दी मैदानी इलाकों को भी कंपकंपा गई.
train,train-s1977,यहां पारा लुढ़कर शून्य डिग्री हो गया है.,यहां पारा लुढ़कर शून्य डिग्री हो गया है.
train,train-s1980,जबकि राष्ट्रीय राजधानी दिल्ली में मंगलवार को इस मौसम की सबसे अधिक ठंड पड़ी.,जबकि राष्ट्रीय राजधानी दिल्ली में मंगलवार को इस मौसम की सबसे अधिक ठंड पड़ी.
train,train-s1984,पालम क्षेत्र में तड़के जबरदस्त कोहरा छा गया जिसके कारण पांच सौ मीटर की दूरी पर भी दिखना बंद हो गया.,पालम क्षेत्र में तड़के जबरदस्त कोहरा छा गया जिसके कारण पांच सौ मीटर की दूरी पर भी दिखना बंद हो गया.
train,train-s1985,इसके चलते समय पर विमानों की उड़ानों में दिक्कतें आई.,इसके चलते समय पर विमानों की उड़ानों में दिक्कतें आई.
train,train-s1986,लेकिन भारतीय विमान पत्तन के प्रवक्ता के अनुसार विमानों के उतरने व उड़ान भरने भर की रोशनी थी.,लेकिन भारतीय विमान पत्तन के प्रवक्ता के अनुसार विमानों के उतरने व उड़ान भरने भर की रोशनी थी.
train,train-s1988,इसलिए सुबह सड़कों पर भी यातायात न के बराबर रहा.,इसलिए सुबह सड़कों पर भी यातायात न के बराबर रहा.
train,train-s1989,राजधानी में वाहन फ़ॉग लाइट के बावजूद रेंगते नज़र आए.,राजधानी में वाहन फ़ॉग लाइट के बावजूद रेंगते नज़र आए.
train,train-s1991,"इनमें दिल्ली से हावड़ा जनता एक्सप्रेस, दिल्ली - मालदा फरक्का एक्सप्रेस, मुगलसराय -JOIN बरेली एक्सप्रेस, दिल्ली - मुगलसराय लालकिला एक्सप्रेस, अंबाला -JOIN इलाहाबाद ऊंचाहार एक्सप्रेस, दिल्ली - फरुखाबाद कालिंदी एक्सप्रेस व नई दिल्ली - रीवां एक्सप्रेस शामिल हैं.","इनमें दिल्ली से हावड़ा जनता एक्सप्रेस, दिल्ली-मालदा फरक्का एक्सप्रेस, मुगलसराय -JOIN बरेली एक्सप्रेस, दिल्ली-मुगलसराय लालकिला एक्सप्रेस, अंबाला -JOIN इलाहाबाद ऊंचाहार एक्सप्रेस, दिल्ली-फरुखाबाद कालिंदी एक्सप्रेस व नई दिल्ली-रीवां एक्सप्रेस शामिल हैं."
train,train-s1993,अमेरिकी अंतरिक्ष एजेंसी नासा के पिट्जर टेलीस्कोप की इस ताजा खोज से खगोल विज्ञानियों में काफ़ी उत्साह है.,अमेरिकी अंतरिक्ष एजेंसी नासा के पिट्जर टेलीस्कोप की इस ताजा खोज से खगोल विज्ञानियों में काफ़ी उत्साह है.
train,train-s1994,नए ग्रह के अध्ययन से अंतरिक्ष की कुछ गूढ़ गुत्थियां सुलझ सकती हैं.,नए ग्रह के अध्ययन से अंतरिक्ष की कुछ गूढ़ गुत्थियां सुलझ सकती हैं.
train,train-s1998,वैज्ञानिक इसे 'बेबी प्लेनेट' भी कह रहे हैं.,वैज्ञानिक इसे 'बेबी प्लेनेट' भी कह रहे हैं.
train,train-s2001,पृथ्वी और इसके सभी पड़ोसी ग्रह लगभग साढ़े चार अरब साल पुराने हैं.,पृथ्वी और इसके सभी पड़ोसी ग्रह लगभग साढ़े चार अरब साल पुराने हैं.
train,train-s2004,नासा मुख्यालय में वाटसन ने बताया कि यह 'बेबी प्लेनेट' दस लाख साल पुराना है और हमारे द्वारा अभी तक देखे गए ग्रहों में यह सबसे युवा है.,नासा मुख्यालय में वाटसन ने बताया कि यह 'बेबी प्लेनेट' दस लाख साल पुराना है और हमारे द्वारा अभी तक देखे गए ग्रहों में यह सबसे युवा है.
train,train-s2009,बॉस ने कहा कि अगर यह सच है तो इसमें ग्रहीय प्रणाली के संदर्भ में 'गूढ़ निहितार्थ' है.,बॉस ने कहा कि अगर यह सच है तो इसमें ग्रहीय प्रणाली के संदर्भ में 'गूढ़ निहितार्थ' है.
train,train-s2014,"इसके पास ही पिट्जर टेलीस्कोप ने कुछ धूल के कणों के साक्ष्य भी पाए गए हैं जो बर्फ़, मिथेनॉल और कार्बन डाइऑक्साइड की परत से ढंके हैं.","इसके पास ही पिट्जर टेलीस्कोप ने कुछ धूल के कणों के साक्ष्य भी पाए गए हैं जो बर्फ़, मिथेनॉल और कार्बन डाइऑक्साइड की परत से ढंके हैं."
train,train-s2024,ये तमाम मामले पुंछ जिले के मेंधर शहर से जुड़े हैं.,ये तमाम मामले पुंछ जिले के मेंधर शहर से जुड़े हैं.
train,train-s2031,उल्लेखनीय है कि पिछले साल एक फ़र्जी भारतीय नागरिक द्वारा संसदीय चुनाव लड़ने का मामला प्रकाश में आया था.,उल्लेखनीय है कि पिछले साल एक फ़र्जी भारतीय नागरिक द्वारा संसदीय चुनाव लड़ने का मामला प्रकाश में आया था.
train,train-s2032,फकर दीन नामक पाकिस्तानी नागरिक के पुत्र जुल्फ़िकार ने स्थायी निवासी होने का प्रमाण हासिल कर पुंछ के सल्वा गांव में जमीन - जायदाद खरीदी थी.,फकर दीन नामक पाकिस्तानी नागरिक के पुत्र जुल्फ़िकार ने स्थायी निवासी होने का प्रमाण हासिल कर पुंछ के सल्वा गांव में जमीन-जायदाद खरीदी थी.
train,train-s2035,मेंधर के सब - डिवीजनल मजिस्ट्रेट और पुंछ के उपायुक्त द्वारा सौंपी गयी रिपोर्ट के आधार पर जम्मू के डिवीजनल आयुक्त वी. आर. शर्मा ने जुल्फ़िकार और उसके परिवार का स्थायी निवासी वाला प्रमाण रद्द करने का आदेश दिया.,मेंधर के सब-डिवीजनल मजिस्ट्रेट और पुंछ के उपायुक्त द्वारा सौंपी गयी रिपोर्ट के आधार पर जम्मू के डिवीजनल आयुक्त वी. आर. शर्मा ने जुल्फ़िकार और उसके परिवार का स्थायी निवासी वाला प्रमाण रद्द करने का आदेश दिया.
train,train-s2036,वैसे जुल्फ़िकार का परिवार खुद को भारतीय नागरिक बताता रहा.,वैसे जुल्फ़िकार का परिवार खुद को भारतीय नागरिक बताता रहा.
train,train-s2037,अधिकारी मानते हैं कि राज्य में फ़र्जी भारतीय नागरिकों की संख्या काफ़ी अधिक होगी.,अधिकारी मानते हैं कि राज्य में फ़र्जी भारतीय नागरिकों की संख्या काफ़ी अधिक होगी.
train,train-s2038,गुजरात के मुख्यमंत्री नरेंद्र मोदी के खिलाफ़ बागियों का नेतृत्व करने वाले पुरुषोत्तम सोलंकी के विरुद्ध कड़ा रुख अपनाते हुए भाजपा ने उन्हें शुक्रवार को कारण बताओ नोटिस जारी कर दिया.,गुजरात के मुख्यमंत्री नरेंद्र मोदी के खिलाफ़ बागियों का नेतृत्व करने वाले पुरुषोत्तम सोलंकी के विरुद्ध कड़ा रुख अपनाते हुए भाजपा ने उन्हें शुक्रवार को कारण बताओ नोटिस जारी कर दिया.
train,train-s2046,भाजपा के एक बड़े वर्ग का मानना है कि गुजरात के दंगों में मोदी सरकार की भूमिका के कारण मुसलमानों में भारी नाराजगी थी और उन्होंने भाजपा विरोधियों को जमकर वोट डाले.,भाजपा के एक बड़े वर्ग का मानना है कि गुजरात के दंगों में मोदी सरकार की भूमिका के कारण मुसलमानों में भारी नाराजगी थी और उन्होंने भाजपा विरोधियों को जमकर वोट डाले.
train,train-s2047,बिहार से हारे पूर्व केंद्रीय मंत्री शाहनवाज हुसैन सार्वजनिक रूप से पार्टी मुख्यालय में कह रहे हैं कि उनकी हार की सबसे बड़ी वजह मोदी हैं.,बिहार से हारे पूर्व केंद्रीय मंत्री शाहनवाज हुसैन सार्वजनिक रूप से पार्टी मुख्यालय में कह रहे हैं कि उनकी हार की सबसे बड़ी वजह मोदी हैं.
train,train-s2053,भाजपा के प्रदेश अध्यक्ष राजेंद्र सिंह राणा ने बताया कि नायडू ने नोटिस में सोलंकी से माफ़ीनामा देने को कहा है.,भाजपा के प्रदेश अध्यक्ष राजेंद्र सिंह राणा ने बताया कि नायडू ने नोटिस में सोलंकी से माफ़ीनामा देने को कहा है.
train,train-s2056,दिलचस्प तथ्य यह है कि कुछ साल पहले लगभग ऐसी ही परिस्थितियां खड़ी करके गुजरात के तत्कालीन मुख्यमंत्री केशूभाई पटेल का तख्ता पलट दिया गया था और उसमें नरेंद्र मोदी ने अहम भूमिका निभाई थी.,दिलचस्प तथ्य यह है कि कुछ साल पहले लगभग ऐसी ही परिस्थितियां खड़ी करके गुजरात के तत्कालीन मुख्यमंत्री केशूभाई पटेल का तख्ता पलट दिया गया था और उसमें नरेंद्र मोदी ने अहम भूमिका निभाई थी.
train,train-s2066,इस कोष में दान दी गई रकम पर आयकर की १०० फ़ीसदी छूट प्राप्त है.,इस कोष में दान दी गई रकम पर आयकर की १०० फ़ीसदी छूट प्राप्त है.
train,train-s2068,"पर ध्यान रहे, आप अपनी कुल आमदनी के १० फ़ीसदी से अधिक की दान राशि पर कर छूट का दावा नहीं कर सकते.","पर ध्यान रहे, आप अपनी कुल आमदनी के १० फ़ीसदी से अधिक की दान राशि पर कर छूट का दावा नहीं कर सकते."
train,train-s2069,गौरतलब है कि किसी भी संस्था को दान देकर दान की रकम पर १०० फ़ीसदी कर राहत का दावा नहीं किया जा सकता.,गौरतलब है कि किसी भी संस्था को दान देकर दान की रकम पर १०० फ़ीसदी कर राहत का दावा नहीं किया जा सकता.
train,train-s2070,सेक्शन ८० जी के तहत ५० फ़ीसदी से लेकर १०० फ़ीसदी तक की छूट का प्रावधान है.,सेक्शन ८० जी के तहत ५० फ़ीसदी से लेकर १०० फ़ीसदी तक की छूट का प्रावधान है.
train,train-s2071,"आयकर अधिवक्ता अरविंद शर्मा कहते हैं - आयकर अधिनियम की धारा ८० जी के अंतर्गत केवल उन्हीं संस्थाओं को दान देने दान की रकम पर १०० फ़ीसदी कर छूट प्राप्त होती है, जिन्हें धारा ३५ एसी के तहत दान संग्रह करने की अनुमति दी गई है.","आयकर अधिवक्ता अरविंद शर्मा कहते हैं-आयकर अधिनियम की धारा ८० जी के अंतर्गत केवल उन्हीं संस्थाओं को दान देने दान की रकम पर १०० फ़ीसदी कर छूट प्राप्त होती है, जिन्हें धारा ३५ एसी के तहत दान संग्रह करने की अनुमति दी गई है."
train,train-s2072,इसलिए दान देने से पहले संस्था को दी गई छूट और उस छूट की अवधि पर नज़र डाल लें.,इसलिए दान देने से पहले संस्था को दी गई छूट और उस छूट की अवधि पर नज़र डाल लें.
train,train-s2073,आयकर में छूट का दावा करने के लिए यह ज़रूरी है.,आयकर में छूट का दावा करने के लिए यह ज़रूरी है.
train,train-s2074,बैंक से अधिक से अधिक लोगों को जोड़ने के लिए एसबीआई ने लांच की रिच सेविंग एकाउंट स्कीम.,बैंक से अधिक से अधिक लोगों को जोड़ने के लिए एसबीआई ने लांच की रिच सेविंग एकाउंट स्कीम.
train,train-s2075,इसके तहत एकाउंट खुलवाने वाले उपभोक्ताओं को बैंक गोल्ड डेबिट कार्ड के साथ ही ड्राफ़्ट बनवाने और चेक क्लेक्शन के कमीशन पर पचास प्रतिशत तक की छूट दी जाएगी.,इसके तहत एकाउंट खुलवाने वाले उपभोक्ताओं को बैंक गोल्ड डेबिट कार्ड के साथ ही ड्राफ़्ट बनवाने और चेक क्लेक्शन के कमीशन पर पचास प्रतिशत तक की छूट दी जाएगी.
train,train-s2076,खाते में पच्चीस हजार से अधिक जमा राशि होते ही टर्म डिपाज़िट के मुताबिक ब्याज दरें लागू हो जाएंगी.,खाते में पच्चीस हजार से अधिक जमा राशि होते ही टर्म डिपाज़िट के मुताबिक ब्याज दरें लागू हो जाएंगी.
train,train-s2080,दूसरी तरफ़ तिमाही बैलेंस बिगड़ने पर उपभोक्ताओं को चपत भी लगेगी.,दूसरी तरफ़ तिमाही बैलेंस बिगड़ने पर उपभोक्ताओं को चपत भी लगेगी.
train,train-s2082,उपभोक्ता को ड्राफ़्ट बनवाने और आउट स्टेशन चेक कलेक्शन के कमीशन पर अब पचास फ़ीसदी छूट दी जाएगी.,उपभोक्ता को ड्राफ़्ट बनवाने और आउट स्टेशन चेक कलेक्शन के कमीशन पर अब पचास फ़ीसदी छूट दी जाएगी.
train,train-s2084,इसमें डेरा सच्चा सौदा की ओर से माफ़ी मांगने के फैसले का स्वागत करते हुए कहा गया कि यह एक अच्छा कदम है.,इसमें डेरा सच्चा सौदा की ओर से माफ़ी मांगने के फैसले का स्वागत करते हुए कहा गया कि यह एक अच्छा कदम है.
train,train-s2085,इससे समाज में भाईचारा बढ़ेगा और शांति का प्रसार होगा.,इससे समाज में भाईचारा बढ़ेगा और शांति का प्रसार होगा.
train,train-s2086,बैठक में वक्ताओं ने कहा माफ़ी से पंजाब का माहौल अच्छा बन जाएगा.,बैठक में वक्ताओं ने कहा माफ़ी से पंजाब का माहौल अच्छा बन जाएगा.
train,train-s2087,अब सभी सिख संगठनों और श्रद्धालुओं को गुरु साहिबान की ओर से दर्शाए गए मार्ग पर चलने की ज़रूरत है.,अब सभी सिख संगठनों और श्रद्धालुओं को गुरु साहिबान की ओर से दर्शाए गए मार्ग पर चलने की ज़रूरत है.
train,train-s2105,कुमार ने कहा कि राष्ट्रपति की बिहार यात्रा के मद्देनज़र वह राष्ट्रपति के काफ़िले के अन्य सुरक्षागार्डों के साथ ट्रेन से जबलपुर से पटना जा रहे थे.,कुमार ने कहा कि राष्ट्रपति की बिहार यात्रा के मद्देनज़र वह राष्ट्रपति के काफ़िले के अन्य सुरक्षागार्डों के साथ ट्रेन से जबलपुर से पटना जा रहे थे.
train,train-s2107,मोटरसाइकिलों को सड़क मार्ग से पटना भेजा गया है.,मोटरसाइकिलों को सड़क मार्ग से पटना भेजा गया है.
train,train-s2109,जम्मू कश्मीर में पुलिस ने शनिवार को भीड़ को तितर -JOIN बितर करने के लिए आंसू गैस के गोलों का सहारा लिया ।,जम्मू कश्मीर में पुलिस ने शनिवार को भीड़ को तितर -JOIN बितर करने के लिए आंसू गैस के गोलों का सहारा लिया।
train,train-s2111,सूत्रों का कहना है कि भीड़ ने यहां से १४ किलोमीटर दूर डोमना के निकट राजमार्ग को सुबह से जाम कर दिया ।,सूत्रों का कहना है कि भीड़ ने यहां से १४ किलोमीटर दूर डोमना के निकट राजमार्ग को सुबह से जाम कर दिया।
train,train-s2112,भीड़ को तितर -JOIN बितर करने के लिए पुलिस ने आंसू गैस के गोले छोड़े ।,भीड़ को तितर -JOIN बितर करने के लिए पुलिस ने आंसू गैस के गोले छोड़े।
train,train-s2118,इसके बाद यहां हिंसा भड़क गई ।,इसके बाद यहां हिंसा भड़क गई।
train,train-s2124,लोकसभा में प्रश्नोत्तरकाल में गृहमंत्री ने कहा कि केंद्र का मानना है कि नक्सल समस्या को सि‍र्फ़ पुलिस के बल पर ही खत्म नहीं किया जा सकता.,लोकसभा में प्रश्नोत्तरकाल में गृहमंत्री ने कहा कि केंद्र का मानना है कि नक्सल समस्या को सि‍र्फ़ पुलिस के बल पर ही खत्म नहीं किया जा सकता.
train,train-s2126,राज्यों को प्रत्येक जिले के विकास के लिए ३६ -JOIN ३६ करोड़ रुपये दिए गए हैं.,राज्यों को प्रत्येक जिले के विकास के लिए ३६ -JOIN ३६ करोड़ रुपये दिए गए हैं.
train,train-s2129,राज्यों की पुलिस के आधुनिकीकरण के लिए भी करोड़ों रुपये दिए गए हैं.,राज्यों की पुलिस के आधुनिकीकरण के लिए भी करोड़ों रुपये दिए गए हैं.
train,train-s2132,"पाटिल ने दावा किया कि इस साल अक्टूबर तक जम्मू -JOIN कश्मीर में आतंकवादी घटनाओं में कमी आई है, लेकिन पूर्वोत्तर में कुछ बढ़ोतरी हुई है.","पाटिल ने दावा किया कि इस साल अक्टूबर तक जम्मू -JOIN कश्मीर में आतंकवादी घटनाओं में कमी आई है, लेकिन पूर्वोत्तर में कुछ बढ़ोतरी हुई है."
train,train-s2136,पूर्वी सीमा पर अवैध घुसपैठ की समस्या के समाधान के लिए भारत ने शुक्रवार को बांग्लादेश से 'एक उपयुक्त व्यवस्था या प्रोटोकॉल' स्थापित करने को कहा है.,पूर्वी सीमा पर अवैध घुसपैठ की समस्या के समाधान के लिए भारत ने शुक्रवार को बांग्लादेश से 'एक उपयुक्त व्यवस्था या प्रोटोकॉल' स्थापित करने को कहा है.
train,train-s2138,दोनों पक्ष एक -JOIN दूसरे के यहां पकड़े गए अपराधियों को अपने देश के दूतावास के अधिकारियों से मिलने की इजाजत देने पर राजी हो गए हैं.,दोनों पक्ष एक -JOIN दूसरे के यहां पकड़े गए अपराधियों को अपने देश के दूतावास के अधिकारियों से मिलने की इजाजत देने पर राजी हो गए हैं.
train,train-s2140,इस मौके पर दोनों पक्षों ने सुरक्षा संबंधी मुद्दों और गिरफ़्तार अपराधियों को उच्चायोग के अधिकारियों से मिलने की इजाजत देने पर राजी होते हुए एक संयुक्त घोषणा - पत्र जारी किया.,इस मौके पर दोनों पक्षों ने सुरक्षा संबंधी मुद्दों और गिरफ़्तार अपराधियों को उच्चायोग के अधिकारियों से मिलने की इजाजत देने पर राजी होते हुए एक संयुक्त घोषणा-पत्र जारी किया.
train,train-s2141,बयान पर बांग्लादेश के गृह सचिव सरफ़राज़ हुसैन के साथ दस्तखत करने वाले भारतीय गृह सचिव वी. के. दुग्गल ने कहा कि दोनों पक्षों ने अपने राष्ट्रीय हितों को बरकरार रखते हुए सहयोग की भावना से सौहार्दपूर्ण माहौल में बातचीत की.,बयान पर बांग्लादेश के गृह सचिव सरफ़राज़ हुसैन के साथ दस्तखत करने वाले भारतीय गृह सचिव वी. के. दुग्गल ने कहा कि दोनों पक्षों ने अपने राष्ट्रीय हितों को बरकरार रखते हुए सहयोग की भावना से सौहार्दपूर्ण माहौल में बातचीत की.
train,train-s2142,दोनों देशों के बीच समानताओं का ज़िक्र करते हुए हुसैन ने कहा कि ढाका को आगामी सार्क सम्मेलन के लिए भारत के प्रधानमंत्री मनमोहन सिंह की यात्रा का इंतजार रहेगा.,दोनों देशों के बीच समानताओं का ज़िक्र करते हुए हुसैन ने कहा कि ढाका को आगामी सार्क सम्मेलन के लिए भारत के प्रधानमंत्री मनमोहन सिंह की यात्रा का इंतजार रहेगा.
train,train-s2143,हुसैन ने संयुक्त बयान पढ़ा लेकिन किसी भी पक्ष ने मीडिया के सवालों का जवाब नहीं दिया.,हुसैन ने संयुक्त बयान पढ़ा लेकिन किसी भी पक्ष ने मीडिया के सवालों का जवाब नहीं दिया.
train,train-s2144,बातचीत के दौरान बांग्लादेश ने स्पष्ट किया कि उनके यहां अगस्त में हुए विस्फ़ोट में भारत की कथित लिता की मीडिया की रिपोर्ट वास्तव में उसकी सरकार के पक्ष को उजागर नहीं करती.,बातचीत के दौरान बांग्लादेश ने स्पष्ट किया कि उनके यहां अगस्त में हुए विस्फ़ोट में भारत की कथित लिता की मीडिया की रिपोर्ट वास्तव में उसकी सरकार के पक्ष को उजागर नहीं करती.
train,train-s2146,बयान में कहा गया है कि दोनों पक्ष हथियारों और विस्फ़ोटकों की तस्करी रोकने पर राजी हो गए हैं.,बयान में कहा गया है कि दोनों पक्ष हथियारों और विस्फ़ोटकों की तस्करी रोकने पर राजी हो गए हैं.
train,train-s2147,"सीमा पर बाड़बंदी के मसले पर ढाका ने नई दिल्ली से उन स्थानों की विस्तृत जानकारी उपलब्ध कराने को कहा, जहां सीमा के १५० गज के अंदर बाड़बंदी की जानी है.","सीमा पर बाड़बंदी के मसले पर ढाका ने नई दिल्ली से उन स्थानों की विस्तृत जानकारी उपलब्ध कराने को कहा, जहां सीमा के १५० गज के अंदर बाड़बंदी की जानी है."
train,train-s2148,दोनों पक्षों ने नशीले पदार्थों की तस्करी रोकने के लिए शीघ्र समझौते की ज़रूरत पर जोर दिया.,दोनों पक्षों ने नशीले पदार्थों की तस्करी रोकने के लिए शीघ्र समझौते की ज़रूरत पर जोर दिया.
train,train-s2149,सीमापारीय अपराधों को रोकने के लिए भी दोनों पक्ष सीमा पर निगरानी बढ़ाने और कार्रवाई करने पर राजी हुए.,सीमापारीय अपराधों को रोकने के लिए भी दोनों पक्ष सीमा पर निगरानी बढ़ाने और कार्रवाई करने पर राजी हुए.
train,train-s2157,इस हफ़्ते के शुरू में समाजवादी पार्टी ने राष्ट्रपति से मिलकर उत्तर प्रदेश के राज्यपाल को बुलाए जाने की मांग की थी.,इस हफ़्ते के शुरू में समाजवादी पार्टी ने राष्ट्रपति से मिलकर उत्तर प्रदेश के राज्यपाल को बुलाए जाने की मांग की थी.
train,train-s2158,इसका फ़ायदा उठाकर उसके पड़ोसी ने उससे शारीरिक निकटता बढाई लेकिन लड़की के गर्भवती हो जाने पर उसे छोड़कर भागने लगा.,इसका फ़ायदा उठाकर उसके पड़ोसी ने उससे शारीरिक निकटता बढाई लेकिन लड़की के गर्भवती हो जाने पर उसे छोड़कर भागने लगा.
train,train-s2159,लड़की के परिजनों के दबाव में उसने किसी तरह शादी तो कर ली लेकिन फिर अभागी अबला को भगवान भरोसे छोड़ गया.,लड़की के परिजनों के दबाव में उसने किसी तरह शादी तो कर ली लेकिन फिर अभागी अबला को भगवान भरोसे छोड़ गया.
train,train-s2160,अपने साथ हुई ज्यादती की शिकायत लेकर उत्तरांचल के पौड़ी गढ़वाल जिले की रहने वाली सुनीता (बदला हुआ नाम) अपनी नन्हीं बच्ची को लेकर पुलिस के पास बार -JOIN बार दौड़ती रही लेकिन उसकी एक न सुनी गई.,अपने साथ हुई ज्यादती की शिकायत लेकर उत्तरांचल के पौड़ी गढ़वाल जिले की रहने वाली सुनीता (बदला हुआ नाम) अपनी नन्हीं बच्ची को लेकर पुलिस के पास बार -JOIN बार दौड़ती रही लेकिन उसकी एक न सुनी गई.
train,train-s2161,हारकर उसने राष्ट्रीय महिला आयोग में मदद की गुहार लगाई और अब आयोग के हस्तक्षेप के बाद फिर एक उजड़ा घर बसने जा रहा है.,हारकर उसने राष्ट्रीय महिला आयोग में मदद की गुहार लगाई और अब आयोग के हस्तक्षेप के बाद फिर एक उजड़ा घर बसने जा रहा है.
train,train-s2162,सुनीता मूल रूप से उत्तरांचल के पौड़ी गढ़वाल जिले के कोटद्वार की रहने वाली है.,सुनीता मूल रूप से उत्तरांचल के पौड़ी गढ़वाल जिले के कोटद्वार की रहने वाली है.
train,train-s2163,लेकिन विकलांग बेटी को अपने पैर पर खड़ा करने की आस में उसकी मां सावित्री देवी दिल्ली के आरकेपुरम इलाके में रह रही थी.,लेकिन विकलांग बेटी को अपने पैर पर खड़ा करने की आस में उसकी मां सावित्री देवी दिल्ली के आरकेपुरम इलाके में रह रही थी.
train,train-s2165,रोहित सुनीता की शारीरिक कमजोरी को देखकर उससे नजदीकी बढ़ाने लगा.,रोहित सुनीता की शारीरिक कमजोरी को देखकर उससे नजदीकी बढ़ाने लगा.
train,train-s2174,बेटी के जन्म लेते ही रोहित अपनी जिम्मेदारियों से मुंह चुराकर एक बार फिर भाग खड़ा हुआ.,बेटी के जन्म लेते ही रोहित अपनी जिम्मेदारियों से मुंह चुराकर एक बार फिर भाग खड़ा हुआ.
train,train-s2175,पति के अचानक गायब होने से परेशान सुनीता उसे ढूंढ़ने और न्याय पाने के लिए पुलिस के पास गई लेकिन उसकी मदद करने के बजाए उसका मामला तक दर्ज करने से मना कर दिया गया.,पति के अचानक गायब होने से परेशान सुनीता उसे ढूंढ़ने और न्याय पाने के लिए पुलिस के पास गई लेकिन उसकी मदद करने के बजाए उसका मामला तक दर्ज करने से मना कर दिया गया.
train,train-s2177,आयोग ने पौड़ी गढ़वाल के एसपी को इस मामले की जांच करने और जल्दी जवाब देने को कहा.,आयोग ने पौड़ी गढ़वाल के एसपी को इस मामले की जांच करने और जल्दी जवाब देने को कहा.
train,train-s2178,आयोग की फटकार के बाद स्थानीय पुलिस सक्रिय हुई और रोहित को ढूंढ़ निकाला गया.,आयोग की फटकार के बाद स्थानीय पुलिस सक्रिय हुई और रोहित को ढूंढ़ निकाला गया.
train,train-s2182,८६ साल की शेरनाज गांधी फ़िरोज़ गांधी के बड़े भाई दोराब गांधी की पत्नी हैं.,८६ साल की शेरनाज गांधी फ़िरोज़ गांधी के बड़े भाई दोराब गांधी की पत्नी हैं.
train,train-s2186,बदहाली में रहने के बावजूद शेरनाज़ गांधी ने मदद के लिए मिले सभी प्रस्तावों को ठुकरा दिया था.,बदहाली में रहने के बावजूद शेरनाज़ गांधी ने मदद के लिए मिले सभी प्रस्तावों को ठुकरा दिया था.
train,train-s2187,उन्हें उम्मीद थी कि उन्हें पेंशन ज़रूर मिलेगी और सरकारी अधिकारी से मिलने के बाद वे काफ़ी खुश थीं.,उन्हें उम्मीद थी कि उन्हें पेंशन ज़रूर मिलेगी और सरकारी अधिकारी से मिलने के बाद वे काफ़ी खुश थीं.
train,train-s2189,उन्होंने उम्मीद जताई कि अब तीन दशक से लंबित उनकी पेंशन उन्हें ज़रूर मिल जाएगी.,उन्होंने उम्मीद जताई कि अब तीन दशक से लंबित उनकी पेंशन उन्हें ज़रूर मिल जाएगी.
train,train-s2196,उन्होंने बताया कि शेरनाज गांधी को इस समय पहले की तुलना में पेंशन की ज़्यादा ज़रूरत है.,उन्होंने बताया कि शेरनाज गांधी को इस समय पहले की तुलना में पेंशन की ज़्यादा ज़रूरत है.
train,train-s2198,"उनकी छोटी बहन की बेटी मुंबई से पैसे भेजती है, जिससे उनका गुज़ारा होता है.","उनकी छोटी बहन की बेटी मुंबई से पैसे भेजती है, जिससे उनका गुज़ारा होता है."
train,train-s2200,रैना ने बताया कि मीडिया में गांधी परिवार से उनके संबंध और उनकी माली हालत के बारे में खबरें छपने के बाद से काफ़ी संख्या में लोग उनसे मिलने के लिए अस्पताल पहुंच रहे हैं.,रैना ने बताया कि मीडिया में गांधी परिवार से उनके संबंध और उनकी माली हालत के बारे में खबरें छपने के बाद से काफ़ी संख्या में लोग उनसे मिलने के लिए अस्पताल पहुंच रहे हैं.
train,train-s2201,"कुछ स्थानीय कांग्रेसी नेता भी उनसे मिलने के लिए पहुंचे और आर्थिक मदद की पेशकश की, लेकिन शेरनाज़ गांधी ने इनकार कर दिया.","कुछ स्थानीय कांग्रेसी नेता भी उनसे मिलने के लिए पहुंचे और आर्थिक मदद की पेशकश की, लेकिन शेरनाज़ गांधी ने इनकार कर दिया."
train,train-s2219,उन्होंने कहा कि सरकार ने कदम बढ़ाया है तो अब उनसे अपेक्षा भी बढ़ी है कि अब वह रास लीला के प्राचीन स्वरूप को बनाए रखने में ब्रजवासियों की मदद करेगी क्योंकि धीरे - धीरे आधुनिकता की चपेट में रास लीला का प्राचीन स्वरूप खो रहा है.,उन्होंने कहा कि सरकार ने कदम बढ़ाया है तो अब उनसे अपेक्षा भी बढ़ी है कि अब वह रास लीला के प्राचीन स्वरूप को बनाए रखने में ब्रजवासियों की मदद करेगी क्योंकि धीरे-धीरे आधुनिकता की चपेट में रास लीला का प्राचीन स्वरूप खो रहा है.
train,train-s2220,छत्तीसगढ़ एक्सप्रेस के पार्सल यान से माल चुराने के लिए चढ़े बदमाशों ने सोमवार को आरपीएफ के दो जवानों को पीटकर घायल कर उनमें से एक को चलती ट्रेन से नीचे फेंक दिया.,छत्तीसगढ़ एक्सप्रेस के पार्सल यान से माल चुराने के लिए चढ़े बदमाशों ने सोमवार को आरपीएफ के दो जवानों को पीटकर घायल कर उनमें से एक को चलती ट्रेन से नीचे फेंक दिया.
train,train-s2222,रूंधी और शोलाका के निकट ट्रेन रुकते ही सभी बदमाश खाली बैग छोड़कर भाग गए.,रूंधी और शोलाका के निकट ट्रेन रुकते ही सभी बदमाश खाली बैग छोड़कर भाग गए.
train,train-s2227,इसी के तहत आगरा आरपीएफ की क्राइम ब्रांच के सिपाही सतबीर शर्मा और रामवीर सिंह सादे कपड़ों में ड्यूटी पर थे.,इसी के तहत आगरा आरपीएफ की क्राइम ब्रांच के सिपाही सतबीर शर्मा और रामवीर सिंह सादे कपड़ों में ड्यूटी पर थे.
train,train-s2228,ये सिपाही दिल्ली में छत्तीसगढ़ एक्सप्रेस की बोगी नंबर एसई ८२८७८१४ के पार्सल यान में सवार हो गए.,ये सिपाही दिल्ली में छत्तीसगढ़ एक्सप्रेस की बोगी नंबर एसई ८२८७८१४ के पार्सल यान में सवार हो गए.
train,train-s2231,"इस दौरान सतबीर शर्मा और रामवीर सिंह ने मोबाइल से मंडल सुरक्षा आयुक्त आगरा को सूचित किया कि वे कोसी स्टेशन पर फोर्स भेज दें, ताकि इन बदमाशों को कोसी स्टेशन पर गाड़ी रुकते ही गिरफ्तार किया जा सके.","इस दौरान सतबीर शर्मा और रामवीर सिंह ने मोबाइल से मंडल सुरक्षा आयुक्त आगरा को सूचित किया कि वे कोसी स्टेशन पर फोर्स भेज दें, ताकि इन बदमाशों को कोसी स्टेशन पर गाड़ी रुकते ही गिरफ्तार किया जा सके."
train,train-s2237,यह देख सतबीर शर्मा ने चेन खींच दी और गाड़ी रूंधी - शोलाका के बीच गेट नंबर ५६१ के निकट रुक गई.,यह देख सतबीर शर्मा ने चेन खींच दी और गाड़ी रूंधी-शोलाका के बीच गेट नंबर ५६१ के निकट रुक गई.
train,train-s2238,गाड़ी रुकते ही सभी १५ बदमाश अपना खाली बैग छोड़ ट्रेन से भाग निकले.,गाड़ी रुकते ही सभी १५ बदमाश अपना खाली बैग छोड़ ट्रेन से भाग निकले.
train,train-s2239,बाद में रामवीर को घायलावस्था में ट्रेन में चढ़ाया गया तथा कोसी में ट्रेन रुकने पर दोनों को वहां के लाइफ लाइन अस्पताल में भर्ती कराया गया.,बाद में रामवीर को घायलावस्था में ट्रेन में चढ़ाया गया तथा कोसी में ट्रेन रुकने पर दोनों को वहां के लाइफ लाइन अस्पताल में भर्ती कराया गया.
train,train-s2251,घाटा करोड़ों में है और हर साल बढ़ता ही जा रहा है.,घाटा करोड़ों में है और हर साल बढ़ता ही जा रहा है.
train,train-s2254,यदि किसी प्रमुख स्थान पर होटल से लेकर साइबर कैफे और ब्रांडेड कपड़ों के आउटलेट हों तो लोग वहां जरूर आएंगे.,यदि किसी प्रमुख स्थान पर होटल से लेकर साइबर कैफे और ब्रांडेड कपड़ों के आउटलेट हों तो लोग वहां जरूर आएंगे.
train,train-s2258,गुजरात हाईकोर्ट ने बृहस्पतिवार को सीबीआई को पंचमहल जिले के लुनावाड़ा गांव में मिले सामूहिक कब्र के नरकंकालों के नमूने एकत्रित करने का आदेश दिया है.,गुजरात हाईकोर्ट ने बृहस्पतिवार को सीबीआई को पंचमहल जिले के लुनावाड़ा गांव में मिले सामूहिक कब्र के नरकंकालों के नमूने एकत्रित करने का आदेश दिया है.
train,train-s2261,इस मामले में वर्ष २००२ में गुजरात दंगों के शिकार एक व्यक्ति की मां व गैर - सरकारी संगठन 'सिटीजंस फॉर जस्टीस एंड पीस' ने याचिका दाखिल की थी.,इस मामले में वर्ष २००२ में गुजरात दंगों के शिकार एक व्यक्ति की मां व गैर-सरकारी संगठन 'सिटीजंस फॉर जस्टीस एंड पीस' ने याचिका दाखिल की थी.
train,train-s2265,ठंड के मौसम में रेल यात्रियों की अतिरिक्त भीड़ के मद्देनजर शुक्रवार को नई दिल्ली से मुंबई सेंट्रल के लिए एक राजधानी स्पेशल ट्रेन चलेगी.,ठंड के मौसम में रेल यात्रियों की अतिरिक्त भीड़ के मद्देनजर शुक्रवार को नई दिल्ली से मुंबई सेंट्रल के लिए एक राजधानी स्पेशल ट्रेन चलेगी.
train,train-s2269,चालू वर्ष ने जाते - जाते करीब डेढ़ साल पुराने संयुक्त प्रगतिशील गठबंधन (यूपीए) में फूट के संकेत दे दिए हैं ।,चालू वर्ष ने जाते-जाते करीब डेढ़ साल पुराने संयुक्त प्रगतिशील गठबंधन (यूपीए) में फूट के संकेत दे दिए हैं।
train,train-s2280,"सरकार में शामिल घटक दल अगर गैर कांग्रेसी व गैर - वामदल फ्रंट बनाते हैं, तो यूपीए की सेहत बिगड़नी लाजिमी है ।","सरकार में शामिल घटक दल अगर गैर कांग्रेसी व गैर-वामदल फ्रंट बनाते हैं, तो यूपीए की सेहत बिगड़नी लाजिमी है।"
train,train-s2288,बिहार के तमाम अधिकारियों ने जल्द चुनाव कराने से हाथ खड़े कर लिए हैं ।,बिहार के तमाम अधिकारियों ने जल्द चुनाव कराने से हाथ खड़े कर लिए हैं।
train,train-s2290,इसके लिए खासतौर से बाढ़ को कारण बताया गया है ।,इसके लिए खासतौर से बाढ़ को कारण बताया गया है।
train,train-s2295,दूसरी ओर राज्य के उच्च अधिकारियों का कहना है कि यदि फरवरी में हुए चुनाव की तरह सुरक्षा बलों की तैनाती की जाएगी तो एक दिन में मतदान कराने के लिए अर्ध सैन्य बलों की दो हजार टुकड़ियों की जरूरत होगी ।,दूसरी ओर राज्य के उच्च अधिकारियों का कहना है कि यदि फरवरी में हुए चुनाव की तरह सुरक्षा बलों की तैनाती की जाएगी तो एक दिन में मतदान कराने के लिए अर्ध सैन्य बलों की दो हजार टुकड़ियों की जरूरत होगी।
train,train-s2297,इसके अलावा प्रशासन का तर्क है कि आने वाले समय में जिला प्रशासन बाढ़ राहत अभियान में इस कदर व्यस्त हो जाएगा कि वह चुनावी कार्य पर ध्यान केंद्रित नहीं कर सकेगा ।,इसके अलावा प्रशासन का तर्क है कि आने वाले समय में जिला प्रशासन बाढ़ राहत अभियान में इस कदर व्यस्त हो जाएगा कि वह चुनावी कार्य पर ध्यान केंद्रित नहीं कर सकेगा।
train,train-s2299,उप - मुख्य चुनाव आयुक्त आनंद कुमार और कानूनी सलाहकार एस. के. मेहंदीरत्ता ने उत्तरी बिहार के बाढ़ प्रभावित जिलों के कमिश्नरों और डीएम से अलग अलग मुलाकात भी की ।,उप-मुख्य चुनाव आयुक्त आनंद कुमार और कानूनी सलाहकार एस. के. मेहंदीरत्ता ने उत्तरी बिहार के बाढ़ प्रभावित जिलों के कमिश्नरों और डीएम से अलग अलग मुलाकात भी की।
train,train-s2308,उनके साथ सैकड़ों समर्थक भी अदालत आए थे.,उनके साथ सैकड़ों समर्थक भी अदालत आए थे.
train,train-s2319,इस मामले में फंसने के चलते नटवर सिंह को विदेश मंत्री का पद गंवाना पड़ा था.,इस मामले में फंसने के चलते नटवर सिंह को विदेश मंत्री का पद गंवाना पड़ा था.
train,train-s2325,विभाग की सचिव रेवा नैयर के मुताबिक इस समय देश में १८ वर्ष तक की उम्र के तकरीबन ४२ करोड़ बच्चे हैं.,विभाग की सचिव रेवा नैयर के मुताबिक इस समय देश में १८ वर्ष तक की उम्र के तकरीबन ४२ करोड़ बच्चे हैं.
train,train-s2329,"नैयर ने कहा कि देश के ४२ करोड़ बच्चों में अधिकांश गरीब हैं और इनका ठीक ढंग से विकास नहीं हो पा रहा है जबकि सर्व शिक्षा अभियान, समग्र बाल विकास कार्यक्रम और आईसीडीएस कार्यक्रम के तहत सरकार पैसा भी खर्च कर रही है.","नैयर ने कहा कि देश के ४२ करोड़ बच्चों में अधिकांश गरीब हैं और इनका ठीक ढंग से विकास नहीं हो पा रहा है जबकि सर्व शिक्षा अभियान, समग्र बाल विकास कार्यक्रम और आईसीडीएस कार्यक्रम के तहत सरकार पैसा भी खर्च कर रही है."
train,train-s2342,कड़ी निगरानी में दोपहर बाद यहां भी बाजार लगने लगा.,कड़ी निगरानी में दोपहर बाद यहां भी बाजार लगने लगा.
train,train-s2343,धनतेरस की खरीदारी के लिए बड़ी संख्या में लोग शाम को घरों से निकलकर बाजारों में पहुंचे.,धनतेरस की खरीदारी के लिए बड़ी संख्या में लोग शाम को घरों से निकलकर बाजारों में पहुंचे.
train,train-s2344,सभी बड़े बाजारों में आवागमन के रास्तों पर लोगों को मेटल डिटेक्टर से होकर गुजरना पड़ा.,सभी बड़े बाजारों में आवागमन के रास्तों पर लोगों को मेटल डिटेक्टर से होकर गुजरना पड़ा.
train,train-s2352,लेकिन इससे लोगों को आतंकवाद से लड़ने के लिए बल मिलेगा.,लेकिन इससे लोगों को आतंकवाद से लड़ने के लिए बल मिलेगा.
train,train-s2362,दूसरी ओर फुटपाथ पर दुकान लगाने वालों को मुसीबतों का सामना करना पड़ा.,दूसरी ओर फुटपाथ पर दुकान लगाने वालों को मुसीबतों का सामना करना पड़ा.
train,train-s2363,मार्केट के सभी रास्तों पर मेटल डिटेक्टर लगा हुआ था और लोगों को उसी से गुजरना पड़ रहा था.,मार्केट के सभी रास्तों पर मेटल डिटेक्टर लगा हुआ था और लोगों को उसी से गुजरना पड़ रहा था.
train,train-s2368,तमिलनाडु में जयललिता के साथ लोकसभा चुनाव लड़ने के जख्म सहला रही भाजपा ने रविवार को एक तरह से साफ कर दिया कि उनसे दोस्ती जारी रखने का जोखिम वह नहीं उठाएगी.,तमिलनाडु में जयललिता के साथ लोकसभा चुनाव लड़ने के जख्म सहला रही भाजपा ने रविवार को एक तरह से साफ कर दिया कि उनसे दोस्ती जारी रखने का जोखिम वह नहीं उठाएगी.
train,train-s2374,वेंकैया ने कहा कि चुनाव में हार से जुड़े मसलों पर उन्होंने अब तक जयललिता से बातचीत नहीं की है लेकिन कहा कि जरूरत पड़ने पर वह जरूर बात करेंगे.,वेंकैया ने कहा कि चुनाव में हार से जुड़े मसलों पर उन्होंने अब तक जयललिता से बातचीत नहीं की है लेकिन कहा कि जरूरत पड़ने पर वह जरूर बात करेंगे.
train,train-s2375,जयललिता के इस्तीफे की विपक्षी दलों की मांग पर नायडू ने कहा कि ऐसा कोई नियम नहीं है कि संसदीय चुनाव में हारने वाली पार्टी को राज्य में गद्दी छोड़ देनी चाहिए.,जयललिता के इस्तीफे की विपक्षी दलों की मांग पर नायडू ने कहा कि ऐसा कोई नियम नहीं है कि संसदीय चुनाव में हारने वाली पार्टी को राज्य में गद्दी छोड़ देनी चाहिए.
train,train-s2376,"कांग्रेस सरकार पर हमला बोलते हुए वेंकैया ने कहा कि प्रधानमंत्री निर्वाचित नहीं हुआ बल्कि उनका 'चयन' हुआ, जो पहला अशुभ संकेत है.","कांग्रेस सरकार पर हमला बोलते हुए वेंकैया ने कहा कि प्रधानमंत्री निर्वाचित नहीं हुआ बल्कि उनका 'चयन' हुआ, जो पहला अशुभ संकेत है."
train,train-s2377,हारे हुए लोगों को मंत्री बनाया गया और उन्हें बड़े महकमे दिए गए.,हारे हुए लोगों को मंत्री बनाया गया और उन्हें बड़े महकमे दिए गए.
train,train-s2383,उन्होंने कहा कि माकपा समेत वामदल 'वीटो पावर' की धमकी देकर मनमोहन सिंह सरकार पर दबाव की राजनीति पर उतारू हैं.,उन्होंने कहा कि माकपा समेत वामदल 'वीटो पावर' की धमकी देकर मनमोहन सिंह सरकार पर दबाव की राजनीति पर उतारू हैं.
train,train-s2384,भाजपा ने आरोप लगाया कि कर्नाटक में कांग्रेस ने सरकार बना कर जनादेश का मखौल उड़ाया है.,भाजपा ने आरोप लगाया कि कर्नाटक में कांग्रेस ने सरकार बना कर जनादेश का मखौल उड़ाया है.
train,train-s2389,उन्होंने कहा कि उनकी पहली टिथी को गलत ढ़ंग से पेश किया गया.,उन्होंने कहा कि उनकी पहली टिथी को गलत ढ़ंग से पेश किया गया.
train,train-s2407,"दूतावास के अधिकारियों ने इस लंबे - चौड़े ग्रामीण पंजाबी को काफी सूझबूझ वाला पाया, जो अंग्रेजी और हिंदी दोनों अच्छी तरह बोल रहा था.","दूतावास के अधिकारियों ने इस लंबे-चौड़े ग्रामीण पंजाबी को काफी सूझबूझ वाला पाया, जो अंग्रेजी और हिंदी दोनों अच्छी तरह बोल रहा था."
train,train-s2418,दूसरे दिन सिर्फ एक - दो उलटफेर को छोड़ सभी सीग्रेड खिलाड़ी अपने मैच जीतने में कामयाब रहे.,दूसरे दिन सिर्फ एक-दो उलटफेर को छोड़ सभी सीग्रेड खिलाड़ी अपने मैच जीतने में कामयाब रहे.
train,train-s2419,चेकोस्लोवाकिया की २४ साल की हंतुचोवा २००१ से यूएस ओपन में खेल रही है लेकिन उन्हें पहले कभी भी शुरुआती राउंड में शिकस्त का सामना नहीं करना पड़ा था.,चेकोस्लोवाकिया की २४ साल की हंतुचोवा २००१ से यूएस ओपन में खेल रही है लेकिन उन्हें पहले कभी भी शुरुआती राउंड में शिकस्त का सामना नहीं करना पड़ा था.
train,train-s2420,भारत और पाकिस्तान के बीच सुधरते रिश्तों में मंगलवार को एक कड़ी और जुड़ गई.,भारत और पाकिस्तान के बीच सुधरते रिश्तों में मंगलवार को एक कड़ी और जुड़ गई.
train,train-s2421,दोनों ने एक - दूसरे की जेलों में बंद सभी मछुआरों व सजा पूरी कर चुके कैदियों को आगामी १२ सितंबर तक छोड़ने का फैसला किया है.,दोनों ने एक-दूसरे की जेलों में बंद सभी मछुआरों व सजा पूरी कर चुके कैदियों को आगामी १२ सितंबर तक छोड़ने का फैसला किया है.
train,train-s2422,दोनों देश आतंकवाद से मिलकर लड़ने के साथ ही इसको पूरी तरह मिटाने के लिए मिलकर कठोर कदम उठाएंगे.,दोनों देश आतंकवाद से मिलकर लड़ने के साथ ही इसको पूरी तरह मिटाने के लिए मिलकर कठोर कदम उठाएंगे.
train,train-s2425,गृह सचिव वी. के. दुग्गल ने पाक गृह सचिव कमाल शाह के साथ एक संयुक्त प्रेस कान्फ्रेंस में कहा कि दोनों देश अपने यहां किसी भी पड़ोसी नागरिक की गिरफ्तारी को तत्काल अधिसूचित करेंगे और इसके तीन माह के भीतर सभी से राजनयिकों को मिलने की अनुमति देंगे.,गृह सचिव वी. के. दुग्गल ने पाक गृह सचिव कमाल शाह के साथ एक संयुक्त प्रेस कान्फ्रेंस में कहा कि दोनों देश अपने यहां किसी भी पड़ोसी नागरिक की गिरफ्तारी को तत्काल अधिसूचित करेंगे और इसके तीन माह के भीतर सभी से राजनयिकों को मिलने की अनुमति देंगे.
train,train-s2427,दुग्गल ने संयुक्त बयान को पढ़ते हुए बताया कि दोनों देशों के कैदियों को सजा पूरी करने और नागरिकता की पुष्टि होने के तत्काल बाद रिहा कर दिया जाएगा.,दुग्गल ने संयुक्त बयान को पढ़ते हुए बताया कि दोनों देशों के कैदियों को सजा पूरी करने और नागरिकता की पुष्टि होने के तत्काल बाद रिहा कर दिया जाएगा.
train,train-s2432,इनमें अधिकतर मादक द्रव्यों की तस्करी से जुड़े लोग हैं.,इनमें अधिकतर मादक द्रव्यों की तस्करी से जुड़े लोग हैं.
train,train-s2435,इसके तहत एक नियमित संस्थागत प्रणाली स्थापित की जाएगी और तस्करी रोकने के लिए आपसी सहयोग बढ़ाया जाएगा.,इसके तहत एक नियमित संस्थागत प्रणाली स्थापित की जाएगी और तस्करी रोकने के लिए आपसी सहयोग बढ़ाया जाएगा.
train,train-s2447,"दीवाली के समय 'जुआ' खेलने की एक परंपरा है, लेकिन पुलिस के लिए यह परंपरा कमाई का अच्छा साधन बन गई है.","दीवाली के समय 'जुआ' खेलने की एक परंपरा है, लेकिन पुलिस के लिए यह परंपरा कमाई का अच्छा साधन बन गई है."
train,train-s2458,पिछले दिनों रिलीज हुई हॉलीवुड की फिल्म '1 दि डे आफ्टर टुमारो '2 के दृश्यों में ग्लोबल वार्मिंग यानि वैश्विक तापमान बढ़ने से दुनिया पर पड़ने वाले प्रभाव को देखकर अमरीकी चिंतित हैं ।,पिछले दिनों रिलीज हुई हॉलीवुड की फिल्म '1 दि डे आफ्टर टुमारो '2 के दृश्यों में ग्लोबल वार्मिंग यानि वैश्विक तापमान बढ़ने से दुनिया पर पड़ने वाले प्रभाव को देखकर अमरीकी चिंतित हैं।
train,train-s2459,लेकिन इस शोध से लोगों की चिंता और बढ़ जाएगी ।,लेकिन इस शोध से लोगों की चिंता और बढ़ जाएगी।
train,train-s2462,"१९८५ में भूगोल के जाने - माने अध्ययनकर्ता ने यूरोप में सूर्य के प्रकाश का स्तर पता कर बताया था कि जिस दिन सूर्य की रोशनी पृथ्वी पर सबसे ज्यादा पड़ती है, उस दिन भी पहले के मुकाबले धरती पर कम ही प्रकाश आता है ।","१९८५ में भूगोल के जाने-माने अध्ययनकर्ता ने यूरोप में सूर्य के प्रकाश का स्तर पता कर बताया था कि जिस दिन सूर्य की रोशनी पृथ्वी पर सबसे ज्यादा पड़ती है, उस दिन भी पहले के मुकाबले धरती पर कम ही प्रकाश आता है।"
train,train-s2469,कुछ विज्ञानियों का यह भी मानना है कि कारों से निकलने वाली कालिख और वैश्विक तापमान (ग्लोबल वार्मिंग) बढ़ने से सूर्य की रोशनी घटी है ।,कुछ विज्ञानियों का यह भी मानना है कि कारों से निकलने वाली कालिख और वैश्विक तापमान (ग्लोबल वार्मिंग) बढ़ने से सूर्य की रोशनी घटी है।
train,train-s2470,ग्लोबल वार्मिंग से ज्यादा पानी वाष्प बन कर उड़ता है जिससे समूचा आकाश बादल से ढक जाता है ।,ग्लोबल वार्मिंग से ज्यादा पानी वाष्प बन कर उड़ता है जिससे समूचा आकाश बादल से ढक जाता है।
train,train-s2472,उन्होंने कहा कि आम जन - जीवन पर इसका व्यापक असर पड़ सकता है ।,उन्होंने कहा कि आम जन-जीवन पर इसका व्यापक असर पड़ सकता है।
train,train-s2474,"बारिश से सड़क, रेल एवं वायु परिवहन पर बहुत बुरा असर पड़ा है ।","बारिश से सड़क, रेल एवं वायु परिवहन पर बहुत बुरा असर पड़ा है।"
train,train-s2475,बारिश के कारण कम दृश्यता के परिणामस्वरूप अंतरराष्ट्रीय व घरेलू उड़ानें छह घंटे से भी अधिक समय तक प्रभावित हुई ।,बारिश के कारण कम दृश्यता के परिणामस्वरूप अंतरराष्ट्रीय व घरेलू उड़ानें छह घंटे से भी अधिक समय तक प्रभावित हुई।
train,train-s2476,"मुख्यमंत्री विलासराव देशमुख ने कहा है कि स्थिति के मद्देनजर सोमवार को मुंबई, ठाणे और रायगढ़ में सभी स्कूल, कालेज और अन्य शैक्षणिक संस्थान बंद रहेंगे ।","मुख्यमंत्री विलासराव देशमुख ने कहा है कि स्थिति के मद्देनजर सोमवार को मुंबई, ठाणे और रायगढ़ में सभी स्कूल, कालेज और अन्य शैक्षणिक संस्थान बंद रहेंगे।"
train,train-s2480,पिछले सप्ताह मंगलवार एवं बुधवार को अचानक आई बाढ़ के कारण मुंबई शहर के लाखों लोग अपने कार्यालयों एवं घरों में फंस गए थे और आज अधिकारियों द्वारा अचानक उड़ानों एवं रेलगाड़ियों के आवागमन को स्थगित किए जाने के कारण हजारों लोग हवाई अड्डों एवं रेलवे स्टेशनों पर फंसे रहे ।,पिछले सप्ताह मंगलवार एवं बुधवार को अचानक आई बाढ़ के कारण मुंबई शहर के लाखों लोग अपने कार्यालयों एवं घरों में फंस गए थे और आज अधिकारियों द्वारा अचानक उड़ानों एवं रेलगाड़ियों के आवागमन को स्थगित किए जाने के कारण हजारों लोग हवाई अड्डों एवं रेलवे स्टेशनों पर फंसे रहे।
train,train-s2481,बारिश थमने के बाद उड़ान सेवा धीरे - धीरे बहाल हो गई ।,बारिश थमने के बाद उड़ान सेवा धीरे-धीरे बहाल हो गई।
train,train-s2491,अन्य नेताओं के सहयोग से वह पार्टी को आगे बढ़ाते रहेंगे ।,अन्य नेताओं के सहयोग से वह पार्टी को आगे बढ़ाते रहेंगे।
train,train-s2499,"राजनाथ ने कहा कि भाजपा अपनी उसी राजनीतिक विचारधारा के मुताबिक ही आगे बढ़ेगी, जिस कारण इसकी स्थापना हुई है ।","राजनाथ ने कहा कि भाजपा अपनी उसी राजनीतिक विचारधारा के मुताबिक ही आगे बढ़ेगी, जिस कारण इसकी स्थापना हुई है।"
train,train-s2506,अब हमें ज्यादा सावधान रहना पड़ेगा ।,अब हमें ज्यादा सावधान रहना पड़ेगा।
train,train-s2524,इसी कड़ी को आगे बढ़ाते हुए एसोसिएशन ने दिल्ली हाट में फौजी मेले का आयोजन किया है.,इसी कड़ी को आगे बढ़ाते हुए एसोसिएशन ने दिल्ली हाट में फौजी मेले का आयोजन किया है.
train,train-s2529,मेले के आयोजन का उद्देश्य सैन्य परिवारों के लिए राहत एवं कल्याण कोष की वृद्धि करना तथा इस क्षेत्र में आवा की भागीदारी बढ़ाना होगा.,मेले के आयोजन का उद्देश्य सैन्य परिवारों के लिए राहत एवं कल्याण कोष की वृद्धि करना तथा इस क्षेत्र में आवा की भागीदारी बढ़ाना होगा.
train,train-s2530,पांच लाख का इनामी और कुख्यात स्वयंभू नक्सल कमांडर कमलेश्वर बैठा पटना के बाहरी इलाके में पकड़ा गया है.,पांच लाख का इनामी और कुख्यात स्वयंभू नक्सल कमांडर कमलेश्वर बैठा पटना के बाहरी इलाके में पकड़ा गया है.
train,train-s2565,शनिवार को मुंबई में भाजपा महासम्मेलन के अंतिम दिन अध्यक्ष पद छोड़ने के बाद पत्रकारों से बातचीत में आडवाणी ने इस बात का खंडन किया कि जिन्ना विवाद के बाद आरएसएस के दवाब के कारण उन्होंने अध्यक्ष पद से इस्तीफा दिया है.,शनिवार को मुंबई में भाजपा महासम्मेलन के अंतिम दिन अध्यक्ष पद छोड़ने के बाद पत्रकारों से बातचीत में आडवाणी ने इस बात का खंडन किया कि जिन्ना विवाद के बाद आरएसएस के दवाब के कारण उन्होंने अध्यक्ष पद से इस्तीफा दिया है.
train,train-s2571,उल्लेखनीय है कि आतंकवाद के खतरे के मद्देनजर प्रधानमंत्री ने कथित तौर पर कहा था कि इसका पाकिस्तान के साथ वार्ता पर कोई प्रभाव नहीं पड़ेगा.,उल्लेखनीय है कि आतंकवाद के खतरे के मद्देनजर प्रधानमंत्री ने कथित तौर पर कहा था कि इसका पाकिस्तान के साथ वार्ता पर कोई प्रभाव नहीं पड़ेगा.
train,train-s2577,बैठक में नक्सल प्रभावित राज्यों को मिल रही सुरक्षा संबंधी व्यय योजना को अगले पांच सालों के लिए बढ़ाने का निर्णय लिया गया.,बैठक में नक्सल प्रभावित राज्यों को मिल रही सुरक्षा संबंधी व्यय योजना को अगले पांच सालों के लिए बढ़ाने का निर्णय लिया गया.
train,train-s2578,इस योजना के तहत इन राज्यों को केन्द्र से सालाना ५० करोड़ रुपये मिलते हैं.,इस योजना के तहत इन राज्यों को केन्द्र से सालाना ५० करोड़ रुपये मिलते हैं.
train,train-s2581,बैठक के बाद गृह सचिव वी. के. दुग्गल ने कहा कि केन्द्र ने नक्सलियों द्वारा विस्फोटों की बढ़ती वारदातों को देखते हुए सेना के रिटायर्ड जवानों की सेवाएं लेने की योजना को मंजूरी दी है.,बैठक के बाद गृह सचिव वी. के. दुग्गल ने कहा कि केन्द्र ने नक्सलियों द्वारा विस्फोटों की बढ़ती वारदातों को देखते हुए सेना के रिटायर्ड जवानों की सेवाएं लेने की योजना को मंजूरी दी है.
train,train-s2586,"उन्होंने कहा कि छत्तीसगढ़ और आंध्र प्रदेश में नक्सली घटनाओं में इजाफा हुआ है, जबकि बाकी राज्यों में कमी आई है.","उन्होंने कहा कि छत्तीसगढ़ और आंध्र प्रदेश में नक्सली घटनाओं में इजाफा हुआ है, जबकि बाकी राज्यों में कमी आई है."
train,train-s2587,छत्तीसगढ़ में नक्सली हिंसा में वृद्धि की वजह बताते हुए उन्होंने कहा कि वहां लोग नक्सलियों के खिलाफ लामबंद हो रहे हैं.,छत्तीसगढ़ में नक्सली हिंसा में वृद्धि की वजह बताते हुए उन्होंने कहा कि वहां लोग नक्सलियों के खिलाफ लामबंद हो रहे हैं.
train,train-s2589,अभियान को सत्तारूढ़ दल भाजपा के साथ ही कांग्रेस का भी समर्थन हासिल है.,अभियान को सत्तारूढ़ दल भाजपा के साथ ही कांग्रेस का भी समर्थन हासिल है.
train,train-s2592,दुग्गल ने माना कि राज्यों में बड़ी संख्या में पुलिस के पद लम्बे समय से भरे नहीं गए हैं.,दुग्गल ने माना कि राज्यों में बड़ी संख्या में पुलिस के पद लम्बे समय से भरे नहीं गए हैं.
train,train-s2595,"बैठक में आंध्र प्रदेश, बिहार, छत्तीसगढ़, झारखंड, मध्य प्रदेश, महाराष्ट्र, उड़ीसा, उत्तर प्रदेश, पश्चिम बंगाल, उत्तरांचल, तमिलनाडु, केरल और कर्नाटक के अलावा केन्द्रीय रिजर्व पुलिस फोर्स और खुफिया ब्यूरो के आला अफसर शामिल हुए.","बैठक में आंध्र प्रदेश, बिहार, छत्तीसगढ़, झारखंड, मध्य प्रदेश, महाराष्ट्र, उड़ीसा, उत्तर प्रदेश, पश्चिम बंगाल, उत्तरांचल, तमिलनाडु, केरल और कर्नाटक के अलावा केन्द्रीय रिजर्व पुलिस फोर्स और खुफिया ब्यूरो के आला अफसर शामिल हुए."
train,train-s2599,सरकारी आंकड़ों में मरने वालों की संख्या बढ़कर ७७६३ हो गई है लेकिन अंडमान में लापता लोगों की संख्या में काफी कमी आई है और उनकी संख्या ३००० रह गई है.,सरकारी आंकड़ों में मरने वालों की संख्या बढ़कर ७७६३ हो गई है लेकिन अंडमान में लापता लोगों की संख्या में काफी कमी आई है और उनकी संख्या ३००० रह गई है.
train,train-s2611,आज सुबह चीन के विदेश मंत्री ने भी विदेश मंत्री नटवर सिंह को फोन करके स्थिति का जायज़ा लिया और राहत कार्यो के बारे में बात की है.,आज सुबह चीन के विदेश मंत्री ने भी विदेश मंत्री नटवर सिंह को फोन करके स्थिति का जायज़ा लिया और राहत कार्यो के बारे में बात की है.
train,train-s2617,भारतीय जनता पार्टी ने कांग्रेस पर मुस्लिम सांप्रदायिकता को बढ़ावा देने का आरोप लगाया है.,भारतीय जनता पार्टी ने कांग्रेस पर मुस्लिम सांप्रदायिकता को बढ़ावा देने का आरोप लगाया है.
train,train-s2623,कांग्रेस जानबूझकर मुस्लिम सांप्रदायिकता को बढ़ावा दे रही है.,कांग्रेस जानबूझकर मुस्लिम सांप्रदायिकता को बढ़ावा दे रही है.
train,train-s2624,"भाजपा प्रवक्ता प्रकाश जावड़ेकर के मुताबिक, जमीअत -JOIN उलेमा- ए -JOIN हिंद ने कांग्रेस अध्यक्ष सोनिया गांधी की मौजूदगी में धर्म के आधार पर विधानसभा व संसद में राजनीतिक आरक्षण की मांग की है.","भाजपा प्रवक्ता प्रकाश जावड़ेकर के मुताबिक, जमीअत -JOIN उलेमा- ए -JOIN हिंद ने कांग्रेस अध्यक्ष सोनिया गांधी की मौजूदगी में धर्म के आधार पर विधानसभा व संसद में राजनीतिक आरक्षण की मांग की है."
train,train-s2631,खुद कांग्रेस अध्यक्ष ने अधिवेशन में पोटा कैदियों को रिहा करना सरकार की बड़ी उपलब्धि बताया था.,खुद कांग्रेस अध्यक्ष ने अधिवेशन में पोटा कैदियों को रिहा करना सरकार की बड़ी उपलब्धि बताया था.
train,train-s2632,आंध्रप्रदेश में सरकारी नौकरियों में मुसलमानों को पांच फीसदी आरक्षण व अलीगढ़ मुस्लिम विश्वविद्यालय में पचास प्रतिशत मुसलमान छात्रों को आरक्षण का फैसला मुस्लिम वोट बैंक को लुभाने की सियासी कोशिश है.,आंध्रप्रदेश में सरकारी नौकरियों में मुसलमानों को पांच फीसदी आरक्षण व अलीगढ़ मुस्लिम विश्वविद्यालय में पचास प्रतिशत मुसलमान छात्रों को आरक्षण का फैसला मुस्लिम वोट बैंक को लुभाने की सियासी कोशिश है.
train,train-s2634,उसकी इस मांग ने काफी जोर पकड़ा और इसका परिणाम देश के विभाजन के रूप में हुआ.,उसकी इस मांग ने काफी जोर पकड़ा और इसका परिणाम देश के विभाजन के रूप में हुआ.
train,train-s2638,जावड़ेकर ने इस मुद्दे पर वामदलों की चुप्पी पर भी सवाल उठाए.,जावड़ेकर ने इस मुद्दे पर वामदलों की चुप्पी पर भी सवाल उठाए.
train,train-s2641,पार्टी का कहना है कि मुस्लिम वोट बैंक को मजबूत बनाने के लिए इस तरह की मांग का समर्थन करने से देश में एकता व सांप्रदायिक सोहार्द्र का माहौल बिगड़ता है.,पार्टी का कहना है कि मुस्लिम वोट बैंक को मजबूत बनाने के लिए इस तरह की मांग का समर्थन करने से देश में एकता व सांप्रदायिक सोहार्द्र का माहौल बिगड़ता है.
train,train-s2644,उन्होंने यहां पहुंचने के बाद संवाददाता सम्मेलन में आंध्र प्रदेश के लिए तुरंत सौ करोड़ रुपये देने की घोषणा की है.,उन्होंने यहां पहुंचने के बाद संवाददाता सम्मेलन में आंध्र प्रदेश के लिए तुरंत सौ करोड़ रुपये देने की घोषणा की है.
train,train-s2645,कल उन्होंने केरल के लिए १०६ करोड़ रुपये की घोषणा की थी.,कल उन्होंने केरल के लिए १०६ करोड़ रुपये की घोषणा की थी.
train,train-s2648,मनमोहन ने बताया कि केंद्र ने राष्ट्रीय आपदा राहत कोष से सभी प्रभावित राज्यों के लिए पांच सौ करोड़ रुपये जारी किए हैं.,मनमोहन ने बताया कि केंद्र ने राष्ट्रीय आपदा राहत कोष से सभी प्रभावित राज्यों के लिए पांच सौ करोड़ रुपये जारी किए हैं.
train,train-s2662,सहमति सहित इन दो समझौतों से दोनों देशों के बीच द्विपक्षीय संबंध बढ़ने की उम्मीद है ।,सहमति सहित इन दो समझौतों से दोनों देशों के बीच द्विपक्षीय संबंध बढ़ने की उम्मीद है।
train,train-s2663,इससे दोनों देशों के बीच नागरिक उड्डयन के साथ ही जनसंपर्क और पर्यटन आदि को भी बढ़ावा मिलेगा ।,इससे दोनों देशों के बीच नागरिक उड्डयन के साथ ही जनसंपर्क और पर्यटन आदि को भी बढ़ावा मिलेगा।
train,train-s2665,आइसलैंड के पास कई बड़ी उड्डयन चार्टर कंपनियां होने के नाते दोनों देशों को नागरिक उड़ानों में संपर्क बढ़ाने की सुविधा होगी ।,आइसलैंड के पास कई बड़ी उड्डयन चार्टर कंपनियां होने के नाते दोनों देशों को नागरिक उड़ानों में संपर्क बढ़ाने की सुविधा होगी।
train,train-s2666,दोनों देशों के इस वायु सेवा समझौते के तहत दोनों देशों के एयरोनॉटिकल प्रशासन के बीच भी सहयोग बढ़ेगा ।,दोनों देशों के इस वायु सेवा समझौते के तहत दोनों देशों के एयरोनॉटिकल प्रशासन के बीच भी सहयोग बढ़ेगा।
train,train-s2675,"'2 अधिकारी के मुताबिक, खुफिया विभाग को मिली रिपोर्ट में कहा गया है कि दाऊद ने कराची के क्लिफटन इलाके में एक मॉल के निर्माण के लिए करोड़ों रुपये का निवेश किया है ।","'2 अधिकारी के मुताबिक, खुफिया विभाग को मिली रिपोर्ट में कहा गया है कि दाऊद ने कराची के क्लिफटन इलाके में एक मॉल के निर्माण के लिए करोड़ों रुपये का निवेश किया है।"
train,train-s2682,सरकार ने पेट्रोलियम कंपनियों से कहा है कि कम से कम अगले एक पखवाड़े तक दाम न बढ़ाए जाएं ।,सरकार ने पेट्रोलियम कंपनियों से कहा है कि कम से कम अगले एक पखवाड़े तक दाम न बढ़ाए जाएं।
train,train-s2685,"पेट्रोलियम मंत्री मणिशंकर अय्यर ने रविवार को कहा, आज कीमतें नहीं बढ़ाई जा रही हैं ।","पेट्रोलियम मंत्री मणिशंकर अय्यर ने रविवार को कहा, आज कीमतें नहीं बढ़ाई जा रही हैं।"
train,train-s2690,"सीपीएम नेता सीताराम येचुरी ने कहा कि वामपंथी दल पेट्रोल और डीजल की कीमतों में बढ़ोतरी के खिलाफ नहीं हैं, लेकिन हम चाहते हैं कि सारा बोझ जनता पर न डाला जाए ।","सीपीएम नेता सीताराम येचुरी ने कहा कि वामपंथी दल पेट्रोल और डीजल की कीमतों में बढ़ोतरी के खिलाफ नहीं हैं, लेकिन हम चाहते हैं कि सारा बोझ जनता पर न डाला जाए।"
train,train-s2694,इसलिए पेट्रोल और डीजल की कीमतों में क्रमशः १.२२ रुपये और २.२४ रुपये की बढ़ोतरी जरूरी मानी जा रही थी ।,इसलिए पेट्रोल और डीजल की कीमतों में क्रमशः १.२२ रुपये और २.२४ रुपये की बढ़ोतरी जरूरी मानी जा रही थी।
train,train-s2697,"हालांकि भारतीय बास्केट में आने वाले पेट्रोल की कीमतें उतनी ज्यादा तेजी से नहीं बढ़ी हैं, लेकिन भारतीय पेट्रोलियम कंपनियां लगातार दबाव महसूस कर रही हैं और उनका मानना है कि कीमतें नहीं बढ़ाने से उन्हें भारी नुकसान हो रहा है ।","हालांकि भारतीय बास्केट में आने वाले पेट्रोल की कीमतें उतनी ज्यादा तेजी से नहीं बढ़ी हैं, लेकिन भारतीय पेट्रोलियम कंपनियां लगातार दबाव महसूस कर रही हैं और उनका मानना है कि कीमतें नहीं बढ़ाने से उन्हें भारी नुकसान हो रहा है।"
train,train-s2704,पिछले २७ वर्षो में महज ३ कांग्रेसी नेताओं को ही मुख्यमंत्री की कुर्सी की शोभा बढ़ाने का सौभाग्य प्राप्त हुआ है ।,पिछले २७ वर्षो में महज ३ कांग्रेसी नेताओं को ही मुख्यमंत्री की कुर्सी की शोभा बढ़ाने का सौभाग्य प्राप्त हुआ है।
train,train-s2717,"पाकिस्तान के मदरसों में ही बच्चों को 'जिहाद' और 'शहादत' जैसे शब्दों की घुट्टी नहीं दी जाती, बल्कि उसके प्राइमरी स्कूलों के पाठ्यक्रम में इन्हें पूरी अहमियत दी गई है.","पाकिस्तान के मदरसों में ही बच्चों को 'जिहाद' और 'शहादत' जैसे शब्दों की घुट्टी नहीं दी जाती, बल्कि उसके प्राइमरी स्कूलों के पाठ्यक्रम में इन्हें पूरी अहमियत दी गई है."
train,train-s2720,इसके अलावा इन कक्षाओं में पढ़ने वाले तीन से आठ साल तक के बच्चों को जिहाद और शहादत पर तकरीर देने के लिए प्रेरित करने की अनुशंसा की गई है.,इसके अलावा इन कक्षाओं में पढ़ने वाले तीन से आठ साल तक के बच्चों को जिहाद और शहादत पर तकरीर देने के लिए प्रेरित करने की अनुशंसा की गई है.
train,train-s2722,पाकिस्तान के आर्थिक सर्वे २००३ -JOIN ०४ का हवाला देते हुए साप्ताहिक ने कहा कि करीब १.७४ करोड़ बच्चे प्राइमरी स्कूलों में शिक्षा ग्रहण कर रहे है.,पाकिस्तान के आर्थिक सर्वे २००३ -JOIN ०४ का हवाला देते हुए साप्ताहिक ने कहा कि करीब १.७४ करोड़ बच्चे प्राइमरी स्कूलों में शिक्षा ग्रहण कर रहे है.
train,train-s2732,राष्ट्रपति एपीजे अब्दुल कलाम की ओर से आज सुबह इंदिरा गांधी की समाधि शक्ति स्थल पर फूल चढ़ाए गए.,राष्ट्रपति एपीजे अब्दुल कलाम की ओर से आज सुबह इंदिरा गांधी की समाधि शक्ति स्थल पर फूल चढ़ाए गए.
train,train-s2737,शनिवार की रात बारह बजे घड़ी की सुईयों के मिलने के साथ ही एक और नए वर्ष का शुभारंभ हो गया जिसका समूची दुनिया में लोगों ने आतिशबाजी के साथ स्वागत किया ।,शनिवार की रात बारह बजे घड़ी की सुईयों के मिलने के साथ ही एक और नए वर्ष का शुभारंभ हो गया जिसका समूची दुनिया में लोगों ने आतिशबाजी के साथ स्वागत किया।
train,train-s2745,नए साल का जश्न मनाने के लिए गोवा में समंदर के किनारे सैलानियों का सैलाब उमड़ा है ।,नए साल का जश्न मनाने के लिए गोवा में समंदर के किनारे सैलानियों का सैलाब उमड़ा है।
train,train-s2755,ये वकील हुबली - धारवाड़ में कर्नाटक हाई कोर्ट की पीठ को गैर जरूरी बताने संबंधी मुख्य न्यायाधीश के बयान पर विरोध जता रहे थे.,ये वकील हुबली-धारवाड़ में कर्नाटक हाई कोर्ट की पीठ को गैर जरूरी बताने संबंधी मुख्य न्यायाधीश के बयान पर विरोध जता रहे थे.
train,train-s2763,रक्षा - मंत्रालय द्वारा हलफनामा दायर करने के बाद विपक्ष ने दावा किया था कि इसमें जॉर्ज फर्नान्डिज़ को क्लीन चिट दे दी गई है.,रक्षा-मंत्रालय द्वारा हलफनामा दायर करने के बाद विपक्ष ने दावा किया था कि इसमें जॉर्ज फर्नान्डिज़ को क्लीन चिट दे दी गई है.
train,train-s2773,भाजपा और जद यू ने भी दावा किया कि यूपीए सरकार ने फर्नान्डिज़ को कारगिल खरीद में क्लीन चिट दे दी है.,भाजपा और जद यू ने भी दावा किया कि यूपीए सरकार ने फर्नान्डिज़ को कारगिल खरीद में क्लीन चिट दे दी है.
train,train-s2774,इसी को देखते हुए सरकार को नए हलफनामे का इरादा बनाना पड़ा.,इसी को देखते हुए सरकार को नए हलफनामे का इरादा बनाना पड़ा.
train,train-s2776,इससे ऐसा नहीं झलकना चाहिए था कि फर्नान्डिज़ को क्लीन चिट मिल गई है.,इससे ऐसा नहीं झलकना चाहिए था कि फर्नान्डिज़ को क्लीन चिट मिल गई है.
train,train-s2778,सूत्रों का कहना है कि सरकार अब विचार कर रही कि कैग की रिपोर्ट के आधार पर क्या दोषी लोगों के खिलाफ सरकार को भारी रक़म का चूना लगाने और जरूरत के वक्त उपकरण न पहुंचने का मामला प्रथमदृष्ट्या बनता है.,सूत्रों का कहना है कि सरकार अब विचार कर रही कि कैग की रिपोर्ट के आधार पर क्या दोषी लोगों के खिलाफ सरकार को भारी रक़म का चूना लगाने और जरूरत के वक्त उपकरण न पहुंचने का मामला प्रथमदृष्ट्या बनता है.
train,train-s2791,"पुलिस ने फरीदाबाद, नोएडा, गुडगाँव और बल्लभगढ़ से ऐसे करीब एक दर्जन लोगों को हिरासत में लेकर पूछताछ की है.","पुलिस ने फरीदाबाद, नोएडा, गुडगाँव और बल्लभगढ़ से ऐसे करीब एक दर्जन लोगों को हिरासत में लेकर पूछताछ की है."
train,train-s2792,पुलिस को शक है कि हिरासत में लिए गए लोग किसी न किसी रूप से आईएसआई से जुड़े हैं और आपराधिक गतिविधियों में लीन हैं.,पुलिस को शक है कि हिरासत में लिए गए लोग किसी न किसी रूप से आईएसआई से जुड़े हैं और आपराधिक गतिविधियों में लीन हैं.
train,train-s2795,पुलिस टीम अब घटना - स्थल की कड़ियों को जोड़कर ही किसी अंजाम तक पहुँचने की कवायद कर रही है.,पुलिस टीम अब घटना-स्थल की कड़ियों को जोड़कर ही किसी अंजाम तक पहुँचने की कवायद कर रही है.
train,train-s2800,"रुपर्ट मरडोक के स्टार नेटवर्क व टाटा के १,६०० करोड़ के डीटीएच संयुक्त उपक्रम को सरकार से मंजूरी शीघ्र मिलने की संभावना है.","रुपर्ट मरडोक के स्टार नेटवर्क व टाटा के १,६०० करोड़ के डीटीएच संयुक्त उपक्रम को सरकार से मंजूरी शीघ्र मिलने की संभावना है."
train,train-s2801,यह नया उपक्रम इस क्षेत्र के फिलहाल अकेले खिलाड़ी जी. के. 'डिश टीवी' व प्रसार भारती की जल्द आने वाली डीटीएच सेवा को टक्कर देने की तैयारी में है.,यह नया उपक्रम इस क्षेत्र के फिलहाल अकेले खिलाड़ी जी. के. 'डिश टीवी' व प्रसार भारती की जल्द आने वाली डीटीएच सेवा को टक्कर देने की तैयारी में है.
train,train-s2806,इसे 'स्पेस टीवी' का नाम दिया गया है.,इसे 'स्पेस टीवी' का नाम दिया गया है.
train,train-s2809,फॉक्स न्यूज़ के हवाले से रविवार को मिली जानकारी के अनुसार लादेन को पूर्वी पाकिस्तान में देखा गया है.,फॉक्स न्यूज़ के हवाले से रविवार को मिली जानकारी के अनुसार लादेन को पूर्वी पाकिस्तान में देखा गया है.
train,train-s2812,रिपोर्ट में कहा गया है कि पड़ोस में लादेन की मौजूदगी की खबर के बाद जम्मू कश्मीर में सुरक्षा बढ़ा दी गई है.,रिपोर्ट में कहा गया है कि पड़ोस में लादेन की मौजूदगी की खबर के बाद जम्मू कश्मीर में सुरक्षा बढ़ा दी गई है.
train,train-s2816,गौरतलब है कि काफी दिन पहले मीडिया में ऐसी खबरें भी आई थीं कि लादेन को पाकिस्तान में पकड़ लिया गया है और उसे अमेरिका के राष्ट्रपति चुनाव के ठीक पहले जगज़ाहिर किया जाएगा ताकि राष्ट्रपति बुश इसका फायदा उठा सकें.,गौरतलब है कि काफी दिन पहले मीडिया में ऐसी खबरें भी आई थीं कि लादेन को पाकिस्तान में पकड़ लिया गया है और उसे अमेरिका के राष्ट्रपति चुनाव के ठीक पहले जगज़ाहिर किया जाएगा ताकि राष्ट्रपति बुश इसका फायदा उठा सकें.
train,train-s2818,सुमात्रा और इंडोनेशिया के पास स्थित द्वीपों पर बृहस्पतिवार को भूकंप के दो तगड़े झटके महसूस किए गए.,सुमात्रा और इंडोनेशिया के पास स्थित द्वीपों पर बृहस्पतिवार को भूकंप के दो तगड़े झटके महसूस किए गए.
train,train-s2821,भूकंप से किसी प्रकार के जान - माल के नुक़सान की सूचना नहीं है.,भूकंप से किसी प्रकार के जान-माल के नुक़सान की सूचना नहीं है.
train,train-s2823,आशंका जताई जा रही है कि मौतों का आँकड़ा एक हजार के पार जा सकता है.,आशंका जताई जा रही है कि मौतों का आँकड़ा एक हजार के पार जा सकता है.
train,train-s2828,इसका केंद्र सुमात्रा के नज़दीक नियास और सिमेउलू द्वीप के बीच समुद्र के भीतर स्थित था.,इसका केंद्र सुमात्रा के नज़दीक नियास और सिमेउलू द्वीप के बीच समुद्र के भीतर स्थित था.
train,train-s2832,उसके मुताबिक मौतों का आँकड़ा बढ़ सकता है.,उसके मुताबिक मौतों का आँकड़ा बढ़ सकता है.
train,train-s2833,प्रवक्ता के मुताबिक भूकंप के कारण सड़कें बुरी तरह ध्वस्त हो गई हैं इसलिए वहाँ बड़े वाहन नहीं जा पा रहे हैं.,प्रवक्ता के मुताबिक भूकंप के कारण सड़कें बुरी तरह ध्वस्त हो गई हैं इसलिए वहाँ बड़े वाहन नहीं जा पा रहे हैं.
train,train-s2842,बहरीन तट पर हुई नाव दुर्घटना में मारे गए भारतीयों की संख्या बढ़कर २१ हो गई है ।,बहरीन तट पर हुई नाव दुर्घटना में मारे गए भारतीयों की संख्या बढ़कर २१ हो गई है।
train,train-s2846,मृतकों के परिजनों को मुआवज़ा देने के बाबत उन्होंने कहा कि इस बारे में बाद में विचार किया जाएगा ।,मृतकों के परिजनों को मुआवज़ा देने के बाबत उन्होंने कहा कि इस बारे में बाद में विचार किया जाएगा।
train,train-s2851,बहरीन के आंतरिक मामलों के मंत्री शेख राशिद बिन अब्दुल्ला अल - खलीफा ने कहा है कि कुछ तक़नीकी गड़बड़ी जरूर हुई होगी जिसके कारण ही नाव डूब गई ।,बहरीन के आंतरिक मामलों के मंत्री शेख राशिद बिन अब्दुल्ला अल-खलीफा ने कहा है कि कुछ तक़नीकी गड़बड़ी जरूर हुई होगी जिसके कारण ही नाव डूब गई।
train,train-s2859,३२ संगठनों का गठजोड़ अपुंबा लुप ११ जुलाई से एएफएसपीए के खिलाफ मणिपुर में आंदोलन कर रहा था ।,३२ संगठनों का गठजोड़ अपुंबा लुप ११ जुलाई से एएफएसपीए के खिलाफ मणिपुर में आंदोलन कर रहा था।
train,train-s2887,ऐसी स्थिति में अमेरिका के लिए भी यह जरूरी जान पड़ रहा है कि विपक्ष और सहयोग दलों का मुंह बंद करने के लिए वह परमाणु ईंधन की आपूर्ति का स्पष्ट ऐलान करे तथा इसके लिए समय सीमा निर्धारित करे.,ऐसी स्थिति में अमेरिका के लिए भी यह जरूरी जान पड़ रहा है कि विपक्ष और सहयोग दलों का मुंह बंद करने के लिए वह परमाणु ईंधन की आपूर्ति का स्पष्ट ऐलान करे तथा इसके लिए समय सीमा निर्धारित करे.
train,train-s2889,उन्होंने कहा है कि केंद्र का यह प्रस्ताव देश की 'खस्ताहाल' आंतरिक सुरक्षा को दर्शाता है.,उन्होंने कहा है कि केंद्र का यह प्रस्ताव देश की 'खस्ताहाल' आंतरिक सुरक्षा को दर्शाता है.
train,train-s2891,शनिवार को नई दिल्ली में पार्टी की एक बैठक में उन्होंने कहा कि केंद्र की सत्तारूढ़ यूपीए सरकार का यह प्रस्ताव इस बात को दर्शाता है कि देश में सुरक्षा की स्थिति कितनी दयनीय है?,शनिवार को नई दिल्ली में पार्टी की एक बैठक में उन्होंने कहा कि केंद्र की सत्तारूढ़ यूपीए सरकार का यह प्रस्ताव इस बात को दर्शाता है कि देश में सुरक्षा की स्थिति कितनी दयनीय है?
train,train-s2896,"ऑल इंडिया एसबीआई स्टाफ फेडरेशन के उपाध्यक्ष गुप्ता ने कहा कि चूंकि वित्त मंत्रालय की ओर से कोई संदेश नहीं आया है, लिहाजा हम तीन अप्रैल से बेमियादी हड़ताल पर जा रहे हैं ।","ऑल इंडिया एसबीआई स्टाफ फेडरेशन के उपाध्यक्ष गुप्ता ने कहा कि चूंकि वित्त मंत्रालय की ओर से कोई संदेश नहीं आया है, लिहाजा हम तीन अप्रैल से बेमियादी हड़ताल पर जा रहे हैं।"
train,train-s2897,वहीं कोलकाता में एसबीआई ऑफिसर्स एसोसिएशन और एसबीआई स्टाफ एसोसिएशन के महासचिव एस. के. हलदर और अशोक दत्ता ने शनिवार को एक संयुक्त बयान में कहा कि पेंशन संबंधी मुद्दे को सुलझाने के लिए मुख्य श्रमायुक्त (केंद्रीय) की पहल केंद्र सरकार के अड़ियल रवैये के कारण विफल रही ।,वहीं कोलकाता में एसबीआई ऑफिसर्स एसोसिएशन और एसबीआई स्टाफ एसोसिएशन के महासचिव एस. के. हलदर और अशोक दत्ता ने शनिवार को एक संयुक्त बयान में कहा कि पेंशन संबंधी मुद्दे को सुलझाने के लिए मुख्य श्रमायुक्त (केंद्रीय) की पहल केंद्र सरकार के अड़ियल रवैये के कारण विफल रही।
train,train-s2898,इसलिए एसबीआई कर्मचारियों के पास हड़ताल पर जाने के सिवा और विकल्प शेष नहीं रह गया ।,इसलिए एसबीआई कर्मचारियों के पास हड़ताल पर जाने के सिवा और विकल्प शेष नहीं रह गया।
train,train-s2900,लोकसभा में आज शून्यकाल के दौरान मूलापेरियर बांध की ऊंचाई बढ़ाए जाने के मुद्दे पर केरल और तमिलनाडु के सांसदों के बीच तनातनी हुई ।,लोकसभा में आज शून्यकाल के दौरान मूलापेरियर बांध की ऊंचाई बढ़ाए जाने के मुद्दे पर केरल और तमिलनाडु के सांसदों के बीच तनातनी हुई।
train,train-s2901,सर्वोच्च न्यायालय ने दो दिन पहले ही बांध की ऊंचाई को १३६ फुट से बढ़ाकर १४२ फुट करने की मंजूरी दी है ।,सर्वोच्च न्यायालय ने दो दिन पहले ही बांध की ऊंचाई को १३६ फुट से बढ़ाकर १४२ फुट करने की मंजूरी दी है।
train,train-s2902,सदन में केरल कांग्रेस के सांसद के. फ्रांसिस जॉर्ज ने कहा कि बांध के आकार की सुरक्षा और बचाव के मद्देनजर इसकी ऊंचाई नहीं बढ़ाई जा सकती ।,सदन में केरल कांग्रेस के सांसद के. फ्रांसिस जॉर्ज ने कहा कि बांध के आकार की सुरक्षा और बचाव के मद्देनजर इसकी ऊंचाई नहीं बढ़ाई जा सकती।
train,train-s2907,'गर्म गोश्त' का धंधा पूरे जिले में फैल रहा है ।,'गर्म गोश्त' का धंधा पूरे जिले में फैल रहा है।
train,train-s2911,दूसरे राज्य की दो बहनें आधा दर्जन लड़कियों के साथ ग्रामीण क्षेत्रों में देह व्यापार का धंधा चला रही हैं ।,दूसरे राज्य की दो बहनें आधा दर्जन लड़कियों के साथ ग्रामीण क्षेत्रों में देह व्यापार का धंधा चला रही हैं।
train,train-s2914,ये लड़कियां शहर के तीन लोगों को डेढ़ लाख से अधिक का चूना लगा चुकी हैं ।,ये लड़कियां शहर के तीन लोगों को डेढ़ लाख से अधिक का चूना लगा चुकी हैं।
train,train-s2926,इनमें केवल एक लड़का है ।,इनमें केवल एक लड़का है।
train,train-s2927,इस समय चार लड़कियां उसके साथ रहती हैं ।,इस समय चार लड़कियां उसके साथ रहती हैं।
train,train-s2928,बहन के पास कोई लड़की नहीं है ।,बहन के पास कोई लड़की नहीं है।
train,train-s2932,यह आजमगढ़ शहर के बेलइसा मुहल्ले में एक युवक को ६५ हजार का चूना लगा चुकी हैं ।,यह आजमगढ़ शहर के बेलइसा मुहल्ले में एक युवक को ६५ हजार का चूना लगा चुकी हैं।
train,train-s2934,"यह रैकेट बिलरियागंज, बरदह, कोहड़ा, च्यूटहीं, बसखारी आदि क्षेत्रों में पूरी तरह सक्रिय है ।","यह रैकेट बिलरियागंज, बरदह, कोहड़ा, च्यूटहीं, बसखारी आदि क्षेत्रों में पूरी तरह सक्रिय है।"
train,train-s2935,दोनों महिलाएं कपड़ा बेचने निकलती हैं ।,दोनों महिलाएं कपड़ा बेचने निकलती हैं।
train,train-s2946,"इसके अलावा भी कई रैकेटों का संचालन महिलाएं कर रही हैं, जिनमें दर्जन - दर्जन भर लड़कियों को शामिल किया गया है ।","इसके अलावा भी कई रैकेटों का संचालन महिलाएं कर रही हैं, जिनमें दर्जन-दर्जन भर लड़कियों को शामिल किया गया है।"
train,train-s2954,वहीं मनबढ़ किस्म के कुछ पुलिसकर्मी बाकायदा इनसे हफ्ता लेते हैं ।,वहीं मनबढ़ किस्म के कुछ पुलिसकर्मी बाकायदा इनसे हफ्ता लेते हैं।
train,train-s2959,दो वर्ष पहले हुए संसदीय चुनावों के बाद यह सबसे बड़ा चुनाव होने जा रहा है ।,दो वर्ष पहले हुए संसदीय चुनावों के बाद यह सबसे बड़ा चुनाव होने जा रहा है।
train,train-s2963,"हालांकि इन चुनावों से प्रधानमंत्री मनमोहन सिंह की सरकार को कोई खास प्रभाव नहीं पड़ने जा रहा है, लेकिन कांग्रेस को चुनावी मुद्दा में देखा जा सकता है ।","हालांकि इन चुनावों से प्रधानमंत्री मनमोहन सिंह की सरकार को कोई खास प्रभाव नहीं पड़ने जा रहा है, लेकिन कांग्रेस को चुनावी मुद्दा में देखा जा सकता है।"
train,train-s2964,फिलहाल कांग्रेस को इन तीन राज्यों तथा एक पांडिचेरी में एक बड़ा तबका माना जा रहा है ।,फिलहाल कांग्रेस को इन तीन राज्यों तथा एक पांडिचेरी में एक बड़ा तबका माना जा रहा है।
train,train-s2968,"चुनाव परिणामों से केंद्रीय सरकार को कोई फर्क नहीं पड़ने वाला है, लेकिन चुनाव की सरगर्मी कांग्रेस में भी देखी जा रही है ।","चुनाव परिणामों से केंद्रीय सरकार को कोई फर्क नहीं पड़ने वाला है, लेकिन चुनाव की सरगर्मी कांग्रेस में भी देखी जा रही है।"
train,train-s2973,"संवाददाताओं से बातचीत में जयसवाल ने कहा कि यदि कोई कहता है कि राज्यपालों को हटाया जाना संविधान के दायरे में नहीं आता, तो उसे नए सिरे से देश का कानून पढ़ना चाहिए ।","संवाददाताओं से बातचीत में जयसवाल ने कहा कि यदि कोई कहता है कि राज्यपालों को हटाया जाना संविधान के दायरे में नहीं आता, तो उसे नए सिरे से देश का कानून पढ़ना चाहिए।"
train,train-s2980,दरअसल सुरक्षाकर्मी ने मंच पर लगे पंखे को बंद करने के लिए गलती से उस स्विच को आफ कर दिया जिसके तार लोकार्पण बटन से जुड़े थे ।,दरअसल सुरक्षाकर्मी ने मंच पर लगे पंखे को बंद करने के लिए गलती से उस स्विच को आफ कर दिया जिसके तार लोकार्पण बटन से जुड़े थे।
train,train-s2981,यही वजह थी कि प्रधानमंत्री डा. मनमोहन सिंह बार -JOIN बार बटन दबाते रहे लेकिन नाथपा झाकड़ी प्रोजेक्ट के लोकार्पण पट्टिका से पर्दा नहीं उठा ।,यही वजह थी कि प्रधानमंत्री डा. मनमोहन सिंह बार -JOIN बार बटन दबाते रहे लेकिन नाथपा झाकड़ी प्रोजेक्ट के लोकार्पण पट्टिका से पर्दा नहीं उठा।
train,train-s2992,सतलुज जल विद्युत निगम ने प्रधानमंत्री के कार्यक्रम में हुई इस गड़बड़ी को गंभीरता से लेते हुए नाथपा झाकड़ी प्रोजेक्ट के महाप्रबंधक जे. के. शर्मा को मामले की जांच सौंपी ।,सतलुज जल विद्युत निगम ने प्रधानमंत्री के कार्यक्रम में हुई इस गड़बड़ी को गंभीरता से लेते हुए नाथपा झाकड़ी प्रोजेक्ट के महाप्रबंधक जे. के. शर्मा को मामले की जांच सौंपी।
train,train-s2994,रिपोर्ट में बंद स्विच को ही गड़बड़ी का कारण बताया गया है ।,रिपोर्ट में बंद स्विच को ही गड़बड़ी का कारण बताया गया है।
train,train-s3000,लिहाजा बटन से सिस्टम जोड़ा गया ।,लिहाजा बटन से सिस्टम जोड़ा गया।
train,train-s3003,निगम ने सुबह साढ़े आठ बजे एसपीजी को सिस्टम सौंप दिया ।,निगम ने सुबह साढ़े आठ बजे एसपीजी को सिस्टम सौंप दिया।
train,train-s3008,अब गड़बड़ी के लिए सुरक्षाकर्मियों को दोषी माना जा रहा है ।,अब गड़बड़ी के लिए सुरक्षाकर्मियों को दोषी माना जा रहा है।
train,train-s3012,प्रधानमंत्री के दिन का भोजन भी झाकड़ी में नहीं हुआ ।,प्रधानमंत्री के दिन का भोजन भी झाकड़ी में नहीं हुआ।
train,train-s3035,"बंगलोर, हैदराबाद और चेन्नई जैसे शहरों में सुरक्षा कारणों से थोड़ी - बहुत बाधाएं आईं, लेकिन लोगों के उत्साह में कोई कमी नहीं देखी गई.","बंगलोर, हैदराबाद और चेन्नई जैसे शहरों में सुरक्षा कारणों से थोड़ी-बहुत बाधाएं आईं, लेकिन लोगों के उत्साह में कोई कमी नहीं देखी गई."
train,train-s3037,घड़ी की तीनों सुइयों के १२ पर पहुंचते ही लोगों ने शानदार आतिश्बाजी की.,घड़ी की तीनों सुइयों के १२ पर पहुंचते ही लोगों ने शानदार आतिश्बाजी की.
train,train-s3053,देश की नंबर दो कार कंपनी हुंदई मोटर लिमिटेड के दो मॉडलों के दाम बुधवार से बढ़ गए हैं ।,देश की नंबर दो कार कंपनी हुंदई मोटर लिमिटेड के दो मॉडलों के दाम बुधवार से बढ़ गए हैं।
train,train-s3055,स्कोडा आटो इंडिया कंपनी भी अपनी कार के दाम में बढ़ोतरी करेगी ।,स्कोडा आटो इंडिया कंपनी भी अपनी कार के दाम में बढ़ोतरी करेगी।
train,train-s3056,कंपनी के आधिकारिक सूत्रों के मुताबिक जनवरी २००५ से कीमतें बढ़ाई जा सकती हैं ।,कंपनी के आधिकारिक सूत्रों के मुताबिक जनवरी २००५ से कीमतें बढ़ाई जा सकती हैं।
train,train-s3057,लागत बढ़ने और नए उत्सर्जन मानक के कारण इन कारों के दाम बढ़ाए जाने हैं ।,लागत बढ़ने और नए उत्सर्जन मानक के कारण इन कारों के दाम बढ़ाए जाने हैं।
train,train-s3067,डीएई से जुड़े रहे सुरेंदर ने कहा कि मुझे यह जानकर आश्चर्य है कि अमेरिकी विदेश विभाग ने कैसे मेरा नाम प्रतिबंधित किए गए लोगों की सूची में रखा है.,डीएई से जुड़े रहे सुरेंदर ने कहा कि मुझे यह जानकर आश्चर्य है कि अमेरिकी विदेश विभाग ने कैसे मेरा नाम प्रतिबंधित किए गए लोगों की सूची में रखा है.
train,train-s3083,दोनों जनजातियों के बीच संघर्ष में सैकड़ों घर जला दिए गए थे ।,दोनों जनजातियों के बीच संघर्ष में सैकड़ों घर जला दिए गए थे।
train,train-s3086,"रविवार को जहां पूरे देश ने राष्ट्रपिता महात्मा गांधी को श्रद्धांजलि अर्पित की, वहीं यहां डीएवी पब्लिक स्कूल के करीब १००० छात्रों ने अपने साथी गौरव कुमार को अपहर्ताओं के चंगुल से छुड़ाने की मांग को लेकर बिहार के राज्यपाल बूटा सिंह के समक्ष जोरदार प्रदर्शन किया ।","रविवार को जहां पूरे देश ने राष्ट्रपिता महात्मा गांधी को श्रद्धांजलि अर्पित की, वहीं यहां डीएवी पब्लिक स्कूल के करीब १००० छात्रों ने अपने साथी गौरव कुमार को अपहर्ताओं के चंगुल से छुड़ाने की मांग को लेकर बिहार के राज्यपाल बूटा सिंह के समक्ष जोरदार प्रदर्शन किया।"
train,train-s3088,बच्चे सुबह ही गांधी मैदान पहुंच गए और बड़े धैर्य से राज्यपाल के आगमन का इंतजार किया ।,बच्चे सुबह ही गांधी मैदान पहुंच गए और बड़े धैर्य से राज्यपाल के आगमन का इंतजार किया।
train,train-s3107,गरीबी के चलते अपनी संतान बेचने की खबरें उड़ीसा के लिए नई नहीं हैं ।,गरीबी के चलते अपनी संतान बेचने की खबरें उड़ीसा के लिए नई नहीं हैं।
train,train-s3108,एक बार फिर भुखमरी और गरीबी से तंग आकर उड़ीसा में एक महिला ने अपने नन्हें बेटे को महज ७०० रुपये के लिए बेच दिया ।,एक बार फिर भुखमरी और गरीबी से तंग आकर उड़ीसा में एक महिला ने अपने नन्हें बेटे को महज ७०० रुपये के लिए बेच दिया।
train,train-s3111,राज्य की राजधानी से २३५ किलोमीटर दूर क्योंझर शहर के बीरबरपुर पटना में झुग्गी - झोपड़ी में रहने वाली नीता नाइक नामक महिला ने गरीबी से तंग आकर अपने बेटे को बेच दिया ।,राज्य की राजधानी से २३५ किलोमीटर दूर क्योंझर शहर के बीरबरपुर पटना में झुग्गी-झोपड़ी में रहने वाली नीता नाइक नामक महिला ने गरीबी से तंग आकर अपने बेटे को बेच दिया।
train,train-s3113,इसके चलते परिवार की जिम्मेदारी उस पर आ पड़ी ।,इसके चलते परिवार की जिम्मेदारी उस पर आ पड़ी।
train,train-s3114,दिहाड़ी मजदूर के रूप में काम करने वाली नीता कभी - कभी जंगल से लकड़ियां लेकर भी बेचती है ।,दिहाड़ी मजदूर के रूप में काम करने वाली नीता कभी-कभी जंगल से लकड़ियां लेकर भी बेचती है।
train,train-s3127,मालूम हो कि अमिताभ डाइवरटीकुलाइटिस नामक रोग से पीड़ित थे ।,मालूम हो कि अमिताभ डाइवरटीकुलाइटिस नामक रोग से पीड़ित थे।
train,train-s3134,अस्पताल सूत्रों का कहना है कि हॉस्पिटल में सुपर स्टार की सेहत के बारे में जानकारी लेने वालों की भीड़ लगी रहती है ।,अस्पताल सूत्रों का कहना है कि हॉस्पिटल में सुपर स्टार की सेहत के बारे में जानकारी लेने वालों की भीड़ लगी रहती है।
train,train-s3137,अपने जंगी बेड़े की ताकत को और संवारने के लिए नौसेना ने रूस से क्रिविक श्रेणी के तीन और प्रक्षेपास्त्र वाहक युद्घपोत खरीदने का निश्चय किया है ।,अपने जंगी बेड़े की ताकत को और संवारने के लिए नौसेना ने रूस से क्रिविक श्रेणी के तीन और प्रक्षेपास्त्र वाहक युद्घपोत खरीदने का निश्चय किया है।
train,train-s3144,इस सौदे पर अमरीका से बातचीत चल रही है और उम्मीद है कि अगले तीन सालों के भीतर इन्हें बेड़े में शामिल कर लिया जाएगा ।,इस सौदे पर अमरीका से बातचीत चल रही है और उम्मीद है कि अगले तीन सालों के भीतर इन्हें बेड़े में शामिल कर लिया जाएगा।
train,train-s3153,"लेकिन यह चूंकि विश्वासघात से जुड़ा प्रकरण है, इसलिए एहतियात के तौर पर तीन - चार कठोर दिशा - निर्देश जारी कर दिए गए हैं ताकि आगे ऐसी घटनाएं न हो ।","लेकिन यह चूंकि विश्वासघात से जुड़ा प्रकरण है, इसलिए एहतियात के तौर पर तीन-चार कठोर दिशा-निर्देश जारी कर दिए गए हैं ताकि आगे ऐसी घटनाएं न हो।"
train,train-s3157,अपने पूर्ववर्ती मणि शंकर अय्यर के उलट तेल कंपनियों के मुकाबले आम जनता के हित को तरजीह देते हुए नव - नियुक्त पेट्रोलियम एवं प्राकृतिक गैस मंत्री मुरली देवड़ा ने साफ कर दिया है कि फिलहाल सरकार का घरेलू गैस यानि एलपीजी और केरोसीन के दाम बढ़ाने का कोई इरादा नहीं है ।,अपने पूर्ववर्ती मणि शंकर अय्यर के उलट तेल कंपनियों के मुकाबले आम जनता के हित को तरजीह देते हुए नव-नियुक्त पेट्रोलियम एवं प्राकृतिक गैस मंत्री मुरली देवड़ा ने साफ कर दिया है कि फिलहाल सरकार का घरेलू गैस यानि एलपीजी और केरोसीन के दाम बढ़ाने का कोई इरादा नहीं है।
train,train-s3158,देवड़ा ने बृहस्पतिवार को यहां सीपीएम नेता सीताराम येचुरी से मुलाकात की और उन्हें आश्वस्त किया कि सरकार देश के गरीब और वंचित लोगों के हितों को सर्वोच्च प्राथमिकता देती है और एलपीजी व केरोसीन के दामों को उनकी पहुंच के दायरे में ही बनाए रखा जाएगा ।,देवड़ा ने बृहस्पतिवार को यहां सीपीएम नेता सीताराम येचुरी से मुलाकात की और उन्हें आश्वस्त किया कि सरकार देश के गरीब और वंचित लोगों के हितों को सर्वोच्च प्राथमिकता देती है और एलपीजी व केरोसीन के दामों को उनकी पहुंच के दायरे में ही बनाए रखा जाएगा।
train,train-s3159,हालांकि देवड़ा के इस वक्तव्य में केरोसीन के दोहरे दाम निर्धारित करने की सरकार की मंशा के भी संकेत मिल रहे हैं ।,हालांकि देवड़ा के इस वक्तव्य में केरोसीन के दोहरे दाम निर्धारित करने की सरकार की मंशा के भी संकेत मिल रहे हैं।
train,train-s3160,देवड़ा ने कहा कि एलपीजी व केरोसीन जैसी आवश्यक वस्तुओं के दाम गरीब व वंचित लोगों की पहुंच के दायरे में ही होने चाहिए ।,देवड़ा ने कहा कि एलपीजी व केरोसीन जैसी आवश्यक वस्तुओं के दाम गरीब व वंचित लोगों की पहुंच के दायरे में ही होने चाहिए।
train,train-s3161,येचुरी के साथ देवड़ा ने अंतरराष्ट्रीय बाजार में कच्चे तेल की कीमतों में जारी तेजी के मद्देनजर घरेलू स्तर पर पेट्रोलियम उत्पादों की कीमतों के बारे में चर्चा की ।,येचुरी के साथ देवड़ा ने अंतरराष्ट्रीय बाजार में कच्चे तेल की कीमतों में जारी तेजी के मद्देनजर घरेलू स्तर पर पेट्रोलियम उत्पादों की कीमतों के बारे में चर्चा की।
train,train-s3162,इस बातचीत में उन्होंने स्पष्ट किया कि सरकार आम आदमी के हितों को ध्यान में रखते हुए फिलहाल एलपीजी व केरोसीन के दामों में किसी तरह की बढ़ोतरी करने नहीं जा रही है ।,इस बातचीत में उन्होंने स्पष्ट किया कि सरकार आम आदमी के हितों को ध्यान में रखते हुए फिलहाल एलपीजी व केरोसीन के दामों में किसी तरह की बढ़ोतरी करने नहीं जा रही है।
train,train-s3163,उन्होंने यह भी साफ किया कि कच्चे तेल की तेजी की वजह से ऑयल मार्केटिंग कंपनियों की बिगड़ती आर्थिक स्थिति का समाधान भी इस तथ्य को मद्देनजर रखते हुए ही निकाला जाएगा ।,उन्होंने यह भी साफ किया कि कच्चे तेल की तेजी की वजह से ऑयल मार्केटिंग कंपनियों की बिगड़ती आर्थिक स्थिति का समाधान भी इस तथ्य को मद्देनजर रखते हुए ही निकाला जाएगा।
train,train-s3164,इसके अलावा देवड़ा ने पेट्रोलियम उत्पादों की कीमतों व इनके कर ढ़ांचे को लेकर गठित मंत्रालयों की समिति के अध्यक्ष डॉ. सी. रंगराजन से भी विचार -JOIN विमर्श किया ।,इसके अलावा देवड़ा ने पेट्रोलियम उत्पादों की कीमतों व इनके कर ढ़ांचे को लेकर गठित मंत्रालयों की समिति के अध्यक्ष डॉ. सी. रंगराजन से भी विचार -JOIN विमर्श किया।
train,train-s3165,"देवड़ा ने कहा कि लागत से कम दाम पर पेट्रोलियम उत्पादों की बिक्री किए जाने के चलते ऑयल मार्केटिंग कंपनियों आईओसी, बीपीसीएल, एचपीसीएल व आईबीपी को अप्रैल - दिसंबर, २००६ के दौरान २८८९ करोड़ रुपये का घाटा उठाना पड़ा है ।","देवड़ा ने कहा कि लागत से कम दाम पर पेट्रोलियम उत्पादों की बिक्री किए जाने के चलते ऑयल मार्केटिंग कंपनियों आईओसी, बीपीसीएल, एचपीसीएल व आईबीपी को अप्रैल-दिसंबर, २००६ के दौरान २८८९ करोड़ रुपये का घाटा उठाना पड़ा है।"
train,train-s3166,जबकि पिछले वित्त वर्ष की समान अवधि के दौरान इन कंपनियों को ५२२३ करोड़ रुपये का लाभ हुआ था ।,जबकि पिछले वित्त वर्ष की समान अवधि के दौरान इन कंपनियों को ५२२३ करोड़ रुपये का लाभ हुआ था।
train,train-s3167,यह घाटा इन कंपनियों को ओएनजीसी समेत कई रिफाइनिंग कंपनियों द्वारा दी गई ९७५१ करोड़ रुपये की सहायता के बावजूद उठाना पड़ा है ।,यह घाटा इन कंपनियों को ओएनजीसी समेत कई रिफाइनिंग कंपनियों द्वारा दी गई ९७५१ करोड़ रुपये की सहायता के बावजूद उठाना पड़ा है।
train,train-s3170,इसे देखते हुए उनके सर्वाधिक लोकप्रिय टीवी गेम शो 'कौन बनेगा करोड़पति द्वितीय' (केबीसी - २) के प्रसारण में बदलाव किया गया है ।,इसे देखते हुए उनके सर्वाधिक लोकप्रिय टीवी गेम शो 'कौन बनेगा करोड़पति द्वितीय' (केबीसी-२) के प्रसारण में बदलाव किया गया है।
train,train-s3174,रविवार को उस अवधि के दौरान 'साईबाबा' का प्रसारण किया जाएगा ।,रविवार को उस अवधि के दौरान 'साईबाबा' का प्रसारण किया जाएगा।
train,train-s3199,"२०,००० करोड़ से अधिक लागत की दादरी परियोजना को विश्व के सबसे बड़े गैस आधारित प्लांट के तौर पर बताया जा रहा है ।","२०,००० करोड़ से अधिक लागत की दादरी परियोजना को विश्व के सबसे बड़े गैस आधारित प्लांट के तौर पर बताया जा रहा है।"
train,train-s3202,रिलायंस इंडस्ट्रीज ने बंगाल की खाड़ी में १४ खरब घन फीट गैस भंडार खोज निकाला है ।,रिलायंस इंडस्ट्रीज ने बंगाल की खाड़ी में १४ खरब घन फीट गैस भंडार खोज निकाला है।
train,train-s3209,रिलायंस के मालिकाना हक को लेकर चले द्वंद्व के कारण इस परियोजना को खासे कठिन दौर से गुजरना पड़ा है ।,रिलायंस के मालिकाना हक को लेकर चले द्वंद्व के कारण इस परियोजना को खासे कठिन दौर से गुजरना पड़ा है।
train,train-s3212,दरअसल इस परियोजना को अभी भी एक बड़ी बाधा पार करनी है ।,दरअसल इस परियोजना को अभी भी एक बड़ी बाधा पार करनी है।
train,train-s3220,इंटरनेट पर टिकट बुक कराने के बाद इसकी २९ डिलीवरी के लिए २४ से ७२ घंटे तक का इंतजार करना पड़ता है.,इंटरनेट पर टिकट बुक कराने के बाद इसकी २९ डिलीवरी के लिए २४ से ७२ घंटे तक का इंतजार करना पड़ता है.
train,train-s3226,आईआरसीटीसी के प्रबंध निदेशक एम. एन. चोपड़ा का कहना है कि आने वाले १५ - २० दिनों में यह सुविधा लोगों को मुहैया करा दी जाएगी.,आईआरसीटीसी के प्रबंध निदेशक एम. एन. चोपड़ा का कहना है कि आने वाले १५-२० दिनों में यह सुविधा लोगों को मुहैया करा दी जाएगी.
train,train-s3228,"अभी इंटरनेट के जरिए देश भर में प्रतिदिन लगभग ६ हजार टिकट बुक होती है लेकिन, इस सुविधा के बाद यह आंकड़ा ५० हजार तक पहुंच सकता है.","अभी इंटरनेट के जरिए देश भर में प्रतिदिन लगभग ६ हजार टिकट बुक होती है लेकिन, इस सुविधा के बाद यह आंकड़ा ५० हजार तक पहुंच सकता है."
train,train-s3229,वोल्कर मुद्दे पर संसद की कार्यवाही में उत्पन्न गतिरोध को दूर करने के लिए स्पीकर सोमनाथ चटर्जी द्वारा आमंत्रित सर्वदलीय बैठक में रक्षामंत्री प्रणव मुखर्जी और जनता दल - यू के प्रभुनाथ सिंह आपस में उलझ पड़े और दोनों के बीच खासी नोक - झोंक हो गई.,वोल्कर मुद्दे पर संसद की कार्यवाही में उत्पन्न गतिरोध को दूर करने के लिए स्पीकर सोमनाथ चटर्जी द्वारा आमंत्रित सर्वदलीय बैठक में रक्षामंत्री प्रणव मुखर्जी और जनता दल-यू के प्रभुनाथ सिंह आपस में उलझ पड़े और दोनों के बीच खासी नोक-झोंक हो गई.
train,train-s3230,मामला तब गरमाया जब मुखर्जी ने कड़े शब्दों में इस बात पर नाराजगी जताई कि सदन में उन्हें बोलने तक नहीं दिया गया.,मामला तब गरमाया जब मुखर्जी ने कड़े शब्दों में इस बात पर नाराजगी जताई कि सदन में उन्हें बोलने तक नहीं दिया गया.
train,train-s3231,दोनों ही आपस में इस कदर उलझ पड़े कि एक - दूसरे की सुनने को तैयार ही नहीं थे.,दोनों ही आपस में इस कदर उलझ पड़े कि एक-दूसरे की सुनने को तैयार ही नहीं थे.
train,train-s3236,"पांडे ने बताया कि भारतीय दंड संहिता (आईपीसी) की धारा ४२० (धोखाधड़ी), ४६८, धारा ४७० (फर्जी दस्तावेज) और ४७१ (फर्जी दस्तावेज का सही दस्तावेज के रूप में इस्तेमाल) समेत विभिन्न धाराओं के तहत उन लोगों के खिलाफ प्राथमिकी दर्ज की गई है ।","पांडे ने बताया कि भारतीय दंड संहिता (आईपीसी) की धारा ४२० (धोखाधड़ी), ४६८, धारा ४७० (फर्जी दस्तावेज) और ४७१ (फर्जी दस्तावेज का सही दस्तावेज के रूप में इस्तेमाल) समेत विभिन्न धाराओं के तहत उन लोगों के खिलाफ प्राथमिकी दर्ज की गई है।"
train,train-s3241,दिल्ली पुलिस के स्पेशल सेल ने उत्तर प्रदेश पुलिस के साथ संयुक्त कार्रवाई के दौरान मंगलवार तड़के सहारनपुर में रणवीर राठी गिरोह के कुख्यात बदमाश जनमेजय को मार गिराया ।,दिल्ली पुलिस के स्पेशल सेल ने उत्तर प्रदेश पुलिस के साथ संयुक्त कार्रवाई के दौरान मंगलवार तड़के सहारनपुर में रणवीर राठी गिरोह के कुख्यात बदमाश जनमेजय को मार गिराया।
train,train-s3244,"जनमेजय के खिलाफ़ हत्या, लूट, अपहरण और जबरन धन वसूली के १७ मामले थे ।","जनमेजय के खिलाफ़ हत्या, लूट, अपहरण और जबरन धन वसूली के १७ मामले थे।"
train,train-s3245,स्पेशल सेल के संयुक्त आयुक्त कर्नल सिंह ने संवाददाता सम्मेलन में बताया कि मारा गया बदमाश जनमेजय उर्फ़ मोनी मेरठ के गांव कलंजरी का रहने वाला था ।,स्पेशल सेल के संयुक्त आयुक्त कर्नल सिंह ने संवाददाता सम्मेलन में बताया कि मारा गया बदमाश जनमेजय उर्फ़ मोनी मेरठ के गांव कलंजरी का रहने वाला था।
train,train-s3247,रणवीर राठी के पुलिस के हाथों मुठभेड़ में मारे जाने के बाद जनमेजय के हाथों में राठी गिरोह की कमान थी ।,रणवीर राठी के पुलिस के हाथों मुठभेड़ में मारे जाने के बाद जनमेजय के हाथों में राठी गिरोह की कमान थी।
train,train-s3248,रणवीर राठी ने तीन साथियों के साथ मिलकर मार्च में दक्षिणी दिल्ली के एक व्यापारी को धमकी देकर बड़ी रकम की मांग की थी ।,रणवीर राठी ने तीन साथियों के साथ मिलकर मार्च में दक्षिणी दिल्ली के एक व्यापारी को धमकी देकर बड़ी रकम की मांग की थी।
train,train-s3249,इस मामले की जांच के दौरान स्पेशल सेल की टीम ने १० मई को कालिंदी कुंज में एक मुठभेड़ के बाद रणवीर राठी को मार गिराया और गिरोह के दो सदस्य सिंहराज और कर्मवीर को गिरफ़्तार कर लिया था ।,इस मामले की जांच के दौरान स्पेशल सेल की टीम ने १० मई को कालिंदी कुंज में एक मुठभेड़ के बाद रणवीर राठी को मार गिराया और गिरोह के दो सदस्य सिंहराज और कर्मवीर को गिरफ़्तार कर लिया था।
train,train-s3253,जनमेजय के सहारनपुर के जफ़र नवाज़ मोहल्ले के एक मकान में छिपे होने की सूचना थी ।,जनमेजय के सहारनपुर के जफ़र नवाज़ मोहल्ले के एक मकान में छिपे होने की सूचना थी।
train,train-s3254,यह इलाका थाना मंडी क्षेत्र में पड़ता है ।,यह इलाका थाना मंडी क्षेत्र में पड़ता है।
train,train-s3260,सिंह ने बताया कि जनमेजय का रिश्तेदार सिपाही कांवड़ लेने गया है ।,सिंह ने बताया कि जनमेजय का रिश्तेदार सिपाही कांवड़ लेने गया है।
train,train-s3264,बिहार सरकार ने सुप्रीम कोर्ट में शपथ दाखिल कर केंद्रीय मंत्री मोहम्मद तसलीमुद्दीन के खिलाफ़ आपराधिक मामलों को वापस लेने के अपने अपने फैसले को सही ठहराया.,बिहार सरकार ने सुप्रीम कोर्ट में शपथ दाखिल कर केंद्रीय मंत्री मोहम्मद तसलीमुद्दीन के खिलाफ़ आपराधिक मामलों को वापस लेने के अपने अपने फैसले को सही ठहराया.
train,train-s3266,"जस्टिस एन संतोष हेगड़े, जस्टिस बीपी सिंह और जस्टिस एसबी सिन्हा की बेंच ने बुधवार को मामले की सुनवाई दो हफ्ते के लिए टाल दी तथा बिहार सरकार के फैसले को चुनौती देने वाली याचिका पर संबंधित पक्षों को अतिरिक्त दस्तावेज दाखिल करने की अनुमति दे दी.","जस्टिस एन संतोष हेगड़े, जस्टिस बीपी सिंह और जस्टिस एसबी सिन्हा की बेंच ने बुधवार को मामले की सुनवाई दो हफ्ते के लिए टाल दी तथा बिहार सरकार के फैसले को चुनौती देने वाली याचिका पर संबंधित पक्षों को अतिरिक्त दस्तावेज दाखिल करने की अनुमति दे दी."
train,train-s3267,खंडपीठ ने तसलीमुद्दीन के खिलाफ़ मामले वापस लेने में बिहार सरकार द्वारा दिखाई गई 'जल्दबाजी' पर भी सवाल किया था.,खंडपीठ ने तसलीमुद्दीन के खिलाफ़ मामले वापस लेने में बिहार सरकार द्वारा दिखाई गई 'जल्दबाजी' पर भी सवाल किया था.
train,train-s3268,"विधि विभाग द्वारा राज्य सरकार की ओर दाखिल शपथ में साफ़ कहा गया है कि 'मामले (तसलीमुद्दीन के खिलाफ़) को आगे बढ़ाने का कोई लाभ नहीं है, क्योंकि इसमें अभियोजन को सफलता मिलने के आसार नहीं हैं.","विधि विभाग द्वारा राज्य सरकार की ओर दाखिल शपथ में साफ़ कहा गया है कि 'मामले (तसलीमुद्दीन के खिलाफ़) को आगे बढ़ाने का कोई लाभ नहीं है, क्योंकि इसमें अभियोजन को सफलता मिलने के आसार नहीं हैं."
train,train-s3269,इस मामले को आगे बढ़ाना अदालत के कीमती समय को बर्बाद करना होगा.,इस मामले को आगे बढ़ाना अदालत के कीमती समय को बर्बाद करना होगा.
train,train-s3271,बिहार सरकार द्वारा तसलीमुद्दीन के खिलाफ़ आपराधिक मामलों को जल्दबाजी में वापस लेने पर एतराज़ जताते हुए अदालत ने पिछले साल छह सितंबर को निचली अदालत को इस मुद्दे पर आगे सुनवाई करने से रोक दिया था.,बिहार सरकार द्वारा तसलीमुद्दीन के खिलाफ़ आपराधिक मामलों को जल्दबाजी में वापस लेने पर एतराज़ जताते हुए अदालत ने पिछले साल छह सितंबर को निचली अदालत को इस मुद्दे पर आगे सुनवाई करने से रोक दिया था.
train,train-s3274,"उल्लेखनीय है कि १४ अप्रैल १९९६ को अररिया थाने में तसलीमुद्दीन व १२ अन्य के खिलाफ़ प्राथमिकी दर्ज हुई थी और भारतीय दंड संहिता की धारा - १४७, १४८, ३०७ और अन्य धाराओं के तहत आरोप लगाए गए थे.","उल्लेखनीय है कि १४ अप्रैल १९९६ को अररिया थाने में तसलीमुद्दीन व १२ अन्य के खिलाफ़ प्राथमिकी दर्ज हुई थी और भारतीय दंड संहिता की धारा-१४७, १४८, ३०७ और अन्य धाराओं के तहत आरोप लगाए गए थे."
train,train-s3279,पूर्व प्रधानमंत्री और राजग के चेयरमैन अटल बिहारी वाजपेयी की अध्यक्षता में राजग संसदीय दल की डेढ़ घंटे तक चली बैठक के बाद लोकसभा में भाजपा की उपनेता सुषमा स्वराज ने पत्रकारों को बताया कि तमाम मुद्दों पर यूपीए सरकार का संतोषजनक जवाब न मिलने के कारण हमें तीन दिवसीय संसद बहिष्कार का निर्णय लेना पड़ा ।,पूर्व प्रधानमंत्री और राजग के चेयरमैन अटल बिहारी वाजपेयी की अध्यक्षता में राजग संसदीय दल की डेढ़ घंटे तक चली बैठक के बाद लोकसभा में भाजपा की उपनेता सुषमा स्वराज ने पत्रकारों को बताया कि तमाम मुद्दों पर यूपीए सरकार का संतोषजनक जवाब न मिलने के कारण हमें तीन दिवसीय संसद बहिष्कार का निर्णय लेना पड़ा।
train,train-s3281,"भाजपा के वरिष्ठ नेता विजय कुमार मल्होत्रा के मुताबिक़, विपक्ष ने इसलिए चर्चा में हिस्सा लिया ताकि उस पर पिछली बार की तरह बजट में हिस्सा न लेने का आरोप न लग सके ।","भाजपा के वरिष्ठ नेता विजय कुमार मल्होत्रा के मुताबिक़, विपक्ष ने इसलिए चर्चा में हिस्सा लिया ताकि उस पर पिछली बार की तरह बजट में हिस्सा न लेने का आरोप न लग सके।"
train,train-s3285,राजग के संसद के बहिष्कार का मक़सद इसी व्यवहार के प्रति विरोध जताना है ।,राजग के संसद के बहिष्कार का मक़सद इसी व्यवहार के प्रति विरोध जताना है।
train,train-s3290,राजग के बहिष्कार को जायज़ ठहराते हुए मल्होत्रा ने कहा कि पूर्व की राजग सरकार के दौरान कांग्रेस भी ११ दिन तक राज्यसभा का बहिष्कार कर चुकी है ।,राजग के बहिष्कार को जायज़ ठहराते हुए मल्होत्रा ने कहा कि पूर्व की राजग सरकार के दौरान कांग्रेस भी ११ दिन तक राज्यसभा का बहिष्कार कर चुकी है।
train,train-s3296,तीन दिन पहले फ्रांस में ५५ प्रतिशत मतदाताओं द्वारा प्रस्तावित संविधान के खिलाफ़ मत देने के बाद बुधवार को नीदरलैंड में कराए गए जनमत संग्रह के शुरुआती नतीजों में ६२ प्रतिशत मतदाताओं ने संविधान को खारिज कर दिया.,तीन दिन पहले फ्रांस में ५५ प्रतिशत मतदाताओं द्वारा प्रस्तावित संविधान के खिलाफ़ मत देने के बाद बुधवार को नीदरलैंड में कराए गए जनमत संग्रह के शुरुआती नतीजों में ६२ प्रतिशत मतदाताओं ने संविधान को खारिज कर दिया.
train,train-s3297,"इससे पहले लातविया के सांसदों ने सर्वसम्मति के साथ संविधान को मंजूरी दे दी थी, लेकिन फ्रांसीसी और डच मतदाताओं द्वारा प्रस्ताव के खिलाफ़ जाने से संविधान खटाई में पड़ गया है.","इससे पहले लातविया के सांसदों ने सर्वसम्मति के साथ संविधान को मंजूरी दे दी थी, लेकिन फ्रांसीसी और डच मतदाताओं द्वारा प्रस्ताव के खिलाफ़ जाने से संविधान खटाई में पड़ गया है."
train,train-s3306,इसके साथ ही सरकार ने निजी क्षेत्र के लिए पेंशन फंड खोलने से इसके दुरुपयोग का खतरा बढ़ने को लेकर आशंका दूर करने की कोशिश की.,इसके साथ ही सरकार ने निजी क्षेत्र के लिए पेंशन फंड खोलने से इसके दुरुपयोग का खतरा बढ़ने को लेकर आशंका दूर करने की कोशिश की.
train,train-s3307,वित्त मंत्री पी. चिदंबरम ने प्रश्नकाल के दौरान राज्यसभा में कहा कि करीब ९ - १० राज्यों ने नई पेंशन स्कीम को स्वैच्छिक रूप से अपनाया है और उनके अनुभवों से पता चलता है कि इसका उनकी अर्थव्यवस्थाओं पर कोई विपरीत असर नहीं पड़ा है.,वित्त मंत्री पी. चिदंबरम ने प्रश्नकाल के दौरान राज्यसभा में कहा कि करीब ९-१० राज्यों ने नई पेंशन स्कीम को स्वैच्छिक रूप से अपनाया है और उनके अनुभवों से पता चलता है कि इसका उनकी अर्थव्यवस्थाओं पर कोई विपरीत असर नहीं पड़ा है.
train,train-s3308,उन्होंने कहा कि यह आशंका सही नहीं है कि पेंशन फंड निजी क्षेत्र के लिए खोलने से इसके दुरुपयोग का खतरा बढ़ेगा.,उन्होंने कहा कि यह आशंका सही नहीं है कि पेंशन फंड निजी क्षेत्र के लिए खोलने से इसके दुरुपयोग का खतरा बढ़ेगा.
train,train-s3311,वित्त मंत्री पी. चिदंबरम इस साल मार्च से पहले सरकारी कंपनियों में विनिवेश के ज़रिए पांच हज़ार करोड़ रुपये जुटाने का मंसूबा बांधे बैठे हैं.,वित्त मंत्री पी. चिदंबरम इस साल मार्च से पहले सरकारी कंपनियों में विनिवेश के ज़रिए पांच हज़ार करोड़ रुपये जुटाने का मंसूबा बांधे बैठे हैं.
train,train-s3312,लेकिन वाम दलों ने साफ़ कर दिया है कि वे वित्तमंत्री की योजना की हवा निकालने में कोई कसर नहीं छोड़ेंगे.,लेकिन वाम दलों ने साफ़ कर दिया है कि वे वित्तमंत्री की योजना की हवा निकालने में कोई कसर नहीं छोड़ेंगे.
train,train-s3321,बैठक अगले हफ़्ते होने की संभावना है.,बैठक अगले हफ़्ते होने की संभावना है.
train,train-s3324,हम कभी इसकी इजाज़त नहीं देंगे.,हम कभी इसकी इजाज़त नहीं देंगे.
train,train-s3327,वामदल बुश की यात्रा के खिलाफ़ जनमानस में माहौल बनाने के लिए देश भर में अभियान चलाएंगे.,वामदल बुश की यात्रा के खिलाफ़ जनमानस में माहौल बनाने के लिए देश भर में अभियान चलाएंगे.
train,train-s3329,विश्व भर में करोड़ों टीवी दर्शकों की उत्सुकता भरी निगाह के बीच मिस ऑस्ट्रेलिया जेनिफर हॉकिंस को मिस यूनिवर्स - २००४ का ताज पहनाया गया ।,विश्व भर में करोड़ों टीवी दर्शकों की उत्सुकता भरी निगाह के बीच मिस ऑस्ट्रेलिया जेनिफर हॉकिंस को मिस यूनिवर्स-२००४ का ताज पहनाया गया।
train,train-s3339,तीन उपविजेताओं की घोषणा हो जाने के बाद मुक़ाबला हॉकिंस और फिनेजी में बचा था ।,तीन उपविजेताओं की घोषणा हो जाने के बाद मुक़ाबला हॉकिंस और फिनेजी में बचा था।
train,train-s3344,"उन्हें परिवार के साथ छुट्टियाँ बिताना, पिता के साथ फुटबाल देखना और पढ़ना भी उन्हें अच्छा लगता है ।","उन्हें परिवार के साथ छुट्टियाँ बिताना, पिता के साथ फुटबाल देखना और पढ़ना भी उन्हें अच्छा लगता है।"
train,train-s3361,लता ने बताया कि १९४९ से हीरे के प्रति उनका लगाव काफी बढ़ गया ।,लता ने बताया कि १९४९ से हीरे के प्रति उनका लगाव काफी बढ़ गया।
train,train-s3365,उन्होंने अतीत में खोते हुए बताया कि मैंने एक बार अपने राखी भाई शिवाजी गणेशन से उनके लिए हीरे की चूड़ियां लाने को कहा था ।,उन्होंने अतीत में खोते हुए बताया कि मैंने एक बार अपने राखी भाई शिवाजी गणेशन से उनके लिए हीरे की चूड़ियां लाने को कहा था।
train,train-s3367,कांग्रेस के जाट विधायकों ने जाट मुख्यमंत्री पद के लिए दबाव बढ़ा दिया है लेकिन भजनलाल समर्थक अब भी पुख्ता दावा पेश करने में लगे हैं ।,कांग्रेस के जाट विधायकों ने जाट मुख्यमंत्री पद के लिए दबाव बढ़ा दिया है लेकिन भजनलाल समर्थक अब भी पुख्ता दावा पेश करने में लगे हैं।
train,train-s3373,कांग्रेस प्रदेशाध्यक्ष भजन लाल का पलड़ा आंकड़ों और तजुर्बे के लिहाज से भारी है यह शुरू से ही माना जा रहा है ।,कांग्रेस प्रदेशाध्यक्ष भजन लाल का पलड़ा आंकड़ों और तजुर्बे के लिहाज से भारी है यह शुरू से ही माना जा रहा है।
train,train-s3374,लेकिन भजन विरोधी खेमें में शुमार सात सांसदों सहित हुड्डा खेमे के विधायकों ने बीते रोज चंडीगढ़ में पर्यवेक्षकों के सामने मुखर विरोध कर अपना संदेश हाईकमान को देने का प्रयास किया ।,लेकिन भजन विरोधी खेमें में शुमार सात सांसदों सहित हुड्डा खेमे के विधायकों ने बीते रोज चंडीगढ़ में पर्यवेक्षकों के सामने मुखर विरोध कर अपना संदेश हाईकमान को देने का प्रयास किया।
train,train-s3375,सीएम पद की दौड़ में मंजिल तक पहुंचने का खेल बुधवार को अंतिम चरण में दिखाई दिया ।,सीएम पद की दौड़ में मंजिल तक पहुंचने का खेल बुधवार को अंतिम चरण में दिखाई दिया।
train,train-s3378,"हरियाणा के लिए तैनात किए गए केंद्रीय पर्यवेक्षक पीएम सईद, अशोक गहलोत और जनार्दन द्विवेदी ने शाम करीब साढ़े चार बजे पार्टी अध्यक्ष सोनिया गांधी से मुलाकात की ।","हरियाणा के लिए तैनात किए गए केंद्रीय पर्यवेक्षक पीएम सईद, अशोक गहलोत और जनार्दन द्विवेदी ने शाम करीब साढ़े चार बजे पार्टी अध्यक्ष सोनिया गांधी से मुलाकात की।"
train,train-s3386,सीएम पद की दौड़ एक बार फिर जाट बनाम गैर जाट के केंद्र बिन्दु पर सिमट चुकी है ।,सीएम पद की दौड़ एक बार फिर जाट बनाम गैर जाट के केंद्र बिन्दु पर सिमट चुकी है।
train,train-s3394,"ग्रेजुएशन के बाद यदि अभिनय के किसी कोर्स में दाखिला ले लिया होता, तो कैरियर के शुरुआती दौर में मुझे उतनी दुश्वारियों का सामना नहीं करना पड़ता ।","ग्रेजुएशन के बाद यदि अभिनय के किसी कोर्स में दाखिला ले लिया होता, तो कैरियर के शुरुआती दौर में मुझे उतनी दुश्वारियों का सामना नहीं करना पड़ता।"
train,train-s3400,इस मौके पर मौजूद बॉलीवुड के दिग्गज निर्देशक यश चोपड़ा व सुभाष घई ने बताया कि ऐक्टिंग स्कूल की यह परियोजना अनुपम खेर का एक सपना है जिसे साकार करने के लिए वे पिछले कई वर्षो से प्रयासरत थे ।,इस मौके पर मौजूद बॉलीवुड के दिग्गज निर्देशक यश चोपड़ा व सुभाष घई ने बताया कि ऐक्टिंग स्कूल की यह परियोजना अनुपम खेर का एक सपना है जिसे साकार करने के लिए वे पिछले कई वर्षो से प्रयासरत थे।
train,train-s3406,"वल्र्रर्ड हैरिटेज की मान्यता मिलने पर घाटी में पर्यटकों की संख्या तेजी से बढ़ेगी, ऐसा लोगों का मानना है ।","वल्र्रर्ड हैरिटेज की मान्यता मिलने पर घाटी में पर्यटकों की संख्या तेजी से बढ़ेगी, ऐसा लोगों का मानना है।"
train,train-s3411,लोगों का रुझान इसकी ओर बढ़ा तो वहां फूलों के बजाय प्लास्टिक कचरा भरने लगा ।,लोगों का रुझान इसकी ओर बढ़ा तो वहां फूलों के बजाय प्लास्टिक कचरा भरने लगा।
train,train-s3443,"बिहार के राज्यपाल को कांग्रेस ने राजद के समर्थन में सौंप दिया है, लेकिन इस कोशिश में यूपीए को एक बनाए रखने के लिए कांग्रेस के रणनीतिकारों को एड़ी चोटी का जोर लगाना पड़ रहा है ।","बिहार के राज्यपाल को कांग्रेस ने राजद के समर्थन में सौंप दिया है, लेकिन इस कोशिश में यूपीए को एक बनाए रखने के लिए कांग्रेस के रणनीतिकारों को एड़ी चोटी का जोर लगाना पड़ रहा है।"
train,train-s3444,राजद को समर्थन की चिट्ठी लिखे जाने से पासवान को तगड़ा झटका लगा है ।,राजद को समर्थन की चिट्ठी लिखे जाने से पासवान को तगड़ा झटका लगा है।
train,train-s3445,"बिहार में पासवान के साथ तालमेल करके लड़ने वाली कांग्रेस ने आज राजद को समर्थन तो भेज दिया, लेकिन उससे राम विलास पासवान भड़क गए हैं ।","बिहार में पासवान के साथ तालमेल करके लड़ने वाली कांग्रेस ने आज राजद को समर्थन तो भेज दिया, लेकिन उससे राम विलास पासवान भड़क गए हैं।"
train,train-s3451,इसके साथ ही वह राज्य में सबसे बड़ा मोरचा होने के निकट पहुंचता है ।,इसके साथ ही वह राज्य में सबसे बड़ा मोरचा होने के निकट पहुंचता है।
train,train-s3456,"लेकिन, निष्पक्ष चुनाव के लिए दृढ़प्रतिज्ञ निर्वाचन आयोग इस (राजनीतिक तिकड़ी) पर सख्त प्रहार करने में कोई चूक नहीं कर रहा है ।","लेकिन, निष्पक्ष चुनाव के लिए दृढ़प्रतिज्ञ निर्वाचन आयोग इस (राजनीतिक तिकड़ी) पर सख्त प्रहार करने में कोई चूक नहीं कर रहा है।"
train,train-s3463,लेकिन भाजपा सांसद अभी भी पुलिस की पकड़ से दूर हैं ।,लेकिन भाजपा सांसद अभी भी पुलिस की पकड़ से दूर हैं।
train,train-s3469,"बिहार में जमुई जिले के खेड़ा थाने में दर्ज एफआईआर में जयप्रकाश यादव, उनके भाई विजय प्रकाश, निलंबित थाना प्रभारी मुकेश्वर प्रसाद, निर्दलीय प्रत्याशी अशोक राम और राजद कार्यकर्ता बटोली यादव को नामजद किया गया है ।","बिहार में जमुई जिले के खेड़ा थाने में दर्ज एफआईआर में जयप्रकाश यादव, उनके भाई विजय प्रकाश, निलंबित थाना प्रभारी मुकेश्वर प्रसाद, निर्दलीय प्रत्याशी अशोक राम और राजद कार्यकर्ता बटोली यादव को नामजद किया गया है।"
train,train-s3470,जमुई के एसपी अरविंद कुमार ने बताया कि जयप्रकाश यादव तथा निलंबित थाना प्रभारी के खिलाफ विजय प्रकाश को अवैध रूप से छुड़ाने की साजिश रचने के आरोप में मामला दर्ज किया गया है ।,जमुई के एसपी अरविंद कुमार ने बताया कि जयप्रकाश यादव तथा निलंबित थाना प्रभारी के खिलाफ विजय प्रकाश को अवैध रूप से छुड़ाने की साजिश रचने के आरोप में मामला दर्ज किया गया है।
train,train-s3473,जिससे राजधानी का पारा तीन डिग्री सेंटीग्रेट नीचे तक लुढ़क गया ।,जिससे राजधानी का पारा तीन डिग्री सेंटीग्रेट नीचे तक लुढ़क गया।
train,train-s3476,मूसलाधार बारिश से सड़कों पर जगह - जगह पानी भर गया जिससे यातायात व्यवस्था प्रभावित रही ।,मूसलाधार बारिश से सड़कों पर जगह-जगह पानी भर गया जिससे यातायात व्यवस्था प्रभावित रही।
train,train-s3480,हिमाचल प्रदेश की ऊंची चोटियों पर बर्फबारी और मध्यम व निचले इलाकों में बारिश से जाड़े जैसा मौसम बन गया ।,हिमाचल प्रदेश की ऊंची चोटियों पर बर्फबारी और मध्यम व निचले इलाकों में बारिश से जाड़े जैसा मौसम बन गया।
train,train-s3486,इसलिए कच्छ की खाड़ी में बने तूफान की नमी को हरियाणा और दिल्ली के ऊपर बने कम दबाव के क्षेत्र ने अपनी ओर खींचना शुरू कर दिया ।,इसलिए कच्छ की खाड़ी में बने तूफान की नमी को हरियाणा और दिल्ली के ऊपर बने कम दबाव के क्षेत्र ने अपनी ओर खींचना शुरू कर दिया।
train,train-s3487,देर रात साढ़े आठ बजे के करीब दिल्ली और उत्तरी भारत के अधिकतर शहरों में तेज बारिश शुरू हो गई ।,देर रात साढ़े आठ बजे के करीब दिल्ली और उत्तरी भारत के अधिकतर शहरों में तेज बारिश शुरू हो गई।
train,train-s3492,लेकिन तेज बारिश होने की वजह से राजधानी का तापमान ३ डिग्री सेंटीग्रेड नीचे लुढ़ककर २४ डिग्री सेंटीग्रेट पर पहुंच गया ।,लेकिन तेज बारिश होने की वजह से राजधानी का तापमान ३ डिग्री सेंटीग्रेड नीचे लुढ़ककर २४ डिग्री सेंटीग्रेट पर पहुंच गया।
train,train-s3499,नागालैंड में हुए विस्फोट भीड़भाड़ वाले दीमापुर स्टेशन और हांगकांग बाजार में किए गए ।,नागालैंड में हुए विस्फोट भीड़भाड़ वाले दीमापुर स्टेशन और हांगकांग बाजार में किए गए।
train,train-s3502,स्टेशन पर उस समय काफी भीड़भाड़ थी क्योंकि कुछ ही देर में गुवाहाटी व अपर असम के बीच चलने वाली पैसेंजर ट्रेन आने वाली थी ।,स्टेशन पर उस समय काफी भीड़भाड़ थी क्योंकि कुछ ही देर में गुवाहाटी व अपर असम के बीच चलने वाली पैसेंजर ट्रेन आने वाली थी।
train,train-s3505,इस विस्फोट में प्लेटफॉर्म की छत भी उड़ गई ।,इस विस्फोट में प्लेटफॉर्म की छत भी उड़ गई।
train,train-s3506,इस हादसे में घायल एक व्यक्ति ने बताया कि विस्फोट के बाद घटनास्थल पर मानव अंग बिखरे पड़े थे और पूरे प्लेटफॉर्म पर खून के छींटे नजर आ रहे थे ।,इस हादसे में घायल एक व्यक्ति ने बताया कि विस्फोट के बाद घटनास्थल पर मानव अंग बिखरे पड़े थे और पूरे प्लेटफॉर्म पर खून के छींटे नजर आ रहे थे।
train,train-s3509,पुलिस के अनुसार बाद में चार घायलों ने अस्पताल में दम तोड़ दिया ।,पुलिस के अनुसार बाद में चार घायलों ने अस्पताल में दम तोड़ दिया।
train,train-s3519,ये आतंकी एक पुल को उड़ाने की योजना बना रहे थे ।,ये आतंकी एक पुल को उड़ाने की योजना बना रहे थे।
train,train-s3520,दिल्ली में हाईफाई फैशन का केंद्र एम जी - वन मॉल पर बृहस्पतिवार को भी दिन भर फैशन डिजाइनर प्रदर्शन करते रहे और दूसरी ओर एमसीडी के हथौड़े चलते रहे ।,दिल्ली में हाईफाई फैशन का केंद्र एम जी-वन मॉल पर बृहस्पतिवार को भी दिन भर फैशन डिजाइनर प्रदर्शन करते रहे और दूसरी ओर एमसीडी के हथौड़े चलते रहे।
train,train-s3521,दिल्ली उच्च न्यायालय ने महरौली - गुड़गांव रोड (एम. जी. रोड) पर बने मॉल मालिकों और नामीगिरामी फैशन डिजाइनरों को फिलहाल कोई राहत देने से इन्कार कर दिया है ।,दिल्ली उच्च न्यायालय ने महरौली-गुड़गांव रोड (एम. जी. रोड) पर बने मॉल मालिकों और नामीगिरामी फैशन डिजाइनरों को फिलहाल कोई राहत देने से इन्कार कर दिया है।
train,train-s3523,न्यायमूर्ति विजेंद्र जैन और न्यायमूर्ति संजीव खन्ना की खंडपीठ के समक्ष एम. जी. रोड पर बने मॉल के शोरूम मालिकों ने याचिका दायर कर निगम द्वारा मॉल तोड़ने के नोटिस पर रोक लगाने की मांग की थी ।,न्यायमूर्ति विजेंद्र जैन और न्यायमूर्ति संजीव खन्ना की खंडपीठ के समक्ष एम. जी. रोड पर बने मॉल के शोरूम मालिकों ने याचिका दायर कर निगम द्वारा मॉल तोड़ने के नोटिस पर रोक लगाने की मांग की थी।
train,train-s3524,याचिका में कहा गया है कि मॉल अवैध नहीं है लेकिन निगम ने इन्हें अवैध ठहराते हुए तोड़ने का नोटिस जारी कर दिया है ।,याचिका में कहा गया है कि मॉल अवैध नहीं है लेकिन निगम ने इन्हें अवैध ठहराते हुए तोड़ने का नोटिस जारी कर दिया है।
train,train-s3526,अब निगम दस्ते हथौड़ों की मदद से इस आलीशान मॉल को गिराने में जुटे हैं ।,अब निगम दस्ते हथौड़ों की मदद से इस आलीशान मॉल को गिराने में जुटे हैं।
train,train-s3529,इसके बाद छतों को तोड़ा गया ।,इसके बाद छतों को तोड़ा गया।
train,train-s3534,"देर शाम इन लोगों ने प्रेस सम्मेलन को भी संबोधित किया, जिसमें इन लोगों का कहना था कि आने वाले दो सप्ताह में फैशन वीक आने वाला है जिस पर इस कार्रवाई का सीधा असर पड़ेगा ।","देर शाम इन लोगों ने प्रेस सम्मेलन को भी संबोधित किया, जिसमें इन लोगों का कहना था कि आने वाले दो सप्ताह में फैशन वीक आने वाला है जिस पर इस कार्रवाई का सीधा असर पड़ेगा।"
train,train-s3535,व्यवसायी रतन पांडे का कहना था कि शीला दीक्षित सरकार फैशन डिजाइनरों को बड़ी मछलियां बताकर निशाना बना रही है ।,व्यवसायी रतन पांडे का कहना था कि शीला दीक्षित सरकार फैशन डिजाइनरों को बड़ी मछलियां बताकर निशाना बना रही है।
train,train-s3541,पकड़े गए आतंकवादी से पुलिस दिल्ली के सिनेमा हाल में हुए बम कांड के सिलसिले में भी पूछताछ कर रही है ।,पकड़े गए आतंकवादी से पुलिस दिल्ली के सिनेमा हाल में हुए बम कांड के सिलसिले में भी पूछताछ कर रही है।
train,train-s3544,"जलबेड़ा स्थित पंजाब नेशनल बैंक की शाखा से १ मार्च को ४,२९,००० रुपये की लूट हुई थी ।","जलबेड़ा स्थित पंजाब नेशनल बैंक की शाखा से १ मार्च को ४,२९,००० रुपये की लूट हुई थी।"
train,train-s3548,"वह जिस स्कूल में पढ़ता था, उसी स्कूल में नीटा का भाई बलविंद्र भी पढ़ता था ।","वह जिस स्कूल में पढ़ता था, उसी स्कूल में नीटा का भाई बलविंद्र भी पढ़ता था।"
train,train-s3550,जम्मू - कश्मीर में भगोड़ा घोषित होने के बाद नीटा मुंबई चला गया ।,जम्मू-कश्मीर में भगोड़ा घोषित होने के बाद नीटा मुंबई चला गया।
train,train-s3552,उसे चार साथियों के साथ मुंबई पुलिस ने पकड़ा था ।,उसे चार साथियों के साथ मुंबई पुलिस ने पकड़ा था।
train,train-s3555,"कुछ दिनों बाद मुंबई पुलिस ने इनमें से तीन को तो पकड़ लिया, लेकिन नीटा और उसका एक साथी पिंका पुलिस के हाथ नहीं आया ।","कुछ दिनों बाद मुंबई पुलिस ने इनमें से तीन को तो पकड़ लिया, लेकिन नीटा और उसका एक साथी पिंका पुलिस के हाथ नहीं आया।"
train,train-s3564,"अतरजीत ने स्वीकार किया कि १९९७ में बैसाखी के मौके पर नीटा ने जम्मू लौटते वक्त उसे एक एके - ४७, नौ मैगज़ीन, ७ - ८ पैकेट आरडीएक्स, डेटोनेटर, वायरलेस सेट और अन्य सामग्री दी थी ।","अतरजीत ने स्वीकार किया कि १९९७ में बैसाखी के मौके पर नीटा ने जम्मू लौटते वक्त उसे एक एके-४७, नौ मैगज़ीन, ७-८ पैकेट आरडीएक्स, डेटोनेटर, वायरलेस सेट और अन्य सामग्री दी थी।"
train,train-s3574,कहा कि संविधान के अनुच्छेद ४७ के अनुसार राज्य को पौष्टिकता के स्तर को बढ़ाने और लोगों के जीवन स्तर को सुधारने का दायित्व निभाना चाहिए ।,कहा कि संविधान के अनुच्छेद ४७ के अनुसार राज्य को पौष्टिकता के स्तर को बढ़ाने और लोगों के जीवन स्तर को सुधारने का दायित्व निभाना चाहिए।
train,train-s3575,खासकर इस बात का भी उल्लेख है कि राज्य को चिकित्सकीय उपयोग को छोड़कर स्वास्थ्य के लिए हानिकारक नशीले पेय और नशीली दवाओं के सेवन पर पाबंदी लगानी चाहिए ।,खासकर इस बात का भी उल्लेख है कि राज्य को चिकित्सकीय उपयोग को छोड़कर स्वास्थ्य के लिए हानिकारक नशीले पेय और नशीली दवाओं के सेवन पर पाबंदी लगानी चाहिए।
train,train-s3579,खंडपीठ ने कहा कि यह घृणित सच्चाई है कि देश की युवा पीढ़ी शराब के नशे की गिरफ्त में आती जा रही है ।,खंडपीठ ने कहा कि यह घृणित सच्चाई है कि देश की युवा पीढ़ी शराब के नशे की गिरफ्त में आती जा रही है।
train,train-s3580,इस कड़वी सच्चाई पर अदालत संज्ञान ले सकती है ।,इस कड़वी सच्चाई पर अदालत संज्ञान ले सकती है।
train,train-s3585,आधिकारिक सूत्रों के मुताबिक़ उग्रवादी मोहम्मद रफीक़ को किशतवाड़ तहसील स्थित उनके घर से उठाकर ले गए और यातना देने के बाद उसे गोली मार दी ।,आधिकारिक सूत्रों के मुताबिक़ उग्रवादी मोहम्मद रफीक़ को किशतवाड़ तहसील स्थित उनके घर से उठाकर ले गए और यातना देने के बाद उसे गोली मार दी।
train,train-s3586,पुलिस ने रफीक़ का शव बरामद कर उसके परिवार वालों को सौंप दिया है ।,पुलिस ने रफीक़ का शव बरामद कर उसके परिवार वालों को सौंप दिया है।
train,train-s3587,वहीं उग्रवादियों ने राजौरी शहर में रविवार को सेना के एक क़ाफिले पर ग्रेनेड से हमला किया ।,वहीं उग्रवादियों ने राजौरी शहर में रविवार को सेना के एक क़ाफिले पर ग्रेनेड से हमला किया।
train,train-s3588,आधिकारिक सूत्रों ने बताया कि ग्रेनेड के फटने से कोई ज़ख्मी नहीं हुआ ।,आधिकारिक सूत्रों ने बताया कि ग्रेनेड के फटने से कोई ज़ख्मी नहीं हुआ।
train,train-s3591,मानव अंगों की तस्करी का भारत एक बहुत बड़ा मुख्य बाजार बन चुका है ।,मानव अंगों की तस्करी का भारत एक बहुत बड़ा मुख्य बाजार बन चुका है।
train,train-s3598,"'ऑर्गन ट्रांसप्लांट इन इंडिया ए सोशियो लीगल स्टडी' में कहा गया है कि कानून की धारा (५) (द्ब) में कहा गया है कि किसी भी लावारिस शरीर से उसकी मृत्यु के ४८ घंटे के बाद ही अंग को निकाला जा सकता है, जबकि इतने समय के बाद शरीर को चिकित्सकीय रूप से बेकार भी माना जाता है ।","'ऑर्गन ट्रांसप्लांट इन इंडिया ए सोशियो लीगल स्टडी' में कहा गया है कि कानून की धारा (५) (द्ब) में कहा गया है कि किसी भी लावारिस शरीर से उसकी मृत्यु के ४८ घंटे के बाद ही अंग को निकाला जा सकता है, जबकि इतने समय के बाद शरीर को चिकित्सकीय रूप से बेकार भी माना जाता है।"
train,train-s3604,"शोध में कहा गया है कि हर साल सड़क दुर्घटनाओं में ६० हजार लोग मरते हैं, जिनमें से २० हजार लोगों की ब्रेन डेथ होती है ।","शोध में कहा गया है कि हर साल सड़क दुर्घटनाओं में ६० हजार लोग मरते हैं, जिनमें से २० हजार लोगों की ब्रेन डेथ होती है।"
train,train-s3606,भारत में इस वक्त एक लाख लोगों पर क़रीब ६ प्रतिशत लोग किडनी के प्रत्यारोपण की चाहत रखते हैं ।,भारत में इस वक्त एक लाख लोगों पर क़रीब ६ प्रतिशत लोग किडनी के प्रत्यारोपण की चाहत रखते हैं।
train,train-s3615,इस दौरे के समय श्रोएडर विज्ञान एवं प्रौद्योगिकी के क्षेत्र में सहयोग बढ़ाने पर विशेष बल देंगे ।,इस दौरे के समय श्रोएडर विज्ञान एवं प्रौद्योगिकी के क्षेत्र में सहयोग बढ़ाने पर विशेष बल देंगे।
train,train-s3625,"श्रोएडर के दौरे के समय एक वेबसाइट भी शुरू की जाएगी, जिसमें दोनों देशों के वैज्ञानिकों, शोधकर्ताओं और संस्थानों के बीच संपर्क क़ायम करने की कोशिश की जाएगी ।","श्रोएडर के दौरे के समय एक वेबसाइट भी शुरू की जाएगी, जिसमें दोनों देशों के वैज्ञानिकों, शोधकर्ताओं और संस्थानों के बीच संपर्क क़ायम करने की कोशिश की जाएगी।"
train,train-s3626,सुप्रीम कोर्ट को बुधवार को सूचित किया गया कि लगातार अवैध खनन से अरावली पहाड़ियों के पर्यावरण व हरियाली को क्षति पहुँचाई जा रही है ।,सुप्रीम कोर्ट को बुधवार को सूचित किया गया कि लगातार अवैध खनन से अरावली पहाड़ियों के पर्यावरण व हरियाली को क्षति पहुँचाई जा रही है।
train,train-s3628,जस्टिस वाई. के. सब्बरवाल के नेतृत्व वाली खंडपीठ को वरिष्ठ अधिवक्ता रंजीत कुमार ने अरावली पर्वत से खनन से निकाली गई सामग्री को ले जा रहे सैकड़ों ट्रकों की तस्वीर साक्ष्य के तौर पर दिखाई ।,जस्टिस वाई. के. सब्बरवाल के नेतृत्व वाली खंडपीठ को वरिष्ठ अधिवक्ता रंजीत कुमार ने अरावली पर्वत से खनन से निकाली गई सामग्री को ले जा रहे सैकड़ों ट्रकों की तस्वीर साक्ष्य के तौर पर दिखाई।
train,train-s3630,वाहनवटी ने आश्वासन दिया कि हरियाणा में खनन कार्य पर पूरी तरह से प्रतिबंध लागू है और इसका उल्लंघन करने वालों के खिलाफ़ एक कार्य - योजना तैयार की जा रही है ।,वाहनवटी ने आश्वासन दिया कि हरियाणा में खनन कार्य पर पूरी तरह से प्रतिबंध लागू है और इसका उल्लंघन करने वालों के खिलाफ़ एक कार्य-योजना तैयार की जा रही है।
train,train-s3631,वाहनवटी ने आश्वासन दिया कि अवैध खनन पर नज़र रखने के लिए सरकार गुड़गांव के उपायुक्त की बनाई त्रिस्तरीय कार्य - योजना पर विचार कर रही है ।,वाहनवटी ने आश्वासन दिया कि अवैध खनन पर नज़र रखने के लिए सरकार गुड़गांव के उपायुक्त की बनाई त्रिस्तरीय कार्य-योजना पर विचार कर रही है।
train,train-s3632,अरावली पर्वत अधिनियम राजस्थान के रेगिस्तान को मैदानी इलाकों में आगे बढ़ने से रोकने के बंध के तौर पर काम करता है ।,अरावली पर्वत अधिनियम राजस्थान के रेगिस्तान को मैदानी इलाकों में आगे बढ़ने से रोकने के बंध के तौर पर काम करता है।
train,train-s3641,"इसके बावजूद जस्टिस यू. सी. बनर्जी की अध्यक्षता में एक उच्चस्तरीय समिति का गठन करना और उसे इस बात का पता लगाने के लिए कहना है कि (साबरमती एक्सप्रेस के कोच संख्या एस - ६ में भीड़ क्यों थी, इनमें से अधिकांश लोग बेटिकट क्यों थे, और इन रेलयात्रियों के व्यवहार ने आग की घटना को किस प्रकार हवा दी) अपने आप में शर्मनाक है ।","इसके बावजूद जस्टिस यू. सी. बनर्जी की अध्यक्षता में एक उच्चस्तरीय समिति का गठन करना और उसे इस बात का पता लगाने के लिए कहना है कि (साबरमती एक्सप्रेस के कोच संख्या एस-६ में भीड़ क्यों थी, इनमें से अधिकांश लोग बेटिकट क्यों थे, और इन रेलयात्रियों के व्यवहार ने आग की घटना को किस प्रकार हवा दी) अपने आप में शर्मनाक है।"
train,train-s3646,मामले को आगे बढ़ाने में सरकार की आशंका के बारे में पूछे जाने पर उन्होंने कहा कि यूनियन कार्बाइड ने एंडरसन को भारत को न सौंपने के हर संभव प्रयास किए थे ।,मामले को आगे बढ़ाने में सरकार की आशंका के बारे में पूछे जाने पर उन्होंने कहा कि यूनियन कार्बाइड ने एंडरसन को भारत को न सौंपने के हर संभव प्रयास किए थे।
train,train-s3651,"उन्होंने कहा कि भारत सरकार के पास ऐसा कोई रास्ता नहीं है, जो किसी अमरीकी कॉरपोरेशन को मुआवज़ा बढ़ाने के लिए बाध्य कर सके ।","उन्होंने कहा कि भारत सरकार के पास ऐसा कोई रास्ता नहीं है, जो किसी अमरीकी कॉरपोरेशन को मुआवज़ा बढ़ाने के लिए बाध्य कर सके।"
train,train-s3652,मुआवज़े की राशि भारतीय अदालतों द्वारा तय की गई थी और उसे बाद में बरकरार रखा गया ।,मुआवज़े की राशि भारतीय अदालतों द्वारा तय की गई थी और उसे बाद में बरकरार रखा गया।
train,train-s3653,इसमें कोई शक नहीं है कि मुआवज़ा काफी कम है ।,इसमें कोई शक नहीं है कि मुआवज़ा काफी कम है।
train,train-s3657,प्रदेश कांग्रेस की दलील है कि राहुल के जरिए युवाओं को पार्टी के साथ जोड़ा जा सकता है ।,प्रदेश कांग्रेस की दलील है कि राहुल के जरिए युवाओं को पार्टी के साथ जोड़ा जा सकता है।
train,train-s3667,आतंकियों ने सुरक्षा बलों के साथ मुठभेड़ के बाद मस्जिद में शरण ले ली थी ।,आतंकियों ने सुरक्षा बलों के साथ मुठभेड़ के बाद मस्जिद में शरण ले ली थी।
train,train-s3681,इसके पहले कि किसी को खबर मिलती यह सभी विधायक सड़क के रास्ते झारखंड की सीमा से बाहर निकल गए ।,इसके पहले कि किसी को खबर मिलती यह सभी विधायक सड़क के रास्ते झारखंड की सीमा से बाहर निकल गए।
train,train-s3682,वरिष्ठ पार्टी नेता प्रमोद महाजन ने बताया कि इन सभी निर्दलीय विधायकों को सड़क के रास्ते दुर्गापुर होते हुए खड़गपुर पहुंचाया गया ।,वरिष्ठ पार्टी नेता प्रमोद महाजन ने बताया कि इन सभी निर्दलीय विधायकों को सड़क के रास्ते दुर्गापुर होते हुए खड़गपुर पहुंचाया गया।
train,train-s3684,वहां से करीब ढाई बजे उड़ान भरने वाले यात्री विमान के जरिए दिल्ली पहुंचे ।,वहां से करीब ढाई बजे उड़ान भरने वाले यात्री विमान के जरिए दिल्ली पहुंचे।
train,train-s3690,इस प्रक्रिया की आखिरी कड़ी में पूछताछ के दौरान प्रमुख गवाह व उत्तर प्रदेश के तत्कालीन मुख्यमंत्री कल्याण सिंह का बयान दर्ज किया गया ।,इस प्रक्रिया की आखिरी कड़ी में पूछताछ के दौरान प्रमुख गवाह व उत्तर प्रदेश के तत्कालीन मुख्यमंत्री कल्याण सिंह का बयान दर्ज किया गया।
train,train-s3694,आयोग का बढ़ाया गया कार्यकाल जून में ही खत्म हो रहा है ।,आयोग का बढ़ाया गया कार्यकाल जून में ही खत्म हो रहा है।
train,train-s3702,"राज्य सरकार के इस मत से भाजपा के वरिष्ठ नेता कल्याण सिंह सहमत हैं कि केंद्र व राज्य में कांग्रेस की सरकार रहते हुए विवादित स्थल का ताला खोला जाना ही, राम मंदिर आंदोलन को बढ़ावा देने का सबब बना ।","राज्य सरकार के इस मत से भाजपा के वरिष्ठ नेता कल्याण सिंह सहमत हैं कि केंद्र व राज्य में कांग्रेस की सरकार रहते हुए विवादित स्थल का ताला खोला जाना ही, राम मंदिर आंदोलन को बढ़ावा देने का सबब बना।"
train,train-s3703,१९८९ में कांग्रेस के ही शासनकाल में मंदिर का शिलान्यास भी कराया गया जिससे मंदिर आंदोलन ने और जोर पकड़ लिया ।,१९८९ में कांग्रेस के ही शासनकाल में मंदिर का शिलान्यास भी कराया गया जिससे मंदिर आंदोलन ने और जोर पकड़ लिया।
train,train-s3704,बाद में अमर उजाला से बात करते हुए भाजपा नेता कल्याण सिंह ने कहा कि बाबरी ढांचा सालों से करोड़ों हिंदुओं की भावनाओं को आहत कर रहा था और यह जनभावना इतनी प्रबल हुई कि लोगों ने खुद ही विवादित ढांचा गिरा दिया ।,बाद में अमर उजाला से बात करते हुए भाजपा नेता कल्याण सिंह ने कहा कि बाबरी ढांचा सालों से करोड़ों हिंदुओं की भावनाओं को आहत कर रहा था और यह जनभावना इतनी प्रबल हुई कि लोगों ने खुद ही विवादित ढांचा गिरा दिया।
train,train-s3713,प्रधान न्यायाधीश ने पुराने पड़ चुके कानूनों और न्यायिक प्रणाली के ओवरहॉल के लिए कोई ठोस कदम न उठाए जाने पर खेद जताया ।,प्रधान न्यायाधीश ने पुराने पड़ चुके कानूनों और न्यायिक प्रणाली के ओवरहॉल के लिए कोई ठोस कदम न उठाए जाने पर खेद जताया।
train,train-s3719,प्रदेश के राज्यपाल बलराम जाखड़ ने प्रधान न्यायाधीश की इस राय से सहमति व्यक्त की कि कार्यपालिका और न्यापालिका एक - दूसरे के पूरक हैं और उनमें समन्वय होना जरूरी है ।,प्रदेश के राज्यपाल बलराम जाखड़ ने प्रधान न्यायाधीश की इस राय से सहमति व्यक्त की कि कार्यपालिका और न्यापालिका एक-दूसरे के पूरक हैं और उनमें समन्वय होना जरूरी है।
train,train-s3720,प्रधान न्यायाधीश ने न्याय प्रणाली में सुधार और न्यायपालिका से समन्वय बढ़ाने के लिए गौर और राज्य के कानून मंत्री नरोत्तम मिश्रा के प्रयासों की भी सराहना की ।,प्रधान न्यायाधीश ने न्याय प्रणाली में सुधार और न्यायपालिका से समन्वय बढ़ाने के लिए गौर और राज्य के कानून मंत्री नरोत्तम मिश्रा के प्रयासों की भी सराहना की।
train,train-s3722,इससे न्यायालयों के सामने लंबित पड़े मामलों को निपटाने में सहायता मिलेगी ।,इससे न्यायालयों के सामने लंबित पड़े मामलों को निपटाने में सहायता मिलेगी।
train,train-s3723,यहां धार्मिक स्मारक भोजशाला में शुक्रवार को पूजा और नमाज अदा करने को लेकर हुए विवाद के बाद हिंसा पर उतारू भीड़ को खदेड़ने के लिए पुलिस को लाठीचार्ज और आंसू गैस के गोले छोड़ने पड़े ।,यहां धार्मिक स्मारक भोजशाला में शुक्रवार को पूजा और नमाज अदा करने को लेकर हुए विवाद के बाद हिंसा पर उतारू भीड़ को खदेड़ने के लिए पुलिस को लाठीचार्ज और आंसू गैस के गोले छोड़ने पड़े।
train,train-s3726,बसंत पंचमी के कारण भोजशाला के आसपास काफी भीड़ थी ।,बसंत पंचमी के कारण भोजशाला के आसपास काफी भीड़ थी।
train,train-s3727,जबकि जुम्मा होने के कारण यहां मुसलमान भी नमाज पढ़ने आए थे ।,जबकि जुम्मा होने के कारण यहां मुसलमान भी नमाज पढ़ने आए थे।
train,train-s3730,जबकि मुसलमानों को दोपहर १ से ३ बजे तक जुम्मे की नमाज पढ़ने की छूट दी गई ।,जबकि मुसलमानों को दोपहर १ से ३ बजे तक जुम्मे की नमाज पढ़ने की छूट दी गई।
train,train-s3731,इसी तरह अन्य दिनों में हिंदू मंगलवार को भोजशाला में पूजा करते हैं और मुसलमान जुम्मे को भोजशाला परिसर में आकर नमाज पढ़ते हैं ।,इसी तरह अन्य दिनों में हिंदू मंगलवार को भोजशाला में पूजा करते हैं और मुसलमान जुम्मे को भोजशाला परिसर में आकर नमाज पढ़ते हैं।
train,train-s3734,जिला कलेक्टर आर. के. गुप्ता ने बताया कि पथराव कर रहे लोगों को खदेड़ने के लिए पुलिस ने फौरन लाठीचार्ज कर दिया ।,जिला कलेक्टर आर. के. गुप्ता ने बताया कि पथराव कर रहे लोगों को खदेड़ने के लिए पुलिस ने फौरन लाठीचार्ज कर दिया।
train,train-s3736,"कर्फ्यू की घोषणा होते ही लोग घरों को लौट गए और जो सड़क पर या इधर - उधर थे, उन्हें पुलिस ने पहुंचा दिया ।","कर्फ्यू की घोषणा होते ही लोग घरों को लौट गए और जो सड़क पर या इधर-उधर थे, उन्हें पुलिस ने पहुंचा दिया।"
train,train-s3737,इसके बाद प्रशासन की पहल पर अल्पसंख्यक समुदाय के १५ सदस्य भोजशाला में गए और जुम्मे की नमाज़ अदा की ।,इसके बाद प्रशासन की पहल पर अल्पसंख्यक समुदाय के १५ सदस्य भोजशाला में गए और जुम्मे की नमाज़ अदा की।
train,train-s3739,नमाज़ होने के बाद जब पूरी तरह शांति हो गई तो कर्फ्यू भी उठा लिया गया ।,नमाज़ होने के बाद जब पूरी तरह शांति हो गई तो कर्फ्यू भी उठा लिया गया।
train,train-s3743,'टेंडर' फाइलों पर हस्ताक्षर करने के एवज में रिश्वत लेने के आरोप में बृहस्पतिवार को रोहतक में भारत संचार निगम लिमिटेड के महाप्रबंधक चंद्रशेखर को सीबीआई की टीम ने रंगे हाथों पकड़ लिया ।,'टेंडर' फाइलों पर हस्ताक्षर करने के एवज में रिश्वत लेने के आरोप में बृहस्पतिवार को रोहतक में भारत संचार निगम लिमिटेड के महाप्रबंधक चंद्रशेखर को सीबीआई की टीम ने रंगे हाथों पकड़ लिया।
train,train-s3749,टेंडर कंपनी ने महाप्रबंधक के रिश्वत मांगे जाने की शिकायत सीबीआई के चंडीगढ़ कार्यालय को बुधवार को कर दी थी ।,टेंडर कंपनी ने महाप्रबंधक के रिश्वत मांगे जाने की शिकायत सीबीआई के चंडीगढ़ कार्यालय को बुधवार को कर दी थी।
train,train-s3750,शिकायत मिलने के बाद सीबीआई के चंडीगढ़ कार्यालय ने १२ सदस्यीय टीम का गठन करके बुधवार को ही रोहतक रवाना कर दिया ।,शिकायत मिलने के बाद सीबीआई के चंडीगढ़ कार्यालय ने १२ सदस्यीय टीम का गठन करके बुधवार को ही रोहतक रवाना कर दिया।
train,train-s3753,पूर्व निर्धारित योजना के तहत ठीक सवा चार बजे आर्य नगर स्थित महाप्रबंधक के कार्यालय में टेंडर अलॉट कराने वाली कंपनी के एक व्यक्ति ने महाप्रबंधक चंद्रशेखर को पाउडर लगे २० हजार रुपये पकड़ा दिए ।,पूर्व निर्धारित योजना के तहत ठीक सवा चार बजे आर्य नगर स्थित महाप्रबंधक के कार्यालय में टेंडर अलॉट कराने वाली कंपनी के एक व्यक्ति ने महाप्रबंधक चंद्रशेखर को पाउडर लगे २० हजार रुपये पकड़ा दिए।
train,train-s3758,"टीम ने महाप्रबंधक को रंगे हाथों पकड़ने के बाद उस रिकॉर्ड की भी जांच पड़ताल गहनता से की, जिसके आधार पर रिश्वत देने के बाद केबल दबाने वाली कंपनी को काम अलॉट होना था ।","टीम ने महाप्रबंधक को रंगे हाथों पकड़ने के बाद उस रिकॉर्ड की भी जांच पड़ताल गहनता से की, जिसके आधार पर रिश्वत देने के बाद केबल दबाने वाली कंपनी को काम अलॉट होना था।"
train,train-s3763,बताया जाता है कि महाप्रबंधक को रात में ही चंडीगढ़ ले जाया जाएगा ।,बताया जाता है कि महाप्रबंधक को रात में ही चंडीगढ़ ले जाया जाएगा।
train,train-s3767,"बाद में उसे जमानत मिल गई, लेकिन अदालत ने मुंशी को निर्देश दिया है कि वह देश न छोड़े ।","बाद में उसे जमानत मिल गई, लेकिन अदालत ने मुंशी को निर्देश दिया है कि वह देश न छोड़े।"
train,train-s3769,उत्तरी २४ परगना के पुलिस अधीक्षक प्रवीण कुमार ने बताया कि मुंशी परिवार समेत देश छोड़ने की कोशिश कर रहा था ।,उत्तरी २४ परगना के पुलिस अधीक्षक प्रवीण कुमार ने बताया कि मुंशी परिवार समेत देश छोड़ने की कोशिश कर रहा था।
train,train-s3779,"मुंशी के मुकरने से एफआईआर कमजोर पड़ गयी थी, जिसके चलते जेसिका लाल हत्याकांड के तमाम दोषी बरी हो गए ।","मुंशी के मुकरने से एफआईआर कमजोर पड़ गयी थी, जिसके चलते जेसिका लाल हत्याकांड के तमाम दोषी बरी हो गए।"
train,train-s3784,"पुलिस सूत्रों के मुताबिक, मुंशी को आव्रजन विभाग के अधिकारियों ने दिल्ली पुलिस के नोटिस पर पकड़ा ।","पुलिस सूत्रों के मुताबिक, मुंशी को आव्रजन विभाग के अधिकारियों ने दिल्ली पुलिस के नोटिस पर पकड़ा।"
train,train-s3785,वह अपने परिवार समेत कोलकाता के नेताजी सुभाष चंद्र बोस अंतर्राष्ट्रीय हवाई अड्डे से बैंकॉक जाने के लिए इंडियन एयरलाइंस का हवाई जहाज़ पकड़ने जा रहे थे ।,वह अपने परिवार समेत कोलकाता के नेताजी सुभाष चंद्र बोस अंतर्राष्ट्रीय हवाई अड्डे से बैंकॉक जाने के लिए इंडियन एयरलाइंस का हवाई जहाज़ पकड़ने जा रहे थे।
train,train-s3786,इसी बीच कागज़ी जांच के दौरान आव्रजन विभाग के अधिकारियों ने उसे पकड़ लिया ।,इसी बीच कागज़ी जांच के दौरान आव्रजन विभाग के अधिकारियों ने उसे पकड़ लिया।
train,train-s3795,आइए नज़र डालते हैं कि ये अंग्रेज कितना सच बोल रहे हैं?,आइए नज़र डालते हैं कि ये अंग्रेज कितना सच बोल रहे हैं?
train,train-s3796,"अगर उनका इरादा सिर्फ भारत घूमने का ही था, तो उन्होंने सिर्फ उन्हीं स्थलों को क्यों चुना, जो १८५७ के प्रथम स्वाधीनता संग्राम से जुड़े हैं ।","अगर उनका इरादा सिर्फ भारत घूमने का ही था, तो उन्होंने सिर्फ उन्हीं स्थलों को क्यों चुना, जो १८५७ के प्रथम स्वाधीनता संग्राम से जुड़े हैं।"
train,train-s3800,"वहां इस दल ने सेंट जोंस चर्च में पादरी को शिलालेख सौंपा, जिसमें यह लिखा था कि हम बहादुरी से लड़ कर अपनी जान देनेवाले पूर्वजों को याद करते हैं ।","वहां इस दल ने सेंट जोंस चर्च में पादरी को शिलालेख सौंपा, जिसमें यह लिखा था कि हम बहादुरी से लड़ कर अपनी जान देनेवाले पूर्वजों को याद करते हैं।"
train,train-s3802,दिल्ली में हुमांयू का मक़बरा और लाल क़िला गए ।,दिल्ली में हुमांयू का मक़बरा और लाल क़िला गए।
train,train-s3803,हुमांयू के मक़बरे में ही बहादुरशाह ज़फर को बंदी बनाया गया था ।,हुमांयू के मक़बरे में ही बहादुरशाह ज़फर को बंदी बनाया गया था।
train,train-s3804,"ये लोग अपने साथ लाया शिलालेख लालकिले पर लगाना चाहते थे, पर मामले की नज़ाकत को देखते हुए यह शिलालेख पादरी को सौंप दिया ।","ये लोग अपने साथ लाया शिलालेख लालकिले पर लगाना चाहते थे, पर मामले की नज़ाकत को देखते हुए यह शिलालेख पादरी को सौंप दिया।"
train,train-s3807,"उन्होंने लेफ्टिनेंट गर्वनर रसेल कॉल्विन की कब्र पर चुपचाप फूल चढ़ाए, जबकि वहां फूल - मालाएं लाने की मनाही थी ।","उन्होंने लेफ्टिनेंट गर्वनर रसेल कॉल्विन की कब्र पर चुपचाप फूल चढ़ाए, जबकि वहां फूल-मालाएं लाने की मनाही थी।"
train,train-s3809,तीन युवक गुज़िशता शनिवार को यह दल ग्वालियर में अपना तय कार्यक्रम नहीं मना सका ।,तीन युवक गुज़िशता शनिवार को यह दल ग्वालियर में अपना तय कार्यक्रम नहीं मना सका।
train,train-s3810,"यह लोग मुरार में जड़ेरुआ डैम के पास स्थित अंग्रेजों की कब्रगाह पहुंचे, जहां पूर्व अंग्रेज सैनिकों की कब्रें हैं ।","यह लोग मुरार में जड़ेरुआ डैम के पास स्थित अंग्रेजों की कब्रगाह पहुंचे, जहां पूर्व अंग्रेज सैनिकों की कब्रें हैं।"
train,train-s3811,"विरोध के मद्देनज़र उन लोगों ने वहां कब्रों पर फूल चढ़ा कर श्रद्धांजलि तो अर्पित नहीं की, पर वहां खड़े होकर शिलालेख पढ़ते और फोटो खींचते रहे ।","विरोध के मद्देनज़र उन लोगों ने वहां कब्रों पर फूल चढ़ा कर श्रद्धांजलि तो अर्पित नहीं की, पर वहां खड़े होकर शिलालेख पढ़ते और फोटो खींचते रहे।"
train,train-s3813,इस दौरान खुफिया विभाग और सेना के अधिकारी सादे लिबास में उन पर नज़र रख रहे थे ।,इस दौरान खुफिया विभाग और सेना के अधिकारी सादे लिबास में उन पर नज़र रख रहे थे।
train,train-s3814,खुफिया विभाग के एक अधिकारी ने 'अमर उजाला' को बताया कि मध्यप्रदेश में इनकी पूरी गतिविधियों पर नज़र रखी जा रही है और पल - पल की इनकी रिपोर्ट से उच्चाधिकारियों को अवगत कराया जा रहा है ।,खुफिया विभाग के एक अधिकारी ने 'अमर उजाला' को बताया कि मध्यप्रदेश में इनकी पूरी गतिविधियों पर नज़र रखी जा रही है और पल-पल की इनकी रिपोर्ट से उच्चाधिकारियों को अवगत कराया जा रहा है।
train,train-s3815,इधर गाज़ियाबाद में हिंडन के किनारे अंग्रेजों की कब्र तोड़ने के मामले में तीन युवकों को गिरफ्तार किया गया है ।,इधर गाज़ियाबाद में हिंडन के किनारे अंग्रेजों की कब्र तोड़ने के मामले में तीन युवकों को गिरफ्तार किया गया है।
train,train-s3816,रोमन कैथोलिक के सबसे बड़े धर्मगुरु पोप जॉन पॉल द्वितीय के निधन पर भारत ने तीन दिन के राष्ट्रीय शोक की घोषणा की है ।,रोमन कैथोलिक के सबसे बड़े धर्मगुरु पोप जॉन पॉल द्वितीय के निधन पर भारत ने तीन दिन के राष्ट्रीय शोक की घोषणा की है।
train,train-s3819,इटली के प्रधानमंत्री व राष्ट्रपति ने भी लाइन में खड़े होकर उनके अंतिम दर्शन किए ।,इटली के प्रधानमंत्री व राष्ट्रपति ने भी लाइन में खड़े होकर उनके अंतिम दर्शन किए।
train,train-s3821,लंबी बीमारी के बाद ८४ वर्षीय पोप का निधन रविवार तड़के हो गया था ।,लंबी बीमारी के बाद ८४ वर्षीय पोप का निधन रविवार तड़के हो गया था।
train,train-s3825,पोप के निधन से भारत में शोक की लहर दौड़ गई है ।,पोप के निधन से भारत में शोक की लहर दौड़ गई है।
train,train-s3854,ईमेल के जरिए होने वाली दूसरी वारदातों के साथ ही अश्लील तस्वीरें भेज कर महिलाओं को परेशान करने के मामले भी पिछले कुछ समय में काफी बढ़ गए हैं ।,ईमेल के जरिए होने वाली दूसरी वारदातों के साथ ही अश्लील तस्वीरें भेज कर महिलाओं को परेशान करने के मामले भी पिछले कुछ समय में काफी बढ़ गए हैं।
train,train-s3868,पाकिस्तान के वैज्ञानिक अब्दुल क़ादिर ख़ान और सुलतान बशीरुद्दीन महमूद ने ओसामा बिन लादेन समेत अल क़ायदा के कई नेताओं के साथ बैठकें की थीं ।,पाकिस्तान के वैज्ञानिक अब्दुल क़ादिर ख़ान और सुलतान बशीरुद्दीन महमूद ने ओसामा बिन लादेन समेत अल क़ायदा के कई नेताओं के साथ बैठकें की थीं।
train,train-s3869,पाकिस्तानी साप्ताहिक 'द फ्राइडे टाइम्स' ने यह सनसनीखेज दावा किया है ।,पाकिस्तानी साप्ताहिक 'द फ्राइडे टाइम्स' ने यह सनसनीखेज दावा किया है।
train,train-s3870,अखबार के मुताबिक जब अमेरिकी खुफिया एजेंसी सीआईए ने महमूद के काबुल स्थित दफ्तर (यूटीएन उम्मा तमीरे नऊ) की तलाशी ली तो उन्हें वहां कहुटा लैब में बड़े पैमाने पर परमाणु हथियार बनाने के आंकड़े और उनके रख - रखाव के बारे में जानकारियां मिलीं ।,अखबार के मुताबिक जब अमेरिकी खुफिया एजेंसी सीआईए ने महमूद के काबुल स्थित दफ्तर (यूटीएन उम्मा तमीरे नऊ) की तलाशी ली तो उन्हें वहां कहुटा लैब में बड़े पैमाने पर परमाणु हथियार बनाने के आंकड़े और उनके रख-रखाव के बारे में जानकारियां मिलीं।
train,train-s3872,"रिपोर्ट के मुताबिक पाकिस्तान परमाणु ऊर्जा आयोग के पूर्व निदेशक व ए. क्यू. ख़ान के करीबी महमूद को यूटीएन के मुख्यालय से २३ अक्तूबर, २००१ को गिरफ्तार किया गया था ।","रिपोर्ट के मुताबिक पाकिस्तान परमाणु ऊर्जा आयोग के पूर्व निदेशक व ए. क्यू. ख़ान के करीबी महमूद को यूटीएन के मुख्यालय से २३ अक्तूबर, २००१ को गिरफ्तार किया गया था।"
train,train-s3873,"महमूद ने ज़ाहिर तौर पर तो यहां अफगानिस्तानियों की मदद के लिए दफ्तर खोला था, लेकिन छिपे तौर पर वह परमाणु हथियारों का धंधा कर रहे थे ।","महमूद ने ज़ाहिर तौर पर तो यहां अफगानिस्तानियों की मदद के लिए दफ्तर खोला था, लेकिन छिपे तौर पर वह परमाणु हथियारों का धंधा कर रहे थे।"
train,train-s3875,खान आतंकी हफीज़ सईद के नेतृत्व वाले लश्कर के जलसे में शामिल हुए ।,खान आतंकी हफीज़ सईद के नेतृत्व वाले लश्कर के जलसे में शामिल हुए।
train,train-s3877,पत्र में कहा गया कि महमूद पाकिस्तान के खुशाब प्लांट में यूरेनियम संवर्द्धन में लगे रहे और ख़ान को लादेन समेत अल - क़ायदा के बड़े आतंकियों के साथ बैठक करने के लिए भी जाना जाता है ।,पत्र में कहा गया कि महमूद पाकिस्तान के खुशाब प्लांट में यूरेनियम संवर्द्धन में लगे रहे और ख़ान को लादेन समेत अल-क़ायदा के बड़े आतंकियों के साथ बैठक करने के लिए भी जाना जाता है।
train,train-s3878,"'द फ्राइडे टाइम्स' ने कहा कि महमूद को उस धार्मिक उन्मादी के तौर पर जाना जा सकता है, जिसका मानना है कि पाकिस्तान को प्लूटोनियम बढ़ाना चाहिए और उसे केवल अपने पास न रखते हुए सभी इस्लामी देशों को पहुंचाना चाहिए ।","'द फ्राइडे टाइम्स' ने कहा कि महमूद को उस धार्मिक उन्मादी के तौर पर जाना जा सकता है, जिसका मानना है कि पाकिस्तान को प्लूटोनियम बढ़ाना चाहिए और उसे केवल अपने पास न रखते हुए सभी इस्लामी देशों को पहुंचाना चाहिए।"
train,train-s3879,जिससे वह इज़राइल व पश्चिमी देशों को चुनौती दे सके ।,जिससे वह इज़राइल व पश्चिमी देशों को चुनौती दे सके।
train,train-s3880,भारतीय प्रधानमंत्री मनमोहन सिंह और पाकिस्तान के राष्ट्रपति परवेज़ मुशर्रफ के बीच १६ - १७ अप्रैल को करीब चार घंटे तक द्विपक्षीय बातचीत होने की संभावना व्यक्त की गई है ।,भारतीय प्रधानमंत्री मनमोहन सिंह और पाकिस्तान के राष्ट्रपति परवेज़ मुशर्रफ के बीच १६-१७ अप्रैल को करीब चार घंटे तक द्विपक्षीय बातचीत होने की संभावना व्यक्त की गई है।
train,train-s3881,समझा जाता है कि दोनों देशों के शीर्ष अधिकारी इस महत्वपूर्ण मुलाक़ात का एजेंडा तय करने के वास्ते जल्द मिलेंगे ।,समझा जाता है कि दोनों देशों के शीर्ष अधिकारी इस महत्वपूर्ण मुलाक़ात का एजेंडा तय करने के वास्ते जल्द मिलेंगे।
train,train-s3882,सूत्रों के मुताबिक़ परदे के पीछे से कूटनीतिक क़वायद करने के लिए यूपीए सरकार द्वारा नियुक्त पाकिस्तान में भारत के पूर्व उच्चायुक्त एस के लांबा मुशर्रफ के करीबी तथा पाकिस्तानी राष्ट्रीय सुरक्षा परिषद् के सचिव तारिक़ अजीज़ से मुलाक़ात करेंगे ।,सूत्रों के मुताबिक़ परदे के पीछे से कूटनीतिक क़वायद करने के लिए यूपीए सरकार द्वारा नियुक्त पाकिस्तान में भारत के पूर्व उच्चायुक्त एस के लांबा मुशर्रफ के करीबी तथा पाकिस्तानी राष्ट्रीय सुरक्षा परिषद् के सचिव तारिक़ अजीज़ से मुलाक़ात करेंगे।
train,train-s3883,हालांकि इस मुलाक़ात के लिए समय और स्थान का चयन अभी नहीं हुआ है ।,हालांकि इस मुलाक़ात के लिए समय और स्थान का चयन अभी नहीं हुआ है।
train,train-s3884,पर सूत्रों का कहना है कि यह मुलाक़ात दुबई में हो सकती है ।,पर सूत्रों का कहना है कि यह मुलाक़ात दुबई में हो सकती है।
train,train-s3888,अधिकारी ने बताया कि आखिरकार पिछली राजग सरकार ने ही पाकिस्तान के साथ शांति प्रक्रिया के दौर की शुरुआत की थी और वर्तमान सरकार उसी दौर को आगे बढ़ा रही है ।,अधिकारी ने बताया कि आखिरकार पिछली राजग सरकार ने ही पाकिस्तान के साथ शांति प्रक्रिया के दौर की शुरुआत की थी और वर्तमान सरकार उसी दौर को आगे बढ़ा रही है।
train,train-s3889,सूत्रों ने यह भी बताया है कि मुशर्रफ ऑल पार्टी हुर्रियत कांफ्रेंस के नेताओं से भी मुलाक़ात कर सकते हैं ।,सूत्रों ने यह भी बताया है कि मुशर्रफ ऑल पार्टी हुर्रियत कांफ्रेंस के नेताओं से भी मुलाक़ात कर सकते हैं।
train,train-s3897,उन्होंने कहा कि सिरीज़ की पुष्टि करने में श्रीलंका क्रिकेट बोर्ड (एसएलसी) की असमर्थता तथा वहां क्रिकेट प्रशासन में हुए घटनाक्रम के मद्देनज़र समिति ने यह कदम उठाया है ।,उन्होंने कहा कि सिरीज़ की पुष्टि करने में श्रीलंका क्रिकेट बोर्ड (एसएलसी) की असमर्थता तथा वहां क्रिकेट प्रशासन में हुए घटनाक्रम के मद्देनज़र समिति ने यह कदम उठाया है।
train,train-s3903,हालांकि सुमाथिपाला ने ताज़ा चुनाव में फिर जीत हासिल कर ली ।,हालांकि सुमाथिपाला ने ताज़ा चुनाव में फिर जीत हासिल कर ली।
train,train-s3912,सरकार ने इस कंपनी के शेयर कई टुकड़ों में बेचे हैं ।,सरकार ने इस कंपनी के शेयर कई टुकड़ों में बेचे हैं।
train,train-s3914,इसकी कीमत २२०० करोड़ है ।,इसकी कीमत २२०० करोड़ है।
train,train-s3917,इस कंपनी के १५ फीसदी शेयर बेचने पर सरकार को ६४० करोड़ की राशि प्राप्त होगी ।,इस कंपनी के १५ फीसदी शेयर बेचने पर सरकार को ६४० करोड़ की राशि प्राप्त होगी।
train,train-s3918,वर्ष २००५ - ०६ के दौरान सरकार ने सार्वजनिक क्षेत्र के शेयरों को बेचकर ५००० से ७००० करोड़ रुपये जुटाने की योजना बनाई है ।,वर्ष २००५-०६ के दौरान सरकार ने सार्वजनिक क्षेत्र के शेयरों को बेचकर ५००० से ७००० करोड़ रुपये जुटाने की योजना बनाई है।
train,train-s3919,"इसके साथ ही वित्तमंत्री चिदंबरम ने अगले पांच साल में सरकारी कंपनियों के शेयर बेचकर ५०,००० से ७०,००० करोड़ रुपये जुटाने का लक्ष्य रखा है ।","इसके साथ ही वित्तमंत्री चिदंबरम ने अगले पांच साल में सरकारी कंपनियों के शेयर बेचकर ५०,००० से ७०,००० करोड़ रुपये जुटाने का लक्ष्य रखा है।"
train,train-s3923,गांव रामगढ़ शाहपुरिया निवासी दूसरी कक्षा में पढ़ने वाली सात वर्षीय बालिका राजप्रीत कौर उर्फ रूबी तीन नवंबर २००३ को अपनी सहेली अमनप्रीत कौर के घर खेलने के लिए गई ।,गांव रामगढ़ शाहपुरिया निवासी दूसरी कक्षा में पढ़ने वाली सात वर्षीय बालिका राजप्रीत कौर उर्फ रूबी तीन नवंबर २००३ को अपनी सहेली अमनप्रीत कौर के घर खेलने के लिए गई।
train,train-s3925,खेलने के बाद अमन आधे रास्ते तक अपनी सहेली राजप्रीत को छोड़ने आई ।,खेलने के बाद अमन आधे रास्ते तक अपनी सहेली राजप्रीत को छोड़ने आई।
train,train-s3936,अपील में अमृत के वकील ने कहा कि पुलिस ने उसे घटना के दूसरे ही दिन पकड़ लिया था ।,अपील में अमृत के वकील ने कहा कि पुलिस ने उसे घटना के दूसरे ही दिन पकड़ लिया था।
train,train-s3942,रक्षा मंत्री प्रणब मुखर्जी के अनुसार पाक अधिकृत कश्मीर में आतंकवादी शिविरों का संचालन जारी है जिसके चलते जम्मू - कश्मीर में आंतकवादियों की घुसपैठ बढ़ी है ।,रक्षा मंत्री प्रणब मुखर्जी के अनुसार पाक अधिकृत कश्मीर में आतंकवादी शिविरों का संचालन जारी है जिसके चलते जम्मू-कश्मीर में आंतकवादियों की घुसपैठ बढ़ी है।
train,train-s3945,वर्ष के आरंभ में बर्फ ज्यादा होने के कारण आतंकवादियों की घुसपैठ में कमी आती है लेकिन जब बर्फ पिघल जाती है तो घुसपैठ बढ़ जाती है ।,वर्ष के आरंभ में बर्फ ज्यादा होने के कारण आतंकवादियों की घुसपैठ में कमी आती है लेकिन जब बर्फ पिघल जाती है तो घुसपैठ बढ़ जाती है।
train,train-s3949,उन्होंने कहा कि पिछले दो सालों के दौरान लगभग दो सौ पायलेटों ने समय पूर्व सेवानिवृत्ति ली है लेकिन नौकरी छोड़ने वाले ज्यादातर पायलेट ऐसे थे जिन्होंने अपनी सेवा के बीस साल पूरे कर लिए थे ।,उन्होंने कहा कि पिछले दो सालों के दौरान लगभग दो सौ पायलेटों ने समय पूर्व सेवानिवृत्ति ली है लेकिन नौकरी छोड़ने वाले ज्यादातर पायलेट ऐसे थे जिन्होंने अपनी सेवा के बीस साल पूरे कर लिए थे।
train,train-s3952,इतने पायलेटों के नौकरी छोड़ने के बावजूद वायुसेना के पास पायलेटों की कोई कमी नहीं है ।,इतने पायलेटों के नौकरी छोड़ने के बावजूद वायुसेना के पास पायलेटों की कोई कमी नहीं है।
train,train-s3971,नौसेना प्रमुख एडमिरल अरुण प्रकाश ने कहा कि भारतीय नौसेना को समुद्र के भीतर परमाणु क्षमता से लैस करना एटमी हमले की जवाबी कार्रवाई या 'सेकेंड स्ट्राइक कंपीटेंस' के लिए बेहद जरूरी है ।,नौसेना प्रमुख एडमिरल अरुण प्रकाश ने कहा कि भारतीय नौसेना को समुद्र के भीतर परमाणु क्षमता से लैस करना एटमी हमले की जवाबी कार्रवाई या 'सेकेंड स्ट्राइक कंपीटेंस' के लिए बेहद जरूरी है।
train,train-s3972,उन्होंने आगाह किया कि पनडुब्बी निर्माण में किसी तरह की और देरी से तैयारियों पर विपरीत असर पड़ सकता है ।,उन्होंने आगाह किया कि पनडुब्बी निर्माण में किसी तरह की और देरी से तैयारियों पर विपरीत असर पड़ सकता है।
train,train-s3973,प्रतिष्ठित पत्रिका 'इंडियन डिफेंस रिव्यू' को दिए गए एक इंटरव्यू में उन्होंने कहा कि भारत के परमाणु सिद्धांत मसौदे में सेना के तीनों अंगों को एटमी क्षमता से लैस करने पर बल दिया गया है ।,प्रतिष्ठित पत्रिका 'इंडियन डिफेंस रिव्यू' को दिए गए एक इंटरव्यू में उन्होंने कहा कि भारत के परमाणु सिद्धांत मसौदे में सेना के तीनों अंगों को एटमी क्षमता से लैस करने पर बल दिया गया है।
train,train-s3975,उन्होंने कहा कि प्रोजेक्ट '७५ परमाणु पनडुब्बी' हमारी पोत निर्माण क्षमता पर सवालिया निशान है ।,उन्होंने कहा कि प्रोजेक्ट '७५ परमाणु पनडुब्बी' हमारी पोत निर्माण क्षमता पर सवालिया निशान है।
train,train-s3977,इसके अलावा फैसला लेने में देरी होने से निर्माण की लागत बढ़ जाती है ।,इसके अलावा फैसला लेने में देरी होने से निर्माण की लागत बढ़ जाती है।
train,train-s3979,नौसेना प्रमुख ने कहा कि स्वदेशी पोत निर्माण के काम ने अब गति पकड़ ली है और विभिन्न शिपयार्डो में १९ पोत निर्माण के विभिन्न चरणों में हैं ।,नौसेना प्रमुख ने कहा कि स्वदेशी पोत निर्माण के काम ने अब गति पकड़ ली है और विभिन्न शिपयार्डो में १९ पोत निर्माण के विभिन्न चरणों में हैं।
train,train-s3980,"उन्होंने बताया कि इसमें दो अत्याधुनिक फ्रिगेट तथा प्रोजेक्ट '१७ शिवालिक क्लास का स्टील्थ फ्रिगेट', '१५ए दिल्ली क्लास केफालोआन शिप' और एयर डिफेंस शिप शामिल हैं ।","उन्होंने बताया कि इसमें दो अत्याधुनिक फ्रिगेट तथा प्रोजेक्ट '१७ शिवालिक क्लास का स्टील्थ फ्रिगेट', '१५ए दिल्ली क्लास केफालोआन शिप' और एयर डिफेंस शिप शामिल हैं।"
train,train-s3981,जर्मनी के दो नागरिक पवित्र गंगा नदी से जुड़ी सभ्यता और संस्कृति के विभिन्न पहलुओं की जानकारी के मद्देनजर अनूठे मिशन पर निकले हैं ।,जर्मनी के दो नागरिक पवित्र गंगा नदी से जुड़ी सभ्यता और संस्कृति के विभिन्न पहलुओं की जानकारी के मद्देनजर अनूठे मिशन पर निकले हैं।
train,train-s3989,उन्होंने गोमुख के लिए रवाना होने से पहले मीडिया से बातचीत करते हुए कहा कि गंगा से जुड़ी सदियों पुरानी कहानी ने उनके कल्पना लोक को खूब प्रभावित किया है ।,उन्होंने गोमुख के लिए रवाना होने से पहले मीडिया से बातचीत करते हुए कहा कि गंगा से जुड़ी सदियों पुरानी कहानी ने उनके कल्पना लोक को खूब प्रभावित किया है।
train,train-s3992,गंगा को भारत की जीवन रेखा और पहचान बताने वाले ये दोनों जर्मन अपनी इस अनोखी यात्रा के दौरान सैकड़ों लोगों से मिलकर उनकी राय जानना चाहेंगे ।,गंगा को भारत की जीवन रेखा और पहचान बताने वाले ये दोनों जर्मन अपनी इस अनोखी यात्रा के दौरान सैकड़ों लोगों से मिलकर उनकी राय जानना चाहेंगे।
train,train-s4000,"यदि वह ऐसा करने में विफल रहती है, तो हम पड़ोसी राज्यों के उपलब्ध मार्ग से जरूरी वस्तुएं भेजने की कोशिश करेंगे ।","यदि वह ऐसा करने में विफल रहती है, तो हम पड़ोसी राज्यों के उपलब्ध मार्ग से जरूरी वस्तुएं भेजने की कोशिश करेंगे।"
train,train-s4008,गोस्वामी ने कहा कि मैं कांग्रेस के टिकट पर इस क्षेत्र से चुनाव लड़ूंगी ।,गोस्वामी ने कहा कि मैं कांग्रेस के टिकट पर इस क्षेत्र से चुनाव लड़ूंगी।
train,train-s4009,"मेरे लिए यह बहुत बड़ी चुनौती है, लेकिन मैं महंता को कड़ी टक्कर दूंगी ।","मेरे लिए यह बहुत बड़ी चुनौती है, लेकिन मैं महंता को कड़ी टक्कर दूंगी।"
train,train-s4011,मैं लोगों को एचआईवी एड्स से मुक्ति दिलाने के लिए चुनाव लड़ रही हूं ।,मैं लोगों को एचआईवी एड्स से मुक्ति दिलाने के लिए चुनाव लड़ रही हूं।
train,train-s4012,उन्होंने बताया कि कई कांग्रेसी नेताओं ने उन्हें चुनाव लड़ने के लिए उत्साहित किया ।,उन्होंने बताया कि कई कांग्रेसी नेताओं ने उन्हें चुनाव लड़ने के लिए उत्साहित किया।
train,train-s4014,जब उन्होंने चुनाव लड़ने का फैसला कर लिया तो इस शहर के लोगों में खुशी की लहर दौड़ पड़ी ।,जब उन्होंने चुनाव लड़ने का फैसला कर लिया तो इस शहर के लोगों में खुशी की लहर दौड़ पड़ी।
train,train-s4019,वे एड्स कंट्रोल सोसायटी से बतौर परामर्शदाता जुड़ी हुई हैं ।,वे एड्स कंट्रोल सोसायटी से बतौर परामर्शदाता जुड़ी हुई हैं।
train,train-s4029,'डेन' अखबार के मुताबिक उनकी इस यात्रा पर औसत से अधिक खर्च किया गया ।,'डेन' अखबार के मुताबिक उनकी इस यात्रा पर औसत से अधिक खर्च किया गया।
train,train-s4032,इस पर देश को ५७.७ लाख रुपया खर्च करना पड़ा ।,इस पर देश को ५७.७ लाख रुपया खर्च करना पड़ा।
train,train-s4036,नेपाल सरकार ने समर्पण करने वाले माओवादी उग्रवादियों की बड़ी संख्या को देखते हुए आत्मसमर्पण की अवधि बढ़ा दी है ।,नेपाल सरकार ने समर्पण करने वाले माओवादी उग्रवादियों की बड़ी संख्या को देखते हुए आत्मसमर्पण की अवधि बढ़ा दी है।
train,train-s4037,सरकार ने आत्मसमर्पण की अवधि बढ़ाकर अक्तूबर के दूसरे हफ्ते तक कर दी है ।,सरकार ने आत्मसमर्पण की अवधि बढ़ाकर अक्तूबर के दूसरे हफ्ते तक कर दी है।
train,train-s4041,इसके लिए माओवादियों को उग्रवादी गतिविधियों को छोड़कर राष्ट्र की मुख्यधारा से जुड़ने की शर्त रखी गई है ।,इसके लिए माओवादियों को उग्रवादी गतिविधियों को छोड़कर राष्ट्र की मुख्यधारा से जुड़ने की शर्त रखी गई है।
train,train-s4045,निर्देशकों का कहना है कि प्रमाणन बोर्ड को अड़ंगा लगाने की आदत हो गई है ।,निर्देशकों का कहना है कि प्रमाणन बोर्ड को अड़ंगा लगाने की आदत हो गई है।
train,train-s4049,प्रोड्यूसर - निर्देशक - पटकथा लेखक मनु रेवाल की छोटे बजट की फिल्म (चाय - पानी ईटीसी) को प्रमाणन बोर्ड के कारण परेशानी झेलनी पड़ी ।,प्रोड्यूसर-निर्देशक-पटकथा लेखक मनु रेवाल की छोटे बजट की फिल्म (चाय-पानी ईटीसी) को प्रमाणन बोर्ड के कारण परेशानी झेलनी पड़ी।
train,train-s4052,इसी तरह सर्वोदय नेता जयप्रकाश नारायण पर आधारित एक फिल्म को भी सेंसर की कैंची झेलनी पड़ी ।,इसी तरह सर्वोदय नेता जयप्रकाश नारायण पर आधारित एक फिल्म को भी सेंसर की कैंची झेलनी पड़ी।
train,train-s4060,फिल्मों के प्रदर्शन में अड़ंगा लगाना उसकी आदत बन गई है ।,फिल्मों के प्रदर्शन में अड़ंगा लगाना उसकी आदत बन गई है।
train,train-s4062,गृह राज्य मंत्री माणिकराव होदलया गावित ने बुधवार को राज्यसभा में एक लिखित जवाब में कहा कि आयोग का एक काम एक केंद्रीय कानून क्रियान्वयन एजेंसी के गठन की जरूरत के अध्ययन से जुड़ा होगा ।,गृह राज्य मंत्री माणिकराव होदलया गावित ने बुधवार को राज्यसभा में एक लिखित जवाब में कहा कि आयोग का एक काम एक केंद्रीय कानून क्रियान्वयन एजेंसी के गठन की जरूरत के अध्ययन से जुड़ा होगा।
train,train-s4078,उससे पूरे हलफनामे को पढ़ने के लिए कहा गया ।,उससे पूरे हलफनामे को पढ़ने के लिए कहा गया।
train,train-s4079,हलफनामा पढ़ने के बाद जाहिरा ने इस बात का खंडन किया कि हलफनामे में उल्लेखित बातें उसकी हैं ।,हलफनामा पढ़ने के बाद जाहिरा ने इस बात का खंडन किया कि हलफनामे में उल्लेखित बातें उसकी हैं।
train,train-s4081,"जाहिरा ने स्पष्ट किया कि उसने इस आयोग के समक्ष कभी भी कोई हलफनामा दायर नहीं किया, बल्कि १३ अप्रैल, २००५ को उसने केवल एक आवेदन दायर किया था जिसमें उससे पूछताछ की कार्यवाही रोकने की मांग की गई थी क्योंकि यह मामला सुप्रीम कोर्ट में लंबित पड़ा है ।","जाहिरा ने स्पष्ट किया कि उसने इस आयोग के समक्ष कभी भी कोई हलफनामा दायर नहीं किया, बल्कि १३ अप्रैल, २००५ को उसने केवल एक आवेदन दायर किया था जिसमें उससे पूछताछ की कार्यवाही रोकने की मांग की गई थी क्योंकि यह मामला सुप्रीम कोर्ट में लंबित पड़ा है।"
train,train-s4095,अदालत में व्यक्तिगत रूप से हाजिर हुए नैयर ने अपनी याचिका में कहा कि खुले वोट की प्रक्रिया संविधान में उल्लेखित मतदान की गोपनीयता के मूल सिद्धांत की धज्जी उड़ाना है ।,अदालत में व्यक्तिगत रूप से हाजिर हुए नैयर ने अपनी याचिका में कहा कि खुले वोट की प्रक्रिया संविधान में उल्लेखित मतदान की गोपनीयता के मूल सिद्धांत की धज्जी उड़ाना है।
train,train-s4096,राजग सरकार ने राज्यसभा चुनाव में विधायकों द्वारा विहिप का उल्लंघन कर धड़ल्ले से क्रॉस वोटिंग रोकने के लिए संविधान संशोधन कर खुले मतदान की व्यवस्था कर दी थी ।,राजग सरकार ने राज्यसभा चुनाव में विधायकों द्वारा विहिप का उल्लंघन कर धड़ल्ले से क्रॉस वोटिंग रोकने के लिए संविधान संशोधन कर खुले मतदान की व्यवस्था कर दी थी।
train,train-s4104,दि फ्राइडे टाइम्स के संपादक नजम सेठी के 'जमाली के गिने - चुने दिन रह गए हैं' शीर्षक संपादकीय के अनुसार जमाली मुशर्रफ की कृपा खो चुके हैं ।,दि फ्राइडे टाइम्स के संपादक नजम सेठी के 'जमाली के गिने-चुने दिन रह गए हैं' शीर्षक संपादकीय के अनुसार जमाली मुशर्रफ की कृपा खो चुके हैं।
train,train-s4107,अखबार के अनुसार पाकिस्तान में यह चर्चा जोर पकड़ती जा रही है कि मुशर्रफ जल्द ही जमाली के सामने ऐसे हालात पैदा कर देंगे कि उन्हें हटना पड़ेगा ।,अखबार के अनुसार पाकिस्तान में यह चर्चा जोर पकड़ती जा रही है कि मुशर्रफ जल्द ही जमाली के सामने ऐसे हालात पैदा कर देंगे कि उन्हें हटना पड़ेगा।
train,train-s4110,मुशर्रफ को लगता है कि जमाली उनके संवैधानिक फैसलों से उपजे हालात का समाधान ढूंढ़ने में अब तक विफल रहे हैं ।,मुशर्रफ को लगता है कि जमाली उनके संवैधानिक फैसलों से उपजे हालात का समाधान ढूंढ़ने में अब तक विफल रहे हैं।
train,train-s4117,इसके साथ ही उन्होंने अमेरिकी राष्ट्रपति को भारत आने का निमंत्रण दिया और कहा कि यह द्विपक्षीय संबंधों को बढ़ाने में मील का पत्थर साबित होगा ।,इसके साथ ही उन्होंने अमेरिकी राष्ट्रपति को भारत आने का निमंत्रण दिया और कहा कि यह द्विपक्षीय संबंधों को बढ़ाने में मील का पत्थर साबित होगा।
train,train-s4121,आनंदमणि गल्र्रर्स हाईस्कूल के सचिव अल्लाह रक्खा शेख ने बुधवार को इन खबरों का खंडन किया कि सुष्मिता मंडल से सुमैया परवीन बनी अध्यापिका को साड़ी पहन कर आने को कहा गया ।,आनंदमणि गल्र्रर्स हाईस्कूल के सचिव अल्लाह रक्खा शेख ने बुधवार को इन खबरों का खंडन किया कि सुष्मिता मंडल से सुमैया परवीन बनी अध्यापिका को साड़ी पहन कर आने को कहा गया।
train,train-s4122,उन्होंने कहा कि सुमैया ने बुर्का पहनकर कोई नियम नहीं तोड़ा है ।,उन्होंने कहा कि सुमैया ने बुर्का पहनकर कोई नियम नहीं तोड़ा है।
train,train-s4123,स्कूल की टीचर इंचार्ज गौरी घोष ने कहा कि कुछ अध्यापिकाओं ने परवीन से कहा था कि वह अन्य की तरह साड़ी पहन कर आए तो ठीक रहेगा लेकिन यदि परवीन बुर्का ही पहनना चाहती है तो उन्हें कोई दिक्कत नहीं है ।,स्कूल की टीचर इंचार्ज गौरी घोष ने कहा कि कुछ अध्यापिकाओं ने परवीन से कहा था कि वह अन्य की तरह साड़ी पहन कर आए तो ठीक रहेगा लेकिन यदि परवीन बुर्का ही पहनना चाहती है तो उन्हें कोई दिक्कत नहीं है।
train,train-s4124,मंगलवार को पश्चिम बंगाल के शिक्षा मंत्री कांति बिस्वास ने कहा था कि सरकार अपेक्षा करती है कि अध्यापक सलीके से और भद्र तरीके से कपड़े पहनें ।,मंगलवार को पश्चिम बंगाल के शिक्षा मंत्री कांति बिस्वास ने कहा था कि सरकार अपेक्षा करती है कि अध्यापक सलीके से और भद्र तरीके से कपड़े पहनें।
train,train-s4149,अंतर्राष्ट्रीय आतंकवाद के मामले में बृहस्पतिवार को सुनवाई के दौरान गवाह रामेंद्र सिंह भांधेर को उस समय कटघरे में खड़ा कर दिया जब बचाव पक्ष के वकील जो बेलोस ने उसकी विश्वसनीयता पर प्रश्नचिह्न लगाते हुए उससे कुछ सवाल पूछे ।,अंतर्राष्ट्रीय आतंकवाद के मामले में बृहस्पतिवार को सुनवाई के दौरान गवाह रामेंद्र सिंह भांधेर को उस समय कटघरे में खड़ा कर दिया जब बचाव पक्ष के वकील जो बेलोस ने उसकी विश्वसनीयता पर प्रश्नचिह्न लगाते हुए उससे कुछ सवाल पूछे।
train,train-s4150,लेकिन जस्टिस इयान ब्रूस जासफेन के बार - बार कहने पर उसे मुंह खोलना पड़ा ।,लेकिन जस्टिस इयान ब्रूस जासफेन के बार-बार कहने पर उसे मुंह खोलना पड़ा।
train,train-s4152,"अमेरिका में तस्करी के मामले में ३२,००० डॉलर के साथ सीमा रेखा पार करते पकड़ा गया था ।","अमेरिका में तस्करी के मामले में ३२,००० डॉलर के साथ सीमा रेखा पार करते पकड़ा गया था।"
train,train-s4155,कृषि लागत एवं मूल्य आयोग (सीएसीपी) ने लगातार तीसरे साल धान का समर्थन मूल्य न बढ़ाने की सिफारिश की है ।,कृषि लागत एवं मूल्य आयोग (सीएसीपी) ने लगातार तीसरे साल धान का समर्थन मूल्य न बढ़ाने की सिफारिश की है।
train,train-s4157,जबकि तिलहन और दलहन के समर्थन मूल्य में बढ़ोतरी की अनुशंसा की गई है ।,जबकि तिलहन और दलहन के समर्थन मूल्य में बढ़ोतरी की अनुशंसा की गई है।
train,train-s4159,इसके अनुसार धान का न्यूनतम समर्थन मूल्य पिछले तीन सालों की तरह ही ५५० रुपये प्रति क्विंटल रखा गया है जबकि तिलहन और दलहन के न्यूनतम समर्थन मूल्य में मामूली बढ़ोत्तरी की सिफारिश की गई है ।,इसके अनुसार धान का न्यूनतम समर्थन मूल्य पिछले तीन सालों की तरह ही ५५० रुपये प्रति क्विंटल रखा गया है जबकि तिलहन और दलहन के न्यूनतम समर्थन मूल्य में मामूली बढ़ोत्तरी की सिफारिश की गई है।
train,train-s4161,गौरतलब है कि इन दोनों राज्यों में धान की पैदावार बढ़ाने के लिए भूमिगत पानी के अंधाधुंध इस्तेमाल के कारण जलस्तर और नीचे चला गया है ।,गौरतलब है कि इन दोनों राज्यों में धान की पैदावार बढ़ाने के लिए भूमिगत पानी के अंधाधुंध इस्तेमाल के कारण जलस्तर और नीचे चला गया है।
train,train-s4162,यूपीए सरकार के न्यूनतम साझा कार्यक्रम (सीएमपी) में किए गए वादों को पूरा करने के लिए केंद्रीय मंत्रालयों ने २००४ - २००५ के बजट में वित्त मंत्रालय से ३० हजार करोड़ रुपये की अतिरिक्त बजटीय सहायता देने की मांग की है ।,यूपीए सरकार के न्यूनतम साझा कार्यक्रम (सीएमपी) में किए गए वादों को पूरा करने के लिए केंद्रीय मंत्रालयों ने २००४-२००५ के बजट में वित्त मंत्रालय से ३० हजार करोड़ रुपये की अतिरिक्त बजटीय सहायता देने की मांग की है।
train,train-s4163,"बहरहाल, वित्त मंत्रालय, मंत्रालयों की योजनाओं की संभावनाओं का पता लगाने के बाद ही आबंटन बढ़ाए जाने के पक्ष में है ।","बहरहाल, वित्त मंत्रालय, मंत्रालयों की योजनाओं की संभावनाओं का पता लगाने के बाद ही आबंटन बढ़ाए जाने के पक्ष में है।"
train,train-s4164,"लेकिन, मंत्रालय के सूत्रों के अनुसार वित्त मंत्री पी. चिदंबरम केंद्रीय मंत्रालयों को बजटीय सहायता बढ़ाए जाने के हक में नहीं हैं ।","लेकिन, मंत्रालय के सूत्रों के अनुसार वित्त मंत्री पी. चिदंबरम केंद्रीय मंत्रालयों को बजटीय सहायता बढ़ाए जाने के हक में नहीं हैं।"
train,train-s4165,चिदंबरम को सबसे ज्यादा चिंता इस बात की है कि आबंटन में इजाफा करने से राजकोषीय घाटे पर दबाव बढ़ेगा ।,चिदंबरम को सबसे ज्यादा चिंता इस बात की है कि आबंटन में इजाफा करने से राजकोषीय घाटे पर दबाव बढ़ेगा।
train,train-s4170,वहां उसके साथ सैकड़ों लोग बंधक बनाए गए थे ।,वहां उसके साथ सैकड़ों लोग बंधक बनाए गए थे।
train,train-s4179,अगले दो दिन तक महिलाओं और बच्चों को जिम में थोड़ा बैठने और सोने का मौका मिला ।,अगले दो दिन तक महिलाओं और बच्चों को जिम में थोड़ा बैठने और सोने का मौका मिला।
train,train-s4212,मंगलवार को जारी किए गए सरकारी आंकड़ों के मुताबिक 26 दिसंबर को आई सुनामी लहरों के बाद 5914 लोग लापता हैं जबकि 9571 लोगों की मौत हो चुकी है ।,मंगलवार को जारी किए गए सरकारी आंकड़ों के मुताबिक 26 दिसंबर को आई सुनामी लहरों के बाद 5914 लोग लापता हैं जबकि 9571 लोगों की मौत हो चुकी है।
train,train-s4226,बम धमाकों की गुत्थी सुलझाने में माथापच्ची कर रही दिल्ली पुलिस मुंबई तक जा पहुंची है और इसके पीछे डी - कंपनी और आईएसआई की साज़िश का पता लगाने की कोशिश में जुट गई है ।,बम धमाकों की गुत्थी सुलझाने में माथापच्ची कर रही दिल्ली पुलिस मुंबई तक जा पहुंची है और इसके पीछे डी-कंपनी और आईएसआई की साज़िश का पता लगाने की कोशिश में जुट गई है।
train,train-s4227,ख़ुफ़िया एजेंसी के सूत्रों ने भी धमाकों के पीछे दाऊद एंड कंपनी की साज़िश से इनकार नहीं किया है ।,ख़ुफ़िया एजेंसी के सूत्रों ने भी धमाकों के पीछे दाऊद एंड कंपनी की साज़िश से इनकार नहीं किया है।
train,train-s4228,दरअसल मुंबई बम धमाकों के दौरान भी विस्फ़ोटकों में इलेक्ट्रॉनिक टाइमर के प्रयोग किए गए थे ।,दरअसल मुंबई बम धमाकों के दौरान भी विस्फ़ोटकों में इलेक्ट्रॉनिक टाइमर के प्रयोग किए गए थे।
train,train-s4229,डीटीसी बस विस्फ़ोट में ऐसे ही टाइमर का प्रयोग किया गया ।,डीटीसी बस विस्फ़ोट में ऐसे ही टाइमर का प्रयोग किया गया।
train,train-s4230,दिल्ली के सरोजनी नगर - पहाड़गंज के भीड़ भरे बाजार और गोविंदपुरी में डीटीसी बस में बम धमाकों के पीछे आईएसआई की साज़िश तो साफ़ नज़र आ रही है ।,दिल्ली के सरोजनी नगर-पहाड़गंज के भीड़ भरे बाजार और गोविंदपुरी में डीटीसी बस में बम धमाकों के पीछे आईएसआई की साज़िश तो साफ़ नज़र आ रही है।
train,train-s4231,मगर हादसे के सात दिन गुज़रने के बाद भी स्पेशल सेल और ख़ुफिया एजेंसियां किसी संगठन का नाम लेने से कतरा रहे हैं ।,मगर हादसे के सात दिन गुज़रने के बाद भी स्पेशल सेल और ख़ुफिया एजेंसियां किसी संगठन का नाम लेने से कतरा रहे हैं।
train,train-s4232,"जांच एजेंसियां लश्कर, हिजबुल, जैश, अलबदर, अलमंसूरियन, बब्बर खालसा और खालिस्तान कमांडो फोर्स की कारगुज़ारी मानकर उनकी भूमिका की जांच कर रही है ।","जांच एजेंसियां लश्कर, हिजबुल, जैश, अलबदर, अलमंसूरियन, बब्बर खालसा और खालिस्तान कमांडो फोर्स की कारगुज़ारी मानकर उनकी भूमिका की जांच कर रही है।"
train,train-s4235,ख़ुफिया एजेंसियों का मानना है कि दुबई को लश्कर का एक बड़ा केंद्र बनाने में दाऊद गिरोह की सक्रिय भूमिका रही है ।,ख़ुफिया एजेंसियों का मानना है कि दुबई को लश्कर का एक बड़ा केंद्र बनाने में दाऊद गिरोह की सक्रिय भूमिका रही है।
train,train-s4236,कोलकाता में अमेरिकन सेंटर पर हमला करने वाला आफ़ताब अंसारी भी उसके लिए काम कर चुका है ।,कोलकाता में अमेरिकन सेंटर पर हमला करने वाला आफ़ताब अंसारी भी उसके लिए काम कर चुका है।
train,train-s4237,बाबरी मस्जिद गिराए जाने के बाद मुंबई में जब श्रृंखलाबद्ध विस्फ़ोट हुए तो वहां दो बातें प्रमुख रूप से सामने आई थीं कि बसों में हुए विस्फ़ोटों में इलेक्ट्रॉनिक टाइमर लगाया गया था और जिन स्थानों पर आरडीएक्स विस्फ़ोट हुए वहां बिलकुल दिल्ली की तर्ज़ पर तबाही हुई थी ।,बाबरी मस्जिद गिराए जाने के बाद मुंबई में जब श्रृंखलाबद्ध विस्फ़ोट हुए तो वहां दो बातें प्रमुख रूप से सामने आई थीं कि बसों में हुए विस्फ़ोटों में इलेक्ट्रॉनिक टाइमर लगाया गया था और जिन स्थानों पर आरडीएक्स विस्फ़ोट हुए वहां बिलकुल दिल्ली की तर्ज़ पर तबाही हुई थी।
train,train-s4239,सूत्रों का कहना है कि आईएसआई के लिए काम करने वाला दाऊद अकेला ऐसा शख़्स है जो अपने स्थानीय संपर्क की मदद से विस्फ़ोटक रखवा सकता है ।,सूत्रों का कहना है कि आईएसआई के लिए काम करने वाला दाऊद अकेला ऐसा शख़्स है जो अपने स्थानीय संपर्क की मदद से विस्फ़ोटक रखवा सकता है।
train,train-s4241,डी - कंपनी के लिए काम करने वाले बदमाशों से पूछताछ की जा रही है कि दाऊद की ऐसी किसी साज़िश की उन्हें भनक है अथवा नहीं ।,डी-कंपनी के लिए काम करने वाले बदमाशों से पूछताछ की जा रही है कि दाऊद की ऐसी किसी साज़िश की उन्हें भनक है अथवा नहीं।
train,train-s4242,ख़ुफिया सूत्र अब दुबई में भी डी - कंपनी के संपर्क सूत्रों को टटोलकर इन संभावनाओं का पता लगाने में जुट गए हैं ।,ख़ुफिया सूत्र अब दुबई में भी डी-कंपनी के संपर्क सूत्रों को टटोलकर इन संभावनाओं का पता लगाने में जुट गए हैं।
train,train-s4247,इन दुकानों में शिक्षित बेरोज़गार युवकों को रोज़गार भी दिया जाएगा ।,इन दुकानों में शिक्षित बेरोज़गार युवकों को रोज़गार भी दिया जाएगा।
train,train-s4249,ग़ौरतलब है कि सौर ऊर्जा चालित उपकरणों की मांग बढ़ रही है ।,ग़ौरतलब है कि सौर ऊर्जा चालित उपकरणों की मांग बढ़ रही है।
train,train-s4250,बंगलोर के ७० फ़ीसदी घरों में सोलर गीज़र लगे हैं ।,बंगलोर के ७० फ़ीसदी घरों में सोलर गीज़र लगे हैं।
train,train-s4251,पुणे का ५० फ़ीसदी परिवार किसी न किसी रूप में सौर ऊर्जा चालित उपकरण का इस्तेमाल कर रहा है ।,पुणे का ५० फ़ीसदी परिवार किसी न किसी रूप में सौर ऊर्जा चालित उपकरण का इस्तेमाल कर रहा है।
train,train-s4255,सौर ऊर्जा के सभी जगह उपलब्ध होने से इससे संबंधित उपकरणों की मांग ज़्यादा है ।,सौर ऊर्जा के सभी जगह उपलब्ध होने से इससे संबंधित उपकरणों की मांग ज़्यादा है।
train,train-s4272,"बैठक के दौरान श्रीलंका की तरफ़ से विदेश मंत्री लक्षमण कादिरगमार और भारत में श्रीलंका के उच्चायुक्त मंगल मूनसिंघे शामिल थे जबकि मनमोहन सिंह के साथ विदेश मंत्री नटवर सिंह, सुरक्षा सलाहकार जे. एन. दीक्षित और श्रीलंका में भारत की उच्चायुक्त निरुपमा राव थे ।","बैठक के दौरान श्रीलंका की तरफ़ से विदेश मंत्री लक्षमण कादिरगमार और भारत में श्रीलंका के उच्चायुक्त मंगल मूनसिंघे शामिल थे जबकि मनमोहन सिंह के साथ विदेश मंत्री नटवर सिंह, सुरक्षा सलाहकार जे. एन. दीक्षित और श्रीलंका में भारत की उच्चायुक्त निरुपमा राव थे।"
train,train-s4282,भाजपा सांसद ने कहा कि तहलका रक्षा घोटाले के मामले की जाँच करने वाले फूकन आयोग की सिफारिशों को सरकार ने नामंज़ूर कर दिया ।,भाजपा सांसद ने कहा कि तहलका रक्षा घोटाले के मामले की जाँच करने वाले फूकन आयोग की सिफारिशों को सरकार ने नामंज़ूर कर दिया।
train,train-s4284,बिहार में ९ महीने में दूसरी बार चुनाव कराने के लिए भारतीय जनता पार्टी (भाजपा) ने केंद्र की यूपीए सरकार को ज़िम्मेदार ठहराया है ।,बिहार में ९ महीने में दूसरी बार चुनाव कराने के लिए भारतीय जनता पार्टी (भाजपा) ने केंद्र की यूपीए सरकार को ज़िम्मेदार ठहराया है।
train,train-s4296,जनता दल (यू) द्वारा दलित मुसलमानों को अनुसूचित जाति व जनजाति का दर्जा दिए जाने के प्रस्ताव के बारे में महाजन ने कहा कि संविधान में सिर्फ सामाजिक व शिक्षा के आधार पर पिछड़े वर्ग के लोगों के लिए आरक्षण का प्रावधान है ।,जनता दल (यू) द्वारा दलित मुसलमानों को अनुसूचित जाति व जनजाति का दर्जा दिए जाने के प्रस्ताव के बारे में महाजन ने कहा कि संविधान में सिर्फ सामाजिक व शिक्षा के आधार पर पिछड़े वर्ग के लोगों के लिए आरक्षण का प्रावधान है।
train,train-s4300,"केंद्रीय जहाजरानी, सड़क परिवहन एवं राजमार्ग मंत्री टी. आर. बालू ने शनिवार को यहां एक प्रेस कांफ्रेंस में यह जानकारी दी ।","केंद्रीय जहाजरानी, सड़क परिवहन एवं राजमार्ग मंत्री टी. आर. बालू ने शनिवार को यहां एक प्रेस कांफ्रेंस में यह जानकारी दी।"
train,train-s4305,उन्होंने शनिवार को अपने प्रयासों में तेजी लाते हुए केंद्र सरकार से आग्रह किया कि वह कर्नाटक से कावेरी नदी में पानी छुड़वाए ।,उन्होंने शनिवार को अपने प्रयासों में तेजी लाते हुए केंद्र सरकार से आग्रह किया कि वह कर्नाटक से कावेरी नदी में पानी छुड़वाए।
train,train-s4314,कर्नाटक के पानी न छोड़ने की वजह से जलाशय में इसकी कमी है ।,कर्नाटक के पानी न छोड़ने की वजह से जलाशय में इसकी कमी है।
train,train-s4316,कारगिल युद्ध के बारे में उन्होंने पूर्व प्रधानमंत्री नवाज शरीफ के दावे को गलत बताते हुए कहा कि इस युद्ध में पाकिस्तान की अपेक्षा भारत को ज्यादा नुकसान उठाना पड़ा था ।,कारगिल युद्ध के बारे में उन्होंने पूर्व प्रधानमंत्री नवाज शरीफ के दावे को गलत बताते हुए कहा कि इस युद्ध में पाकिस्तान की अपेक्षा भारत को ज्यादा नुकसान उठाना पड़ा था।
train,train-s4317,शरीफ ने कहा था कि कारगिल युद्ध में भारत के साथ लड़े गए दो पूर्व युद्धों से भी ज्यादा पाकिस्तानी सैनिक मारे गए थे ।,शरीफ ने कहा था कि कारगिल युद्ध में भारत के साथ लड़े गए दो पूर्व युद्धों से भी ज्यादा पाकिस्तानी सैनिक मारे गए थे।
train,train-s4320,मुशर्रफ ने 'पाकिस्तानी दैनिक - डेन' के साथ एक साक्षात्कार में यह बातें कही हैं ।,मुशर्रफ ने 'पाकिस्तानी दैनिक-डेन' के साथ एक साक्षात्कार में यह बातें कही हैं।
train,train-s4322,उन्होंने कहा कि कश्मीर समस्या के समाधान के मुद्दे पर वार्ता में प्रगति के बगैर दोनों देश विश्वास बढ़ाने के अन्य उपायों पर आगे नहीं बढ़ सकते ।,उन्होंने कहा कि कश्मीर समस्या के समाधान के मुद्दे पर वार्ता में प्रगति के बगैर दोनों देश विश्वास बढ़ाने के अन्य उपायों पर आगे नहीं बढ़ सकते।
train,train-s4329,मुशर्रफ ने कहा कि उन्होंने कभी आतंकी संगठनों को बढ़ावा नहीं दिया ।,मुशर्रफ ने कहा कि उन्होंने कभी आतंकी संगठनों को बढ़ावा नहीं दिया।
train,train-s4331,सिर से जुड़ी जुड़वां बहनों - सबा और फराह - की मां राबिया खातून को डॉक्टरों और अल्लाह पर भरोसा है ।,सिर से जुड़ी जुड़वां बहनों-सबा और फराह-की मां राबिया खातून को डॉक्टरों और अल्लाह पर भरोसा है।
train,train-s4333,"अमेरिका के जाने - माने न्यूरो सर्जन बेंजामिन कार्सन ने यह बयान देकर कि इन दोनों बच्चियों को ऑपरेशन के जरिए अलग किया जा सकता है, राबिया की उम्मीदें और बढ़ा दी हैं ।","अमेरिका के जाने-माने न्यूरो सर्जन बेंजामिन कार्सन ने यह बयान देकर कि इन दोनों बच्चियों को ऑपरेशन के जरिए अलग किया जा सकता है, राबिया की उम्मीदें और बढ़ा दी हैं।"
train,train-s4334,सोमवार को इन दोनों लड़कियों की एंजियोग्राफी रिपोर्ट को राबिया सुखद खबर मानती है ।,सोमवार को इन दोनों लड़कियों की एंजियोग्राफी रिपोर्ट को राबिया सुखद खबर मानती है।
train,train-s4340,राबिया अबूधाबी के युवराज शेख मोहम्मद बिन ज़येद अल नह्यन के प्रति अपना आभार प्रकट करते थकती नहीं ।,राबिया अबूधाबी के युवराज शेख मोहम्मद बिन ज़येद अल नह्यन के प्रति अपना आभार प्रकट करते थकती नहीं।
train,train-s4361,अभी तक गेहूं उत्पादक राज्यों में करीब १.४७ करोड़ टन गेहूं की खरीद हुई है ।,अभी तक गेहूं उत्पादक राज्यों में करीब १.४७ करोड़ टन गेहूं की खरीद हुई है।
train,train-s4363,केंद्रीय खाद्य मंत्रालय के आंकड़ों के मुताबिक उत्तर प्रदेश में अभी तक महज ५.३ लाख टन गेहूं की खरीद हुई है ।,केंद्रीय खाद्य मंत्रालय के आंकड़ों के मुताबिक उत्तर प्रदेश में अभी तक महज ५.३ लाख टन गेहूं की खरीद हुई है।
train,train-s4365,इस साल यूपी में २.४ करोड़ टन गेहूं की पैदावार हुई है ।,इस साल यूपी में २.४ करोड़ टन गेहूं की पैदावार हुई है।
train,train-s4370,आंकड़ों के मुताबिक सहकारी एजेंसियों के मामले में पंजाब राज्य सबसे आगे है ।,आंकड़ों के मुताबिक सहकारी एजेंसियों के मामले में पंजाब राज्य सबसे आगे है।
train,train-s4380,पैत्रोदा ने मंगलवार शाम 'भारतीय विज्ञान २१वीं शताब्दी में' विषय पर अपने विचार रखते हुए वृहद सीएसआईआर के पूर्ण विकेंद्रीकरण की मांग कर डाली ।,पैत्रोदा ने मंगलवार शाम 'भारतीय विज्ञान २१वीं शताब्दी में' विषय पर अपने विचार रखते हुए वृहद सीएसआईआर के पूर्ण विकेंद्रीकरण की मांग कर डाली।
train,train-s4381,उन्होंने कहा कि परिषद का आकार बहुत बड़ा और जटिल है ।,उन्होंने कहा कि परिषद का आकार बहुत बड़ा और जटिल है।
train,train-s4385,"पैत्रोदा की टिथी पर प्रतिक्रिया व्यक्त करते हुए डॉ माशेकर ने कहा कि सीएसआईआर अपने ३८ लेबोरेटरी, ३७ एक्सटेंशन सेंटर और २२ हज़ार कर्मियों के बूते आज रोल मॉडल बना हुआ है ।","पैत्रोदा की टिथी पर प्रतिक्रिया व्यक्त करते हुए डॉ माशेकर ने कहा कि सीएसआईआर अपने ३८ लेबोरेटरी, ३७ एक्सटेंशन सेंटर और २२ हज़ार कर्मियों के बूते आज रोल मॉडल बना हुआ है।"
train,train-s4390,"पनीर अमीरों का आहार है, लेकिन ईंट तो सभी की ज़रूरत है ।","पनीर अमीरों का आहार है, लेकिन ईंट तो सभी की ज़रूरत है।"
train,train-s4391,"उन्होंने कहा कि देश में हर साल हज़ारों लोग मलेरिया की चपेट में मारे जाते हैं, लेकिन इस बीमारी पर अधिक शोध नहीं हो रहा है ।","उन्होंने कहा कि देश में हर साल हज़ारों लोग मलेरिया की चपेट में मारे जाते हैं, लेकिन इस बीमारी पर अधिक शोध नहीं हो रहा है।"
train,train-s4392,वजह यह है कि यह ग़रीबों की बीमारी है ।,वजह यह है कि यह ग़रीबों की बीमारी है।
train,train-s4395,सरकारी आंकड़ों के मुताबिक राज्य में हिंसक घटनाओं में ५० फीसदी तक की कमी आई है ।,सरकारी आंकड़ों के मुताबिक राज्य में हिंसक घटनाओं में ५० फीसदी तक की कमी आई है।
train,train-s4397,आंकड़ों के मुताबिक जहां वर्ष २००३ में आतंकी घटनाओं में २७१६ लोग मारे गए थे वहीं २००५ में १३१३ लोग मारे गए हैं ।,आंकड़ों के मुताबिक जहां वर्ष २००३ में आतंकी घटनाओं में २७१६ लोग मारे गए थे वहीं २००५ में १३१३ लोग मारे गए हैं।
train,train-s4400,राज्य में सुरक्षाबलों को आतंकियों के ख़िलाफ़ भी बड़ी कामयाबियाँ मिली ।,राज्य में सुरक्षाबलों को आतंकियों के ख़िलाफ़ भी बड़ी कामयाबियाँ मिली।
train,train-s4401,"सुरक्षाबलों ने हिज़बुल मुजाहिदीन, लश्कर - ए - ताइबा, जैश - ए - मोहम्मद और हरकत - ए - जेहाद - ए - इस्लामी के कई कमांडरों को निपटाने में सफलता प्राप्त की ।","सुरक्षाबलों ने हिज़बुल मुजाहिदीन, लश्कर-ए-ताइबा, जैश-ए-मोहम्मद और हरकत-ए-जेहाद-ए-इस्लामी के कई कमांडरों को निपटाने में सफलता प्राप्त की।"
train,train-s4402,सुरक्षाबलों के अभियान का सबसे बड़ा नुक़सान हिज़बुल मुजाहिदीन को उठाना पड़ा ।,सुरक्षाबलों के अभियान का सबसे बड़ा नुक़सान हिज़बुल मुजाहिदीन को उठाना पड़ा।
train,train-s4403,इस अभियान के दौरान इस आतंकी संगठन को अपने १० वरिष्ठ कमांडरों से हाथ धोना पड़ा ।,इस अभियान के दौरान इस आतंकी संगठन को अपने १० वरिष्ठ कमांडरों से हाथ धोना पड़ा।
train,train-s4404,वर्ष २००३ के दौरान १००० स्थानीय व ४७० विदेशी आतंकी मुठभेड़ में मारे गए ।,वर्ष २००३ के दौरान १००० स्थानीय व ४७० विदेशी आतंकी मुठभेड़ में मारे गए।
train,train-s4405,जबकि इस साल यह आंकड़ा ५१६ और १४१ है ।,जबकि इस साल यह आंकड़ा ५१६ और १४१ है।
train,train-s4407,आतंकियों द्वारा समय - समय पर बड़ी वारदात करने के बावजूद राज्य में सुरक्षाबलों की स्थिति मज़बूत है ।,आतंकियों द्वारा समय-समय पर बड़ी वारदात करने के बावजूद राज्य में सुरक्षाबलों की स्थिति मज़बूत है।
train,train-s4408,वर्ष २००३ में आतंकियों के ख़िलाफ़ अभियान में जहाँ ३८४ जवान व अधिकारी मारे गए थे वहीं इस साल यह संख्या घटकर १७३ पर थमी जबकि वर्ष २००४ में यह संख्या ३३० थी ।,वर्ष २००३ में आतंकियों के ख़िलाफ़ अभियान में जहाँ ३८४ जवान व अधिकारी मारे गए थे वहीं इस साल यह संख्या घटकर १७३ पर थमी जबकि वर्ष २००४ में यह संख्या ३३० थी।
train,train-s4409,आम नागरिकों के ख़िलाफ़ भी आतंकी हिंसक घटनाओं में ५० फीसदी तक की कमी आई है ।,आम नागरिकों के ख़िलाफ़ भी आतंकी हिंसक घटनाओं में ५० फीसदी तक की कमी आई है।
train,train-s4410,उत्तर प्रदेश के मुख्यमंत्री मुलायम सिंह यादव द्वारा कांग्रेस और केंद्र सरकार पर फ़ोन टैपिंग का आरोप मढ़ने के बाद अब तमिलनाडु की मुख्यमंत्री जयललिता ने भी केंद्र के ख़िलाफ़ मोरचा खोल दिया है ।,उत्तर प्रदेश के मुख्यमंत्री मुलायम सिंह यादव द्वारा कांग्रेस और केंद्र सरकार पर फ़ोन टैपिंग का आरोप मढ़ने के बाद अब तमिलनाडु की मुख्यमंत्री जयललिता ने भी केंद्र के ख़िलाफ़ मोरचा खोल दिया है।
train,train-s4411,उन्होंने भी आरोप लगाया है कि केंद्र उनके फ़ोन टैप करा रहा है ।,उन्होंने भी आरोप लगाया है कि केंद्र उनके फ़ोन टैप करा रहा है।
train,train-s4412,बृहस्पतिवार को सपा नेता अमर सिंह ने प्रदेश सचिवालय में जयललिता से मुलाक़ात की ।,बृहस्पतिवार को सपा नेता अमर सिंह ने प्रदेश सचिवालय में जयललिता से मुलाक़ात की।
train,train-s4413,इसके बाद एक बयान जारी कर तमिलनाडु की मुख्यमंत्री ने कहा कि 'मैं अब तक इस बात को सार्वजनिक करने से बचती रही क्योंकि मुझे मालूम था कि केंद्र इसे सिरे से नकार देगा,इसके बाद एक बयान जारी कर तमिलनाडु की मुख्यमंत्री ने कहा कि 'मैं अब तक इस बात को सार्वजनिक करने से बचती रही क्योंकि मुझे मालूम था कि केंद्र इसे सिरे से नकार देगा
train,train-s4414,'उन्होंने कहा कि अब जबकि अमर सिंह ने इस बात के पुख़्ता सबूत पेश कर दिए हैं कि विपक्षी नेता के फ़ोन टैपिंग के पीछे केंद्र का हाथ है तो इस मामले की तुरंत निष्पक्ष जाँच कराई जानी चाहिए और इस (षड्यंत्र) का पर्दाफ़ाश करने के लिए पूरे प्रकरण की विस्तृत जाँच होनी चाहिए ।,'उन्होंने कहा कि अब जबकि अमर सिंह ने इस बात के पुख़्ता सबूत पेश कर दिए हैं कि विपक्षी नेता के फ़ोन टैपिंग के पीछे केंद्र का हाथ है तो इस मामले की तुरंत निष्पक्ष जाँच कराई जानी चाहिए और इस (षड्यंत्र) का पर्दाफ़ाश करने के लिए पूरे प्रकरण की विस्तृत जाँच होनी चाहिए।
train,train-s4415,"बहरहाल, बयान में जयललिता ने यह भी कहा है कि केंद्र को तुरंत इसकी ज़िम्मेदारी ले लेनी चाहिए ।","बहरहाल, बयान में जयललिता ने यह भी कहा है कि केंद्र को तुरंत इसकी ज़िम्मेदारी ले लेनी चाहिए।"
train,train-s4418,मुख्यमंत्री ने कहा कि 'यह बहुत ही गंभीर और अपमानजनक मुद्दा है जो संविधान में उल्लेखित बोलने की स्वाधीनता और जीने के अधिकार का सरासर उल्लंघन है,मुख्यमंत्री ने कहा कि 'यह बहुत ही गंभीर और अपमानजनक मुद्दा है जो संविधान में उल्लेखित बोलने की स्वाधीनता और जीने के अधिकार का सरासर उल्लंघन है
train,train-s4420,मुकेश अंबानी और उनके छोटे भाई अनिल अंबानी के बीच मालिकाना ह़क़ को लेकर चल रही जंग के समाप्त होने के आसार दिखाई दे रहे हैं ।,मुकेश अंबानी और उनके छोटे भाई अनिल अंबानी के बीच मालिकाना ह़क़ को लेकर चल रही जंग के समाप्त होने के आसार दिखाई दे रहे हैं।
train,train-s4421,माना जा रहा है कि दोनों भाइयों के बीच समझौते की ठोस रूपरेखा तैयार कर ली गई है और उम्मीद है कि अगले छह हफ़्तों के भीतर इसे औपचारिक स्वरूप प्रदान कर दिया जाएगा ।,माना जा रहा है कि दोनों भाइयों के बीच समझौते की ठोस रूपरेखा तैयार कर ली गई है और उम्मीद है कि अगले छह हफ़्तों के भीतर इसे औपचारिक स्वरूप प्रदान कर दिया जाएगा।
train,train-s4422,समझौते की घोषणा चार - छह हफ़्ते में की जा सकती है ।,समझौते की घोषणा चार-छह हफ़्ते में की जा सकती है।
train,train-s4424,जानकार सूत्रों के मुताबिक सरकार रिलायंस से जुड़े घटनाक्रमों पर निगाह रखे हुए है ।,जानकार सूत्रों के मुताबिक सरकार रिलायंस से जुड़े घटनाक्रमों पर निगाह रखे हुए है।
train,train-s4425,सूत्रों का मानना है कि देश के कॉर्पोरेट इतिहास में मालिकाना ह़क़ को लेकर छिड़े इस सबसे ज़बरदस्त विवाद को सुलझाने के मक़सद से पिछले एक माह के दौरान समझौता प्रक्रिया में तेज़ी आई है ।,सूत्रों का मानना है कि देश के कॉर्पोरेट इतिहास में मालिकाना ह़क़ को लेकर छिड़े इस सबसे ज़बरदस्त विवाद को सुलझाने के मक़सद से पिछले एक माह के दौरान समझौता प्रक्रिया में तेज़ी आई है।
train,train-s4428,"दोनों पक्षों के बीच जिन मुद्दों पर व्यापक सहमति बनी है, उसके तहत पिछले कुछ साल में रिलायंस ग्रूप ने जो नए व्यवसाय शुरू किए हैं, वे छोटे भाई अनिल को दिये जाएंगे जबकि मुख्य कंपनी रिलायंस इंडस्ट्रीज़ लिमिटेड (आरआईएल) और पेट्रोकेमिकल उपक्रम आईपीसीएल पर मुकेश का मालिकाना हक़ बरक़रार रहेगा ।","दोनों पक्षों के बीच जिन मुद्दों पर व्यापक सहमति बनी है, उसके तहत पिछले कुछ साल में रिलायंस ग्रूप ने जो नए व्यवसाय शुरू किए हैं, वे छोटे भाई अनिल को दिये जाएंगे जबकि मुख्य कंपनी रिलायंस इंडस्ट्रीज़ लिमिटेड (आरआईएल) और पेट्रोकेमिकल उपक्रम आईपीसीएल पर मुकेश का मालिकाना हक़ बरक़रार रहेगा।"
train,train-s4429,देश के सबसे बड़े कॉर्पोरेट हाउस में समझौते के लिए की जा रही पहल पर वित्त मंत्री पी चिदंबरम की निगाह है ।,देश के सबसे बड़े कॉर्पोरेट हाउस में समझौते के लिए की जा रही पहल पर वित्त मंत्री पी चिदंबरम की निगाह है।
train,train-s4430,पिछले पखवाड़े उन्होंने कहा था कि अंबानी बंधु समझौते की ओर बढ़ रहे हैं और पारिवारिक विवाद में सरकार को हस्तक्षेप करने की ज़रूरत नहीं है ।,पिछले पखवाड़े उन्होंने कहा था कि अंबानी बंधु समझौते की ओर बढ़ रहे हैं और पारिवारिक विवाद में सरकार को हस्तक्षेप करने की ज़रूरत नहीं है।
train,train-s4432,ऐसा लगता है कि जल्द ही वे इसका हल ढूँढ़ लेंगे ।,ऐसा लगता है कि जल्द ही वे इसका हल ढूँढ़ लेंगे।
train,train-s4433,वित्त मंत्रालय के अलावा कंपनी मामलों का मंत्रालय भी इस विवाद से जुड़े घटनाक्रमों पर नज़दीकी नज़र रखे हुए है ।,वित्त मंत्रालय के अलावा कंपनी मामलों का मंत्रालय भी इस विवाद से जुड़े घटनाक्रमों पर नज़दीकी नज़र रखे हुए है।
train,train-s4436,लेकिन समझौते को अंतिम रूप दिए जाने के बाद इस संबंध में औपचारिक घोषणा से पहले अंबानी बंधुओं की मुलाक़ात हो सकती है ।,लेकिन समझौते को अंतिम रूप दिए जाने के बाद इस संबंध में औपचारिक घोषणा से पहले अंबानी बंधुओं की मुलाक़ात हो सकती है।
train,train-s4437,बेस्ट बेकरी मामले की प्रमुख गवाह जाहिरा शेख और सामाजिक कार्यकर्ता तीस्ता सीतलवाड़ द्वारा एक दूसरे पर लगाए गए आरोप - प्रत्यारोपों की जांच के लिए सुप्रीम कोर्ट द्वारा गठित उच्चाधिकार प्राप्त समिति बुधवार से अपना काम शुरू कर देगी ।,बेस्ट बेकरी मामले की प्रमुख गवाह जाहिरा शेख और सामाजिक कार्यकर्ता तीस्ता सीतलवाड़ द्वारा एक दूसरे पर लगाए गए आरोप-प्रत्यारोपों की जांच के लिए सुप्रीम कोर्ट द्वारा गठित उच्चाधिकार प्राप्त समिति बुधवार से अपना काम शुरू कर देगी।
train,train-s4442,स्थिति को 'नाजुक' बताते हुए न्यायमूर्ति अरिजीत पसायत और एच के सेमा की खंडपीठ ने शीर्ष अदालत के रजिस्ट्रार जनरल को दिल्ली पुलिस के महानिरीक्षक स्तर के किसी अधिकारी की मदद लेने का निर्देश दिया था ।,स्थिति को 'नाजुक' बताते हुए न्यायमूर्ति अरिजीत पसायत और एच के सेमा की खंडपीठ ने शीर्ष अदालत के रजिस्ट्रार जनरल को दिल्ली पुलिस के महानिरीक्षक स्तर के किसी अधिकारी की मदद लेने का निर्देश दिया था।
train,train-s4448,जबकि सीमा सुरक्षा बल के जवानों ने इसी जिले में श्रीनगर - मुजफ्फराबाद मार्ग से दो आईईडी बरामद कर बड़ा हादसा टाल दिया ।,जबकि सीमा सुरक्षा बल के जवानों ने इसी जिले में श्रीनगर-मुजफ्फराबाद मार्ग से दो आईईडी बरामद कर बड़ा हादसा टाल दिया।
train,train-s4451,प्रधानमंत्री मनमोहन सिंह ७ अप्रैल को बस को मुज़फ्फराबाद रवाना करेंगे ।,प्रधानमंत्री मनमोहन सिंह ७ अप्रैल को बस को मुज़फ्फराबाद रवाना करेंगे।
train,train-s4453,चार आतंकी संगठनों ने एक बयान में कहा है कि राज्य सड़क परिवहन निगम के दोनों बस चालकों का बॉयोडाटा हासिल कर लिया गया है और यदि वे बस लेकर गए तो अपनी जान से खिलवाड़ करेंगे ।,चार आतंकी संगठनों ने एक बयान में कहा है कि राज्य सड़क परिवहन निगम के दोनों बस चालकों का बॉयोडाटा हासिल कर लिया गया है और यदि वे बस लेकर गए तो अपनी जान से खिलवाड़ करेंगे।
train,train-s4455,इस बीच जम्मू कश्मीर के अखनूर सेक्टर में सेना के जवानों ने घुसपैठ की कोशिश आज तड़के नाकाम कर दी लेकिन इस कार्रवाई में दो जवान शहीद हो गए ।,इस बीच जम्मू कश्मीर के अखनूर सेक्टर में सेना के जवानों ने घुसपैठ की कोशिश आज तड़के नाकाम कर दी लेकिन इस कार्रवाई में दो जवान शहीद हो गए।
train,train-s4457,बारामूला जिले के पट्टन क्षेत्र में आज सुबह साढ़े ग्यारह बजे एक बस शेड के नीचे हुए आईईडी विस्फोट में सात लोग जख्मी हो गए ।,बारामूला जिले के पट्टन क्षेत्र में आज सुबह साढ़े ग्यारह बजे एक बस शेड के नीचे हुए आईईडी विस्फोट में सात लोग जख्मी हो गए।
train,train-s4459,आधिकारिक सूत्रों ने बताया कि इसके पहले सुबह पौने नौ बजे पलहालन इलाके में बीएसएफ की एक टुकड़ी ने सड़क के किनारे दो आईईडी बरामद किए ।,आधिकारिक सूत्रों ने बताया कि इसके पहले सुबह पौने नौ बजे पलहालन इलाके में बीएसएफ की एक टुकड़ी ने सड़क के किनारे दो आईईडी बरामद किए।
train,train-s4462,विस्फोट और आईईडी बरामदगी के ये दोनों घटनास्थल श्रीनगर - मुज़फ्फराबाद बस सेवा के मार्ग में हैं ।,विस्फोट और आईईडी बरामदगी के ये दोनों घटनास्थल श्रीनगर-मुज़फ्फराबाद बस सेवा के मार्ग में हैं।
train,train-s4465,इस्लामाबाद से मिली खबर में कहा गया है कि मुज़फ्फराबाद से श्रीनगर आने वाली बस में यात्रा की ३० लोगों को अनुमति दे दी गई है ।,इस्लामाबाद से मिली खबर में कहा गया है कि मुज़फ्फराबाद से श्रीनगर आने वाली बस में यात्रा की ३० लोगों को अनुमति दे दी गई है।
train,train-s4468,कांग्रेस ने ऐलान किया है कि वह लोक जनशक्ति पार्टी (लोजपा) के सभी उम्मीदवारों के खिलाफ चुनाव लड़ेगी ।,कांग्रेस ने ऐलान किया है कि वह लोक जनशक्ति पार्टी (लोजपा) के सभी उम्मीदवारों के खिलाफ चुनाव लड़ेगी।
train,train-s4469,पासवान के अलग चुनाव लड़ने की सूरत में लोजपा के साथ कोई रियायत नहीं बरती जाएगी ।,पासवान के अलग चुनाव लड़ने की सूरत में लोजपा के साथ कोई रियायत नहीं बरती जाएगी।
train,train-s4472,पासवान के अलग चुनाव लड़ने पर उनके सभी उम्मीदवारों के खिलाफ कांग्रेस चुनाव लड़ेगी ।,पासवान के अलग चुनाव लड़ने पर उनके सभी उम्मीदवारों के खिलाफ कांग्रेस चुनाव लड़ेगी।
train,train-s4475,खुद कांग्रेस अध्यक्ष सोनिया गांधी ने केरल में वामदलों को अपना सबसे बड़ा विरोधी कहा है ।,खुद कांग्रेस अध्यक्ष सोनिया गांधी ने केरल में वामदलों को अपना सबसे बड़ा विरोधी कहा है।
train,train-s4478,पासवान अगर अलग होकर चुनाव लड़ते हैं तो उन्हें सरकार से अलग हो जाना चाहिए ।,पासवान अगर अलग होकर चुनाव लड़ते हैं तो उन्हें सरकार से अलग हो जाना चाहिए।
train,train-s4483,'अमृतापुरी' के अधिकांश सुनामी पीड़ितों के लिए माता अमृतानंदमयी का नाम अपना - सा है ।,'अमृतापुरी' के अधिकांश सुनामी पीड़ितों के लिए माता अमृतानंदमयी का नाम अपना-सा है।
train,train-s4490,यहां से कुछ ही दूरी पर किसी चट्टान की तरह माता आनंदमयी मठ खड़ा है ।,यहां से कुछ ही दूरी पर किसी चट्टान की तरह माता आनंदमयी मठ खड़ा है।
train,train-s4491,"लहरें मठ के अहाते से भी टकरायी होंगी, लेकिन उसे कोई बड़ा नुकसान नहीं पहुंचा ।","लहरें मठ के अहाते से भी टकरायी होंगी, लेकिन उसे कोई बड़ा नुकसान नहीं पहुंचा।"
train,train-s4492,'अम्मा' के सैकड़ों भक्त उस दिन मठ के अंदर मौजूद थे ।,'अम्मा' के सैकड़ों भक्त उस दिन मठ के अंदर मौजूद थे।
train,train-s4504,दुनिया भर के श्रद्धालुओं की ओर दान में दिए गए कपड़े भी बांटे जा रहे हैं ।,दुनिया भर के श्रद्धालुओं की ओर दान में दिए गए कपड़े भी बांटे जा रहे हैं।
train,train-s4506,"देश भर के ३०,००० हजार बेघर लोगों के लिए मकान बनाने का काम करने वाले मठ ने सुनामी पीड़ितों के आश्रितों के बारे में सोच रहा है ।","देश भर के ३०,००० हजार बेघर लोगों के लिए मकान बनाने का काम करने वाले मठ ने सुनामी पीड़ितों के आश्रितों के बारे में सोच रहा है।"
train,train-s4507,पीड़ितों के लिए मकान बनाने और अन्य प्रकार की सहायता के लिए अम्मा ने १०० करोड़ की मदद की घोषणा की है ।,पीड़ितों के लिए मकान बनाने और अन्य प्रकार की सहायता के लिए अम्मा ने १०० करोड़ की मदद की घोषणा की है।
train,train-s4511,"पाकिस्तान के खिलाफ़ दूसरे एक दिवसीय मैच में उसने जहां ५८ रनों से जीत हासिल की, वहीं उसे महेंद्र सिंह धोनी के रूप में एक नया स्टार बल्लेबाज मिल गया ।","पाकिस्तान के खिलाफ़ दूसरे एक दिवसीय मैच में उसने जहां ५८ रनों से जीत हासिल की, वहीं उसे महेंद्र सिंह धोनी के रूप में एक नया स्टार बल्लेबाज मिल गया।"
train,train-s4512,कैरियर का मात्र पांचवां मैच खेल रहे धोनी की बेखौफ़ पारी के आगे पाकिस्तानी आक्रमण बौना नजर आया ।,कैरियर का मात्र पांचवां मैच खेल रहे धोनी की बेखौफ़ पारी के आगे पाकिस्तानी आक्रमण बौना नजर आया।
train,train-s4513,"भारत ने आज पहले बल्लेबाजी करते हुए धोनी के १२३ गेंदों पर १४८ रनों की बदौलत ५० ओवरों में नौ विकेट पर ३५६ बनाए, जो पाकिस्तान के खिलाफ भारत का सबसे बड़ा स्कोर है ।","भारत ने आज पहले बल्लेबाजी करते हुए धोनी के १२३ गेंदों पर १४८ रनों की बदौलत ५० ओवरों में नौ विकेट पर ३५६ बनाए, जो पाकिस्तान के खिलाफ भारत का सबसे बड़ा स्कोर है।"
train,train-s4518,इस जीत से भारत ने वनडे सीरीज में २ - ० की बढ़त हासिल कर ली है ।,इस जीत से भारत ने वनडे सीरीज में २-० की बढ़त हासिल कर ली है।
train,train-s4521,"एसीए - वीडीसीए का छोटा ग्राउंड, तेज आउटफील्ड और बल्लेबाजों के लिए माकूल पिच पर धोनी पाकिस्तानी गेंदबाजों पर कहर बनकर टूट पड़े ।","एसीए-वीडीसीए का छोटा ग्राउंड, तेज आउटफील्ड और बल्लेबाजों के लिए माकूल पिच पर धोनी पाकिस्तानी गेंदबाजों पर कहर बनकर टूट पड़े।"
train,train-s4522,भारत की ओर हमेशा की तरह आज भी वीरेंद्र सहवाग ने कमान संभाली और मात्र ४० गेंदों पर दो छक्के और १२ चौके की मदद से ७४ रन बनाकर बड़े स्कोर की नींव रख दी ।,भारत की ओर हमेशा की तरह आज भी वीरेंद्र सहवाग ने कमान संभाली और मात्र ४० गेंदों पर दो छक्के और १२ चौके की मदद से ७४ रन बनाकर बड़े स्कोर की नींव रख दी।
train,train-s4527,"मात्र ८८ गेंदों पर जब उन्होंने शतक पूरा किया तो दीर्घाओं में मौजूद २६,००० दर्शकों ने इस उभरते हुए स्टार का तालियों की गड़गड़ाहट से स्वागत किया ।","मात्र ८८ गेंदों पर जब उन्होंने शतक पूरा किया तो दीर्घाओं में मौजूद २६,००० दर्शकों ने इस उभरते हुए स्टार का तालियों की गड़गड़ाहट से स्वागत किया।"
train,train-s4529,धोनी का साथ देने आए उप कप्तान राहुल द्रविड़ ने सधे हुए अंदाज में पारी की शुरुआत की और युवा साथी बल्लेबाज को आजादी से खेलने का पूरा मौका मुहैया कराया ।,धोनी का साथ देने आए उप कप्तान राहुल द्रविड़ ने सधे हुए अंदाज में पारी की शुरुआत की और युवा साथी बल्लेबाज को आजादी से खेलने का पूरा मौका मुहैया कराया।
train,train-s4530,चौथे विकेट पर दोनों बल्लेबाजों ने १३४ गेंदों पर १४९ रन जोड़ दिए ।,चौथे विकेट पर दोनों बल्लेबाजों ने १३४ गेंदों पर १४९ रन जोड़ दिए।
train,train-s4531,द्रविड़ ने ५७ गेंदों पर अपना अर्धशतक पूरा किया ।,द्रविड़ ने ५७ गेंदों पर अपना अर्धशतक पूरा किया।
train,train-s4534,धोनी ने पाकिस्तान के खिलाफ १४१ रन के सर्वश्रेष्ठ व्यक्तिगत स्कोर को भी छोड़ दिया ।,धोनी ने पाकिस्तान के खिलाफ १४१ रन के सर्वश्रेष्ठ व्यक्तिगत स्कोर को भी छोड़ दिया।
train,train-s4544,पाकिस्तान में डीजल आयात को बढ़ावा देने के मकसद से आईओसी अपने उत्पादों को वर्तमान मूल्य स्तर से कम पर बेचने को इच्छुक है ।,पाकिस्तान में डीजल आयात को बढ़ावा देने के मकसद से आईओसी अपने उत्पादों को वर्तमान मूल्य स्तर से कम पर बेचने को इच्छुक है।
train,train-s4548,वह आयातित उत्पादों को सड़क या रेल द्वारा कराची की रिफाइनरियों से हासिल करता है ।,वह आयातित उत्पादों को सड़क या रेल द्वारा कराची की रिफाइनरियों से हासिल करता है।
train,train-s4550,डीजल को पानीपत रिफाइनरी से पाइप द्वारा जालंधर पहुंचाया जा सकता है और वहां से सड़क और रेल द्वारा लाहौर भेजा जा सकता है ।,डीजल को पानीपत रिफाइनरी से पाइप द्वारा जालंधर पहुंचाया जा सकता है और वहां से सड़क और रेल द्वारा लाहौर भेजा जा सकता है।
train,train-s4557,मालूम हो कि करिश्मा ने २००३ में दिल्ली के उद्योगपति संजय कपूर से शादी की थी लेकिन इसके डेढ़ साल बाद ही दोनों के रिश्ते बिगड़ गए और मामला तलाक तक जा पहुंचा ।,मालूम हो कि करिश्मा ने २००३ में दिल्ली के उद्योगपति संजय कपूर से शादी की थी लेकिन इसके डेढ़ साल बाद ही दोनों के रिश्ते बिगड़ गए और मामला तलाक तक जा पहुंचा।
train,train-s4558,तब यह भी खबर आई थी कि करिश्मा ने तलाक के पेपर पर दस्तखत करने के एवज में संजय से ७ करोड़ रुपये मांगे थे ।,तब यह भी खबर आई थी कि करिश्मा ने तलाक के पेपर पर दस्तखत करने के एवज में संजय से ७ करोड़ रुपये मांगे थे।
train,train-s4566,होंडा मोटर्स के प्रमुख टाकेयो फुकुई ने शुक्रवार को यहां कहा कि गुड़गांव में होंडा की फैक्टरी में श्रमिक अशांति के बावजूद भारत चीन के मुकाबले कम जोखिम वाला देश है ।,होंडा मोटर्स के प्रमुख टाकेयो फुकुई ने शुक्रवार को यहां कहा कि गुड़गांव में होंडा की फैक्टरी में श्रमिक अशांति के बावजूद भारत चीन के मुकाबले कम जोखिम वाला देश है।
train,train-s4568,होंडा मोटर्स के अध्यक्ष टाकेयो फुकुई ने जापानी मीडिया को दिए साक्षात्कार में कहा कि चीन अपने पूरे आर्थिक विकास के साथ उस दौर की शुरूआत में पहुंच गया है जब वह कार निर्यात करने के लिए उत्पादन का गढ़ बनना शुरू हो गया है ।,होंडा मोटर्स के अध्यक्ष टाकेयो फुकुई ने जापानी मीडिया को दिए साक्षात्कार में कहा कि चीन अपने पूरे आर्थिक विकास के साथ उस दौर की शुरूआत में पहुंच गया है जब वह कार निर्यात करने के लिए उत्पादन का गढ़ बनना शुरू हो गया है।
train,train-s4569,फुकुई ने गुड़गांव में हौंडा की मोटर साइकिल फैक्टरी में श्रमिकों के असंतोष पर कहा कि वे स्वीकार करते हैं कि भारत में प्रायः हड़तालें होती हैं ।,फुकुई ने गुड़गांव में हौंडा की मोटर साइकिल फैक्टरी में श्रमिकों के असंतोष पर कहा कि वे स्वीकार करते हैं कि भारत में प्रायः हड़तालें होती हैं।
train,train-s4570,लेकिन अब हड़ताल का दौर अब मंद हो गया है और यूनियन से बातचीत का माहौल बन गया है ।,लेकिन अब हड़ताल का दौर अब मंद हो गया है और यूनियन से बातचीत का माहौल बन गया है।
train,train-s4573,राष्ट्रीय स्वयंसेवक संघ (आरएसएस) की मूल हिन्दूवादी विचारधारा में एक बड़ा परिवर्तन नजर आ रहा है ।,राष्ट्रीय स्वयंसेवक संघ (आरएसएस) की मूल हिन्दूवादी विचारधारा में एक बड़ा परिवर्तन नजर आ रहा है।
train,train-s4575,आरएसएस की विचारधारा में यह क्रांतिकारी परिवर्तन ऐसे समय में हुआ है जब वह अपने राजनीतिक संगठन भाजपा को वापस हिन्दूवादी एजेंडे की तरफ लाने के लिए जी - तोड़ कोशिश कर रहा है ।,आरएसएस की विचारधारा में यह क्रांतिकारी परिवर्तन ऐसे समय में हुआ है जब वह अपने राजनीतिक संगठन भाजपा को वापस हिन्दूवादी एजेंडे की तरफ लाने के लिए जी-तोड़ कोशिश कर रहा है।
train,train-s4576,आरएसएस प्रमुख के एस सुदर्शन का लिखा पत्र संघ परिवार के कट्टरपंथियों के अलावा भाजपा सहित संघ से जुड़े अन्य संगठनों के लिए भी हैरतअंगेज है ।,आरएसएस प्रमुख के एस सुदर्शन का लिखा पत्र संघ परिवार के कट्टरपंथियों के अलावा भाजपा सहित संघ से जुड़े अन्य संगठनों के लिए भी हैरतअंगेज है।
train,train-s4580,अपने पत्र में सुदर्शन ने कहा कि संघ परिवार से जुड़े सभी संगठनों के लिए कुछ सामान्य कार्यक्रम हैं ।,अपने पत्र में सुदर्शन ने कहा कि संघ परिवार से जुड़े सभी संगठनों के लिए कुछ सामान्य कार्यक्रम हैं।
train,train-s4591,भारत की तीन दिन की यात्रा पर आए चावेज ने कहा कि अमेरिका ने तीन वर्ष पूर्व उनके देश के खिलाफ़ युद्ध छेड़ा था और अब वह उनकी हत्या करवाना चाहता है ।,भारत की तीन दिन की यात्रा पर आए चावेज ने कहा कि अमेरिका ने तीन वर्ष पूर्व उनके देश के खिलाफ़ युद्ध छेड़ा था और अब वह उनकी हत्या करवाना चाहता है।
train,train-s4597,प्रेस कांफ्रेंस में चावेज ने आरोप लगाया कि अमेरिका ने पिछले तीन वर्ष से उनके देश के खिलाफ़ युद्ध छेड़ रखा है और उनकी हत्या करवाना चाहता है ।,प्रेस कांफ्रेंस में चावेज ने आरोप लगाया कि अमेरिका ने पिछले तीन वर्ष से उनके देश के खिलाफ़ युद्ध छेड़ रखा है और उनकी हत्या करवाना चाहता है।
train,train-s4603,भारतीय क्रिकेट कंट्रोल बोर्ड (बीसीसीआई) ने शनिवार को कहा कि भारत - पाक क्रिकेट सिरीज़ के किसी एक मैच को देखने के लिए पाकिस्तान के राष्ट्रपति परवेज मुशर्रफ को आमंत्रित कर उसे (बेहद खुशी) होगी ।,भारतीय क्रिकेट कंट्रोल बोर्ड (बीसीसीआई) ने शनिवार को कहा कि भारत-पाक क्रिकेट सिरीज़ के किसी एक मैच को देखने के लिए पाकिस्तान के राष्ट्रपति परवेज मुशर्रफ को आमंत्रित कर उसे (बेहद खुशी) होगी।
train,train-s4604,दोनों देशों के बीच सिरीज़ अगले हफ्ते से शुरू हो रही है ।,दोनों देशों के बीच सिरीज़ अगले हफ्ते से शुरू हो रही है।
train,train-s4612,पाकिस्तान से मिली रिपोर्टो में कहा गया है कि मुशर्रफ भारत आकर दोनों देशों के बीच सिरीज़ के किसी एक मैच को देखने के इच्छुक हैं ।,पाकिस्तान से मिली रिपोर्टो में कहा गया है कि मुशर्रफ भारत आकर दोनों देशों के बीच सिरीज़ के किसी एक मैच को देखने के इच्छुक हैं।
train,train-s4629,इसके लिए सबसे पहले रेलवे अपने लिए आयातित सामान की ज़रूरतों को कम करेगा और इसके लिए देश में ही उत्पादन होगा ।,इसके लिए सबसे पहले रेलवे अपने लिए आयातित सामान की ज़रूरतों को कम करेगा और इसके लिए देश में ही उत्पादन होगा।
train,train-s4632,उन्होंने रेलनेट के व्यवसायीकरण के संकेत दिए और कहा कि सूचना प्रौद्योगिकी के इस ज़माने में रेलनेट के व्यवसायीकरण के विकल्पों की तलाश की जाएगी ।,उन्होंने रेलनेट के व्यवसायीकरण के संकेत दिए और कहा कि सूचना प्रौद्योगिकी के इस ज़माने में रेलनेट के व्यवसायीकरण के विकल्पों की तलाश की जाएगी।
train,train-s4634,सात महीनों लम्बी जद्दोजहद और हजारों प्रतिभागियों से पार पाने के बाद शनिवार को हुए देश के सबसे बड़े और सर्वाधिक लोकप्रिय टेलेंट हंट कार्यक्रम (इंडियन ऑइडल) का ताज आख़िरकार महाराष्ट्र के अभिजीत सांवत ने जीत लिया ।,सात महीनों लम्बी जद्दोजहद और हजारों प्रतिभागियों से पार पाने के बाद शनिवार को हुए देश के सबसे बड़े और सर्वाधिक लोकप्रिय टेलेंट हंट कार्यक्रम (इंडियन ऑइडल) का ताज आख़िरकार महाराष्ट्र के अभिजीत सांवत ने जीत लिया।
train,train-s4635,इस प्रतियोगिता के फाइनल को लेकर देशभर के करोंड़ों लोगों में ज़बरदस्त उत्साह था ।,इस प्रतियोगिता के फाइनल को लेकर देशभर के करोंड़ों लोगों में ज़बरदस्त उत्साह था।
train,train-s4637,टेलिविजन इतिहास के सर्वाधिक लोकप्रिय कार्यक्रमों में अपना नाम दर्ज करा चुके इस शो के फाइनल में मुबंई के अभिजीत सांवत का मुक़ाबला भिलाई के अमित साना से था ।,टेलिविजन इतिहास के सर्वाधिक लोकप्रिय कार्यक्रमों में अपना नाम दर्ज करा चुके इस शो के फाइनल में मुबंई के अभिजीत सांवत का मुक़ाबला भिलाई के अमित साना से था।
train,train-s4641,बिहार विधानसभा चुनावों से अपराधियों को दूर रखने के लिए पटना हाईकोर्ट ने बुधवार को महत्वपूर्ण क़दम उठाए ।,बिहार विधानसभा चुनावों से अपराधियों को दूर रखने के लिए पटना हाईकोर्ट ने बुधवार को महत्वपूर्ण क़दम उठाए।
train,train-s4642,कोर्ट ने प्रशासन को निर्देश दिए हैं कि वह फरवरी तक फ़रार अपराधियों की सूची उपलब्ध कराए ताकि इन लोगों को नामांकन भरने के समय ही गिरफ़्तार किया जा सके ।,कोर्ट ने प्रशासन को निर्देश दिए हैं कि वह फरवरी तक फ़रार अपराधियों की सूची उपलब्ध कराए ताकि इन लोगों को नामांकन भरने के समय ही गिरफ़्तार किया जा सके।
train,train-s4643,"कार्यवाहक मुख्य न्यायाधीश जस्टिस नरेंद्र राय और जस्टिस एस. एन. हुसैन की पीठ ने इंडियन मेडिकल एसोसिएशन (आईएमए) की बिहार इकाई की एक जनहित याचिका पर सुनवाई के दौरान कहा, 'कानून तोड़ने वालों को क़ानून निर्माता बनने की इजाज़त नहीं दी जानी चाहिए","कार्यवाहक मुख्य न्यायाधीश जस्टिस नरेंद्र राय और जस्टिस एस. एन. हुसैन की पीठ ने इंडियन मेडिकल एसोसिएशन (आईएमए) की बिहार इकाई की एक जनहित याचिका पर सुनवाई के दौरान कहा, 'कानून तोड़ने वालों को क़ानून निर्माता बनने की इजाज़त नहीं दी जानी चाहिए"
train,train-s4644,कोर्ट ने ज़िला निर्वाचन अधिकारियों को निर्देश दिए हैं कि वह अपराधियों के ख़िलाफ़ जारी गिरफ़्तारी वारंट तुरंत तामील करे ।,कोर्ट ने ज़िला निर्वाचन अधिकारियों को निर्देश दिए हैं कि वह अपराधियों के ख़िलाफ़ जारी गिरफ़्तारी वारंट तुरंत तामील करे।
train,train-s4645,कोर्ट ने सुनवाई के दौरान मौजूद आईजी (प्रशासन) नीलमणि को निर्देश दिए कि वह पुलिस अधीक्षकों को निर्देश दें कि वे दो दिन के भीतर (७ जनवरी तक) फ़रार अपराधियों की सूची तैयार करें और इसे ज़िला निर्वाचन अधिकारियों को सौंप दें ताकि ऐसे लोगों को गिरफ़्तार किया जा सके ।,कोर्ट ने सुनवाई के दौरान मौजूद आईजी (प्रशासन) नीलमणि को निर्देश दिए कि वह पुलिस अधीक्षकों को निर्देश दें कि वे दो दिन के भीतर (७ जनवरी तक) फ़रार अपराधियों की सूची तैयार करें और इसे ज़िला निर्वाचन अधिकारियों को सौंप दें ताकि ऐसे लोगों को गिरफ़्तार किया जा सके।
train,train-s4646,"कोर्ट ने ऐसे लोगों की भी सूची मांगी है, जिनके ख़िलाफ़ संपत्ति ज़ब्ती के आदेश लंबित हैं ।","कोर्ट ने ऐसे लोगों की भी सूची मांगी है, जिनके ख़िलाफ़ संपत्ति ज़ब्ती के आदेश लंबित हैं।"
train,train-s4647,कोर्ट ने कहा कि फ़रार अपराधियों को गिरफ़्तार करने से राज्य में स्वतंत्र और निष्पक्ष चुनाव कराने में मदद मिलेगी ।,कोर्ट ने कहा कि फ़रार अपराधियों को गिरफ़्तार करने से राज्य में स्वतंत्र और निष्पक्ष चुनाव कराने में मदद मिलेगी।
train,train-s4648,इसके साथ ही कोर्ट ने राज्य के मुख्य निर्वाचन अधिकारी के. सी. साहा से कहा है कि वह ७ जनवरी तक निष्पक्ष और स्वतंत्र चुनाव कराने के वास्ते ह़लफ़नामा दें ।,इसके साथ ही कोर्ट ने राज्य के मुख्य निर्वाचन अधिकारी के. सी. साहा से कहा है कि वह ७ जनवरी तक निष्पक्ष और स्वतंत्र चुनाव कराने के वास्ते ह़लफ़नामा दें।
train,train-s4649,"सुनवाई के दौरान आईजी नीलमणि ने बताया कि राज्य में १५ हज़ार ऐसे अपराधी फ़रार हैं, जिनके ख़िलाफ़ गिरफ़्तारी वारंट और संपत्ति ज़ब्ती के आदेश जारी किए गए हैं ।","सुनवाई के दौरान आईजी नीलमणि ने बताया कि राज्य में १५ हज़ार ऐसे अपराधी फ़रार हैं, जिनके ख़िलाफ़ गिरफ़्तारी वारंट और संपत्ति ज़ब्ती के आदेश जारी किए गए हैं।"
train,train-s4650,"नीलमणि ने अपराधियों की ज़िलावार सूची तैयार करने के लिए कोर्ट से समय मांगा, लेकिन कोर्ट ने उन्हें सिर्फ ७ जनवरी तक ही समय दिया है ।","नीलमणि ने अपराधियों की ज़िलावार सूची तैयार करने के लिए कोर्ट से समय मांगा, लेकिन कोर्ट ने उन्हें सिर्फ ७ जनवरी तक ही समय दिया है।"
train,train-s4652,"पुलिस सूत्रों के मुताबिक़ रैपिड एक्शन फोर्स, बिहार मिलिट्री पुलिस (बीएमपी) तथा स्पेशल टॉस्क फोर्स की मदद के लिए सीआरपीएफ की ११ और बीएसफ की १५ टुकड़ियां तैनात की गई हैं ।","पुलिस सूत्रों के मुताबिक़ रैपिड एक्शन फोर्स, बिहार मिलिट्री पुलिस (बीएमपी) तथा स्पेशल टॉस्क फोर्स की मदद के लिए सीआरपीएफ की ११ और बीएसफ की १५ टुकड़ियां तैनात की गई हैं।"
train,train-s4653,"ये टुकड़ियाँ एमसीसी, पीपुल्स वार और रणवीर सेना जैसे अतिवादी संगठनों के ख़िलाफ़ कार्रवाई कर रही हैं ।","ये टुकड़ियाँ एमसीसी, पीपुल्स वार और रणवीर सेना जैसे अतिवादी संगठनों के ख़िलाफ़ कार्रवाई कर रही हैं।"
train,train-s4654,मूल्य वर्द्घित कर (वैट) के प्रावधानों के मुताबिक़ नई बिलिंग सिस्टम को लागू करने की तैयारियों के मद्देनजर चार दिनों तक बंद रहने के बाद देश भर में सेना की करीब १० हज़ार कैंटीन मंगलवार को दोबारा खुल गईं ।,मूल्य वर्द्घित कर (वैट) के प्रावधानों के मुताबिक़ नई बिलिंग सिस्टम को लागू करने की तैयारियों के मद्देनजर चार दिनों तक बंद रहने के बाद देश भर में सेना की करीब १० हज़ार कैंटीन मंगलवार को दोबारा खुल गईं।
train,train-s4655,"लेकिन, क़ीमतों में अधिक वृद्घि के कारण कैंटीनों में ग्राहकों की संख्या नगण्य रही ।","लेकिन, क़ीमतों में अधिक वृद्घि के कारण कैंटीनों में ग्राहकों की संख्या नगण्य रही।"
train,train-s4656,"थोड़े - बहुत लोग जो दुकानों में गए थे, वे भी ख़ाली हाथ लौटते दिखाई दिए ।","थोड़े-बहुत लोग जो दुकानों में गए थे, वे भी ख़ाली हाथ लौटते दिखाई दिए।"
train,train-s4658,इन दुकानों में शराब वैट से पहले की क़ीमत के मुक़ाबले २५ से ३५ प्रतिशत अधिक क़ीमत पर बिक रही थी ।,इन दुकानों में शराब वैट से पहले की क़ीमत के मुक़ाबले २५ से ३५ प्रतिशत अधिक क़ीमत पर बिक रही थी।
train,train-s4659,उपभोग की अन्य आवश्यक वस्तुओं की क़ीमत भी लगभग २० से ३० प्रतिशत अधिक थी ।,उपभोग की अन्य आवश्यक वस्तुओं की क़ीमत भी लगभग २० से ३० प्रतिशत अधिक थी।
train,train-s4660,रक्षा अधिकारी इस बात से ख़फ़ा थे कि उन्हें भी खुले बाज़ार के ग्राहकों की भांति शराब एवं अन्य आवश्यक वस्तुओं के लिए अधिक क़ीमत चुकानी पड़ेगी ।,रक्षा अधिकारी इस बात से ख़फ़ा थे कि उन्हें भी खुले बाज़ार के ग्राहकों की भांति शराब एवं अन्य आवश्यक वस्तुओं के लिए अधिक क़ीमत चुकानी पड़ेगी।
train,train-s4661,रॉयल चैलेंज व्हिस्की की क़ीमत पहले २८७ रुपये थी जो बढ़कर ३४० रुपये हो गई ।,रॉयल चैलेंज व्हिस्की की क़ीमत पहले २८७ रुपये थी जो बढ़कर ३४० रुपये हो गई।
train,train-s4662,ब्लेंडर्स प्राइड की क़ीमत भी ३२० रुपये से बढ़कर ३८४ रुपये हो गई ।,ब्लेंडर्स प्राइड की क़ीमत भी ३२० रुपये से बढ़कर ३८४ रुपये हो गई।
train,train-s4663,ट्रिपल एक्स की भी क़ीमत ७६ से बढ़कर ९० रुपये पहुँच गई ।,ट्रिपल एक्स की भी क़ीमत ७६ से बढ़कर ९० रुपये पहुँच गई।
train,train-s4664,महिला आरक्षण विधेयक पर जारी गतिरोध को तोड़ने के मद्देनजर सरकार नए प्रस्ताव लाकर आम सहमति बनाने के प्रयास में जुट गई है ।,महिला आरक्षण विधेयक पर जारी गतिरोध को तोड़ने के मद्देनजर सरकार नए प्रस्ताव लाकर आम सहमति बनाने के प्रयास में जुट गई है।
train,train-s4665,नए प्रस्ताव में लोकसभा और विधानसभा की सीटें बढ़ाने का प्रावधान है ।,नए प्रस्ताव में लोकसभा और विधानसभा की सीटें बढ़ाने का प्रावधान है।
train,train-s4668,अब यह ज़िम्मेदारी सरकार की है कि वह अपने सहयोगी दलों को राज़ी करे और जल्द से जल्द इस बिल को पास करे ।,अब यह ज़िम्मेदारी सरकार की है कि वह अपने सहयोगी दलों को राज़ी करे और जल्द से जल्द इस बिल को पास करे।
train,train-s4670,पार्टी ने कहा कि नए प्रस्ताव पर अमल करने में क़ाफ़ी समय लगेगा ।,पार्टी ने कहा कि नए प्रस्ताव पर अमल करने में क़ाफ़ी समय लगेगा।
train,train-s4672,पाटिल ने सरकार की ओर से सुझाव पेश करते हुए कहा कि संसदीय व विधानसभा सीटों की संख्या बढ़ाए जाने को लेकर दशकों से लंबित मुद्दे को नए प्रस्ताव के ज़रिए सुलझाया जा सकता है ।,पाटिल ने सरकार की ओर से सुझाव पेश करते हुए कहा कि संसदीय व विधानसभा सीटों की संख्या बढ़ाए जाने को लेकर दशकों से लंबित मुद्दे को नए प्रस्ताव के ज़रिए सुलझाया जा सकता है।
train,train-s4673,"भारतीय जनता पार्टी (भाजपा), माकपा और भाकपा के नेताओं के साथ हुई वार्ता के दौरान गृहमंत्री शिवराज पाटिल के अलावा रक्षा मंत्री प्रणब मुखर्जी और संसदीय कार्यमंत्री गुलाम नबी आज़ाद भी मौजूद थे ।","भारतीय जनता पार्टी (भाजपा), माकपा और भाकपा के नेताओं के साथ हुई वार्ता के दौरान गृहमंत्री शिवराज पाटिल के अलावा रक्षा मंत्री प्रणब मुखर्जी और संसदीय कार्यमंत्री गुलाम नबी आज़ाद भी मौजूद थे।"
train,train-s4679,पहले प्रस्ताव में लोकसभा और विधान सभाओं की ३३ फीसदी सीटें बढ़ाने का सुझाव है ।,पहले प्रस्ताव में लोकसभा और विधान सभाओं की ३३ फीसदी सीटें बढ़ाने का सुझाव है।
train,train-s4684,केंद्रीय गृह मंत्री शिवराज पाटिल ने कहा कि प्राकृतिक आपदा से बचाव को लेकर केंद्र से लेकर राज्य व ज़िला स्तर तक आपदा प्रबंधन प्राधिकरण बनाए जाएंगे ।,केंद्रीय गृह मंत्री शिवराज पाटिल ने कहा कि प्राकृतिक आपदा से बचाव को लेकर केंद्र से लेकर राज्य व ज़िला स्तर तक आपदा प्रबंधन प्राधिकरण बनाए जाएंगे।
train,train-s4685,लोकसभा में माकपा के वासुदेव आचार्य के प्राकृतिक आपदाओं को लेकर उठाई चर्चा का आज जवाब देते हुए पाटिल ने कहा कि सरकार इस बारे में हर ज़रूरी क़दम उठाएगी ।,लोकसभा में माकपा के वासुदेव आचार्य के प्राकृतिक आपदाओं को लेकर उठाई चर्चा का आज जवाब देते हुए पाटिल ने कहा कि सरकार इस बारे में हर ज़रूरी क़दम उठाएगी।
train,train-s4686,उन्होंने इस साल अब तक बाढ़ से हुए नुक़सान का ब्योरा भी सदन को दिया ।,उन्होंने इस साल अब तक बाढ़ से हुए नुक़सान का ब्योरा भी सदन को दिया।
train,train-s4687,उन्होंने बताया कि महाराष्ट्र की हाल की बाढ़ से हुई तबाही के अलावा अभी तक देश के विभिन्न राज्यों में १६१ ज़िले प्रभावित हुए ।,उन्होंने बताया कि महाराष्ट्र की हाल की बाढ़ से हुई तबाही के अलावा अभी तक देश के विभिन्न राज्यों में १६१ ज़िले प्रभावित हुए।
train,train-s4688,इनमें १८७६७ गाँव पानी से डूबे और १५८१ लोग और १७०८७ पशु बाढ़ की वजह से मारे गए व ४ लाख मकान क्षतिग्रस्त हुए ।,इनमें १८७६७ गाँव पानी से डूबे और १५८१ लोग और १७०८७ पशु बाढ़ की वजह से मारे गए व ४ लाख मकान क्षतिग्रस्त हुए।
train,train-s4689,पाटिल ने कहा कि राज्यों से बाढ़ की तबाही को लेकर रिपोर्टें आने लगी हैं ।,पाटिल ने कहा कि राज्यों से बाढ़ की तबाही को लेकर रिपोर्टें आने लगी हैं।
train,train-s4690,मध्यप्रदेश से अभी माँगा जाना बाक़ी है ।,मध्यप्रदेश से अभी माँगा जाना बाक़ी है।
train,train-s4696,इसके बाद पंजाब सरकार ने उपलब्ध दस्तावेज़ों के आधार पर सरबजीत की नागरिकता पर मोहर लगाई ।,इसके बाद पंजाब सरकार ने उपलब्ध दस्तावेज़ों के आधार पर सरबजीत की नागरिकता पर मोहर लगाई।
train,train-s4697,"विदेश मंत्रालय के प्रवक्ता ने आज सरबजीत मामले में मुख्य गवाह के अपने बयान से मुकरने पर तो कुछ नहीं कहा, लेकिन यह ज़रूर कहा कि भारत ने सरबजीत की पहचान कर दी है ।","विदेश मंत्रालय के प्रवक्ता ने आज सरबजीत मामले में मुख्य गवाह के अपने बयान से मुकरने पर तो कुछ नहीं कहा, लेकिन यह ज़रूर कहा कि भारत ने सरबजीत की पहचान कर दी है।"
train,train-s4698,अब पाक सरकार के जवाब का इंतज़ार है ।,अब पाक सरकार के जवाब का इंतज़ार है।
train,train-s4700,उसने १९९० में लाहौर बम विस्फोट कांड के मामले में पुलिस और सरकारी वकील के दबाव में ही सरबजीत के ख़िलाफ़ गवाही दी थी ।,उसने १९९० में लाहौर बम विस्फोट कांड के मामले में पुलिस और सरकारी वकील के दबाव में ही सरबजीत के ख़िलाफ़ गवाही दी थी।
train,train-s4701,मुख्य गवाह के इस बयान से सरबजीत की रिहाई की आशा बढ़ गई है ।,मुख्य गवाह के इस बयान से सरबजीत की रिहाई की आशा बढ़ गई है।
train,train-s4702,'राष्ट्रध्वज तिरंगा' छपे परिधानों के इस्तेमाल पर रोक हटाने संबंधी प्रस्ताव को कैबिनेट ने आज मंज़ूरी दे दी ।,'राष्ट्रध्वज तिरंगा' छपे परिधानों के इस्तेमाल पर रोक हटाने संबंधी प्रस्ताव को कैबिनेट ने आज मंज़ूरी दे दी।
train,train-s4703,इसके तहत आम जनता विशेष रूप से खिलाड़ी अपनी वर्दी और दूसरे कपड़ों में तिरंगे का इस्तेमाल कर सकेंगे ।,इसके तहत आम जनता विशेष रूप से खिलाड़ी अपनी वर्दी और दूसरे कपड़ों में तिरंगे का इस्तेमाल कर सकेंगे।
train,train-s4704,"लेकिन, अंडरगारमेंट और कमर से नीचे पहने जाने वाले कपड़ों पर तिरंगे का इस्तेमाल पहले की तरह प्रतिबंधित रहेगा ।","लेकिन, अंडरगारमेंट और कमर से नीचे पहने जाने वाले कपड़ों पर तिरंगे का इस्तेमाल पहले की तरह प्रतिबंधित रहेगा।"
train,train-s4705,"प्रधानमंत्री मनमोहन सिंह की अध्यक्षता में हुई कैबिनेट की बैठक में वैदिक मंत्रोच्चार, संस्कृत थियेटर कोटियत्तम, रामलीला और आदिवासी नृत्य व संगीत जैसी सांस्कृतिक धरोहरों की हिफाज़त करने संबंधी प्रस्ताव को भी मंज़ूरी दे दी ।","प्रधानमंत्री मनमोहन सिंह की अध्यक्षता में हुई कैबिनेट की बैठक में वैदिक मंत्रोच्चार, संस्कृत थियेटर कोटियत्तम, रामलीला और आदिवासी नृत्य व संगीत जैसी सांस्कृतिक धरोहरों की हिफाज़त करने संबंधी प्रस्ताव को भी मंज़ूरी दे दी।"
train,train-s4706,कैबिनेट ने टीवी चैनलों के अपलिंकिंग संबंधी नियमों का प्रस्ताव मंत्रियों के 'समूह जीओएम' को सौंप दिया ।,कैबिनेट ने टीवी चैनलों के अपलिंकिंग संबंधी नियमों का प्रस्ताव मंत्रियों के 'समूह जीओएम' को सौंप दिया।
train,train-s4707,इसके ज़रिए सरकार न्यूज़ चैनलों पर प्रत्यक्ष विदेश निवेश (एफडीआई) को लेकर छाई धुंध साफ़ करना चाहती है ।,इसके ज़रिए सरकार न्यूज़ चैनलों पर प्रत्यक्ष विदेश निवेश (एफडीआई) को लेकर छाई धुंध साफ़ करना चाहती है।
train,train-s4708,मंत्रिमंडल की बैठक के बाद केंद्रीय सूचना और प्रसारण मंत्री एस जयपाल रेड्डी ने पत्रकारों को बताया कि मंत्रिमंडल ने राष्ट्रीय 'गौरव अवमानना प्रतिबंध' अधिनियम १९७१ में संशोधन को मंज़ूरी दे दी ।,मंत्रिमंडल की बैठक के बाद केंद्रीय सूचना और प्रसारण मंत्री एस जयपाल रेड्डी ने पत्रकारों को बताया कि मंत्रिमंडल ने राष्ट्रीय 'गौरव अवमानना प्रतिबंध' अधिनियम १९७१ में संशोधन को मंज़ूरी दे दी।
train,train-s4717,जयपाल रेड्डी ने बताया कि कैबिनेट ने परोक्ष सांस्कृतिक धरोहरों के संरक्षण संबंधी यूनेस्को समझौते को मंज़ूरी दे दी है ।,जयपाल रेड्डी ने बताया कि कैबिनेट ने परोक्ष सांस्कृतिक धरोहरों के संरक्षण संबंधी यूनेस्को समझौते को मंज़ूरी दे दी है।
train,train-s4721,एसएमवीडीएसबी के अतिरिक्त मुख्य कार्यकारी अधिकारी रोहित कंसल ने कहा कि हम दुनिया भर के श्रद्धालुओं के लिए उनके घर तक प्रसाद पहुँचाने के लिए स्पीड पोस्ट के ज़रिए जल्द ही ऑनलाइन माता वैष्णोदेवी प्रसाद बुकिंग परियोजना शुरू करेंगे ।,एसएमवीडीएसबी के अतिरिक्त मुख्य कार्यकारी अधिकारी रोहित कंसल ने कहा कि हम दुनिया भर के श्रद्धालुओं के लिए उनके घर तक प्रसाद पहुँचाने के लिए स्पीड पोस्ट के ज़रिए जल्द ही ऑनलाइन माता वैष्णोदेवी प्रसाद बुकिंग परियोजना शुरू करेंगे।
train,train-s4722,कंसल ने बताया कि प्रसाद ऑनलाइन बुक किया जाएगा और कीमत क्रेडिट कार्ड के ज़रिए चुकानी होगी ।,कंसल ने बताया कि प्रसाद ऑनलाइन बुक किया जाएगा और कीमत क्रेडिट कार्ड के ज़रिए चुकानी होगी।
train,train-s4725,उन्होंने बताया कि योजना अभी परीक्षण स्तर पर है और ऑनलाइन बुकिंग के अलावा श्रद्धालु १०१ रुपये ड्राफ्ट के साथ ई - मेल के ज़रिए भी प्रसाद पा सकते हैं ।,उन्होंने बताया कि योजना अभी परीक्षण स्तर पर है और ऑनलाइन बुकिंग के अलावा श्रद्धालु १०१ रुपये ड्राफ्ट के साथ ई-मेल के ज़रिए भी प्रसाद पा सकते हैं।
train,train-s4726,अल - कायदा से जुड़े आतंकियों के पास से बरामद किए गए 'हिदायतनामा' में अरबियों और अफ़ग़ानियों को निर्देश दिए गए हैं कि वे पंजाबियों पर भरोसा न करें ।,अल-कायदा से जुड़े आतंकियों के पास से बरामद किए गए 'हिदायतनामा' में अरबियों और अफ़ग़ानियों को निर्देश दिए गए हैं कि वे पंजाबियों पर भरोसा न करें।
train,train-s4727,उर्दू और अरबी में लिखा यह हिदायतनामा हरकत - उल - मुजाहिदीन 'अलामी एचएमए' के आतंकी मुर्तज़ा के पास से मिला ।,उर्दू और अरबी में लिखा यह हिदायतनामा हरकत-उल-मुजाहिदीन 'अलामी एचएमए' के आतंकी मुर्तज़ा के पास से मिला।
train,train-s4728,इसे हाल ही में कराची से गिरफ़्तार किया गया है ।,इसे हाल ही में कराची से गिरफ़्तार किया गया है।
train,train-s4729,उस पर अलक़ायदा से संबंध और पाकिस्तान में आतंकियों को हथियार पहुँचाने का आरोप है ।,उस पर अलक़ायदा से संबंध और पाकिस्तान में आतंकियों को हथियार पहुँचाने का आरोप है।
train,train-s4730,हिदायतनामा में अरब और अफ़ग़ान आतंकियों को पंजाबियों पर भरोसा न करने के लिए कहा गया है ।,हिदायतनामा में अरब और अफ़ग़ान आतंकियों को पंजाबियों पर भरोसा न करने के लिए कहा गया है।
train,train-s4731,इसमें कहा गया है कि अधिकतर ख़ुफ़िया अधिकारी पंजाब से ही हैं ।,इसमें कहा गया है कि अधिकतर ख़ुफ़िया अधिकारी पंजाब से ही हैं।
train,train-s4732,इसमें यह भी निर्देश दिए गए हैं कि उन्हें सार्वजनिक स्थलों पर कैसा व्यवहार करना है और गिरफ़्तारी के बाद कैसा रुख़ अपनाना है ।,इसमें यह भी निर्देश दिए गए हैं कि उन्हें सार्वजनिक स्थलों पर कैसा व्यवहार करना है और गिरफ़्तारी के बाद कैसा रुख़ अपनाना है।
train,train-s4735,'अमर उजाला' के जम्मू संस्करण का बुधवार को यहाँ एक सादे समारोह में शुभारंभ हुआ ।,'अमर उजाला' के जम्मू संस्करण का बुधवार को यहाँ एक सादे समारोह में शुभारंभ हुआ।
train,train-s4737,इस अवसर पर मौजूद 'अमर उजाला' परिवार के सदस्यों के साथ जम्मू - कश्मीर के मानिंद लोगों ने भी हवन में हिस्सा लिया ।,इस अवसर पर मौजूद 'अमर उजाला' परिवार के सदस्यों के साथ जम्मू-कश्मीर के मानिंद लोगों ने भी हवन में हिस्सा लिया।
train,train-s4738,"जम्मू, 'अमर उजाला' की सेवा यात्रा का चौदहवाँ पड़ाव है ।","जम्मू, 'अमर उजाला' की सेवा यात्रा का चौदहवाँ पड़ाव है।"
train,train-s4739,१८ अप्रैल १९४८ को आगरा से शुरू हुआ हिन्दी पत्रकारिता का ये सफ़र हर रोज़ बुलंद हुआ है ।,१८ अप्रैल १९४८ को आगरा से शुरू हुआ हिन्दी पत्रकारिता का ये सफ़र हर रोज़ बुलंद हुआ है।
train,train-s4740,"आगरा के अलावा अमर उजाला के बरेली, मेरठ, मुरादाबाद, कानपुर, वाराणसी, इलाहाबाद, झाँसी, देहरादून, नैनीताल, नई दिल्ली, जालंधर और चंडीगढ़ से भी संस्करण प्रकाशित होते हैं ।","आगरा के अलावा अमर उजाला के बरेली, मेरठ, मुरादाबाद, कानपुर, वाराणसी, इलाहाबाद, झाँसी, देहरादून, नैनीताल, नई दिल्ली, जालंधर और चंडीगढ़ से भी संस्करण प्रकाशित होते हैं।"
train,train-s4741,हिन्दी हृदय प्रदेश के एक करोड़ से अधिक लोगों का सबेरा हर रोज़ 'अमर उजाला' से शुरू होता है ।,हिन्दी हृदय प्रदेश के एक करोड़ से अधिक लोगों का सबेरा हर रोज़ 'अमर उजाला' से शुरू होता है।
train,train-s4742,अब तक जम्मू में 'अमर उजाला' का वितरण जालंधर से छपकर होता था ।,अब तक जम्मू में 'अमर उजाला' का वितरण जालंधर से छपकर होता था।
train,train-s4743,इस भौगोलिक दूरी के बावजूद सिर्फ़ तीन वर्ष में ही यह अख़बार जम्मू की सबसे बुलंद आवाज़ बन गया है ।,इस भौगोलिक दूरी के बावजूद सिर्फ़ तीन वर्ष में ही यह अख़बार जम्मू की सबसे बुलंद आवाज़ बन गया है।
train,train-s4744,राष्ट्रीय पाठक सर्वेक्षण के प्रामाणिक आंकड़े भी इसे इस इलाक़े का सबसे अधिक बिक्री वाला अख़बार साबित करते हैं ।,राष्ट्रीय पाठक सर्वेक्षण के प्रामाणिक आंकड़े भी इसे इस इलाक़े का सबसे अधिक बिक्री वाला अख़बार साबित करते हैं।
train,train-s4745,निदेशक मनु आनंद के अनुसार जम्मू से छपाई शुरू होने के बाद 'अमर उजाला' अब सबसे पहले ख़बर देने के साथ ही साथ सबसे पहले पाठकों के हाथ तक भी पहुँचेगा ।,निदेशक मनु आनंद के अनुसार जम्मू से छपाई शुरू होने के बाद 'अमर उजाला' अब सबसे पहले ख़बर देने के साथ ही साथ सबसे पहले पाठकों के हाथ तक भी पहुँचेगा।
train,train-s4746,आपको यह जानकर हैरानी हो सकती है कि एक ऐसा गाँव भी है जहाँ ज़हरखुरानों की फसल तैयार होती है ।,आपको यह जानकर हैरानी हो सकती है कि एक ऐसा गाँव भी है जहाँ ज़हरखुरानों की फसल तैयार होती है।
train,train-s4747,इसका इतना असर है कि आसपास के कई और गाँव भी इसी नक्शेकदम पर चल पड़े हैं ।,इसका इतना असर है कि आसपास के कई और गाँव भी इसी नक्शेकदम पर चल पड़े हैं।
train,train-s4748,कम मेहनत और अधिक फायदे का 'यह धंधा' हर किसी को लुभा रहा है ।,कम मेहनत और अधिक फायदे का 'यह धंधा' हर किसी को लुभा रहा है।
train,train-s4751,"जेब काटना, सामान पार कर देना, ज़हरखुरानी और ट्रेन डकैती, जो भी संभव हुआ, कर गुज़रते हैं ।","जेब काटना, सामान पार कर देना, ज़हरखुरानी और ट्रेन डकैती, जो भी संभव हुआ, कर गुज़रते हैं।"
train,train-s4753,बुज़ुर्ग अपराधी बच्चों को भी छोटे - मोटे अपराध में लगाते हैं ।,बुज़ुर्ग अपराधी बच्चों को भी छोटे-मोटे अपराध में लगाते हैं।
train,train-s4754,हौसला अफ़ज़ाई के लिए रुपये - पैसे का ढेर सारा लालच दिया जाता है ।,हौसला अफ़ज़ाई के लिए रुपये-पैसे का ढेर सारा लालच दिया जाता है।
train,train-s4756,दिल्ली - हावड़ा रूट पर मुगलसराय से ६० किलोमीटर आगे पटना की ओर दिलदारनगर स्टेशन है ।,दिल्ली-हावड़ा रूट पर मुगलसराय से ६० किलोमीटर आगे पटना की ओर दिलदारनगर स्टेशन है।
train,train-s4758,"इस गाँव में पहुँचते ही सन्नाटा, भुखमरी और अशिक्षा का आतंक दिखाई पड़ जाएगा ।","इस गाँव में पहुँचते ही सन्नाटा, भुखमरी और अशिक्षा का आतंक दिखाई पड़ जाएगा।"
train,train-s4763,वे इस ग़ैरक़ानूनी धंधे में कई पीढ़ियों से जुड़े हैं ।,वे इस ग़ैरक़ानूनी धंधे में कई पीढ़ियों से जुड़े हैं।
train,train-s4765,"पुलिस की तो छोड़िए, यहाँ सुधार के लिए कोई भी संस्था हिम्मत नहीं जुटा पाई ।","पुलिस की तो छोड़िए, यहाँ सुधार के लिए कोई भी संस्था हिम्मत नहीं जुटा पाई।"
train,train-s4766,एसपी रेलवे एस के रॉय के अनुसार उसिया के अलावा दिलदारनगर में भी इस तरह के अपराधियों की तादाद बढ़ रही है ।,एसपी रेलवे एस के रॉय के अनुसार उसिया के अलावा दिलदारनगर में भी इस तरह के अपराधियों की तादाद बढ़ रही है।
train,train-s4767,"स्योराई, जमनिया और ढीना गांव की युवा पीढ़ी में इस अपराध के प्रति रुझान बढ़ा है ।","स्योराई, जमनिया और ढीना गांव की युवा पीढ़ी में इस अपराध के प्रति रुझान बढ़ा है।"
train,train-s4776,शहाबुद्दीन को उनके दिल्ली स्थित सरकारी आवास से शनिवार को बड़े नाटकीय अंदाज में गिरफ्तार किया गया था ।,शहाबुद्दीन को उनके दिल्ली स्थित सरकारी आवास से शनिवार को बड़े नाटकीय अंदाज में गिरफ्तार किया गया था।
train,train-s4779,दूसरी तरफ एक पखवाड़े से पुलिस को चकमा दे रहे केंद्रीय जल संसाधन राज्यमंत्री जयप्रकाश नारायण यादव का इस्तीफा राष्ट्रपति ए पी जे अब्दुल कलाम ने प्रधानमंत्री मनमोहन सिंह की सलाह पर स्वीकार कर लिया ।,दूसरी तरफ एक पखवाड़े से पुलिस को चकमा दे रहे केंद्रीय जल संसाधन राज्यमंत्री जयप्रकाश नारायण यादव का इस्तीफा राष्ट्रपति ए पी जे अब्दुल कलाम ने प्रधानमंत्री मनमोहन सिंह की सलाह पर स्वीकार कर लिया।
train,train-s4784,"जमुई की अदालत ने २४ अक्टूबर को जयप्रकाश, उनके भाई और जमुई से राजद प्रत्याशी विजय प्रकाश, खेड़ा थाने के प्रभारी मुक्तेश्वर प्रसाद, निर्दलीय प्रत्याशी अशोक राव और राजद कार्यकर्ता बटोही यादव के खिलाफ गैर - जमानती गिरफ्तारी वारंट जारी किए थे ।","जमुई की अदालत ने २४ अक्टूबर को जयप्रकाश, उनके भाई और जमुई से राजद प्रत्याशी विजय प्रकाश, खेड़ा थाने के प्रभारी मुक्तेश्वर प्रसाद, निर्दलीय प्रत्याशी अशोक राव और राजद कार्यकर्ता बटोही यादव के खिलाफ गैर-जमानती गिरफ्तारी वारंट जारी किए थे।"
train,train-s4785,यादव पर अपने भाई विजय प्रकाश को अवैध तरीके से पुलिस हिरासत से छुड़ाने का आरोप है ।,यादव पर अपने भाई विजय प्रकाश को अवैध तरीके से पुलिस हिरासत से छुड़ाने का आरोप है।
train,train-s4788,गैर - जमानती वारंट जारी होने के दो हफ्ते बाद पुलिस ने जयप्रकाश की गिरफ्तारी के लिए शुक्रवार को उनके आवास पर छापे मारे थे लेकिन केंद्रीय मंत्री हत्थे नहीं चढ़े ।,गैर-जमानती वारंट जारी होने के दो हफ्ते बाद पुलिस ने जयप्रकाश की गिरफ्तारी के लिए शुक्रवार को उनके आवास पर छापे मारे थे लेकिन केंद्रीय मंत्री हत्थे नहीं चढ़े।
train,train-s4790,यह फैसला हाल में श्रीनगर - जम्मू राष्ट्रीय राजमार्ग पर आतंकी हमले में २९ लोगों के मारे जाने में सीआरपीएफ की अपने लोगों की 'मानवीय भूल' स्वीकार करने के बाद लिया गया है ।,यह फैसला हाल में श्रीनगर-जम्मू राष्ट्रीय राजमार्ग पर आतंकी हमले में २९ लोगों के मारे जाने में सीआरपीएफ की अपने लोगों की 'मानवीय भूल' स्वीकार करने के बाद लिया गया है।
train,train-s4795,सीआरपीएफ ने अपनी गलती स्वीकार करते हुए इसे 'मानवीय भूल' माना है ।,सीआरपीएफ ने अपनी गलती स्वीकार करते हुए इसे 'मानवीय भूल' माना है।
train,train-s4796,इसके कारणों की जांच चल रही है लेकिन यह माना गया कि सड़क मार्ग खोलने से पहले उन विस्फोटकों का पता लगाने में चूक हुई ।,इसके कारणों की जांच चल रही है लेकिन यह माना गया कि सड़क मार्ग खोलने से पहले उन विस्फोटकों का पता लगाने में चूक हुई।
train,train-s4806,किसानों द्वारा आत्महत्या की घटना में वृद्धि हुई और आदिवासी इलाकों में सैकड़ों बच्चों की कुपोषण की वजह से मौत हो गई है ।,किसानों द्वारा आत्महत्या की घटना में वृद्धि हुई और आदिवासी इलाकों में सैकड़ों बच्चों की कुपोषण की वजह से मौत हो गई है।
train,train-s4808,सीबीआई निदेशक व मल्टी डिसिप्लनरी मॉनिटरिंग एजेंसी (एमडीएमए) के प्रमुख ने सुप्रीम कोर्ट में मद्रास हाईकोर्ट के श्रीलंका के २ नागरिकों को छोड़ने के आदेश को चुनौती दी है ।,सीबीआई निदेशक व मल्टी डिसिप्लनरी मॉनिटरिंग एजेंसी (एमडीएमए) के प्रमुख ने सुप्रीम कोर्ट में मद्रास हाईकोर्ट के श्रीलंका के २ नागरिकों को छोड़ने के आदेश को चुनौती दी है।
train,train-s4811,इन्हें छोड़ा जाना बहुत गलत है ।,इन्हें छोड़ा जाना बहुत गलत है।
train,train-s4812,एसएलपी में कहा गया है कि सिट और एमडीएमए की जांच के दौरान यह तथ्य सामने आया था कि दोनों लिट्टे से बहुत नजदीक से जुड़े हुए हैं ।,एसएलपी में कहा गया है कि सिट और एमडीएमए की जांच के दौरान यह तथ्य सामने आया था कि दोनों लिट्टे से बहुत नजदीक से जुड़े हुए हैं।
train,train-s4828,यह गोरखालैंड की दिशा में बढ़ने का अगला कदम होगा ।,यह गोरखालैंड की दिशा में बढ़ने का अगला कदम होगा।
train,train-s4831,उन्होंने कहा कि अगर झारखंड और छत्तीसगढ़ अलग राज्य हो सकते हैं तो दार्जिलिंग क्यों नहीं हो सकता ।,उन्होंने कहा कि अगर झारखंड और छत्तीसगढ़ अलग राज्य हो सकते हैं तो दार्जिलिंग क्यों नहीं हो सकता।
train,train-s4832,उन्होंने कहा कि पड़ोसी देश बांग्लादेश ने चटगांव में चकमा जनजाति को ढाका में स्वायत्तता दे रखी है और वे शांति से रह रहे हैं ।,उन्होंने कहा कि पड़ोसी देश बांग्लादेश ने चटगांव में चकमा जनजाति को ढाका में स्वायत्तता दे रखी है और वे शांति से रह रहे हैं।
train,train-s4857,कोर्ट ने उनकी न्यायिक हिरासत की अवधि अगले १४ दिन और बढ़ाने के आदेश दिए गए ।,कोर्ट ने उनकी न्यायिक हिरासत की अवधि अगले १४ दिन और बढ़ाने के आदेश दिए गए।
train,train-s4860,जहां जज ने उनकी हिरासत की अवधि १९ जुलाई तक बढ़ाने के आदेश पारित किए ।,जहां जज ने उनकी हिरासत की अवधि १९ जुलाई तक बढ़ाने के आदेश पारित किए।
train,train-s4861,"ब्यूरो के अधिकारियों ने कहा कि गोस्वामी ने कोई जानकारी नहीं दी है, लेकिन बाढ़ पीड़ितों की राहत के लिए धनराशि के घोटाले में उनके शामिल होने के हमारे पास पर्याप्त सुबूत हैं ।","ब्यूरो के अधिकारियों ने कहा कि गोस्वामी ने कोई जानकारी नहीं दी है, लेकिन बाढ़ पीड़ितों की राहत के लिए धनराशि के घोटाले में उनके शामिल होने के हमारे पास पर्याप्त सुबूत हैं।"
train,train-s4863,पाकिस्तान द्वारा अंतर्राष्ट्रीय समुदाय की चिंताओं को दूर करने तथा कश्मीर में सीमा पार आतंकवाद को समर्थन देने के आरोप से बरी होने का दावा करते हुए राष्ट्रपति परवेज मुशर्रफ ने कहा कि वैश्विक राजनीति में अब उनके देश को 'महत्व' दिया जा रहा है ।,पाकिस्तान द्वारा अंतर्राष्ट्रीय समुदाय की चिंताओं को दूर करने तथा कश्मीर में सीमा पार आतंकवाद को समर्थन देने के आरोप से बरी होने का दावा करते हुए राष्ट्रपति परवेज मुशर्रफ ने कहा कि वैश्विक राजनीति में अब उनके देश को 'महत्व' दिया जा रहा है।
train,train-s4867,"मुशर्रफ ने कहा कि दुर्भाग्य से हमें कट्टरपंथ जैसी समस्या का सामना करना पड़ रहा है, जो एक दूसरे से लड़ रहे हैं ।","मुशर्रफ ने कहा कि दुर्भाग्य से हमें कट्टरपंथ जैसी समस्या का सामना करना पड़ रहा है, जो एक दूसरे से लड़ रहे हैं।"
train,train-s4869,उन्होंने पाकिस्तानी जनता से अनुरोध किया कि वे ऐसे संगठनों की निंदा करें तथा कट्टरपंथी हिंसा और नफरत को बढ़ावा देने वाले तत्वों को समर्थन देना बंद कर दें ।,उन्होंने पाकिस्तानी जनता से अनुरोध किया कि वे ऐसे संगठनों की निंदा करें तथा कट्टरपंथी हिंसा और नफरत को बढ़ावा देने वाले तत्वों को समर्थन देना बंद कर दें।
train,train-s4870,"'गल्फ न्यूज' में प्रकाशित रिपोर्ट में उन्हें यह कहते हुए उद्धृत किया गया है कि कृपया अपने लोगों, संबंधियों और परिवार के सदस्यों से नफरत फैलाने वाले तत्वों और मदरसों का समर्थन न करने का आग्रह करें ।","'गल्फ न्यूज' में प्रकाशित रिपोर्ट में उन्हें यह कहते हुए उद्धृत किया गया है कि कृपया अपने लोगों, संबंधियों और परिवार के सदस्यों से नफरत फैलाने वाले तत्वों और मदरसों का समर्थन न करने का आग्रह करें।"
train,train-s4871,आप उनकी मदद न करें और नफरत को बढ़ावा देने की उनकी नीति का शिकार न बने ।,आप उनकी मदद न करें और नफरत को बढ़ावा देने की उनकी नीति का शिकार न बने।
train,train-s4874,पर बात को निरंतर अनसुना किए जाने पर उन्हें खुलेआम मोर्चा संभालना पड़ा ।,पर बात को निरंतर अनसुना किए जाने पर उन्हें खुलेआम मोर्चा संभालना पड़ा।
train,train-s4878,सैकड़ों लोगों की आबादी वाले इस गांव पर करोड़ों रुपये खर्च किए जा रहे हैं ।,सैकड़ों लोगों की आबादी वाले इस गांव पर करोड़ों रुपये खर्च किए जा रहे हैं।
train,train-s4879,दूसरी तरफ उत्तर प्रदेश में करोड़ो लोग जरूरी चीजों के लिए तरस रहे हैं ।,दूसरी तरफ उत्तर प्रदेश में करोड़ो लोग जरूरी चीजों के लिए तरस रहे हैं।
train,train-s4884,उन्होंने कहा कि समाजवाद की चादर ओढ़कर सपा नेता गलत कार्यो को छुपाने की कोशिश कर रहे हैं ।,उन्होंने कहा कि समाजवाद की चादर ओढ़कर सपा नेता गलत कार्यो को छुपाने की कोशिश कर रहे हैं।
train,train-s4887,सुप्रीम कोर्ट ने राजस्थान हाई कोर्ट के आदेश को चुनौती देने वाली दो बड़ी सॉफ्ट ड्रिंक कंपनियों पेप्सी और कोका - कोला की याचिकाओं को सोमवार को खारिज कर दिया ।,सुप्रीम कोर्ट ने राजस्थान हाई कोर्ट के आदेश को चुनौती देने वाली दो बड़ी सॉफ्ट ड्रिंक कंपनियों पेप्सी और कोका-कोला की याचिकाओं को सोमवार को खारिज कर दिया।
train,train-s4892,दोनों कंपनियों की ओर से उनके वकील वरिष्ठ अधिवक्ता अरुण जेटली और हरीश साल्वे ने जब कहा कि कंटेनरों पर यह अंकित किया जा सकता है - उत्पाद में कीटनाशक के थोड़े अंश हो सकते हैं लेकिन यह निर्धारित मानकों से काफी कम होंगे ।,दोनों कंपनियों की ओर से उनके वकील वरिष्ठ अधिवक्ता अरुण जेटली और हरीश साल्वे ने जब कहा कि कंटेनरों पर यह अंकित किया जा सकता है-उत्पाद में कीटनाशक के थोड़े अंश हो सकते हैं लेकिन यह निर्धारित मानकों से काफी कम होंगे।
train,train-s4904,मेनन ने उप उच्चायुक्त टी. सी. ए. राघवन के साथ उद्योगपतियों से मुलाकात के बाद बताया कि भारत पाकिस्तान के १०० छात्रों को भारत में पढ़ने के लिए छात्रवृत्ति देने पर विचार कर रहा है ।,मेनन ने उप उच्चायुक्त टी. सी. ए. राघवन के साथ उद्योगपतियों से मुलाकात के बाद बताया कि भारत पाकिस्तान के १०० छात्रों को भारत में पढ़ने के लिए छात्रवृत्ति देने पर विचार कर रहा है।
train,train-s4911,उन्होंने कहा कि भारतीय पक्ष भी शांति प्रक्रिया को आगे बढ़ाने का इच्छुक है ।,उन्होंने कहा कि भारतीय पक्ष भी शांति प्रक्रिया को आगे बढ़ाने का इच्छुक है।
train,train-s4916,बैठक के दौरान दोनों पक्षों ने द्विपक्षीय व्यापार को बढ़ावा देने के लिए भारत और दक्षिण अफ्रीका के बीच वरीयता व्यापार समझौते (पीटीए) को जल्द लागू करने की जरूरत पर भी जोर दिया ।,बैठक के दौरान दोनों पक्षों ने द्विपक्षीय व्यापार को बढ़ावा देने के लिए भारत और दक्षिण अफ्रीका के बीच वरीयता व्यापार समझौते (पीटीए) को जल्द लागू करने की जरूरत पर भी जोर दिया।
train,train-s4917,बैठक में सिंह ने जोर देते हुए कहा कि भारत और दक्षिण अफ्रीका के बीच संयुक्त राष्ट्र सुधारों से जुड़े अधिकांश मुद्दों पर विचारों की समानता है ।,बैठक में सिंह ने जोर देते हुए कहा कि भारत और दक्षिण अफ्रीका के बीच संयुक्त राष्ट्र सुधारों से जुड़े अधिकांश मुद्दों पर विचारों की समानता है।
train,train-s4922,भारतीय न्यायपालिका को कंप्यूटरीकृत करने की प्रक्रिया पांच साल में पूरी होगी और इस योजना पर ८५४ करोड़ रुपये का खर्च आएगा ।,भारतीय न्यायपालिका को कंप्यूटरीकृत करने की प्रक्रिया पांच साल में पूरी होगी और इस योजना पर ८५४ करोड़ रुपये का खर्च आएगा।
train,train-s4930,इसका जलस्तर लगातार बढ़ रहा है और इसके साथ ही हरियाणा में बाढ़ का खतरा बढ़ता जा रहा है ।,इसका जलस्तर लगातार बढ़ रहा है और इसके साथ ही हरियाणा में बाढ़ का खतरा बढ़ता जा रहा है।
train,train-s4932,राज्य के कई गांवों में बाढ़ का पानी भर गया है ।,राज्य के कई गांवों में बाढ़ का पानी भर गया है।
train,train-s4934,"रादौर के मॉडल टाउन करेहड़ा में बाढ़ के पानी में डूबते तीन में से दो बच्चों को तो बचा लिया गया, लेकिन एक लापता है ।","रादौर के मॉडल टाउन करेहड़ा में बाढ़ के पानी में डूबते तीन में से दो बच्चों को तो बचा लिया गया, लेकिन एक लापता है।"
train,train-s4936,घाटी में बाढ़ की वजह से बगलिहार परियोजना की एक सुरंग के बह जाने की खबर है ।,घाटी में बाढ़ की वजह से बगलिहार परियोजना की एक सुरंग के बह जाने की खबर है।
train,train-s4938,"यमुना नदी में उफान से सैकड़ों एकड़ गन्ना, चारा, धान, सब्जी की फसलें जलमग्न हो गईं हैं ।","यमुना नदी में उफान से सैकड़ों एकड़ गन्ना, चारा, धान, सब्जी की फसलें जलमग्न हो गईं हैं।"
train,train-s4939,"यमुना किनारे बसे गांव लाल छप्पर, संधाला, संधाली, करेहड़ा, गुमथला, बागवाली, जठलाना, उन्हेड़ी आदि दर्जनों गांवों में पानी घुस गया है ।","यमुना किनारे बसे गांव लाल छप्पर, संधाला, संधाली, करेहड़ा, गुमथला, बागवाली, जठलाना, उन्हेड़ी आदि दर्जनों गांवों में पानी घुस गया है।"
train,train-s4940,"मॉडल टाउन करहेड़ा के महीपाल व लाल छप्पर के किसान शेर सिंह व उनके नौकर काला, काका व एक बिहारी मजदूर यमुना पार डेरे पर फंस गए थे ।","मॉडल टाउन करहेड़ा के महीपाल व लाल छप्पर के किसान शेर सिंह व उनके नौकर काला, काका व एक बिहारी मजदूर यमुना पार डेरे पर फंस गए थे।"
train,train-s4942,"करेहड़ा के तीन बच्चे अंकुर, संदीप व प्रशांत यमुना नदी में बाढ़ का पानी देखने के लिए गांव लाल छप्पर की ओर जा रहे थे कि सड़क पर अधिक पानी होने की वजह से डूबने लगे ।","करेहड़ा के तीन बच्चे अंकुर, संदीप व प्रशांत यमुना नदी में बाढ़ का पानी देखने के लिए गांव लाल छप्पर की ओर जा रहे थे कि सड़क पर अधिक पानी होने की वजह से डूबने लगे।"
train,train-s4943,ग्रामीणों ने अंकुर व संदीप को बाहर निकाल लिया लेकिन तीसरी कक्षा में पढ़ने वाले १२ वर्षीय प्रशांत का कुछ पता नहीं चल सका ।,ग्रामीणों ने अंकुर व संदीप को बाहर निकाल लिया लेकिन तीसरी कक्षा में पढ़ने वाले १२ वर्षीय प्रशांत का कुछ पता नहीं चल सका।
train,train-s4944,"गांव मॉडल टाउन करेहड़ा के किसान धर्मपाल, नरेश, ऋषि, पीतांबर, घनश्याम व कृष्ण दत्त ने बताया कि बाढ़ के कारण फसलों को भारी क्षति हुई है ।","गांव मॉडल टाउन करेहड़ा के किसान धर्मपाल, नरेश, ऋषि, पीतांबर, घनश्याम व कृष्ण दत्त ने बताया कि बाढ़ के कारण फसलों को भारी क्षति हुई है।"
train,train-s4947,जलस्तर बढ़ने व गाद आने से पूर्वी व पश्चिमी यमुना नहर और हाइडल लिंक चैनल को बंद कर दिया गया है ।,जलस्तर बढ़ने व गाद आने से पूर्वी व पश्चिमी यमुना नहर और हाइडल लिंक चैनल को बंद कर दिया गया है।
train,train-s4948,हथनीकुंड बैराज से पानी को यमुना नदी की ओर मोड़ दिया गया है ।,हथनीकुंड बैराज से पानी को यमुना नदी की ओर मोड़ दिया गया है।
train,train-s4950,यमुना नदी की बाढ़ से मांडेवाला तटबंध का कुछ हिस्सा क्षतिग्रस्त हो गया है ।,यमुना नदी की बाढ़ से मांडेवाला तटबंध का कुछ हिस्सा क्षतिग्रस्त हो गया है।
train,train-s4956,बढ़ती कीमतों पर मनमोहन सिंह ने कहा कि यह दौर लंबा नहीं चलेगा तथा सरकार कीमतों पर अंकुश लगाने की दिशा में काम कर रही है ।,बढ़ती कीमतों पर मनमोहन सिंह ने कहा कि यह दौर लंबा नहीं चलेगा तथा सरकार कीमतों पर अंकुश लगाने की दिशा में काम कर रही है।
train,train-s4957,उन्होंने कहा कि देर से आए मानसून और तेल के दामों में बढ़ोतरी के कारण कीमतें बढ़ीं हैं और जल्द ही इस पर काबू पा लिया जाएगा ।,उन्होंने कहा कि देर से आए मानसून और तेल के दामों में बढ़ोतरी के कारण कीमतें बढ़ीं हैं और जल्द ही इस पर काबू पा लिया जाएगा।
train,train-s4965,उन्होंने कहा कि हमें उम्मीद है कि कोई भी पड़ोसी मित्र देश अपनी धरती से इस तरह की कार्रवाइयों को अंजाम देने की अनुमति नहीं देगा ।,उन्होंने कहा कि हमें उम्मीद है कि कोई भी पड़ोसी मित्र देश अपनी धरती से इस तरह की कार्रवाइयों को अंजाम देने की अनुमति नहीं देगा।
train,train-s4967,आयोग ने तीन माह कार्यकाल बढ़ाने की मांग की थी ।,आयोग ने तीन माह कार्यकाल बढ़ाने की मांग की थी।
train,train-s4970,मनमोहन सिंह ने कहा कि सोनिया गांधी के नेतृत्व में कांग्रेस पार्टी के जनाधार में भारी बढ़ोतरी हुई है ।,मनमोहन सिंह ने कहा कि सोनिया गांधी के नेतृत्व में कांग्रेस पार्टी के जनाधार में भारी बढ़ोतरी हुई है।
train,train-s4972,उत्तर रेलवे ने सीमा पार से आने वाले पाकिस्तानी क्रिकेट प्रेमियों को अटारी से चंडीगढ़ तक लाने के लिए प्रस्तावित दो विशेष ट्रेनें रविवार को रद्द कर दीं ।,उत्तर रेलवे ने सीमा पार से आने वाले पाकिस्तानी क्रिकेट प्रेमियों को अटारी से चंडीगढ़ तक लाने के लिए प्रस्तावित दो विशेष ट्रेनें रविवार को रद्द कर दीं।
train,train-s4974,उत्तर रेलवे के प्रवक्ता के मुताबिक शनिवार रात लाहौर के नजदीक एक रेल हादसा हो जाने के कारण लाहौर से अटारी आने वाली ट्रेन रद्द करनी पड़ी ।,उत्तर रेलवे के प्रवक्ता के मुताबिक शनिवार रात लाहौर के नजदीक एक रेल हादसा हो जाने के कारण लाहौर से अटारी आने वाली ट्रेन रद्द करनी पड़ी।
train,train-s4976,"लिहाजा, अटारी से चंडीगढ़ के लिए चलाई जाने वाली दो विशेष ट्रेनों को रद्द करना पड़ा ।","लिहाजा, अटारी से चंडीगढ़ के लिए चलाई जाने वाली दो विशेष ट्रेनों को रद्द करना पड़ा।"
train,train-s4981,अंबाला के डिवीजनल रेलवे मैनेजर (डीआरएम) आर. के. टंडन ने बताया कि लाहौर से अटारी के बीच ट्रेन चलाने में पाकिस्तान द्वारा असमर्थता जताने के कारण विशेष ट्रेनों को रद्द करना पड़ा ।,अंबाला के डिवीजनल रेलवे मैनेजर (डीआरएम) आर. के. टंडन ने बताया कि लाहौर से अटारी के बीच ट्रेन चलाने में पाकिस्तान द्वारा असमर्थता जताने के कारण विशेष ट्रेनों को रद्द करना पड़ा।
train,train-s4982,टंडन के मुताबिक पाकिस्तान ने लाहौर - अटारी संपर्क ट्रेन को नहीं चलाए जाने के पीछे 'तकनीकी' कारण बताए हैं ।,टंडन के मुताबिक पाकिस्तान ने लाहौर-अटारी संपर्क ट्रेन को नहीं चलाए जाने के पीछे 'तकनीकी' कारण बताए हैं।
train,train-s4983,एक पाकिस्तानी रिपोर्ट के मुताबिक शनिवार रात लाहौर के नजदीक कोटमोल चांद तथा श्रीरामपुर स्टेशनों के बीच एक पैसेंजर ट्रेन के पटरी से उतर जाने के कारण लाहौर - अटारी ट्रेन रद्द करनी पड़ी है ।,एक पाकिस्तानी रिपोर्ट के मुताबिक शनिवार रात लाहौर के नजदीक कोटमोल चांद तथा श्रीरामपुर स्टेशनों के बीच एक पैसेंजर ट्रेन के पटरी से उतर जाने के कारण लाहौर-अटारी ट्रेन रद्द करनी पड़ी है।
train,train-s4986,गौरतलब है कि उत्तर रेलवे ने पाकिस्तानी मेहमानों के स्वागत के लिए चंडीगढ़ और अटारी रेलवे स्टेशनों पर खास इंतजाम किए थे ।,गौरतलब है कि उत्तर रेलवे ने पाकिस्तानी मेहमानों के स्वागत के लिए चंडीगढ़ और अटारी रेलवे स्टेशनों पर खास इंतजाम किए थे।
train,train-s5001,पूर्व केंद्रीय मंत्री जुआल ओरम को उड़ीसा भाजपा का अध्यक्ष बनाया गया है ।,पूर्व केंद्रीय मंत्री जुआल ओरम को उड़ीसा भाजपा का अध्यक्ष बनाया गया है।
train,train-s5005,वहीं पार्टी प्रवक्ता प्रकाश जावड़ेकर की जिम्मेदारी महाराष्ट्र प्रदेश इकाई को सौंप दी गई है ।,वहीं पार्टी प्रवक्ता प्रकाश जावड़ेकर की जिम्मेदारी महाराष्ट्र प्रदेश इकाई को सौंप दी गई है।
train,train-s5020,"केंद्र सरकार ने सार्वजनिक क्षेत्र के उपक्रमों ""पीएसयू"" के कर्मचारियों के मूल वेतन में महंगाई भत्ते (डीए) का विलय करने का प्रस्ताव रखा है ।","केंद्र सरकार ने सार्वजनिक क्षेत्र के उपक्रमों ""पीएसयू"" के कर्मचारियों के मूल वेतन में महंगाई भत्ते (डीए) का विलय करने का प्रस्ताव रखा है।"
train,train-s5024,हालांकि उन्होंने बताया कि मूल वेतन में महंगाई भत्ते के विलय को केवल उन्हीं पीएसयू में लागू किया जाएगा जो कि बढ़े हुए वेतन को देने में सक्षम हैं ।,हालांकि उन्होंने बताया कि मूल वेतन में महंगाई भत्ते के विलय को केवल उन्हीं पीएसयू में लागू किया जाएगा जो कि बढ़े हुए वेतन को देने में सक्षम हैं।
train,train-s5026,"सरकार यह कदम बड़े पीएसयू जैसे एनटीपीसी लिमिटेड, स्टील ऑथॉरिटी ऑफ इंडिया लिमिटेड, कोल इंडिया लिमिटेड और नेशनल हाइड्रो इलेक्ट्रिक पॉवर कॉरपोरेशन के कर्मचारी डीए का मूल वेतन में विलय नहीं करने पर १२ सितंबर से हड़ताल पर जाने की चेतावनी दे चुके हैं ।","सरकार यह कदम बड़े पीएसयू जैसे एनटीपीसी लिमिटेड, स्टील ऑथॉरिटी ऑफ इंडिया लिमिटेड, कोल इंडिया लिमिटेड और नेशनल हाइड्रो इलेक्ट्रिक पॉवर कॉरपोरेशन के कर्मचारी डीए का मूल वेतन में विलय नहीं करने पर १२ सितंबर से हड़ताल पर जाने की चेतावनी दे चुके हैं।"
train,train-s5027,सूत्रों ने बताया कि एक अन्य प्रस्ताव में पीएसयू कर्मचारियों के वेतनमान में बढ़ोतरी का प्रस्ताव मंजूरी के लिए प्रधानमंत्री कार्यालय में भेजा गया है ।,सूत्रों ने बताया कि एक अन्य प्रस्ताव में पीएसयू कर्मचारियों के वेतनमान में बढ़ोतरी का प्रस्ताव मंजूरी के लिए प्रधानमंत्री कार्यालय में भेजा गया है।
train,train-s5037,नारायणन ने कहा कि मैंने पढ़ा है कि पाकिस्तान के राष्ट्रपति मुशर्रफ ने भारत आकर टेस्ट मैच देखने की इच्छा जताई है ।,नारायणन ने कहा कि मैंने पढ़ा है कि पाकिस्तान के राष्ट्रपति मुशर्रफ ने भारत आकर टेस्ट मैच देखने की इच्छा जताई है।
train,train-s5039,अब यही बिछुड़ी बेटी ऐतिहासिक श्रीनगर - मुजफ्फराबाद बस में सवार होकर घर आएगी ।,अब यही बिछुड़ी बेटी ऐतिहासिक श्रीनगर-मुजफ्फराबाद बस में सवार होकर घर आएगी।
train,train-s5041,पूरा परिवार अपनी इस लाड़ली बेटी के स्वागत की तैयारी में मशगूल है ।,पूरा परिवार अपनी इस लाड़ली बेटी के स्वागत की तैयारी में मशगूल है।
train,train-s5043,पूरी तैयारी उस लड़की के लिए की जा रही है जो १९८० में सीमा पार कर पाक अधिकृत कश्मीर चली गई थी और कभी दोबारा भारत नहीं लौटी ।,पूरी तैयारी उस लड़की के लिए की जा रही है जो १९८० में सीमा पार कर पाक अधिकृत कश्मीर चली गई थी और कभी दोबारा भारत नहीं लौटी।
train,train-s5045,इस लड़की के स्वागत में घर की तस्वीर ही बदल दी गयी है ।,इस लड़की के स्वागत में घर की तस्वीर ही बदल दी गयी है।
train,train-s5048,घर में नई कुर्सियां लगाई गई हैं और इस लड़की को उपहारों से लादने की भी भरपूर व्यवस्था की गयी है ।,घर में नई कुर्सियां लगाई गई हैं और इस लड़की को उपहारों से लादने की भी भरपूर व्यवस्था की गयी है।
train,train-s5052,फातिमा ने कहा कि वे अपनी बेटी हफीजा के स्वागत में कोई कमी नहीं छोड़ना चाहती है ।,फातिमा ने कहा कि वे अपनी बेटी हफीजा के स्वागत में कोई कमी नहीं छोड़ना चाहती है।
train,train-s5053,फातिमा बताती है कि दशकों पहले उनके पति गुलाम कादिर नज़र के भाई मोहम्मद अब्दुल्ला नौकरी की तलाश में मुजफ्फराबाद चले गए थे ।,फातिमा बताती है कि दशकों पहले उनके पति गुलाम कादिर नज़र के भाई मोहम्मद अब्दुल्ला नौकरी की तलाश में मुजफ्फराबाद चले गए थे।
train,train-s5055,८० के दशक में मोहम्मद अब्दुल्ला हफीज़ा को मुजफ्फराबाद लेकर चले गए ।,८० के दशक में मोहम्मद अब्दुल्ला हफीज़ा को मुजफ्फराबाद लेकर चले गए।
train,train-s5056,वहीं हफीज़ा की शादी ख्वाज़ा सलाहुद्दीन नज़र से कर दी गयी ।,वहीं हफीज़ा की शादी ख्वाज़ा सलाहुद्दीन नज़र से कर दी गयी।
train,train-s5071,इसमें कोई शक नहीं है कि कारगिल युद्ध में शुरूआती दौर में थलसेना को विस्मय और परेशानियों का सामना करना पड़ा था ।,इसमें कोई शक नहीं है कि कारगिल युद्ध में शुरूआती दौर में थलसेना को विस्मय और परेशानियों का सामना करना पड़ा था।
train,train-s5082,"अब, यदि हमला करने जा रहे हैं तो दुश्मन के एक सैनिक के मुकाबले सात - आठ गुना अधिक सैनिकों की जरूरत पड़ सकती है ।","अब, यदि हमला करने जा रहे हैं तो दुश्मन के एक सैनिक के मुकाबले सात-आठ गुना अधिक सैनिकों की जरूरत पड़ सकती है।"
train,train-s5089,मोरचे पर पानी बड़ी समस्या थी ।,मोरचे पर पानी बड़ी समस्या थी।
train,train-s5090,सैनिकों को पानी भी ढोना पड़ा ।,सैनिकों को पानी भी ढोना पड़ा।
train,train-s5091,घायल सैनिकों को लाने के लिए स्ट्रेचर जैसे उपकरण भी ले जाने पड़े ।,घायल सैनिकों को लाने के लिए स्ट्रेचर जैसे उपकरण भी ले जाने पड़े।
train,train-s5092,"युद्ध के लिए जिस जगह पर यह तंत्र खड़ा किया गया, वहां पगडंडियां तक नहीं थीं ।","युद्ध के लिए जिस जगह पर यह तंत्र खड़ा किया गया, वहां पगडंडियां तक नहीं थीं।"
train,train-s5095,इतनी ऊंचाई के क्षेत्र में लड़कर जीतने का माद्दा भारतीय सेना में ही है ।,इतनी ऊंचाई के क्षेत्र में लड़कर जीतने का माद्दा भारतीय सेना में ही है।
train,train-s5098,ऊंचे पहाड़ों के बीच गहरी खाइयों और छोटी घाटियों की वजह से राडार अपनी पूरी क्षमता से कार्य नहीं कर पा रहे थे ।,ऊंचे पहाड़ों के बीच गहरी खाइयों और छोटी घाटियों की वजह से राडार अपनी पूरी क्षमता से कार्य नहीं कर पा रहे थे।
train,train-s5116,उनका तर्क है कि जब लोकसभा चुनाव में राज्य के ८० फीसदी क्षेत्रों में पार्टी पिछड़ गई तो विधायकों की भूमिका तय करने की गुंजाइश नहीं बचती ।,उनका तर्क है कि जब लोकसभा चुनाव में राज्य के ८० फीसदी क्षेत्रों में पार्टी पिछड़ गई तो विधायकों की भूमिका तय करने की गुंजाइश नहीं बचती।
train,train-s5117,"सूत्रों के अनुसार, सोनिया से मुलाकात में भट्ठल ने लोकसभा चुनाव में अपने क्षेत्रों से पिछड़ने वाले विधायकों को मंत्री बनाने के लिए अपनाए गए चयन के तरीके पर भी आपत्ति जताई ।","सूत्रों के अनुसार, सोनिया से मुलाकात में भट्ठल ने लोकसभा चुनाव में अपने क्षेत्रों से पिछड़ने वाले विधायकों को मंत्री बनाने के लिए अपनाए गए चयन के तरीके पर भी आपत्ति जताई।"
train,train-s5119,हालांकि भट्ठल अभी तक मीडिया के सामने कुछ भी कहने से बच रही हैं लेकिन उनके करीबी सूत्रों का कहना है कि यदि हाईकमान ने उनकी नहीं सुनी तो मामला आने वाले दिनों में तूल भी पकड़ सकता है ।,हालांकि भट्ठल अभी तक मीडिया के सामने कुछ भी कहने से बच रही हैं लेकिन उनके करीबी सूत्रों का कहना है कि यदि हाईकमान ने उनकी नहीं सुनी तो मामला आने वाले दिनों में तूल भी पकड़ सकता है।
train,train-s5123,"शाम तक वह कपूरथला हाउस में अपने करीबी सहयोगियों लाल सिंह, प्रताप बाजवा, सुरेंद्र सिंगला एवं राणा सोढ़ी के साथ विचार - विमर्श करते रहे ।","शाम तक वह कपूरथला हाउस में अपने करीबी सहयोगियों लाल सिंह, प्रताप बाजवा, सुरेंद्र सिंगला एवं राणा सोढ़ी के साथ विचार-विमर्श करते रहे।"
train,train-s5124,उनकी अंबिका सोनी के अलावा पार्टी के किसी बड़े नेता से मुलाकात नहीं हो पाई ।,उनकी अंबिका सोनी के अलावा पार्टी के किसी बड़े नेता से मुलाकात नहीं हो पाई।
train,train-s5129,मामले का खुलासा इस संबंध में गठित वरिष्ठ शिक्षकों की उच्च स्तरीय जांच कमेटी की पड़ताल में सामने आया है ।,मामले का खुलासा इस संबंध में गठित वरिष्ठ शिक्षकों की उच्च स्तरीय जांच कमेटी की पड़ताल में सामने आया है।
train,train-s5131,इस मामले में कई पहुंच वाले परिवारों के नाम सामने आने के कारण उनके खिलाफ कार्रवाई की रूपरेखा तय करने को लेकर प्रशासन उधेड़बुन में फंसा है ।,इस मामले में कई पहुंच वाले परिवारों के नाम सामने आने के कारण उनके खिलाफ कार्रवाई की रूपरेखा तय करने को लेकर प्रशासन उधेड़बुन में फंसा है।
train,train-s5133,मेडिकल विश्वविद्यालय में शिक्षकों को मिलने वाली धमकी व उनके साथ बढ़ती अभद्रता की घटनाओं की जांच करने के लिए डेढ़ माह पूर्व कुलपति ने मेडीसिन विभाग के विभागाध्यक्ष प्रो. सी. जी. अग्रवाल के नेतृत्व में १५ सदस्यीय एक उच्च स्तरीय जांच कमेटी गठित की थी ।,मेडिकल विश्वविद्यालय में शिक्षकों को मिलने वाली धमकी व उनके साथ बढ़ती अभद्रता की घटनाओं की जांच करने के लिए डेढ़ माह पूर्व कुलपति ने मेडीसिन विभाग के विभागाध्यक्ष प्रो. सी. जी. अग्रवाल के नेतृत्व में १५ सदस्यीय एक उच्च स्तरीय जांच कमेटी गठित की थी।
train,train-s5134,जिसे तीन माह के अंदर आधा दर्जन से अधिक शिक्षकों को मिली धमकी के मामले की पड़ताल का जिम्मा सौंपा गया था ।,जिसे तीन माह के अंदर आधा दर्जन से अधिक शिक्षकों को मिली धमकी के मामले की पड़ताल का जिम्मा सौंपा गया था।
train,train-s5136,"समिति से जुड़े सूत्र बताते है कि छात्रों ने अपने बयानों में इस बात का खुलासा किया है कि परिसर में संगठित तौर पर कुछ सीनियर छात्रों का ऐसा गिरोह सक्रिय है, जो मेडिकल छात्रों को बिना मेहनत के ही सलाना वार्षिक परीक्षाओं में पास कराने का ठेका लेता है ।","समिति से जुड़े सूत्र बताते है कि छात्रों ने अपने बयानों में इस बात का खुलासा किया है कि परिसर में संगठित तौर पर कुछ सीनियर छात्रों का ऐसा गिरोह सक्रिय है, जो मेडिकल छात्रों को बिना मेहनत के ही सलाना वार्षिक परीक्षाओं में पास कराने का ठेका लेता है।"
train,train-s5141,"इस गिरोह के लोगों ने हाल ही में एनाटॉमी विभाग के विभागाध्यक्ष प्रो. ए. के. सहाय को माफिया डॉन बबलू श्रीवास्तव के नाम पर घर में घुस कर धमकाया था, जिससे भयभीत हो कर डा. सहाय शहर छोड़ कर मुम्बई चले गए हैं ।","इस गिरोह के लोगों ने हाल ही में एनाटॉमी विभाग के विभागाध्यक्ष प्रो. ए. के. सहाय को माफिया डॉन बबलू श्रीवास्तव के नाम पर घर में घुस कर धमकाया था, जिससे भयभीत हो कर डा. सहाय शहर छोड़ कर मुम्बई चले गए हैं।"
train,train-s5142,इसके अलावा एस. पी. एम. विभाग के डा. इदरीस व डा. मसूद और कैंसर विभाग के प्रो. एम. सी. पंत सहित आधा दर्जन से अधिक वरिष्ठ चिकित्सकों को नंबर बढ़ाने के नाम पर धमकाया जा चुका है ।,इसके अलावा एस. पी. एम. विभाग के डा. इदरीस व डा. मसूद और कैंसर विभाग के प्रो. एम. सी. पंत सहित आधा दर्जन से अधिक वरिष्ठ चिकित्सकों को नंबर बढ़ाने के नाम पर धमकाया जा चुका है।
train,train-s5147,बिजली की कौंध और झमाझम बारिश के बीच मेहता ने अपनी फिल्म 'द राइजिंग' के कई सीन शूट किए ।,बिजली की कौंध और झमाझम बारिश के बीच मेहता ने अपनी फिल्म 'द राइजिंग' के कई सीन शूट किए।
train,train-s5150,सुबह साढ़े चार बजे शॉट ओके होने के बाद शूटिंग का काम थम गया ।,सुबह साढ़े चार बजे शॉट ओके होने के बाद शूटिंग का काम थम गया।
train,train-s5151,इससे पहले शाहबाज खान व दूसरे साथियों द्वारा कंपनी के साथ लड़ाई और ३१ मई को आजादी की योजना बनाने के शॉट फिल्माए गए ।,इससे पहले शाहबाज खान व दूसरे साथियों द्वारा कंपनी के साथ लड़ाई और ३१ मई को आजादी की योजना बनाने के शॉट फिल्माए गए।
train,train-s5156,शूटिंग देखने के लिए मंगलवार की रात पहुंचने वाले खास लोगों में झज्जर के डीसी महेंद्र कुमार सपरिवार वहां पहुंचे और करीब साढ़े ११ बजे तक शूटिंग देखी ।,शूटिंग देखने के लिए मंगलवार की रात पहुंचने वाले खास लोगों में झज्जर के डीसी महेंद्र कुमार सपरिवार वहां पहुंचे और करीब साढ़े ११ बजे तक शूटिंग देखी।
train,train-s5159,शूटिंग पूरी होने पर आमिर खान के साथ लगान व गुलाम फिल्म में काम कर चुके तथा 'द राइजिंग' में वी. सिंह की भूमिका निभा रहे अमीन भाई का ३६वां जन्मदिन सेट पर ही मनाया गया ।,शूटिंग पूरी होने पर आमिर खान के साथ लगान व गुलाम फिल्म में काम कर चुके तथा 'द राइजिंग' में वी. सिंह की भूमिका निभा रहे अमीन भाई का ३६वां जन्मदिन सेट पर ही मनाया गया।
train,train-s5163,अमीन के मुताबिक 'द राइजिंग' अब तक करीब ९५ फीसदी पूरी हो चुकी है ।,अमीन के मुताबिक 'द राइजिंग' अब तक करीब ९५ फीसदी पूरी हो चुकी है।
train,train-s5169,आमिर ने पास खड़े एक फोटोग्राफर को बुलाया और महिला के साथ फोटो खींचने तथा महिला को फोटो देने को कहा ।,आमिर ने पास खड़े एक फोटोग्राफर को बुलाया और महिला के साथ फोटो खींचने तथा महिला को फोटो देने को कहा।
train,train-s5172,सदा - ए - सरहद दिल्ली - लाहौर बस जैसे ही पंजाब में दाखिल होती है राजपुरा के शंभु बैरियर के पास से हरियाणा पुलिस उसका साथ छोड़ देती है ।,सदा-ए-सरहद दिल्ली-लाहौर बस जैसे ही पंजाब में दाखिल होती है राजपुरा के शंभु बैरियर के पास से हरियाणा पुलिस उसका साथ छोड़ देती है।
train,train-s5175,"चूंकि राजपुरा पटियाला में पड़ता है, इसलिए स्थायी तौर पर पटियाला पुलिस इसकी सुरक्षा में लग जाती है, जो इस बस को राज्य के अंतिम छोर यानि बाघा बार्डर तक छोड़कर आती है, जबकि एस्कार्ट जिप्सी प्रत्येक जिले में बदलती रहती है ।","चूंकि राजपुरा पटियाला में पड़ता है, इसलिए स्थायी तौर पर पटियाला पुलिस इसकी सुरक्षा में लग जाती है, जो इस बस को राज्य के अंतिम छोर यानि बाघा बार्डर तक छोड़कर आती है, जबकि एस्कार्ट जिप्सी प्रत्येक जिले में बदलती रहती है।"
train,train-s5176,बस के सतलुज पुल क्रास करने के साथ ही लुधियाना की एस्कार्ट उसका साथ छोड़ देती है और जालंधर की एस्कार्ट जिप्सी उसके आगे लग जाती है ।,बस के सतलुज पुल क्रास करने के साथ ही लुधियाना की एस्कार्ट उसका साथ छोड़ देती है और जालंधर की एस्कार्ट जिप्सी उसके आगे लग जाती है।
train,train-s5177,"हालांकि रास्ते में फगवाड़ा भी पड़ता है, जो जिला कपूरथला का एक हिस्सा है, लेकिन जिला जालंधर पुलिस की एस्कार्ट इस जिले में भी अपना दायित्व निभाती है ।","हालांकि रास्ते में फगवाड़ा भी पड़ता है, जो जिला कपूरथला का एक हिस्सा है, लेकिन जिला जालंधर पुलिस की एस्कार्ट इस जिले में भी अपना दायित्व निभाती है।"
train,train-s5181,चुगिट्टी चौक पर आते ही थाना आठ के एसएचओ पुलिस बल के साथ बस को अपने थाने की हद तक छोड़कर आते थे ।,चुगिट्टी चौक पर आते ही थाना आठ के एसएचओ पुलिस बल के साथ बस को अपने थाने की हद तक छोड़कर आते थे।
train,train-s5184,मंगलवार को फगवाड़ा में हुई घटना भी इसी प्रकिया की एक खामी का नतीजा है ।,मंगलवार को फगवाड़ा में हुई घटना भी इसी प्रकिया की एक खामी का नतीजा है।
train,train-s5190,हिंदी फिल्मों के दीवाने इराकी कबाइली नेता दुलइमी ने अंग्रेजी साप्ताहिक 'आउटलुक' से बातचीत में कहा कि अगर बॉलीवुड के सितारे बंधकों की रिहाई की अपील करें तो अपहर्ताओं पर इसका सकारात्मक असर पड़ेगा ।,हिंदी फिल्मों के दीवाने इराकी कबाइली नेता दुलइमी ने अंग्रेजी साप्ताहिक 'आउटलुक' से बातचीत में कहा कि अगर बॉलीवुड के सितारे बंधकों की रिहाई की अपील करें तो अपहर्ताओं पर इसका सकारात्मक असर पड़ेगा।
train,train-s5193,उन्होंने यह स्पष्ट किया कि अगर वह कुछ कहती हैं तो इसका अपहर्ताओं पर प्रभाव पड़ेगा ।,उन्होंने यह स्पष्ट किया कि अगर वह कुछ कहती हैं तो इसका अपहर्ताओं पर प्रभाव पड़ेगा।
train,train-s5218,उनकी मांग थी कि विधानसभा का कार्यकाल खत्म होने के बाद भी राबड़ी देवी कार्यवाहक मुख्यमंत्री बनी रहें ।,उनकी मांग थी कि विधानसभा का कार्यकाल खत्म होने के बाद भी राबड़ी देवी कार्यवाहक मुख्यमंत्री बनी रहें।
train,train-s5221,ऐसे में राबड़ी देवी को कार्यवाहक मुख्यमंत्री बनाए रखना संवैधानिक रूप से संभव नहीं है ।,ऐसे में राबड़ी देवी को कार्यवाहक मुख्यमंत्री बनाए रखना संवैधानिक रूप से संभव नहीं है।
train,train-s5226,एक लालू यादव पर दबाव बना रहे और दूसरे राष्ट्रपति शासन में कांग्रेस अपना जनाधार बढ़ाने का प्रयास करे ।,एक लालू यादव पर दबाव बना रहे और दूसरे राष्ट्रपति शासन में कांग्रेस अपना जनाधार बढ़ाने का प्रयास करे।
train,train-s5234,भाजपा - जनता दल यू ने अब पासवान की आस छोड़ दी है ।,भाजपा-जनता दल यू ने अब पासवान की आस छोड़ दी है।
train,train-s5236,इससे पासवान समर्थकों और उनके विधायकों पर दबाव बढ़ेगा ।,इससे पासवान समर्थकों और उनके विधायकों पर दबाव बढ़ेगा।
train,train-s5238,राजग आगे की लड़ाई की तैयारी कर रहा है ।,राजग आगे की लड़ाई की तैयारी कर रहा है।
train,train-s5241,"मुंबई के उपनगर बांद्रा में टर्नर रोड स्थित भारतीय स्टेट बैंक की शाखा के एक लॉकर से शुक्रवार को १२ हथगोले, दो कारबाइन और बड़ी मात्रा में गोला बारूद बरामद किया गया ।","मुंबई के उपनगर बांद्रा में टर्नर रोड स्थित भारतीय स्टेट बैंक की शाखा के एक लॉकर से शुक्रवार को १२ हथगोले, दो कारबाइन और बड़ी मात्रा में गोला बारूद बरामद किया गया।"
train,train-s5245,लॉकर से मिले पासबुक पर चंडीगढ़ का पता है ।,लॉकर से मिले पासबुक पर चंडीगढ़ का पता है।
train,train-s5247,मुंबई क्राइम ब्रांच के अधिकारियों का कहना है कि चूंकि इस लॉकर को १९९० के बाद से नहीं खोला गया था और पासबुक पर चंडीगढ़ का पता दर्ज है इससे आशंका है कि ये हथियार उस वक्त रखे गए होंगे जब पंजाब में आतंकवाद चरम पर था ।,मुंबई क्राइम ब्रांच के अधिकारियों का कहना है कि चूंकि इस लॉकर को १९९० के बाद से नहीं खोला गया था और पासबुक पर चंडीगढ़ का पता दर्ज है इससे आशंका है कि ये हथियार उस वक्त रखे गए होंगे जब पंजाब में आतंकवाद चरम पर था।
train,train-s5251,छत्तीसगढ़ में हाल के नक्सली हमले में मारे गए नागालैंड सशस्त्र पुलिस के जवानों के परिजनों को राज्य सरकार ने भी ५ लाख रुपये देने की घोषणा की है ।,छत्तीसगढ़ में हाल के नक्सली हमले में मारे गए नागालैंड सशस्त्र पुलिस के जवानों के परिजनों को राज्य सरकार ने भी ५ लाख रुपये देने की घोषणा की है।
train,train-s5253,केंद्रीय गृह मंत्रालय के अनुसार इस हमले के दोषी नक्सलियों को पकड़ने के लिए अभियान तेज कर दिया गया है ।,केंद्रीय गृह मंत्रालय के अनुसार इस हमले के दोषी नक्सलियों को पकड़ने के लिए अभियान तेज कर दिया गया है।
train,train-s5254,"छत्तीसगढ़ सरकार ने सुरक्षा खर्च योजना (एसआरई) के तहत जिस अनुग्रह राशि का भुगतान किया है, केन्द्र सरकार उसकी प्रतिपूर्ति करेगी ।","छत्तीसगढ़ सरकार ने सुरक्षा खर्च योजना (एसआरई) के तहत जिस अनुग्रह राशि का भुगतान किया है, केन्द्र सरकार उसकी प्रतिपूर्ति करेगी।"
train,train-s5255,छत्तीसगढ़ में नक्सलियों के हमले में नागालैंड सशस्त्र पुलिस के नौ जवान शहीद हो गए थे ।,छत्तीसगढ़ में नक्सलियों के हमले में नागालैंड सशस्त्र पुलिस के नौ जवान शहीद हो गए थे।
train,train-s5257,बिहार की जेलों से चलाई जा रही अपराधिक गतिविधियां रोक पाने में नाकाम रहने पर पटना हाईकोर्ट ने बुधवार को राज्य सरकार को कड़ी फटकार लगाई ।,बिहार की जेलों से चलाई जा रही अपराधिक गतिविधियां रोक पाने में नाकाम रहने पर पटना हाईकोर्ट ने बुधवार को राज्य सरकार को कड़ी फटकार लगाई।
train,train-s5268,अदालत ने राज्य में आपराधिक गतिविधियों में हो रही बढ़ोत्तरी के संबंध में सरकार की ओर से दिए गए जवाब से असंतोष प्रकट करते हुए कहा कि राज्य में प्रशासन नाम की कोई चीज नहीं है ।,अदालत ने राज्य में आपराधिक गतिविधियों में हो रही बढ़ोत्तरी के संबंध में सरकार की ओर से दिए गए जवाब से असंतोष प्रकट करते हुए कहा कि राज्य में प्रशासन नाम की कोई चीज नहीं है।
train,train-s5273,इसके साथ ही राज्य में इस साल पोलियो रोगियों की संख्या बढ़कर सात हो गयी है ।,इसके साथ ही राज्य में इस साल पोलियो रोगियों की संख्या बढ़कर सात हो गयी है।
train,train-s5277,क्योंकि नये रोगियों के आने का खतरा अब ज्यादा बढ़ गया है ।,क्योंकि नये रोगियों के आने का खतरा अब ज्यादा बढ़ गया है।
train,train-s5282,"इस साल की शुरुआत में अलीगढ़, बागपत, बिजनौर तथा रामपुर में पोलियो का एक - एक रोगी पाया गया था ।","इस साल की शुरुआत में अलीगढ़, बागपत, बिजनौर तथा रामपुर में पोलियो का एक-एक रोगी पाया गया था।"
train,train-s5292,डॉ सरकार के अनुसार इन दो बड़े राज्यों की मुस्लिम जनता में दवा को लेकर भ्रम फैलना गंभीर चिंता का विषय है ।,डॉ सरकार के अनुसार इन दो बड़े राज्यों की मुस्लिम जनता में दवा को लेकर भ्रम फैलना गंभीर चिंता का विषय है।
train,train-s5297,क्लार्क ने कहा कि बृहस्पतिवार को ताबड़तोड़ धमाके कर परिवहन सुविधाओं को निशाना बनाने वाले आतंकवादी फिर हमला कर सकते हैं ।,क्लार्क ने कहा कि बृहस्पतिवार को ताबड़तोड़ धमाके कर परिवहन सुविधाओं को निशाना बनाने वाले आतंकवादी फिर हमला कर सकते हैं।
train,train-s5305,लंदन में कड़ी सुरक्षा के बीच बसों और कई भूमिगत मेट्रो का संचालन फिर शुरू हो गया है लेकिन यात्रियों के चेहरों से दहशत झलक रही थी ।,लंदन में कड़ी सुरक्षा के बीच बसों और कई भूमिगत मेट्रो का संचालन फिर शुरू हो गया है लेकिन यात्रियों के चेहरों से दहशत झलक रही थी।
train,train-s5309,इसके थोड़ी ही देर बाद लीवरपूल स्ट्रीट और चैरिंग क्रॉस में भी यही दृश्य दोहराए गए ।,इसके थोड़ी ही देर बाद लीवरपूल स्ट्रीट और चैरिंग क्रॉस में भी यही दृश्य दोहराए गए।
train,train-s5312,हमलों में लगभग साढ़े चार किलो वाले उच्च विस्फोटकों का इस्तेमाल किया गया ।,हमलों में लगभग साढ़े चार किलो वाले उच्च विस्फोटकों का इस्तेमाल किया गया।
train,train-s5323,"मनमोहन ने कहा कि 'आतंकवाद का कोई धर्म नहीं है, आतंकियों का कोई धर्म नहीं है और वे किसी भी धर्म के मित्र नहीं हैं","मनमोहन ने कहा कि 'आतंकवाद का कोई धर्म नहीं है, आतंकियों का कोई धर्म नहीं है और वे किसी भी धर्म के मित्र नहीं हैं"
train,train-s5332,मनमोहन ने बताया कि दोनों देशों ने आपसी व्यापार और निवेश को बढ़ावा देने के लिए एक संयुक्त आर्थिक आयोग बनाया है ।,मनमोहन ने बताया कि दोनों देशों ने आपसी व्यापार और निवेश को बढ़ावा देने के लिए एक संयुक्त आर्थिक आयोग बनाया है।
train,train-s5337,ब्रिटेन ने भारत के साथ अकादमिक और शैक्षिक आदान - प्रदान के लिए एक करोड़ पौंड की घोषणा की है ।,ब्रिटेन ने भारत के साथ अकादमिक और शैक्षिक आदान-प्रदान के लिए एक करोड़ पौंड की घोषणा की है।
train,train-s5342,"प्रधानमंत्री ने शोक - पुस्तिका में लिखा कि राष्ट्रपति रीगन के निधन से दुनिया ने विश्व स्तर के राजनेता को खो दिया है, जिन्होंने इतिहास में अपनी अमिट छाप छोड़ी ।","प्रधानमंत्री ने शोक-पुस्तिका में लिखा कि राष्ट्रपति रीगन के निधन से दुनिया ने विश्व स्तर के राजनेता को खो दिया है, जिन्होंने इतिहास में अपनी अमिट छाप छोड़ी।"
train,train-s5344,उन्होंने दो बड़े लोकतांत्रिक देशों के संबंधों को मजबूती प्रदान करने में काफी योगदान दिया ।,उन्होंने दो बड़े लोकतांत्रिक देशों के संबंधों को मजबूती प्रदान करने में काफी योगदान दिया।
train,train-s5348,इन अत्याधुनिक रक्षा उपकरणों का प्रस्ताव भारत के साथ सामरिक साझेदारी बढ़ाने की अमरीकी विदेश मंत्री कोंडलीजा राइस की घोषणा को अमलीजामा पहनाने के तहत किया गया है ।,इन अत्याधुनिक रक्षा उपकरणों का प्रस्ताव भारत के साथ सामरिक साझेदारी बढ़ाने की अमरीकी विदेश मंत्री कोंडलीजा राइस की घोषणा को अमलीजामा पहनाने के तहत किया गया है।
train,train-s5354,उन्होंने कहा कि भारत के १२६ बहुउपयोगी युद्धक विमानों की खरीद की योजना को लेकर अमरीकी उड्डयन में लॉकहीड मार्टिन व बोइंग के बीच होड़ रहेगी ।,उन्होंने कहा कि भारत के १२६ बहुउपयोगी युद्धक विमानों की खरीद की योजना को लेकर अमरीकी उड्डयन में लॉकहीड मार्टिन व बोइंग के बीच होड़ रहेगी।
train,train-s5366,प्रमुख उद्योग चैंबर एसोचैम द्वारा एफबीटी पर आयोजित सम्मेलन को संबोधित करते हुए शोम ने कहा कि एफबीटी से संबंधित विसंगतियों के चलते बड़ी संख्या में नियोक्ताओं ने अपने कर्मचारियों पर इसका बोझ डाल दिया है ।,प्रमुख उद्योग चैंबर एसोचैम द्वारा एफबीटी पर आयोजित सम्मेलन को संबोधित करते हुए शोम ने कहा कि एफबीटी से संबंधित विसंगतियों के चलते बड़ी संख्या में नियोक्ताओं ने अपने कर्मचारियों पर इसका बोझ डाल दिया है।
train,train-s5376,"यह पूछे जाने पर कि क्या कंपनियों के उचित व्यापारिक खर्च जिन्हें वे अपने कारोबार को बढ़ाने के लिए करती हैं, एफबीटी के दायरे से बाहर कर दिया जाएगा, उन्होंने कहा कि एफबीटी के तहत सिर्फ वास्तविक आय को रखा गया है ।","यह पूछे जाने पर कि क्या कंपनियों के उचित व्यापारिक खर्च जिन्हें वे अपने कारोबार को बढ़ाने के लिए करती हैं, एफबीटी के दायरे से बाहर कर दिया जाएगा, उन्होंने कहा कि एफबीटी के तहत सिर्फ वास्तविक आय को रखा गया है।"
train,train-s5381,वार्षिक सूचना रिटर्न के जरिए करदाता को किसी वित्त वर्ष के दौरान विभिन्न उद्देश्यों के लिए किए गए बड़े भुगतानों की जानकारी देनी होगी ।,वार्षिक सूचना रिटर्न के जरिए करदाता को किसी वित्त वर्ष के दौरान विभिन्न उद्देश्यों के लिए किए गए बड़े भुगतानों की जानकारी देनी होगी।
train,train-s5386,टैक्स इन्फार्मेशन नेटवर्क इन आंकड़ों का संग्रह कर आयकर विभाग को भेज देगा ।,टैक्स इन्फार्मेशन नेटवर्क इन आंकड़ों का संग्रह कर आयकर विभाग को भेज देगा।
train,train-s5393,दूसरी तरफ आईसीआईसीआई बैंक के रिटेल बैंकिंग प्रमुख वी. वैद्यनाथन ने कहा कि होम लोन में प्रस्तावित बढ़ोतरी चालू वित्त वर्ष के अंत तक कभी भी की जा सकती है ।,दूसरी तरफ आईसीआईसीआई बैंक के रिटेल बैंकिंग प्रमुख वी. वैद्यनाथन ने कहा कि होम लोन में प्रस्तावित बढ़ोतरी चालू वित्त वर्ष के अंत तक कभी भी की जा सकती है।
train,train-s5394,उन्होंने कहा कि ऑटो लोन की ब्याज दरों में भी ०.२५ से ०.५० फीसदी की बढ़ोतरी की जा सकती है ।,उन्होंने कहा कि ऑटो लोन की ब्याज दरों में भी ०.२५ से ०.५० फीसदी की बढ़ोतरी की जा सकती है।
train,train-s5395,"हालांकि, हो सकता है कि पर्सनल लोन और क्रेडिट कार्ड पर लागू दरों में बढ़ोतरी नहीं की जाए ।","हालांकि, हो सकता है कि पर्सनल लोन और क्रेडिट कार्ड पर लागू दरों में बढ़ोतरी नहीं की जाए।"
train,train-s5396,उन्होंने कहा कि जमा लागत में बढ़ोतरी का भार ग्राहकों पर डालने के अलावा बैंक के पास कोई विकल्प नहीं है ।,उन्होंने कहा कि जमा लागत में बढ़ोतरी का भार ग्राहकों पर डालने के अलावा बैंक के पास कोई विकल्प नहीं है।
train,train-s5397,गौरतलब है कि रिजर्व बैंक द्वारा मौद्रक नीति की तीसरी तिमाही की समीक्षा में रेपो और रिवर्स रेपो दर बढ़ाए जाने के बाद एचडीएफसी बैंक ने होम लोन की ब्याज दरें बढ़ा दी थीं ।,गौरतलब है कि रिजर्व बैंक द्वारा मौद्रक नीति की तीसरी तिमाही की समीक्षा में रेपो और रिवर्स रेपो दर बढ़ाए जाने के बाद एचडीएफसी बैंक ने होम लोन की ब्याज दरें बढ़ा दी थीं।
train,train-s5398,होम लोन पर ब्याज दर बढ़ाने में आईडीबीआई पीछे नहीं रहा ।,होम लोन पर ब्याज दर बढ़ाने में आईडीबीआई पीछे नहीं रहा।
train,train-s5400,भारतीय मूल के लोगों (पीआईओ) को वीजा मंजूरी में देरी की वजह से सरकार उन्हें 'वीजा - ऑन - एराइवल' मुहैया कराने को एक विकल्प के रूप में विचार कर रही है ।,भारतीय मूल के लोगों (पीआईओ) को वीजा मंजूरी में देरी की वजह से सरकार उन्हें 'वीजा-ऑन-एराइवल' मुहैया कराने को एक विकल्प के रूप में विचार कर रही है।
train,train-s5402,"बहरहाल, विभिन्न देशों में कर्मचारियों की कमी और अन्य कारणों से केवल कुछ सैकड़ों को ही वीजा मंजूरी मिलती है ।","बहरहाल, विभिन्न देशों में कर्मचारियों की कमी और अन्य कारणों से केवल कुछ सैकड़ों को ही वीजा मंजूरी मिलती है।"
train,train-s5403,इसके विकल्प के तौर पर हम लोग 'वीजा - ऑन - लाइन' की मंजूरी के लिए संबंधित मंत्रालयों से बातचीत करेंगे ।,इसके विकल्प के तौर पर हम लोग 'वीजा-ऑन-लाइन' की मंजूरी के लिए संबंधित मंत्रालयों से बातचीत करेंगे।
train,train-s5406,"जस्टिस आर. बालासुब्रह्मण्यन ने कहा, 'मैं खुद को यह कहने से रोक नहीं पा रहा हूं कि अभियोजन पक्ष द्वारा पेश किए गए दस्तावेज प्रथम दृष्टया पर्याआधार उपलब्ध करा रहे हैं कि याचिकाकर्ता एक ऐसे अपराध में दोषी प्रतीत होता है, जिसमें उसे मौत या आजीवन कारावास की सजा हो सकती है","जस्टिस आर. बालासुब्रह्मण्यन ने कहा, 'मैं खुद को यह कहने से रोक नहीं पा रहा हूं कि अभियोजन पक्ष द्वारा पेश किए गए दस्तावेज प्रथम दृष्टया पर्याआधार उपलब्ध करा रहे हैं कि याचिकाकर्ता एक ऐसे अपराध में दोषी प्रतीत होता है, जिसमें उसे मौत या आजीवन कारावास की सजा हो सकती है"
train,train-s5434,छापामार तरीके से किए गए इस प्रदर्शन के दौरान सैकड़ों लोगों को हिरासत में ले लिया गया ।,छापामार तरीके से किए गए इस प्रदर्शन के दौरान सैकड़ों लोगों को हिरासत में ले लिया गया।
train,train-s5438,"दूसरी ओर नेपाली विदेश मंत्री रमेशनाथ पांडे ने मंगलवार को विदेश मंत्री के. नटवर सिंह से मुलाकात के बाद कहा, 'मुझे विश्वास है कि हमारी बातचीत से दोनों देशों में समझ बढ़ी है ।","दूसरी ओर नेपाली विदेश मंत्री रमेशनाथ पांडे ने मंगलवार को विदेश मंत्री के. नटवर सिंह से मुलाकात के बाद कहा, 'मुझे विश्वास है कि हमारी बातचीत से दोनों देशों में समझ बढ़ी है।"
train,train-s5439,इससे सहयोग का दायरा बढ़ेगा'।,इससे सहयोग का दायरा बढ़ेगा'।
train,train-s5448,नेपाल के सर्वाधिक प्रतिष्ठित पत्रकारों में से एक कनक मणि दीक्षित को भारत में पिछले सप्ताह दो गोष्ठियों में हिस्सा लेना मंहगा पड़ा ।,नेपाल के सर्वाधिक प्रतिष्ठित पत्रकारों में से एक कनक मणि दीक्षित को भारत में पिछले सप्ताह दो गोष्ठियों में हिस्सा लेना मंहगा पड़ा।
train,train-s5449,"'हिमाल', 'हिमाल साउथ एशियन' और पाक्षिक पत्रिका 'हिमाल खबर पत्रिका' के संपादक ४९ वर्षीय दीक्षित को सोमवार की शाम हिरासत में ले लिया गया ।","'हिमाल', 'हिमाल साउथ एशियन' और पाक्षिक पत्रिका 'हिमाल खबर पत्रिका' के संपादक ४९ वर्षीय दीक्षित को सोमवार की शाम हिरासत में ले लिया गया।"
train,train-s5450,हालांकि बाद में उन्हें छोड़ दिया गया ।,हालांकि बाद में उन्हें छोड़ दिया गया।
train,train-s5452,करोड़ों लोगों ने मंगलवार को दुर्लभ खगोलीय नजारे को देखा ।,करोड़ों लोगों ने मंगलवार को दुर्लभ खगोलीय नजारे को देखा।
train,train-s5458,"चंडीगढ़, जयपुर, कोलकाता व चेन्नई में भी बादलों की अठखेलियों के कारण शुक्र के ट्रांजिट के ज्यादातर समय तक लोग आसमान में कुछ नहीं देख पाए ।","चंडीगढ़, जयपुर, कोलकाता व चेन्नई में भी बादलों की अठखेलियों के कारण शुक्र के ट्रांजिट के ज्यादातर समय तक लोग आसमान में कुछ नहीं देख पाए।"
train,train-s5459,विदेशों में भी करोड़ों लोगों ने शुक्र को सूर्य के पटल पर नजर आने और फिर धीरे - धीरे उसकी सतह से होते हुए जाते देखा ।,विदेशों में भी करोड़ों लोगों ने शुक्र को सूर्य के पटल पर नजर आने और फिर धीरे-धीरे उसकी सतह से होते हुए जाते देखा।
train,train-s5465,अमेरिकी टीम के सदस्य और नॉर्थ डकोटा यूनिवर्सिटी से अंडरग्रेजुएट विष्णु कांपुरू ने बताया कि तेज हवाओं के कारण उनका टेंट उड़ गया और कीमती उपकरणों को संभालने में काफी परेशानियों का सामना करना पड़ा ।,अमेरिकी टीम के सदस्य और नॉर्थ डकोटा यूनिवर्सिटी से अंडरग्रेजुएट विष्णु कांपुरू ने बताया कि तेज हवाओं के कारण उनका टेंट उड़ गया और कीमती उपकरणों को संभालने में काफी परेशानियों का सामना करना पड़ा।
train,train-s5466,इस टीम के अन्य सदस्य टिमोथी आर. यंग ने बताया कि दुनिया भर से विज्ञानियों द्वारा जुटाए गए आंकड़ों के अध्ययन से भविष्य में शुक्र जैसे छोटे ग्रहों की खोज करने में मदद मिलेगी ।,इस टीम के अन्य सदस्य टिमोथी आर. यंग ने बताया कि दुनिया भर से विज्ञानियों द्वारा जुटाए गए आंकड़ों के अध्ययन से भविष्य में शुक्र जैसे छोटे ग्रहों की खोज करने में मदद मिलेगी।
train,train-s5479,"माना जा रहा है कि यह मसला सुलझने के पहले किसी तरह का विवाद न खड़ा हो, इसी वजह से मंत्रालय ने सभी निदेशकों को मुंह बंद रखने की सलाह दी है ।","माना जा रहा है कि यह मसला सुलझने के पहले किसी तरह का विवाद न खड़ा हो, इसी वजह से मंत्रालय ने सभी निदेशकों को मुंह बंद रखने की सलाह दी है।"
train,train-s5486,करीब डेढ़ घंटे चली बैठक में निदेशकों ने मंत्रालय को ६ जून को अहमदाबाद में हुई बैठक में बनी राय से अवगत कराया ।,करीब डेढ़ घंटे चली बैठक में निदेशकों ने मंत्रालय को ६ जून को अहमदाबाद में हुई बैठक में बनी राय से अवगत कराया।
train,train-s5495,जहां राज्यसभा में सुबह शोरशराबे के बाद दिन भर के लिए कार्यवाही स्थगित कर दी गई वहीं लोकसभा में दो बार ऐसा करना पड़ा ।,जहां राज्यसभा में सुबह शोरशराबे के बाद दिन भर के लिए कार्यवाही स्थगित कर दी गई वहीं लोकसभा में दो बार ऐसा करना पड़ा।
train,train-s5496,इस गतिरोध को तोड़ने के लिए प्रधानमंत्री मनमोहन सिंह ने विपक्ष के नेता लालकृष्ण आडवाणी से भी मुलाकात की लेकिन कोई फायदा नहीं हुआ ।,इस गतिरोध को तोड़ने के लिए प्रधानमंत्री मनमोहन सिंह ने विपक्ष के नेता लालकृष्ण आडवाणी से भी मुलाकात की लेकिन कोई फायदा नहीं हुआ।
train,train-s5497,विपक्ष दागी मंत्रियों के इस्तीफे पर अड़ा हुआ है ।,विपक्ष दागी मंत्रियों के इस्तीफे पर अड़ा हुआ है।
train,train-s5501,"राजग सांसद नारे लगा रहे थे - चारा चोर, खजाना चोर, गद्दी छोड़ ।","राजग सांसद नारे लगा रहे थे-चारा चोर, खजाना चोर, गद्दी छोड़।"
train,train-s5511,"विपक्ष ने, प्रधानमंत्री मनमोहन सिंह को बुलाकर नेता प्रतिपक्ष की बात सुनवाने की, मांग के बाद सभापति भैरों सिंह शेखावत को सदन की कार्यवाही दिन भर के लिए स्थगित करनी पड़ी ।","विपक्ष ने, प्रधानमंत्री मनमोहन सिंह को बुलाकर नेता प्रतिपक्ष की बात सुनवाने की, मांग के बाद सभापति भैरों सिंह शेखावत को सदन की कार्यवाही दिन भर के लिए स्थगित करनी पड़ी।"
train,train-s5515,इसलिए अब सदन में प्रधानमंत्री को आकर पहले नेता प्रतिपक्ष की मांग सुननी चाहिए और उसके बाद ही आज की कार्यवाही आगे बढ़ाई जा सकती है ।,इसलिए अब सदन में प्रधानमंत्री को आकर पहले नेता प्रतिपक्ष की मांग सुननी चाहिए और उसके बाद ही आज की कार्यवाही आगे बढ़ाई जा सकती है।
train,train-s5529,नाश्ते में उन्हें चने का सतुआ और साथ में खड़ा प्याज चाहिए ।,नाश्ते में उन्हें चने का सतुआ और साथ में खड़ा प्याज चाहिए।
train,train-s5532,"इसके बाद सुबह के नाश्ते में वे चने का सत्तू, नींबू तथा छिला हुआ खड़ा प्याज लेते हैं ।","इसके बाद सुबह के नाश्ते में वे चने का सत्तू, नींबू तथा छिला हुआ खड़ा प्याज लेते हैं।"
train,train-s5536,"अन्य सब्जियां, जो लालू के मीनू में शामिल हैं उनमें कोहड़ा, लौकी, चने की दाल और कद्दू की सब्जी, सहजन, नेनुआ तथा भिंडी की सूखी सब्जी है ।","अन्य सब्जियां, जो लालू के मीनू में शामिल हैं उनमें कोहड़ा, लौकी, चने की दाल और कद्दू की सब्जी, सहजन, नेनुआ तथा भिंडी की सूखी सब्जी है।"
train,train-s5537,"इसके साथ बड़े दाने की मसूर और अरहर की दाल, तवे की रोटी, लाल किला या सोनाचुर ब्रांड का चावल, शुद्ध देशी घी और साथ में सिर्फ छिला हुआ खड़ा प्याज चाहिए ।","इसके साथ बड़े दाने की मसूर और अरहर की दाल, तवे की रोटी, लाल किला या सोनाचुर ब्रांड का चावल, शुद्ध देशी घी और साथ में सिर्फ छिला हुआ खड़ा प्याज चाहिए।"
train,train-s5539,लालू को पकौड़ी भी काफी पसंद है ।,लालू को पकौड़ी भी काफी पसंद है।
train,train-s5540,गोभी व प्याज की पकौड़ी बहुत चाव से खाते हैं ।,गोभी व प्याज की पकौड़ी बहुत चाव से खाते हैं।
train,train-s5541,मौसम की अन्य सब्जियों तथा पनीर का पकौड़ा भी चलेगा ।,मौसम की अन्य सब्जियों तथा पनीर का पकौड़ा भी चलेगा।
train,train-s5543,"लालू की ट्रेन पहुंचने पर उनके पसंदीदा भोज्य उनको मिल सके, इसकी मुकम्मल व्यवस्था बड़े स्टेशनों पर की जा रही है ।","लालू की ट्रेन पहुंचने पर उनके पसंदीदा भोज्य उनको मिल सके, इसकी मुकम्मल व्यवस्था बड़े स्टेशनों पर की जा रही है।"
train,train-s5546,चीन के एक दैनिक अखबार में प्रकाशित खबर के अनुसार एवरेस्ट की ढलान पर बिखरे करीब ६१५ टन कूड़े - कचरे की सफाई के लिए स्वयंसेवियों ने कमर कस ली है ।,चीन के एक दैनिक अखबार में प्रकाशित खबर के अनुसार एवरेस्ट की ढलान पर बिखरे करीब ६१५ टन कूड़े-कचरे की सफाई के लिए स्वयंसेवियों ने कमर कस ली है।
train,train-s5547,"इस अभियान में उन्हें समुद्र तल से करीब २२,००० फीट ऊपर की ऊंचाई पर जाना पड़ेगा ।","इस अभियान में उन्हें समुद्र तल से करीब २२,००० फीट ऊपर की ऊंचाई पर जाना पड़ेगा।"
train,train-s5548,चाइना एसोसिएशन फॉर साइंटिफिक एक्सपेडिएशन के मुताबिक कूड़े - कचरे की वजह से एवरेस्ट के पारिस्थितिक संतुलन को खतरा पैदा हो गया है ।,चाइना एसोसिएशन फॉर साइंटिफिक एक्सपेडिएशन के मुताबिक कूड़े-कचरे की वजह से एवरेस्ट के पारिस्थितिक संतुलन को खतरा पैदा हो गया है।
train,train-s5549,एवरेस्ट सफाई अभियान दल के अध्यक्ष गावो डेंग्याई के अनुसार पिछले कई वर्षो के दौरान पर्वतारोहियों द्वारा बिखेरे गए कूड़े कचरे से इस पर्वत चोटी का पारिस्थितिक संतुलन प्रभावित हुआ है ।,एवरेस्ट सफाई अभियान दल के अध्यक्ष गावो डेंग्याई के अनुसार पिछले कई वर्षो के दौरान पर्वतारोहियों द्वारा बिखेरे गए कूड़े कचरे से इस पर्वत चोटी का पारिस्थितिक संतुलन प्रभावित हुआ है।
train,train-s5550,"डेंग्याई के अनुसार १९२१ व १९६० के दौरान ८८४८ मीटर ऊंचे एवरेस्ट पर चढ़ने वालों की संख्या केवल १५ थी, जबकि अब इस क्षेत्र में हर साल २०,००० से ज्यादा लोग जाने लगे हैं ।","डेंग्याई के अनुसार १९२१ व १९६० के दौरान ८८४८ मीटर ऊंचे एवरेस्ट पर चढ़ने वालों की संख्या केवल १५ थी, जबकि अब इस क्षेत्र में हर साल २०,००० से ज्यादा लोग जाने लगे हैं।"
train,train-s5551,तेल घोटाले में घिरे केंद्रीय मंत्री नटवर सिंह ने मंगलवार को चुप्पी तोड़ते हुए कहा कि वे संसद में अपने ऊपर लगे आरोपों का जवाब देंगे ।,तेल घोटाले में घिरे केंद्रीय मंत्री नटवर सिंह ने मंगलवार को चुप्पी तोड़ते हुए कहा कि वे संसद में अपने ऊपर लगे आरोपों का जवाब देंगे।
train,train-s5555,नटवर ने कहा कि उनके घर पर जुटी समर्थकों की भीड़ किसी तरह का शक्ति प्रदर्शन नहीं है ।,नटवर ने कहा कि उनके घर पर जुटी समर्थकों की भीड़ किसी तरह का शक्ति प्रदर्शन नहीं है।
train,train-s5556,"वे कोई ऐसा काम नहीं करेंगे, जिससे खुद उनको या समर्थकों को अपना सिर झुकाना पड़े ।","वे कोई ऐसा काम नहीं करेंगे, जिससे खुद उनको या समर्थकों को अपना सिर झुकाना पड़े।"
train,train-s5568,"ये लोग उनके बंगले में जमा थे, जहां से एकाएक सात रेसकोर्स रोड स्थित प्रधानमंत्री आवास की ओर बढ़ गए ।","ये लोग उनके बंगले में जमा थे, जहां से एकाएक सात रेसकोर्स रोड स्थित प्रधानमंत्री आवास की ओर बढ़ गए।"
train,train-s5585,हुर्यित नेताओं की इस 'जुर्रत' से खफा पाटिल ने हुर्यित नेताओं के पाकिस्तान के इशारे पर चलने की बात कही थी ।,हुर्यित नेताओं की इस 'जुर्रत' से खफा पाटिल ने हुर्यित नेताओं के पाकिस्तान के इशारे पर चलने की बात कही थी।
train,train-s5587,हालात यहां तक पहुंच गए कि यूपीए समन्वय समिति की एक बैठक में पाटिल को खुद सफाई देने जाना पड़ा था ।,हालात यहां तक पहुंच गए कि यूपीए समन्वय समिति की एक बैठक में पाटिल को खुद सफाई देने जाना पड़ा था।
train,train-s5591,पर प्रधानमंत्री मनमोहन सिंह ने यह परंपरा तोड़ते हुए रक्षा मंत्री प्रणव मुखर्जी को ज्यादा तरजीह दी ।,पर प्रधानमंत्री मनमोहन सिंह ने यह परंपरा तोड़ते हुए रक्षा मंत्री प्रणव मुखर्जी को ज्यादा तरजीह दी।
train,train-s5593,सर क्रीक क्षेत्र में भारत - पाकिस्तान के संयुक्त पुन: सर्वेक्षण पर कच्छ के कुछ वरिष्ठ नेताओं ने कड़ी आपत्ति जताई है ।,सर क्रीक क्षेत्र में भारत-पाकिस्तान के संयुक्त पुन: सर्वेक्षण पर कच्छ के कुछ वरिष्ठ नेताओं ने कड़ी आपत्ति जताई है।
train,train-s5610,अंडमान द्वीप समूह के निकट हिंद महासागर में जलस्तर बढ़ने की खबर से द्वीप के लोग घबराए हुए हैं ।,अंडमान द्वीप समूह के निकट हिंद महासागर में जलस्तर बढ़ने की खबर से द्वीप के लोग घबराए हुए हैं।
train,train-s5611,मौसम विभाग का कहना है कि १२ जनवरी तक अंडमान के निकट हिंद महासागर का जलस्तर एक मीटर तक बढ़ा रहेगा ।,मौसम विभाग का कहना है कि १२ जनवरी तक अंडमान के निकट हिंद महासागर का जलस्तर एक मीटर तक बढ़ा रहेगा।
train,train-s5614,१२ जनवरी तक अंडमान निकोबार द्वीप समूह के आसपास हिंद महासागर में पानी का जलस्तर एक मीटर बढ़ने की खबर से द्वीप के निचले इलाकों में रहने वाले लोगों में घबराहट है ।,१२ जनवरी तक अंडमान निकोबार द्वीप समूह के आसपास हिंद महासागर में पानी का जलस्तर एक मीटर बढ़ने की खबर से द्वीप के निचले इलाकों में रहने वाले लोगों में घबराहट है।
train,train-s5617,जलस्तर बढ़ने के बारे में उन्होंने कहा कि यह एक अनजान प्रक्रिया है ।,जलस्तर बढ़ने के बारे में उन्होंने कहा कि यह एक अनजान प्रक्रिया है।
train,train-s5619,समुद्र थोड़ा बहुत अशांत रह सकता है ।,समुद्र थोड़ा बहुत अशांत रह सकता है।
train,train-s5639,मीडिया में इसे लेकर तीखी प्रतिक्रिया देखने को मिली कि पहले से भीड़भाड़ वाले इलाकों में पीक समय में इतने बड़े पैमाने पर जुलूस निकालने का औचित्य क्या है ।,मीडिया में इसे लेकर तीखी प्रतिक्रिया देखने को मिली कि पहले से भीड़भाड़ वाले इलाकों में पीक समय में इतने बड़े पैमाने पर जुलूस निकालने का औचित्य क्या है।
train,train-s5640,कुछ सिक्ख नेता इस पर चिंतित नजर आते हैं कि इस जुलूस के कारण सड़क पर तीन - चार किलोमीटर तक वाहनों की लंबी कतार लग गई ।,कुछ सिक्ख नेता इस पर चिंतित नजर आते हैं कि इस जुलूस के कारण सड़क पर तीन-चार किलोमीटर तक वाहनों की लंबी कतार लग गई।
train,train-s5643,जिससे जुलूस के आगे बढ़ने में कोई बाधा नहीं आए ।,जिससे जुलूस के आगे बढ़ने में कोई बाधा नहीं आए।
train,train-s5656,उनका सुझाव है कि जब भीड़ न रहती हो तो सुबह सवेरे जुलूस निकाला जा सकता है ।,उनका सुझाव है कि जब भीड़ न रहती हो तो सुबह सवेरे जुलूस निकाला जा सकता है।
train,train-s5664,'द संडे लीडर' नामक समाचार की रिपोर्ट के मुताबिक राष्ट्रपति चंद्रिका कुमारतुंगा ने अन्नान को लिट्टे प्रभावित इलाके में जाने से रोका ।,'द संडे लीडर' नामक समाचार की रिपोर्ट के मुताबिक राष्ट्रपति चंद्रिका कुमारतुंगा ने अन्नान को लिट्टे प्रभावित इलाके में जाने से रोका।
train,train-s5673,इससे भी महत्वपूर्ण बात यह थी कि वह पीड़ितों से उनकी समस्याएं और सरकार से उनकी अपेक्षाओं के बारे में सुनना चाहते थे ।,इससे भी महत्वपूर्ण बात यह थी कि वह पीड़ितों से उनकी समस्याएं और सरकार से उनकी अपेक्षाओं के बारे में सुनना चाहते थे।
train,train-s5677,रनवे के एक किनारे अब भी मलबे का ढेर पड़ा है ।,रनवे के एक किनारे अब भी मलबे का ढेर पड़ा है।
train,train-s5678,फिलहाल इस एयर बेस से अभी एएन - ३२ और अन्य छोटे विमान ही उड़ान भर सकते हैं ।,फिलहाल इस एयर बेस से अभी एएन-३२ और अन्य छोटे विमान ही उड़ान भर सकते हैं।
train,train-s5683,अधिकारी ने बताया कि कुछ ही मिनट बाद गर्जना करती लहरें लौटने लगी और उनकी ऊंचाई बढ़ने लगी ।,अधिकारी ने बताया कि कुछ ही मिनट बाद गर्जना करती लहरें लौटने लगी और उनकी ऊंचाई बढ़ने लगी।
train,train-s5690,हवाई अड्डे पर कतारबद्ध खड़े सैनिकों से प्रधानमंत्री ने कहा कि देश को आप पर गर्व है ।,हवाई अड्डे पर कतारबद्ध खड़े सैनिकों से प्रधानमंत्री ने कहा कि देश को आप पर गर्व है।
train,train-s5691,राहत कैंप की ओर रवाना होते समय मनमोहन सिंह को पता चला कि पूरा मलक्का गांव सुनामी की भेंट चढ़ गया ।,राहत कैंप की ओर रवाना होते समय मनमोहन सिंह को पता चला कि पूरा मलक्का गांव सुनामी की भेंट चढ़ गया।
train,train-s5692,तूफान में बच गए लोगों के घावों पर मरहम लगाते हुए प्रधानमंत्री ने कहा कि दुख की इस घड़ी में पूरा देश आपके साथ है ।,तूफान में बच गए लोगों के घावों पर मरहम लगाते हुए प्रधानमंत्री ने कहा कि दुख की इस घड़ी में पूरा देश आपके साथ है।
train,train-s5700,"उन्होंने बताया कि पिछले ३५ सालों में उन्होंने जो कुछ बनाया था, सब कुछ तूफान की भेंट चढ़ गया ।","उन्होंने बताया कि पिछले ३५ सालों में उन्होंने जो कुछ बनाया था, सब कुछ तूफान की भेंट चढ़ गया।"
train,train-s5701,आंखों में आंसू लिए परमजीत कौर हाथ जोड़कर प्रधानमंत्री से अपने परिवार को पंजाब में बसाने का निवेदन करती हैं ।,आंखों में आंसू लिए परमजीत कौर हाथ जोड़कर प्रधानमंत्री से अपने परिवार को पंजाब में बसाने का निवेदन करती हैं।
train,train-s5705,"हरियाणा में करनाल व अंबाला अभी सबसे ठंडे चल रहे हैं जबकि राजधानी दिल्ली में रविवार तड़के कोहरे का असर देखा गया, लेकिन इससे उड़ानें प्रभावित नहीं हुई ।","हरियाणा में करनाल व अंबाला अभी सबसे ठंडे चल रहे हैं जबकि राजधानी दिल्ली में रविवार तड़के कोहरे का असर देखा गया, लेकिन इससे उड़ानें प्रभावित नहीं हुई।"
train,train-s5709,इसी तरह हरियाणा व पंजाब में कुछ स्थानों पर छींटे पड़ने की उम्मीद है ।,इसी तरह हरियाणा व पंजाब में कुछ स्थानों पर छींटे पड़ने की उम्मीद है।
train,train-s5711,एयरपोर्ट सूत्रों ने बताया कि उड़ानों के समय पर इसका प्रभाव नहीं पड़ा ।,एयरपोर्ट सूत्रों ने बताया कि उड़ानों के समय पर इसका प्रभाव नहीं पड़ा।
train,train-s5715,मौसम विभाग ने अगले दो दिनों में हिमाचल के कुछ भागों में हल्की बारिश और पंजाब व हरियाणा के कुछ हिस्सों में हल्की बारिश या गरज के साथ छींटे पड़ने की संभावना व्यक्त की है ।,मौसम विभाग ने अगले दो दिनों में हिमाचल के कुछ भागों में हल्की बारिश और पंजाब व हरियाणा के कुछ हिस्सों में हल्की बारिश या गरज के साथ छींटे पड़ने की संभावना व्यक्त की है।
train,train-s5716,व्यापारियों ने अप्रैल से मूल्य संवर्द्धित कर (वैट) लागू करने के खिलाफ २९ मार्च से चार दिन की हड़ताल करने की धमकी दी है ।,व्यापारियों ने अप्रैल से मूल्य संवर्द्धित कर (वैट) लागू करने के खिलाफ २९ मार्च से चार दिन की हड़ताल करने की धमकी दी है।
train,train-s5717,अखिल भारतीय उद्योग व्यापार मंडल के अध्यक्ष संदीप बंसल ने बुधवार को एक दिन की सांकेतिक हड़ताल के बाद संवाददाताओं को बताया कि वह पूरे भारत में २९ मार्च से १ अप्रैल तक ९६ घंटे का बंद रखेंगे ।,अखिल भारतीय उद्योग व्यापार मंडल के अध्यक्ष संदीप बंसल ने बुधवार को एक दिन की सांकेतिक हड़ताल के बाद संवाददाताओं को बताया कि वह पूरे भारत में २९ मार्च से १ अप्रैल तक ९६ घंटे का बंद रखेंगे।
train,train-s5719,सरकार को यह चेतावनी देते हुए वैट लागू होने से महंगाई बढ़ेगी उन्होंने राज्य सरकार से इस नई टैक्स प्रणाली को नहीं लागू करने की अपील की ।,सरकार को यह चेतावनी देते हुए वैट लागू होने से महंगाई बढ़ेगी उन्होंने राज्य सरकार से इस नई टैक्स प्रणाली को नहीं लागू करने की अपील की।
train,train-s5720,उन्होंने कहा कि वह किसी भी हद तक लड़ेंगे लेकिन वैट को स्वीकार नहीं करेंगे ।,उन्होंने कहा कि वह किसी भी हद तक लड़ेंगे लेकिन वैट को स्वीकार नहीं करेंगे।
train,train-s5731,चटर्जी ने भारत की संसद और नागरिकों की ओर से दुख व्यक्त करते हुए कहा है कि संकट की इस घड़ी में पूरा देश उनके साथ है ।,चटर्जी ने भारत की संसद और नागरिकों की ओर से दुख व्यक्त करते हुए कहा है कि संकट की इस घड़ी में पूरा देश उनके साथ है।
train,train-s5732,लोक सभा सचिवालय से जारी विज्ञप्ति के मुताबिक चटर्जी ने भेजे शोक संदेश में कहा है 'मुझे पूरा विश्वास है कि पाकिस्तान के लोग एकजुट होकर इस दुख का मुकाबला करेंगे,लोक सभा सचिवालय से जारी विज्ञप्ति के मुताबिक चटर्जी ने भेजे शोक संदेश में कहा है 'मुझे पूरा विश्वास है कि पाकिस्तान के लोग एकजुट होकर इस दुख का मुकाबला करेंगे
train,train-s5733,राष्ट्रीय महिला आयोग अब गांवों की ओर चल पड़ा है ।,राष्ट्रीय महिला आयोग अब गांवों की ओर चल पड़ा है।
train,train-s5739,इसी दौरान यह सर्वे भी होगा कि कितने बच्चों का दाखिला स्कूल में नहीं हो पाया है और उनके स्कूल नहीं जाने या स्कूल छोड़ने की क्या वजह है ।,इसी दौरान यह सर्वे भी होगा कि कितने बच्चों का दाखिला स्कूल में नहीं हो पाया है और उनके स्कूल नहीं जाने या स्कूल छोड़ने की क्या वजह है।
train,train-s5742,"जानकारी के मुताबिक आयोग में देश के तमाम राज्यों से महिलाओं के प्रति होने वाले अपराध या अन्य मामले दर्ज होते हैं, लेकिन उत्तर - पूर्वी राज्यों में से असम को छोड़कर अन्य किसी भी राज्य से मामले न के बराबर आते हैं ।","जानकारी के मुताबिक आयोग में देश के तमाम राज्यों से महिलाओं के प्रति होने वाले अपराध या अन्य मामले दर्ज होते हैं, लेकिन उत्तर-पूर्वी राज्यों में से असम को छोड़कर अन्य किसी भी राज्य से मामले न के बराबर आते हैं।"
train,train-s5744,इस योजना के तहत यह भी जांच पड़ताल की जाएगी कि आखिर किन वजहों से इन राज्यों के मामले आयोग तक नहीं पहुंच पाते हैं?,इस योजना के तहत यह भी जांच पड़ताल की जाएगी कि आखिर किन वजहों से इन राज्यों के मामले आयोग तक नहीं पहुंच पाते हैं?
train,train-s5745,"पाकिस्तान ने कहा है कि जम्मू - कश्मीर में बगलिहार पनबिजली परियोजना पर गतिरोध दूर करने के लिए हुई वार्ता की असफलता का दोनों देशों के बीच चल रही वार्ता प्रक्रिया पर सीधे तौर पर असर नहीं पड़ेगा, लेकिन इसका परोक्ष प्रभाव पड़ सकता है ।","पाकिस्तान ने कहा है कि जम्मू-कश्मीर में बगलिहार पनबिजली परियोजना पर गतिरोध दूर करने के लिए हुई वार्ता की असफलता का दोनों देशों के बीच चल रही वार्ता प्रक्रिया पर सीधे तौर पर असर नहीं पड़ेगा, लेकिन इसका परोक्ष प्रभाव पड़ सकता है।"
train,train-s5747,उन्होंने कहा कि दोनों देश आपसी भरोसा बढ़ाने का वातावरण बनाने का प्रयास कर रहे थे ।,उन्होंने कहा कि दोनों देश आपसी भरोसा बढ़ाने का वातावरण बनाने का प्रयास कर रहे थे।
train,train-s5748,हमें अविश्वास घटाने और भरोसा बढ़ाने वाले उपायों के साथ कठिन मुद्दों को सुलझाना चाहिए ।,हमें अविश्वास घटाने और भरोसा बढ़ाने वाले उपायों के साथ कठिन मुद्दों को सुलझाना चाहिए।
train,train-s5760,'यह खारेपन की सर्वाधिक मात्रा है और इस स्थिति में खेत में धान की फसल नहीं उगाई जा सकती ।,'यह खारेपन की सर्वाधिक मात्रा है और इस स्थिति में खेत में धान की फसल नहीं उगाई जा सकती।
train,train-s5764,इलांगो ने कहा कि मैं अब भी हैरत में डालने वाले इन आंकड़ों का विश्लेषण कर रहा हूं और जिला कलेक्टर गगनदीप सिंह को स्थिति से जल्द ही अवगत कराऊंगा ।,इलांगो ने कहा कि मैं अब भी हैरत में डालने वाले इन आंकड़ों का विश्लेषण कर रहा हूं और जिला कलेक्टर गगनदीप सिंह को स्थिति से जल्द ही अवगत कराऊंगा।
train,train-s5767,'कोर ग्रुप ऑफ तिब्बतन कॉज़' का कहना है कि केंद्र सरकार को तिब्बत को स्वायत्ता दिलाने के लिए चीनी प्रधानमंत्री से बेहद साफ अल्फाज़ में बात करनी चाहिए ।,'कोर ग्रुप ऑफ तिब्बतन कॉज़' का कहना है कि केंद्र सरकार को तिब्बत को स्वायत्ता दिलाने के लिए चीनी प्रधानमंत्री से बेहद साफ अल्फाज़ में बात करनी चाहिए।
train,train-s5773,तिब्बत में बिछाई जा रही रेलवे लाइन पर चिंता जताते हुए उन्होंने कहा कि यह रेलवे लाइन भारत के लिए बड़ा खतरा बन सकती है ।,तिब्बत में बिछाई जा रही रेलवे लाइन पर चिंता जताते हुए उन्होंने कहा कि यह रेलवे लाइन भारत के लिए बड़ा खतरा बन सकती है।
train,train-s5775,इस वक्त चीन को बख्तरबंद गाडियां व टैंक जैसे हथियारों को लाने में काफी दिक्कतों का सामना करना पड़ता है ।,इस वक्त चीन को बख्तरबंद गाडियां व टैंक जैसे हथियारों को लाने में काफी दिक्कतों का सामना करना पड़ता है।
train,train-s5791,पर सरकार को तिब्बत की हकीकत से मुंह नहीं मोड़ना चाहिए ।,पर सरकार को तिब्बत की हकीकत से मुंह नहीं मोड़ना चाहिए।
train,train-s5793,चीन सरकार के तिब्बत में रेलवे लाइन बिछाने के काम को पूरा होने के बाद हमें अपनी सीमाओं की सुरक्षा व्यवस्था की समीक्षा करनी पड़ेगी ।,चीन सरकार के तिब्बत में रेलवे लाइन बिछाने के काम को पूरा होने के बाद हमें अपनी सीमाओं की सुरक्षा व्यवस्था की समीक्षा करनी पड़ेगी।
train,train-s5812,"वह सोमवार को स्कूल पढ़ने गया था, पर उसके बाद से लौटकर घर नहीं आया ।","वह सोमवार को स्कूल पढ़ने गया था, पर उसके बाद से लौटकर घर नहीं आया।"
train,train-s5817,अपहर्ताओं ने धमकाया कि अगर फिरौती नहीं दी तो 'कुछ भी' हो सकता है ।,अपहर्ताओं ने धमकाया कि अगर फिरौती नहीं दी तो 'कुछ भी' हो सकता है।
train,train-s5829,उल्लेखनीय है कि किसी भी रेलगाड़ी के लिए गार्डो की भूमिका अहम होती है ।,उल्लेखनीय है कि किसी भी रेलगाड़ी के लिए गार्डो की भूमिका अहम होती है।
train,train-s5830,गाड़ी को रवाना होने वाले स्टेशन से लेकर गंतव्य तक पहुंचाने की जिम्मेदारी गार्ड पर होती है ।,गाड़ी को रवाना होने वाले स्टेशन से लेकर गंतव्य तक पहुंचाने की जिम्मेदारी गार्ड पर होती है।
train,train-s5832,विभाग के एक पदाधिकारी के अनुसार गार्ड का यह अहम किरदार समझौता एक्सप्रेस जैसी संवेदनशील गाड़ी से गायब है ।,विभाग के एक पदाधिकारी के अनुसार गार्ड का यह अहम किरदार समझौता एक्सप्रेस जैसी संवेदनशील गाड़ी से गायब है।
train,train-s5833,"सूत्रों की मानें तो वाघा से अटारी तक सफर करने वाली इस गाड़ी के गार्डो का वीजा ३१ दिसंबर को खत्म हुआ था, मगर इसके बाद नहीं बनाया गया ।","सूत्रों की मानें तो वाघा से अटारी तक सफर करने वाली इस गाड़ी के गार्डो का वीजा ३१ दिसंबर को खत्म हुआ था, मगर इसके बाद नहीं बनाया गया।"
train,train-s5834,दोनों देशों के बीच हुए समझौते के तहत लाहौर से दिल्ली व दिल्ली से लाहौर तक चलने वाली इस गाड़ी में छह - छह महीने तक वाघा - अटारी व अटारी - वाघा तक दोनों देशों के गार्ड बारी - बारी से ड्यूटी करते हैं ।,दोनों देशों के बीच हुए समझौते के तहत लाहौर से दिल्ली व दिल्ली से लाहौर तक चलने वाली इस गाड़ी में छह-छह महीने तक वाघा-अटारी व अटारी-वाघा तक दोनों देशों के गार्ड बारी-बारी से ड्यूटी करते हैं।
train,train-s5838,"भारतीय अधिकारियों का कहना है कि हालांकि यह सारा सफर मात्र एक - डेढ़ किलोमीटर का है, मगर दो देशों की सरहदों का मामला होने के कारण हजारों किलोमीटर से भी ज्यादा संवेदनशील व अहमियत रखता है ।","भारतीय अधिकारियों का कहना है कि हालांकि यह सारा सफर मात्र एक-डेढ़ किलोमीटर का है, मगर दो देशों की सरहदों का मामला होने के कारण हजारों किलोमीटर से भी ज्यादा संवेदनशील व अहमियत रखता है।"
train,train-s5839,रक्षा सामग्री खरीद घोटाले के संबंध में सुप्रीम कोर्ट में दूसरा हलफनामा दायर करने के केंद्र के फैसले पर जॉर्ज फर्नाँडिस ने कड़ी नाराजगी जताई है ।,रक्षा सामग्री खरीद घोटाले के संबंध में सुप्रीम कोर्ट में दूसरा हलफनामा दायर करने के केंद्र के फैसले पर जॉर्ज फर्नाँडिस ने कड़ी नाराजगी जताई है।
train,train-s5850,कोर्ट ने कहा कि नामांकन में प्रत्याशियों से यह घोषणा करा ली जाए कि वह किस प्रदेश का निवासी है और कहां से चुनाव लड़ना चाहता है ।,कोर्ट ने कहा कि नामांकन में प्रत्याशियों से यह घोषणा करा ली जाए कि वह किस प्रदेश का निवासी है और कहां से चुनाव लड़ना चाहता है।
train,train-s5860,इन संस्थानों के वैज्ञानिक जात्रोपा प्रजाति के पेड़ों से ईंधन तैयार करने में जुटे हैं ।,इन संस्थानों के वैज्ञानिक जात्रोपा प्रजाति के पेड़ों से ईंधन तैयार करने में जुटे हैं।
train,train-s5863,"विश्वविद्यालय के बायो - इनर्जी विभाग के वैज्ञानिकों ने इस सप्ताह किसान दिवस के मौके पर डीजल और पेट्रोल के जिन १४ विकल्पों को प्रदर्शित किया, उनमें इस पेड़ से निकला तेल भी शामिल था ।","विश्वविद्यालय के बायो-इनर्जी विभाग के वैज्ञानिकों ने इस सप्ताह किसान दिवस के मौके पर डीजल और पेट्रोल के जिन १४ विकल्पों को प्रदर्शित किया, उनमें इस पेड़ से निकला तेल भी शामिल था।"
train,train-s5864,विश्वविद्यालय ने अपने परिसर में डेढ़ लाख रुपये की मदद से बायो - ईंधन प्लांट लगाया है ।,विश्वविद्यालय ने अपने परिसर में डेढ़ लाख रुपये की मदद से बायो-ईंधन प्लांट लगाया है।
train,train-s5873,यहां तक कि भारतीय रेलवे ने जात्रोपा के पेड़ों की खेती भी शुरू कर दी है ।,यहां तक कि भारतीय रेलवे ने जात्रोपा के पेड़ों की खेती भी शुरू कर दी है।
train,train-s5874,विरुधनगर रेलवे स्टेशन के पास एक एकड़ भूखंड पर जात्रोपा के पौधे लगाए गए थे ।,विरुधनगर रेलवे स्टेशन के पास एक एकड़ भूखंड पर जात्रोपा के पौधे लगाए गए थे।
train,train-s5875,पिछले महीने नल्लूर रेलवे स्टेशन के पास तीन एकड़ भूखंड पर जात्रोपा के पौधे लगाए गए ।,पिछले महीने नल्लूर रेलवे स्टेशन के पास तीन एकड़ भूखंड पर जात्रोपा के पौधे लगाए गए।
train,train-s5878,इस पर तेजी से अमल किया जा रहा है और अगर सब कुछ ठीक - ठाक रहा तो लगभग डेढ़ वर्ष में यह योजना साकार हो जाएगी ।,इस पर तेजी से अमल किया जा रहा है और अगर सब कुछ ठीक-ठाक रहा तो लगभग डेढ़ वर्ष में यह योजना साकार हो जाएगी।
train,train-s5888,राज्य सरकार को उम्मीद है कि यह मैडम तुसाद संग्रहालय की तरह ही भीड़ खींचेगा ।,राज्य सरकार को उम्मीद है कि यह मैडम तुसाद संग्रहालय की तरह ही भीड़ खींचेगा।
train,train-s5890,यह लंदन के सर्वाधिक भीड़खींचू स्थलों में से एक माना जाता है ।,यह लंदन के सर्वाधिक भीड़खींचू स्थलों में से एक माना जाता है।
train,train-s5892,तीन अप्रैल को हुए पहले चरण के चुनाव के समान इस बार भी कानून व्यवस्था की किसी बड़ी गड़बड़ी की आशंका नहीं है ।,तीन अप्रैल को हुए पहले चरण के चुनाव के समान इस बार भी कानून व्यवस्था की किसी बड़ी गड़बड़ी की आशंका नहीं है।
train,train-s5901,"सड़कों की स्थिति बुरी है, स्वास्थ्य सुविधाओं की हालत खस्ता है और बेरोजगारी एक बड़ी समस्या है ।","सड़कों की स्थिति बुरी है, स्वास्थ्य सुविधाओं की हालत खस्ता है और बेरोजगारी एक बड़ी समस्या है।"
train,train-s5904,सार्वजनिक क्षेत्र की कंपनियों (पीएसयू) में यूपीए सरकार की विनिवेश योजना के खटाई में पड़ने के संकेत दिखाई दे रहे हैं ।,सार्वजनिक क्षेत्र की कंपनियों (पीएसयू) में यूपीए सरकार की विनिवेश योजना के खटाई में पड़ने के संकेत दिखाई दे रहे हैं।
train,train-s5913,गौरतलब है कि वित्त वर्ष २००४ - ०५ में नाल्को का लाभ ६६ फीसदी बढ़कर १२२२ करोड़ रुपये रहा ।,गौरतलब है कि वित्त वर्ष २००४-०५ में नाल्को का लाभ ६६ फीसदी बढ़कर १२२२ करोड़ रुपये रहा।
train,train-s5930,पाक दैनिक 'द न्यूज' ने रिपोर्ट छापी थी कि अजीज भारतीय उच्चायुक्त शिवशंकर मेनन के साथ नई दिल्ली गए और वहां दीक्षित से बातचीत कर वाघा सीमा के रास्ते लौट आए ।,पाक दैनिक 'द न्यूज' ने रिपोर्ट छापी थी कि अजीज भारतीय उच्चायुक्त शिवशंकर मेनन के साथ नई दिल्ली गए और वहां दीक्षित से बातचीत कर वाघा सीमा के रास्ते लौट आए।
train,train-s5931,इसके अलावा पाकिस्तानी विदेश मंत्री खुर्शीद कसूरी ने पाकिस्तान में भारतीय उच्चायुक्त शिवशंकर मेनन से मुलाकात के दौरान बुधवार को कहा कि ईरान से भारत तक आने वाली गैस पाइपलाइन के पाकिस्तान में पड़ रहे हिस्से की सुरक्षा की जिम्मेदारी लेने में उन्हें बहुत खुशी होगी ।,इसके अलावा पाकिस्तानी विदेश मंत्री खुर्शीद कसूरी ने पाकिस्तान में भारतीय उच्चायुक्त शिवशंकर मेनन से मुलाकात के दौरान बुधवार को कहा कि ईरान से भारत तक आने वाली गैस पाइपलाइन के पाकिस्तान में पड़ रहे हिस्से की सुरक्षा की जिम्मेदारी लेने में उन्हें बहुत खुशी होगी।
train,train-s5947,ऐसा माना जा रहा है कि कामथ ने रिलायंस समूह का मूल्य ८०००० करोड़ रुपये आंका है ।,ऐसा माना जा रहा है कि कामथ ने रिलायंस समूह का मूल्य ८०००० करोड़ रुपये आंका है।
train,train-s5952,कुछ दिन पहले तक दोनों भाइयों में से कोई भी इसे छोड़ने को तैयार नहीं था ।,कुछ दिन पहले तक दोनों भाइयों में से कोई भी इसे छोड़ने को तैयार नहीं था।
train,train-s5961,बैंकर्स ने रिलायंस इंफोकॉम की कीमत ५०००० करोड़ रुपये बताई है ।,बैंकर्स ने रिलायंस इंफोकॉम की कीमत ५०००० करोड़ रुपये बताई है।
train,train-s5962,मौजूदा वित्त वर्ष के नौ महीनों में आरआईएल का लाभ ५२०० करोड़ रुपये रहा है ।,मौजूदा वित्त वर्ष के नौ महीनों में आरआईएल का लाभ ५२०० करोड़ रुपये रहा है।
train,train-s5964,जबकि इंफोकॉम को अपनी मेगा परियोजना पूरी होने के लिए अभी १०००० करोड़ रुपये की दरकार है और इसके बाद ही यह कंपनी प्रमोटर्स को लाभ देना शुरू करेगी ।,जबकि इंफोकॉम को अपनी मेगा परियोजना पूरी होने के लिए अभी १०००० करोड़ रुपये की दरकार है और इसके बाद ही यह कंपनी प्रमोटर्स को लाभ देना शुरू करेगी।
train,train-s5966,प्रधानमंत्री मनमोहन सिंह १४ नवंबर को आंध्र प्रदेश के रंगारेड्डी जिले से इस कार्यक्रम की शुरुआत करने जा रहे हैं लेकिन इस कार्यक्रम को लेकर अभी से विवाद खड़ा हो गया है ।,प्रधानमंत्री मनमोहन सिंह १४ नवंबर को आंध्र प्रदेश के रंगारेड्डी जिले से इस कार्यक्रम की शुरुआत करने जा रहे हैं लेकिन इस कार्यक्रम को लेकर अभी से विवाद खड़ा हो गया है।
train,train-s5968,ऐसे कई राज्य हैं जो आंध्र प्रदेश से ज्यादा पिछड़े हैं ।,ऐसे कई राज्य हैं जो आंध्र प्रदेश से ज्यादा पिछड़े हैं।
train,train-s5970,कुछ बड़े राज्यों की नाराजगी की वजह यह है कि पिछड़े होने के बावजूद वहां से ज्यादा जिलों को इस योजना में शामिल नहीं किया गया है ।,कुछ बड़े राज्यों की नाराजगी की वजह यह है कि पिछड़े होने के बावजूद वहां से ज्यादा जिलों को इस योजना में शामिल नहीं किया गया है।
train,train-s5979,विवाद जिलों की संख्या को लेकर भी खड़ा हो रहा है ।,विवाद जिलों की संख्या को लेकर भी खड़ा हो रहा है।
train,train-s5982,मंत्रालय के मुताबिक जिलों के चयन के लिए योजना आयोग के सलाहकार 'ग्रामीण विकास' की अध्यक्षता में टास्क फोर्स का गठन किया गया था ।,मंत्रालय के मुताबिक जिलों के चयन के लिए योजना आयोग के सलाहकार 'ग्रामीण विकास' की अध्यक्षता में टास्क फोर्स का गठन किया गया था।
train,train-s5987,"उनका कहना है, 'केंद्र सरकार के कामकाज का तरीका अक्सर दोषपूर्ण दिख रहा है","उनका कहना है, 'केंद्र सरकार के कामकाज का तरीका अक्सर दोषपूर्ण दिख रहा है"
train,train-s5989,बिहार और उड़ीसा को केंद्र ने विशेष आर्थिक पैकेज दिए जबकि उत्तर प्रदेश की मांग को नजरअंदाज किया जा रहा है ।,बिहार और उड़ीसा को केंद्र ने विशेष आर्थिक पैकेज दिए जबकि उत्तर प्रदेश की मांग को नजरअंदाज किया जा रहा है।
train,train-s5990,राकेश शर्मा या दिवंगत कल्पना चावला की तरह शायद अब किसी भारतीय को अंतरिक्ष की सैर करने के लिए विदेशी यान की जरूरत न पड़े ।,राकेश शर्मा या दिवंगत कल्पना चावला की तरह शायद अब किसी भारतीय को अंतरिक्ष की सैर करने के लिए विदेशी यान की जरूरत न पड़े।
train,train-s6002,नायर ने कहा कि प्रस्तावित 'चंद्रायन मून मिशन' इसरो के लिए मील का पत्थर साबित होगा ।,नायर ने कहा कि प्रस्तावित 'चंद्रायन मून मिशन' इसरो के लिए मील का पत्थर साबित होगा।
train,train-s6007,इस दौरान प्रधानमंत्री पूर्व एशियाई सम्मेलन में एशियाई आर्थिक संघ की अपनी पहल को आगे बढ़ाएंगे ।,इस दौरान प्रधानमंत्री पूर्व एशियाई सम्मेलन में एशियाई आर्थिक संघ की अपनी पहल को आगे बढ़ाएंगे।
train,train-s6015,'पूर्वी एशिया समुदाय' की अवधारणा के पीछे पूर्वी एशियाई अर्थव्यवस्था को एकीकृत करने का उद्देश्य छुपा हुआ है ।,'पूर्वी एशिया समुदाय' की अवधारणा के पीछे पूर्वी एशियाई अर्थव्यवस्था को एकीकृत करने का उद्देश्य छुपा हुआ है।
train,train-s6020,पिछले एक वर्ष में भारत - आसियान व्यापार में शानदार ४०.८ फीसदी की बढ़ोतरी हुई है ।,पिछले एक वर्ष में भारत-आसियान व्यापार में शानदार ४०.८ फीसदी की बढ़ोतरी हुई है।
train,train-s6024,"एक अन्य सवाल के जवाब में कोलंबो स्थित अमरीकी दूतावास की ओर से जारी आंकड़ों का हवाला देते हुए उन्होंने कहा कि श्रीलंका में करीब ८३० अमरीकी सशस्त्र सैनिक तैनात हैं, जिनमें ७०० नौसैनिक हैं ।","एक अन्य सवाल के जवाब में कोलंबो स्थित अमरीकी दूतावास की ओर से जारी आंकड़ों का हवाला देते हुए उन्होंने कहा कि श्रीलंका में करीब ८३० अमरीकी सशस्त्र सैनिक तैनात हैं, जिनमें ७०० नौसैनिक हैं।"
train,train-s6026,"खाड़ी देशों में और वाणिज्य दूतावास खोले जाने की जरूरत के संबंध में उन्होंने कहा कि सरकार क्षेत्र में रह रहे भारतीयों की मदद बढ़ाने की जरूरत से पूरी तरह वाकिफ है, लेकिन और वाणिज्य दूतावास खोले जाने का कोई प्रस्ताव नहीं है ।","खाड़ी देशों में और वाणिज्य दूतावास खोले जाने की जरूरत के संबंध में उन्होंने कहा कि सरकार क्षेत्र में रह रहे भारतीयों की मदद बढ़ाने की जरूरत से पूरी तरह वाकिफ है, लेकिन और वाणिज्य दूतावास खोले जाने का कोई प्रस्ताव नहीं है।"
train,train-s6039,उन्होंने कहा कि इस समस्या का राजनीतिक समाधान ढूंढ़ा जाना चाहिए ।,उन्होंने कहा कि इस समस्या का राजनीतिक समाधान ढूंढ़ा जाना चाहिए।
train,train-s6040,असम सरकार ने वर्ष १९८८ व १९८९ में नागालैंड व अरुणाचल प्रदेश के खिलाफ दो दीवानी अर्जियां दाखिल कर इन राज्यों पर उसके सैकड़ों वर्ग किलोमीटर क्षेत्र अपने कब्जे में कर लेने का आरोप लगाया था ।,असम सरकार ने वर्ष १९८८ व १९८९ में नागालैंड व अरुणाचल प्रदेश के खिलाफ दो दीवानी अर्जियां दाखिल कर इन राज्यों पर उसके सैकड़ों वर्ग किलोमीटर क्षेत्र अपने कब्जे में कर लेने का आरोप लगाया था।
train,train-s6042,थोउबल जिले में यह हमला रविवार को उस वक्त हुआ जब असम राइफल्स की एक टुकड़ी गश्त कर रही थी ।,थोउबल जिले में यह हमला रविवार को उस वक्त हुआ जब असम राइफल्स की एक टुकड़ी गश्त कर रही थी।
train,train-s6048,गौरतलब है कि शनिवार रात यहां एक जिले में सरकारी भवनों में आग लगा देने के बाद तनाव काफी बढ़ गया है ।,गौरतलब है कि शनिवार रात यहां एक जिले में सरकारी भवनों में आग लगा देने के बाद तनाव काफी बढ़ गया है।
train,train-s6049,इस स्थिति को देखते हुए भारतीय सेना के जवान रविवार को दिन भर मणिपुर की सड़कों पर गश्त लगाते रहे ।,इस स्थिति को देखते हुए भारतीय सेना के जवान रविवार को दिन भर मणिपुर की सड़कों पर गश्त लगाते रहे।
train,train-s6059,जनता दल (यू) के वरिष्ठ नेता जॉर्ज फर्नांडीज ने ३० साल पहले कोला कंपनियों को खदेड़ा था ।,जनता दल (यू) के वरिष्ठ नेता जॉर्ज फर्नांडीज ने ३० साल पहले कोला कंपनियों को खदेड़ा था।
train,train-s6061,जॉर्ज ने रामदेव पर विवाद खड़ा करने के लिए वामपंथी नेताओं को कठघरे में खड़ा किया है ।,जॉर्ज ने रामदेव पर विवाद खड़ा करने के लिए वामपंथी नेताओं को कठघरे में खड़ा किया है।
train,train-s6066,उनके आह्वान पर लोग कोल्ड ड्रिंक और फास्ट फूड छोड़ रहे हैं ।,उनके आह्वान पर लोग कोल्ड ड्रिंक और फास्ट फूड छोड़ रहे हैं।
train,train-s6072,गोवा के राज्यपाल एस. सी. जमीर को वापस बुलाने की मांग को दोहराते हुए भंग राज्य विधानसभा के बर्खास्त मुख्यमंत्री मनोहर सिंह पारिकर ने बृहस्पतिवार को कहा है कि चार मार्च को राज्य में राष्ट्रपति शासन लगने के बावजूद राज्यपाल लगातार 'कांग्रेस एजेंट' के रूप में काम कर रहे हैं ।,गोवा के राज्यपाल एस. सी. जमीर को वापस बुलाने की मांग को दोहराते हुए भंग राज्य विधानसभा के बर्खास्त मुख्यमंत्री मनोहर सिंह पारिकर ने बृहस्पतिवार को कहा है कि चार मार्च को राज्य में राष्ट्रपति शासन लगने के बावजूद राज्यपाल लगातार 'कांग्रेस एजेंट' के रूप में काम कर रहे हैं।
train,train-s6081,ट्रस्टों की अकूत संपदा पर वित्त मंत्रालय की कड़ी नजर है ।,ट्रस्टों की अकूत संपदा पर वित्त मंत्रालय की कड़ी नजर है।
train,train-s6083,"उनके मुताबिक शिक्षा और स्वास्थ्य के क्षेत्र से जुड़ी अनेक धर्मादा संस्थाएं हैं, जिनकी आय बहुत ज्यादा हो सकती है ।","उनके मुताबिक शिक्षा और स्वास्थ्य के क्षेत्र से जुड़ी अनेक धर्मादा संस्थाएं हैं, जिनकी आय बहुत ज्यादा हो सकती है।"
train,train-s6085,"उन्होंने कहा, 'इस मसले पर हमें सदन का समर्थन और सहयोग चाहिए ।","उन्होंने कहा, 'इस मसले पर हमें सदन का समर्थन और सहयोग चाहिए।"
train,train-s6086,यह मामला बड़ा नाजुक है और मैं इस पर सावधानीपूर्वक तथा संवेदना के साथ कार्य करना चाहता हूं,यह मामला बड़ा नाजुक है और मैं इस पर सावधानीपूर्वक तथा संवेदना के साथ कार्य करना चाहता हूं
train,train-s6095,"एक अनुमान के अनुसार भारत में कुल ५ लाख ट्रस्ट हैं, जिनमें कुल मिलाकर ५ लाख करोड़ रुपए संग्रहित हैं ।","एक अनुमान के अनुसार भारत में कुल ५ लाख ट्रस्ट हैं, जिनमें कुल मिलाकर ५ लाख करोड़ रुपए संग्रहित हैं।"
train,train-s6104,राजधानी के विज्ञान भवन में विश्व आतंकवाद विरोधी दिवस के मौके पर आयोजित समारोह में विभिन्न देशों के राजनायिकों ने एक स्वर में कहा कि आतंकवाद के खिलाफ लड़ाई में सब एक हैं ।,राजधानी के विज्ञान भवन में विश्व आतंकवाद विरोधी दिवस के मौके पर आयोजित समारोह में विभिन्न देशों के राजनायिकों ने एक स्वर में कहा कि आतंकवाद के खिलाफ लड़ाई में सब एक हैं।
train,train-s6110,बिट्टा ने उन देशों के खिलाफ सभी देशों से कड़ी कार्रवाई करने की मांग की जो आतंकवादियों को पनाह देते हैं और आतंकवादी गतिविधियों को शह देते हैं ।,बिट्टा ने उन देशों के खिलाफ सभी देशों से कड़ी कार्रवाई करने की मांग की जो आतंकवादियों को पनाह देते हैं और आतंकवादी गतिविधियों को शह देते हैं।
train,train-s6132,यहां मनसेरा बॉर्डर के समीप 'जंगल मंगल' कैंप में उसे व अन्य युवकों को तीन महीने तक हथियारों की ट्रेनिंग दी गई ।,यहां मनसेरा बॉर्डर के समीप 'जंगल मंगल' कैंप में उसे व अन्य युवकों को तीन महीने तक हथियारों की ट्रेनिंग दी गई।
train,train-s6141,मनाली में बर्फबारी ने पिछले २५ साल का रिकार्ड तोड़ दिया ।,मनाली में बर्फबारी ने पिछले २५ साल का रिकार्ड तोड़ दिया।
train,train-s6143,"वैसे दिल्ली में शाम के समय बारिश हुई, जिससे थोड़ी ठंड बढ़ गई ।","वैसे दिल्ली में शाम के समय बारिश हुई, जिससे थोड़ी ठंड बढ़ गई।"
train,train-s6149,राज्य के कम ऊंचाई वाले इलाकों में बर्फबारी में कमी से यहां के लोगों को थोड़ी राहत मिली है ।,राज्य के कम ऊंचाई वाले इलाकों में बर्फबारी में कमी से यहां के लोगों को थोड़ी राहत मिली है।
train,train-s6166,तीस्ता सीतलवाड़ की ओर से कहा गया कि मामला सीबीआई को सुपुर्द किया जाना चाहिए ।,तीस्ता सीतलवाड़ की ओर से कहा गया कि मामला सीबीआई को सुपुर्द किया जाना चाहिए।
train,train-s6167,उल्लेखनीय है कि जाहिरा शेख ने तीस्ता सीतलवाड़ पर आरोप लगाया है कि उस पर दबाव डालकर बयान दिलवाया गया था और सीतलवाड़ ने आरोपों से इनकार किया है ।,उल्लेखनीय है कि जाहिरा शेख ने तीस्ता सीतलवाड़ पर आरोप लगाया है कि उस पर दबाव डालकर बयान दिलवाया गया था और सीतलवाड़ ने आरोपों से इनकार किया है।
train,train-s6168,लेकिन मुकाबले से पचास करोड़ (१.११ करोड़ डॉलर) की राशि जुटाकर क्रिकेटर अपने मकसद में कामयाब हो गए ।,लेकिन मुकाबले से पचास करोड़ (१.११ करोड़ डॉलर) की राशि जुटाकर क्रिकेटर अपने मकसद में कामयाब हो गए।
train,train-s6171,लेकिन बाकी के बल्लेबाज 'भारत की दीवार' राहुल द्रविड़ (७५ नाबाद) का साथ नहीं दे सके ।,लेकिन बाकी के बल्लेबाज 'भारत की दीवार' राहुल द्रविड़ (७५ नाबाद) का साथ नहीं दे सके।
train,train-s6173,भारतीय तटरक्षकों ने आज एक बड़े बचाव अभियान को अंजाम देते हुए लहरों में बहकर भारतीय क्षेत्र के एक द्वीप में शरण लिए ३५ बंगलादेशी मछुआरों की जान बचाई ।,भारतीय तटरक्षकों ने आज एक बड़े बचाव अभियान को अंजाम देते हुए लहरों में बहकर भारतीय क्षेत्र के एक द्वीप में शरण लिए ३५ बंगलादेशी मछुआरों की जान बचाई।
train,train-s6175,रक्षा सूत्रों ने बताया कि यहां से भारतीय तटरक्षक जहाज 'अक्कादेवी' ने उन्हें बचाया ।,रक्षा सूत्रों ने बताया कि यहां से भारतीय तटरक्षक जहाज 'अक्कादेवी' ने उन्हें बचाया।
train,train-s6176,उन्होंने बताया कि इन बांग्लादेशी मछुआरों ने तीन नावों को जोड़कर २८ दिसंबर को एक नौका बनाई थी ।,उन्होंने बताया कि इन बांग्लादेशी मछुआरों ने तीन नावों को जोड़कर २८ दिसंबर को एक नौका बनाई थी।
train,train-s6201,वे अपने साथ लाई ४९६ करोड़ रुपए की योजनाओं का पिटारा ।,वे अपने साथ लाई ४९६ करोड़ रुपए की योजनाओं का पिटारा।
train,train-s6203,उन्होंने जिले के लोगों को 'इंदिरा युग' की वापसी के संकेत देते हुए कहा कि यह सब तो बानगी भर है ।,उन्होंने जिले के लोगों को 'इंदिरा युग' की वापसी के संकेत देते हुए कहा कि यह सब तो बानगी भर है।
train,train-s6205,इस दौरान उन्होंने जिला अस्पताल के आधुनिकीकरण के लिए १० करोड़ रुपए देने की भी घोषणा की ।,इस दौरान उन्होंने जिला अस्पताल के आधुनिकीकरण के लिए १० करोड़ रुपए देने की भी घोषणा की।
train,train-s6215,समारोह में पूर्व विधायक सुरेंद्र बहादुर सिंह ने सुनामी पीड़ितों के लिए पांच लाख का चेक सोनिया को भेंट किया ।,समारोह में पूर्व विधायक सुरेंद्र बहादुर सिंह ने सुनामी पीड़ितों के लिए पांच लाख का चेक सोनिया को भेंट किया।
train,train-s6219,उन्होंने कहा कि प्रमोद महाजन के निधन के बाद भाजपा को एक 'लक्ष्मण' की जरूरत है ।,उन्होंने कहा कि प्रमोद महाजन के निधन के बाद भाजपा को एक 'लक्ष्मण' की जरूरत है।
train,train-s6223,लेकिन लाभ के पद संबंधी विवाद में उन्हें इस पद के साथ लोकसभा की सदस्यता से भी इस्तीफा देना पड़ा था ।,लेकिन लाभ के पद संबंधी विवाद में उन्हें इस पद के साथ लोकसभा की सदस्यता से भी इस्तीफा देना पड़ा था।
train,train-s6240,"विजयवर्गीय ने 'अमर उजाला' को बताया कि उमा भारती जैसी नेता, जिनके हजारों लाखों कार्यकर्ता समर्थक हों, के खिलाफ यदि पार्टी ने अनुशासनात्मक कार्रवाई का फैसला किया है तो यह पार्टी अध्यक्ष का साहसिक फैसला है ।","विजयवर्गीय ने 'अमर उजाला' को बताया कि उमा भारती जैसी नेता, जिनके हजारों लाखों कार्यकर्ता समर्थक हों, के खिलाफ यदि पार्टी ने अनुशासनात्मक कार्रवाई का फैसला किया है तो यह पार्टी अध्यक्ष का साहसिक फैसला है।"
train,train-s6246,केंद्रीय श्रम मंत्री के. चंद्रशेखर राव ने सभी केंद्रीय श्रम आयुक्तों को न्यूनतम मजदूरी अधिनियम को कड़ाई से लागू करने का आदेश दिया है ।,केंद्रीय श्रम मंत्री के. चंद्रशेखर राव ने सभी केंद्रीय श्रम आयुक्तों को न्यूनतम मजदूरी अधिनियम को कड़ाई से लागू करने का आदेश दिया है।
train,train-s6254,तमाम समुदाय के लोगों की आस्था के केंद्र दरगाह पिरान कलियर शरीफ के सज्जादानशीं शाह मंसूर एजाज साबरी ने घटना की कड़े शब्दों में निंदा की ।,तमाम समुदाय के लोगों की आस्था के केंद्र दरगाह पिरान कलियर शरीफ के सज्जादानशीं शाह मंसूर एजाज साबरी ने घटना की कड़े शब्दों में निंदा की।
train,train-s6269,पाकिस्तान का पंजाब प्रांत जेहादियों की भर्ती का सबसे बड़ा अड्डा है ।,पाकिस्तान का पंजाब प्रांत जेहादियों की भर्ती का सबसे बड़ा अड्डा है।
train,train-s6272,"अब तक 8,000 से ज्यादा पाकिस्तानी जेहादी भारत के जम्मू - कश्मीर प्रांत में सुरक्षा बलों के साथ मुठभेड़ में मारे गए हैं जबकि 4000 से ज्यादा जेहादी अफगानिस्तान में अमेरिका के नेतृत्व वाले गठबंधन सेना के हाथों मारे गए ।","अब तक 8,000 से ज्यादा पाकिस्तानी जेहादी भारत के जम्मू-कश्मीर प्रांत में सुरक्षा बलों के साथ मुठभेड़ में मारे गए हैं जबकि 4000 से ज्यादा जेहादी अफगानिस्तान में अमेरिका के नेतृत्व वाले गठबंधन सेना के हाथों मारे गए।"
train,train-s6284,"मंत्रालय ने चैनलों को निर्देश दिया है कि वे प्रसारण के दौरान स्क्रॉल के माध्यम से दर्शकों को कहें कि, 'सूचना एवं प्रसारण मंत्रालय ने कार्यक्रम प्रस्तुति की आचार संहिता की अवहेलना के लिए चैनलों को चेतावनी दी है ।","मंत्रालय ने चैनलों को निर्देश दिया है कि वे प्रसारण के दौरान स्क्रॉल के माध्यम से दर्शकों को कहें कि, 'सूचना एवं प्रसारण मंत्रालय ने कार्यक्रम प्रस्तुति की आचार संहिता की अवहेलना के लिए चैनलों को चेतावनी दी है।"
train,train-s6286,अधिकारी ने बताया कि केबल टेलीविजन नेटवर्क 'रेग्यूलेशन' एक्ट के तहत चैनलों को यह निर्देश जारी किया गया है ।,अधिकारी ने बताया कि केबल टेलीविजन नेटवर्क 'रेग्यूलेशन' एक्ट के तहत चैनलों को यह निर्देश जारी किया गया है।
train,train-s6287,अफगानिस्तान में इंडियन एयरलाइंस के विमान के अपहरण के छह साल बाद भाजपा के वरिष्ठ नेता लालकृष्ण आडवाणी ने अपनी चुप्पी तोड़ते हुए इस बात के संकेत दिए हैं कि उन्होंने मौलाना मसूद अजहर सहित सभी आतंकियों की रिहाई का विरोध किया था ।,अफगानिस्तान में इंडियन एयरलाइंस के विमान के अपहरण के छह साल बाद भाजपा के वरिष्ठ नेता लालकृष्ण आडवाणी ने अपनी चुप्पी तोड़ते हुए इस बात के संकेत दिए हैं कि उन्होंने मौलाना मसूद अजहर सहित सभी आतंकियों की रिहाई का विरोध किया था।
train,train-s6297,"मैं दोनों समुदायों के बीच एकता, सौहार्द, मैत्री और आपसी समझ बढ़ाने में अपनी भूमिका को लेकर पूरी तरह प्रतिबद्ध हूं ।","मैं दोनों समुदायों के बीच एकता, सौहार्द, मैत्री और आपसी समझ बढ़ाने में अपनी भूमिका को लेकर पूरी तरह प्रतिबद्ध हूं।"
train,train-s6303,उन्होंने कहा कि शैक्षिक संस्थानों में आरक्षण का कोटा बढ़ाने के मामले में सरकार की ओर से प्रस्ताव आने के बाद ही भाजपा अपना विचार व्यक्त करेगी ।,उन्होंने कहा कि शैक्षिक संस्थानों में आरक्षण का कोटा बढ़ाने के मामले में सरकार की ओर से प्रस्ताव आने के बाद ही भाजपा अपना विचार व्यक्त करेगी।
train,train-s6304,विदेश मंत्री नटवर सिंह ने रविवार को कहा कि भारत के लिए इस्राइल से संबंधों का बड़ा महत्व है लेकिन इससे फलस्तीन के साथ रिश्तों पर कोई असर नहीं पड़ेगा ।,विदेश मंत्री नटवर सिंह ने रविवार को कहा कि भारत के लिए इस्राइल से संबंधों का बड़ा महत्व है लेकिन इससे फलस्तीन के साथ रिश्तों पर कोई असर नहीं पड़ेगा।
train,train-s6306,'नेहरूवाद के नए आयाम' विषयक गोष्ठी में विदेश मंत्री नटवर सिंह ने संवाददाताओं से कहा कि पी. वी. नरसिंहराव के कार्यकाल में ही भारत ने इस्राइल में अपना प्रतिनिधि भेजा था ।,'नेहरूवाद के नए आयाम' विषयक गोष्ठी में विदेश मंत्री नटवर सिंह ने संवाददाताओं से कहा कि पी. वी. नरसिंहराव के कार्यकाल में ही भारत ने इस्राइल में अपना प्रतिनिधि भेजा था।
train,train-s6308,लेकिन इससे फलस्तीन के साथ हमारे रिश्तों पर कोई बुरा असर नहीं पड़ेगा ।,लेकिन इससे फलस्तीन के साथ हमारे रिश्तों पर कोई बुरा असर नहीं पड़ेगा।
train,train-s6309,इससे पूर्व नेहरू सेंटर द्वारा आयोजित 'नेहरूवाद के नए आयाम' विषय पर अपना व्याख्यान देते हुए नटवर ने कहा कि भारत के पहले प्रधानमंत्री जवाहर लाल नेहरू चाहते थे कि गुटनिरपेक्ष आंदोलन (नाम) बदलती परिस्थितियों के साथ कायम रहे ।,इससे पूर्व नेहरू सेंटर द्वारा आयोजित 'नेहरूवाद के नए आयाम' विषय पर अपना व्याख्यान देते हुए नटवर ने कहा कि भारत के पहले प्रधानमंत्री जवाहर लाल नेहरू चाहते थे कि गुटनिरपेक्ष आंदोलन (नाम) बदलती परिस्थितियों के साथ कायम रहे।
train,train-s6310,उन्होंने जोर देकर कहा कि अब नाम में बहुत बड़े स्तर पर सुधार की जरूरत है ।,उन्होंने जोर देकर कहा कि अब नाम में बहुत बड़े स्तर पर सुधार की जरूरत है।
train,train-s6318,यह सत्ता की लड़ाई है इसे शांतिपूर्ण चुनाव के जरिए लड़ा जाना चाहिए ।,यह सत्ता की लड़ाई है इसे शांतिपूर्ण चुनाव के जरिए लड़ा जाना चाहिए।
train,train-s6320,वाजपेयी ने कहा कि यह सोचने की बात है कि चुनावी हिंसा में बढ़ोतरी क्यों हो रही है?,वाजपेयी ने कहा कि यह सोचने की बात है कि चुनावी हिंसा में बढ़ोतरी क्यों हो रही है?
train,train-s6322,वाजपेयी ने चेतावनी देते हुए कहा कि चुनावी हिंसा में बढ़ोतरी लोकतंत्र के लिए खतरनाक बात है ।,वाजपेयी ने चेतावनी देते हुए कहा कि चुनावी हिंसा में बढ़ोतरी लोकतंत्र के लिए खतरनाक बात है।
train,train-s6323,शुरुआत में तेजी दिखाने वाला मानूसन बिहार से आगे नहीं बढ़ पा रहा है ।,शुरुआत में तेजी दिखाने वाला मानूसन बिहार से आगे नहीं बढ़ पा रहा है।
train,train-s6325,मौसम विभाग ने ताजा आंकलन में दावा किया है कि आगामी १७ जून तक इसके आगे बढ़ने के कोई आसार नजर नहीं आ रहे हैं ।,मौसम विभाग ने ताजा आंकलन में दावा किया है कि आगामी १७ जून तक इसके आगे बढ़ने के कोई आसार नजर नहीं आ रहे हैं।
train,train-s6327,मौसम विभाग के अनुसार अरब सागर से मानसून के कमजोर पड़ने के बाद बंगाल की खाड़ी में मानसून के प्रसार के लिए कम दबाव क्षेत्र निर्मित नहीं हो रहा है ।,मौसम विभाग के अनुसार अरब सागर से मानसून के कमजोर पड़ने के बाद बंगाल की खाड़ी में मानसून के प्रसार के लिए कम दबाव क्षेत्र निर्मित नहीं हो रहा है।
train,train-s6330,"विभाग ने १ - ७ जून के बीच हुई बारिश के आंकड़ों के हवाले से कहा है कि उत्तरी राज्यों में सिर्फ पंजाब, हरियाणा, दिल्ली और चंडीगढ़ में ही औसत से कम बारिश हुई है ।","विभाग ने १-७ जून के बीच हुई बारिश के आंकड़ों के हवाले से कहा है कि उत्तरी राज्यों में सिर्फ पंजाब, हरियाणा, दिल्ली और चंडीगढ़ में ही औसत से कम बारिश हुई है।"
train,train-s6339,"हरियाणा, चंडीगढ़ तथा दिल्ली में ६.६ मिमी के मुकाबले अभी तक ३.२३ मिमी वर्षा हुई है जो औसत से ५१ फीसदी कम है ।","हरियाणा, चंडीगढ़ तथा दिल्ली में ६.६ मिमी के मुकाबले अभी तक ३.२३ मिमी वर्षा हुई है जो औसत से ५१ फीसदी कम है।"
train,train-s6349,भाजपा शासित राज्यों के मुख्यमंत्रियों की नई दिल्ली में सोमवार को एक बैठक होने वाली है जिसमें पार्टी अध्यक्ष लालकृष्ण आडवाणी मुख्यमंत्रियों को सुशासन का पाठ पढ़ाएंगे ।,भाजपा शासित राज्यों के मुख्यमंत्रियों की नई दिल्ली में सोमवार को एक बैठक होने वाली है जिसमें पार्टी अध्यक्ष लालकृष्ण आडवाणी मुख्यमंत्रियों को सुशासन का पाठ पढ़ाएंगे।
train,train-s6356,"भाजपा शासित राज्यों खासकर छत्तीसगढ़, झारखंड और मध्य प्रदेश में धर्मान्तरण चरम पर है ।","भाजपा शासित राज्यों खासकर छत्तीसगढ़, झारखंड और मध्य प्रदेश में धर्मान्तरण चरम पर है।"
train,train-s6363,पार्टी ने कहा कि संसद के बजट सत्र के दौरान वह दूरसंचार और अन्य प्रमुख क्षेत्रों में एफडीआई सीमा बढ़ाने के मुद्दे पर माकपा की भूमिका पर नजर रखेगी ।,पार्टी ने कहा कि संसद के बजट सत्र के दौरान वह दूरसंचार और अन्य प्रमुख क्षेत्रों में एफडीआई सीमा बढ़ाने के मुद्दे पर माकपा की भूमिका पर नजर रखेगी।
train,train-s6366,"दूरसंचार जैसे प्रमुख क्षेत्रों में एफडीआई बढ़ाने के माकपा के विरोध को लेकर पूछे गए सवाल के जवाब में जोशी ने कहा कि यदि उन्होंने इसका विरोध किया है और इसके बावजूद कांग्रेस नेतृत्व वाली यूपीए सरकार को समर्थन देना जारी है, तो यह गलत है ।","दूरसंचार जैसे प्रमुख क्षेत्रों में एफडीआई बढ़ाने के माकपा के विरोध को लेकर पूछे गए सवाल के जवाब में जोशी ने कहा कि यदि उन्होंने इसका विरोध किया है और इसके बावजूद कांग्रेस नेतृत्व वाली यूपीए सरकार को समर्थन देना जारी है, तो यह गलत है।"
train,train-s6378,इसमें अधिकारियों के सामने सबसे बड़ा सवाल यही है कि क्या कश्मीर मसला सुलझने की चिंता किए बिना व्यापार को बढ़ाया जाए या फिर उसके हल होने का इंतजार किया जाए?,इसमें अधिकारियों के सामने सबसे बड़ा सवाल यही है कि क्या कश्मीर मसला सुलझने की चिंता किए बिना व्यापार को बढ़ाया जाए या फिर उसके हल होने का इंतजार किया जाए?
train,train-s6382,पाकिस्तानी अफसरों ने कहा कि आतंकवाद को रोकने के लिए अपनी ओर से कोई कसर नहीं छोड़ी है ।,पाकिस्तानी अफसरों ने कहा कि आतंकवाद को रोकने के लिए अपनी ओर से कोई कसर नहीं छोड़ी है।
train,train-s6387,गौतरलब है कि पिछले ११ महीनों में भारत - पाकिस्तान के बीच ३८ करोड़ डॉलर का व्यापार हुआ है ।,गौतरलब है कि पिछले ११ महीनों में भारत-पाकिस्तान के बीच ३८ करोड़ डॉलर का व्यापार हुआ है।
train,train-s6412,लेकिन पाकिस्तानी सीमा के नजदीक विदेशी आतंकियों की गतिविधियों को देखते हुए यह अनुमान लगाया जाता है कि आतंकियों की कमान इन भगोड़े आतंकियों के हाथों में हो सकती है ।,लेकिन पाकिस्तानी सीमा के नजदीक विदेशी आतंकियों की गतिविधियों को देखते हुए यह अनुमान लगाया जाता है कि आतंकियों की कमान इन भगोड़े आतंकियों के हाथों में हो सकती है।
train,train-s6414,बीबीसी ने तो वैश्विक भारतीयों के बारे में जानने के लिए दुनिया का सबसे बड़ा सर्वे तक करा दिया ।,बीबीसी ने तो वैश्विक भारतीयों के बारे में जानने के लिए दुनिया का सबसे बड़ा सर्वे तक करा दिया।
train,train-s6415,"सर्वे में पाया गया कि भारतीय नागरिकों का एक ऐसा वर्ग तेजी से बढ़ा है, जो जागरूक है और जिसमें आगे बढ़ने की तीव्र इच्छा शक्ति है ।","सर्वे में पाया गया कि भारतीय नागरिकों का एक ऐसा वर्ग तेजी से बढ़ा है, जो जागरूक है और जिसमें आगे बढ़ने की तीव्र इच्छा शक्ति है।"
train,train-s6416,'ग्लोबल इंडियन सर्वे' के नाम से कराए गए सर्वे में जानने की कोशिश की गई कि आखिर भारतीय उप महाद्वीप के लोगों का व्यवहार और विचार आज विश्व का चर्चित मुद्दा क्यों बन गया है ।,'ग्लोबल इंडियन सर्वे' के नाम से कराए गए सर्वे में जानने की कोशिश की गई कि आखिर भारतीय उप महाद्वीप के लोगों का व्यवहार और विचार आज विश्व का चर्चित मुद्दा क्यों बन गया है।
train,train-s6422,करीब ७१ फीसदी लोग इस बात से सहमत थे कि भारत काम करने के लिए सबसे अच्छी जगह है और ६६ फीसदी लोगों को भरोसा था कि सुरक्षा संबंधी चिंताओं के बावजूद भारत में बीपीओ क्षेत्र तेजी से बढ़ेगा ।,करीब ७१ फीसदी लोग इस बात से सहमत थे कि भारत काम करने के लिए सबसे अच्छी जगह है और ६६ फीसदी लोगों को भरोसा था कि सुरक्षा संबंधी चिंताओं के बावजूद भारत में बीपीओ क्षेत्र तेजी से बढ़ेगा।
train,train-s6438,मैंने इससे पहले कभी इतने खूबसूरत पहाड़ नहीं देखे थे ।,मैंने इससे पहले कभी इतने खूबसूरत पहाड़ नहीं देखे थे।
train,train-s6445,यह बौद्ध मठ एक पहाड़ी पर स्थित है ।,यह बौद्ध मठ एक पहाड़ी पर स्थित है।
train,train-s6446,यह जगह बर्फ से ढके पहाड़ों से घिरी हुई है ।,यह जगह बर्फ से ढके पहाड़ों से घिरी हुई है।
train,train-s6451,उनकी यात्रा को देखते हुए सुरक्षा का कड़ा बंदोबस्त किया गया था ।,उनकी यात्रा को देखते हुए सुरक्षा का कड़ा बंदोबस्त किया गया था।
train,train-s6453,"फर्जी मुठभेड़ में सोहराबुद्दीन शेख के मारे जाने के प्रकरण में आंध्र प्रदेश की क्या भूमिका है, अब गुजरात की सीआईडी टीम इसी बात की जांच कर रही है ।","फर्जी मुठभेड़ में सोहराबुद्दीन शेख के मारे जाने के प्रकरण में आंध्र प्रदेश की क्या भूमिका है, अब गुजरात की सीआईडी टीम इसी बात की जांच कर रही है।"
train,train-s6454,पुलिस आईजी गीता जौहरी के नेतृत्व में जांच टीम यह पता लगाने पर पूरा जोर लगाएगी कि नवंबर २००५ में शेख और उसकी पत्नी कौसर बी की धरपकड़ और उसकी पहचान करने में गुजरात के आतंकवादरोधी दस्ते (एटीएस) की क्या आंध्र प्रदेश से किसी पुलिसकर्मी ने मदद की थी ।,पुलिस आईजी गीता जौहरी के नेतृत्व में जांच टीम यह पता लगाने पर पूरा जोर लगाएगी कि नवंबर २००५ में शेख और उसकी पत्नी कौसर बी की धरपकड़ और उसकी पहचान करने में गुजरात के आतंकवादरोधी दस्ते (एटीएस) की क्या आंध्र प्रदेश से किसी पुलिसकर्मी ने मदद की थी।
train,train-s6455,इसी बात की पड़ताल के लिए आईजी गीता जौहरी बुधवार की रात अहमदाबाद से हैदराबाद पहुंची ।,इसी बात की पड़ताल के लिए आईजी गीता जौहरी बुधवार की रात अहमदाबाद से हैदराबाद पहुंची।
train,train-s6464,बताया जाता है कि यहां तब सीआरपीएफ में तैनात रहे गुजरात कैडर के आईपीएस ई. राधाकृष्णन ने शेख की धरपकड़ के लिए पांडयन से मुलाकात की थी ।,बताया जाता है कि यहां तब सीआरपीएफ में तैनात रहे गुजरात कैडर के आईपीएस ई. राधाकृष्णन ने शेख की धरपकड़ के लिए पांडयन से मुलाकात की थी।
train,train-s6468,आंध्र प्रदेश सरकार ने साफ किया है कि फर्जी मुठभेड़ में पुलिस की कोई भूमिका नहीं है ।,आंध्र प्रदेश सरकार ने साफ किया है कि फर्जी मुठभेड़ में पुलिस की कोई भूमिका नहीं है।
train,train-s6469,निकाह के फौरन बाद शौहर और बीवी को एक 'हिदायतनामा' दिया जाएगा ।,निकाह के फौरन बाद शौहर और बीवी को एक 'हिदायतनामा' दिया जाएगा।
train,train-s6472,तलाक के दुरुपयोग को रोकने के लिए निकाह की तरह मेहर के लिए अलग से 'करार' का प्रारूप भी तैयार किया जा रहा है ।,तलाक के दुरुपयोग को रोकने के लिए निकाह की तरह मेहर के लिए अलग से 'करार' का प्रारूप भी तैयार किया जा रहा है।
train,train-s6474,'मॉडल निकाहनामा' तैयार करने की कवायद में जुटे ऑल इंडिया मुस्लिम पर्सनल लॉ बोर्ड ने 'हिदायतनामे' का ड्रॉफ्ट तैयार कर लिया है ।,'मॉडल निकाहनामा' तैयार करने की कवायद में जुटे ऑल इंडिया मुस्लिम पर्सनल लॉ बोर्ड ने 'हिदायतनामे' का ड्रॉफ्ट तैयार कर लिया है।
train,train-s6477,"महिला सदस्यों का कहना था कि वक्त के साथ - साथ महंगाई बढ़ती है, जिसकी वजह से रुपया कमजोर होता जाता है ।","महिला सदस्यों का कहना था कि वक्त के साथ-साथ महंगाई बढ़ती है, जिसकी वजह से रुपया कमजोर होता जाता है।"
train,train-s6478,जबकि सोना - चांदी की कीमत समय के साथ बढ़ती है ।,जबकि सोना-चांदी की कीमत समय के साथ बढ़ती है।
train,train-s6479,"लिहाज़ा, मेहर नकद रुपये की जगह उतनी ही कीमत के सोने या चांदी के वजन के रूप में तय की जानी चाहिए ।","लिहाज़ा, मेहर नकद रुपये की जगह उतनी ही कीमत के सोने या चांदी के वजन के रूप में तय की जानी चाहिए।"
train,train-s6489,बोर्ड की महिला सदस्य हसीना हाशिया का कहना है कि 'हिदायतनामा' लागू हो जाने से तलाक का दुरुपयोग काफी हद तक रुक जाएगा और महिलाओं में सामाजिक सुरक्षा की भावना पैदा होगी ।,बोर्ड की महिला सदस्य हसीना हाशिया का कहना है कि 'हिदायतनामा' लागू हो जाने से तलाक का दुरुपयोग काफी हद तक रुक जाएगा और महिलाओं में सामाजिक सुरक्षा की भावना पैदा होगी।
train,train-s6491,इसके लिए बोर्ड तमाम बड़े शहरों में 'दारूल कजा' खोलने पर भी विचार कर रहा है ।,इसके लिए बोर्ड तमाम बड़े शहरों में 'दारूल कजा' खोलने पर भी विचार कर रहा है।
train,train-s6493,पिछले सप्ताह कानपुर में हुई बोर्ड की बैठक में भी 'मॉडल निकाहनामे' पर विचार किया गया लेकिन कई प्रस्तावों पर मतभेदों की वजह से कोई फैसला नहीं हो सका ।,पिछले सप्ताह कानपुर में हुई बोर्ड की बैठक में भी 'मॉडल निकाहनामे' पर विचार किया गया लेकिन कई प्रस्तावों पर मतभेदों की वजह से कोई फैसला नहीं हो सका।
train,train-s6495,संघर्षपूर्ण मुकाबले में जीत दर्ज करने के साथ ही भारत की स्टार टेनिस खिलाड़ी सानिया मिर्जा हैदराबाद ओपन के फाइनल में पहुंच गई हैं ।,संघर्षपूर्ण मुकाबले में जीत दर्ज करने के साथ ही भारत की स्टार टेनिस खिलाड़ी सानिया मिर्जा हैदराबाद ओपन के फाइनल में पहुंच गई हैं।
train,train-s6497,फाइनल में जगह बनाने के लिए बोंदारेंको को एक भी गेंद हिट नहीं करनी पड़ी ।,फाइनल में जगह बनाने के लिए बोंदारेंको को एक भी गेंद हिट नहीं करनी पड़ी।
train,train-s6498,उन्हें अंतिम चार के मुकाबले में जर्मनी की अना - लिना ग्रोनेफेल्ड से भिड़ना था लेकिन खिताब की प्रबल दावेदार दूसरी सीड लिना चोटिल होने के कारण कोर्ट पर नहीं उतर सकीं ।,उन्हें अंतिम चार के मुकाबले में जर्मनी की अना-लिना ग्रोनेफेल्ड से भिड़ना था लेकिन खिताब की प्रबल दावेदार दूसरी सीड लिना चोटिल होने के कारण कोर्ट पर नहीं उतर सकीं।
train,train-s6500,आंध्र प्रदेश टेनिस कांप्लेक्स में दमदार टेनिस देखने की उम्मीद लेकर आए दर्शकों को निराशा का सामना नहीं करना पड़ा ।,आंध्र प्रदेश टेनिस कांप्लेक्स में दमदार टेनिस देखने की उम्मीद लेकर आए दर्शकों को निराशा का सामना नहीं करना पड़ा।
train,train-s6501,पिछले महीने १८ वर्ष की होने वाली सानिया ने पहला सेट बगैर खास दिक्कत के जीत लिया लेकिन दूसरे सेट में उनका प्रदर्शन उतार - चढ़ाव भरा रहा ।,पिछले महीने १८ वर्ष की होने वाली सानिया ने पहला सेट बगैर खास दिक्कत के जीत लिया लेकिन दूसरे सेट में उनका प्रदर्शन उतार-चढ़ाव भरा रहा।
train,train-s6503,दूसरे सेट में भी सानिया ने दमदार शुरुआत करते हुए ३ - ० की बढ़त बना ली ।,दूसरे सेट में भी सानिया ने दमदार शुरुआत करते हुए ३-० की बढ़त बना ली।
train,train-s6504,पर इसके बाद जल्दबाजी में मैच खत्म करने की हड़बड़ी में वह कई बेजा गलतियां कर बैठीं और रूसी खिलाड़ी को वापसी का मौका दिया ।,पर इसके बाद जल्दबाजी में मैच खत्म करने की हड़बड़ी में वह कई बेजा गलतियां कर बैठीं और रूसी खिलाड़ी को वापसी का मौका दिया।
train,train-s6506,११वें गेम में भी सानिया खुद पर काबू नहीं रख पाई और फिर अपनी सर्विस तुड़वा बैठीं ।,११वें गेम में भी सानिया खुद पर काबू नहीं रख पाई और फिर अपनी सर्विस तुड़वा बैठीं।
train,train-s6507,इस मौके पर लगा कि सानिया मैच पर से अपनी पकड़ खो चुकी हैं ।,इस मौके पर लगा कि सानिया मैच पर से अपनी पकड़ खो चुकी हैं।
train,train-s6508,पर १२वें गेम में उन्होंने रूसी खिलाड़ी की सर्विस पर दो बेहतरीन विनर्स और सेट प्वाइंट बचाते हुए सेट को टाइब्रेकर में खींच लिया ।,पर १२वें गेम में उन्होंने रूसी खिलाड़ी की सर्विस पर दो बेहतरीन विनर्स और सेट प्वाइंट बचाते हुए सेट को टाइब्रेकर में खींच लिया।
train,train-s6509,यहां पर भी आठवीं सीड किरिलेंको ४ - २ से शुरुआती बढ़त लेने में सफल रहीं लेकिन सानिया ने लगातार पांच अंक अर्जित कर उनकी उम्मीदों को पूरा नहीं होने दिया और खिताबी दौर में जगह बना ली ।,यहां पर भी आठवीं सीड किरिलेंको ४-२ से शुरुआती बढ़त लेने में सफल रहीं लेकिन सानिया ने लगातार पांच अंक अर्जित कर उनकी उम्मीदों को पूरा नहीं होने दिया और खिताबी दौर में जगह बना ली।
train,train-s6527,आशंका का कारण यह है कि पिछले पखवाड़े की घटना के बाद पार्टी में समीकरणों के बदलने के संकेत हैं ।,आशंका का कारण यह है कि पिछले पखवाड़े की घटना के बाद पार्टी में समीकरणों के बदलने के संकेत हैं।
train,train-s6528,राज्य में पार्टी को फिर से खड़ा करने के लिए आडवाणी किसे चुनेंगे इससे पता चलेगा कि हाल के घटनाक्रम में विभिन्न नेताओं की भूमिका को उन्होंने किस तरह लिया है ।,राज्य में पार्टी को फिर से खड़ा करने के लिए आडवाणी किसे चुनेंगे इससे पता चलेगा कि हाल के घटनाक्रम में विभिन्न नेताओं की भूमिका को उन्होंने किस तरह लिया है।
train,train-s6540,सतह से छोड़ी जाने वाली यह मिसाइल ५०० किलोमीटर तक वार कर सकती है ।,सतह से छोड़ी जाने वाली यह मिसाइल ५०० किलोमीटर तक वार कर सकती है।
train,train-s6542,हत्फ - ७ बाबर मिसाइल के सफलतापूर्वक छोड़े जाने के बाद पाकिस्तानी राष्ट्रपति परवेज मुशर्रफ ने कहा कि यह उनके देश के परमाणु कार्यक्रम के लिए 'मील के पत्थर' की तरह है ।,हत्फ-७ बाबर मिसाइल के सफलतापूर्वक छोड़े जाने के बाद पाकिस्तानी राष्ट्रपति परवेज मुशर्रफ ने कहा कि यह उनके देश के परमाणु कार्यक्रम के लिए 'मील के पत्थर' की तरह है।
train,train-s6543,उन्होंने कहा कि देश के विज्ञानियों व इंजीनियरों ने दुर्लभ तकनीक हासिल करके देश का गौरव बढ़ाया है ।,उन्होंने कहा कि देश के विज्ञानियों व इंजीनियरों ने दुर्लभ तकनीक हासिल करके देश का गौरव बढ़ाया है।
train,train-s6544,भारत का नाम लिए बगैर मुशर्रफ ने कहा कि यह मिसाइल भविष्य की चुनौतियों व पड़ोसियों के रणनीतिक विकास से निपटने में पूरी तरह से सक्षम है ।,भारत का नाम लिए बगैर मुशर्रफ ने कहा कि यह मिसाइल भविष्य की चुनौतियों व पड़ोसियों के रणनीतिक विकास से निपटने में पूरी तरह से सक्षम है।
train,train-s6545,"बयान में मिसाइल छोड़े जाने का समय व इसका परीक्षण कहां किया गया, यह नहीं बताया गया ।","बयान में मिसाइल छोड़े जाने का समय व इसका परीक्षण कहां किया गया, यह नहीं बताया गया।"
train,train-s6553,"इसके अलावा कुछ ऐसे भी नेता हैं, जिनका मानना है कि राज्यपाल के कार्यालय को नियंत्रित करने की जरूरत है, लेकिन वे भी इस मुद्दे पर एक राष्ट्रीय बहस छेड़ने की जरूरत समझते हैं ।","इसके अलावा कुछ ऐसे भी नेता हैं, जिनका मानना है कि राज्यपाल के कार्यालय को नियंत्रित करने की जरूरत है, लेकिन वे भी इस मुद्दे पर एक राष्ट्रीय बहस छेड़ने की जरूरत समझते हैं।"
train,train-s6559,विवादित फिल्म 'दाविंची कोड' के प्रदर्शन पर रोक लगाने के लिए दायर याचिका पर सुप्रीम कोर्ट सोमवार को सुनवाई करेगा ।,विवादित फिल्म 'दाविंची कोड' के प्रदर्शन पर रोक लगाने के लिए दायर याचिका पर सुप्रीम कोर्ट सोमवार को सुनवाई करेगा।
train,train-s6565,पुलिस कमिश्नर बलविंदर सिंह ने बताया कि पुलिस अधिकारी एस. पी. जक्खड़ की अगुवाई में जांच दल यहां पहुंचा और खोजबीन की प्रक्रिया शुरू की ।,पुलिस कमिश्नर बलविंदर सिंह ने बताया कि पुलिस अधिकारी एस. पी. जक्खड़ की अगुवाई में जांच दल यहां पहुंचा और खोजबीन की प्रक्रिया शुरू की।
train,train-s6572,तभी तो वाशिंगटन के प्रतिबंधित एयरजोन में एक छोटे से प्लेन के घुस आने से व्हाइट हाउस समेत सभी बड़े मंत्रालयों के दफ्तरों में अफरा - तफरी मच गई और सुरक्षा अधिकारियों ने अति महत्वपूर्ण लोगों को सुरक्षा में ले लिया ।,तभी तो वाशिंगटन के प्रतिबंधित एयरजोन में एक छोटे से प्लेन के घुस आने से व्हाइट हाउस समेत सभी बड़े मंत्रालयों के दफ्तरों में अफरा-तफरी मच गई और सुरक्षा अधिकारियों ने अति महत्वपूर्ण लोगों को सुरक्षा में ले लिया।
train,train-s6577,चीनी उद्योग से जुड़े विभिन्न पक्षों के लिए यह अच्छा समय है ।,चीनी उद्योग से जुड़े विभिन्न पक्षों के लिए यह अच्छा समय है।
train,train-s6578,गन्ने की बढ़ी हुई कीमतों को लेकर किसान खुश हैं तो स्टॉक मार्केट में चीनी मिलों के शेयरों के अच्छे प्रदर्शन से चीनी मिलों में उत्साह है ।,गन्ने की बढ़ी हुई कीमतों को लेकर किसान खुश हैं तो स्टॉक मार्केट में चीनी मिलों के शेयरों के अच्छे प्रदर्शन से चीनी मिलों में उत्साह है।
train,train-s6580,"लेकिन, चीनी उपभोक्ताओं की जेब पर भारी पड़ रही है ।","लेकिन, चीनी उपभोक्ताओं की जेब पर भारी पड़ रही है।"
train,train-s6581,वर्तमान में उपभोक्ताओं को 22 रुपये प्रति किलो की दर से चीनी खरीदनी पड़ रही है ।,वर्तमान में उपभोक्ताओं को 22 रुपये प्रति किलो की दर से चीनी खरीदनी पड़ रही है।
train,train-s6583,कुछ साल पहले तक गन्ने की उचित कीमत नहीं मिलने से किसानों को खेतों में ही गन्ना जलाना पड़ता था ।,कुछ साल पहले तक गन्ने की उचित कीमत नहीं मिलने से किसानों को खेतों में ही गन्ना जलाना पड़ता था।
train,train-s6585,लेकिन प्रदेश में चीनी मिलों द्वारा अपनी क्षमता बढ़ाने और गन्ने की कमी के कारण किसानों को ज्यादा कीमत देनी पड़ी ।,लेकिन प्रदेश में चीनी मिलों द्वारा अपनी क्षमता बढ़ाने और गन्ने की कमी के कारण किसानों को ज्यादा कीमत देनी पड़ी।
train,train-s6586,इसके अलावा खांडसारी और गुड़ बनाने वालों का दबाव भी चीनी मिलों पर था ।,इसके अलावा खांडसारी और गुड़ बनाने वालों का दबाव भी चीनी मिलों पर था।
train,train-s6592,अंतर्राष्ट्रीय बाजार में चीनी की कीमत 180 डॉलर प्रति टन से बढ़कर 440 डॉलर हो गयी है ।,अंतर्राष्ट्रीय बाजार में चीनी की कीमत 180 डॉलर प्रति टन से बढ़कर 440 डॉलर हो गयी है।
train,train-s6593,आंकड़ों के मुताबिक यूरोपीय देश में इस साल 50 लाख टन की कमी है ।,आंकड़ों के मुताबिक यूरोपीय देश में इस साल 50 लाख टन की कमी है।
train,train-s6594,इसके अलावा थाईलैंड समेत कई देशों में चीनी का उत्पादन कम होने के कारण भारतीय चीनी की विश्व में मांग बढ़ रही है ।,इसके अलावा थाईलैंड समेत कई देशों में चीनी का उत्पादन कम होने के कारण भारतीय चीनी की विश्व में मांग बढ़ रही है।
train,train-s6597,विश्व बाजार में चीनी की मांग बढ़ी है ।,विश्व बाजार में चीनी की मांग बढ़ी है।
train,train-s6601,मुख्यमंत्री ने स्पष्ट किया 'मैंने केंद्रीय नेतृत्व से बात की है और उन्होंने मुझे अपने पद पर बने रहने के लिए कहा है,मुख्यमंत्री ने स्पष्ट किया 'मैंने केंद्रीय नेतृत्व से बात की है और उन्होंने मुझे अपने पद पर बने रहने के लिए कहा है
train,train-s6602,उन्होंने यह भी कहा कि 14 वर्षो के बाद उत्तर प्रदेश के अपने पैतृक गांव ओड़ीपुर नागौर जाना राम के वनवास काटकर अयोध्या लौटने के समान है ।,उन्होंने यह भी कहा कि 14 वर्षो के बाद उत्तर प्रदेश के अपने पैतृक गांव ओड़ीपुर नागौर जाना राम के वनवास काटकर अयोध्या लौटने के समान है।
train,train-s6604,बुधवार को भोपाल में पत्रकारों से बातचीत करते हुए गौर ने कहा कि 'नेतृत्व परिवर्तन की खबरें महज अफवाह हैं और इस तरह की खबरों पर कोई ध्यान नहीं दिया जाना चाहिए,बुधवार को भोपाल में पत्रकारों से बातचीत करते हुए गौर ने कहा कि 'नेतृत्व परिवर्तन की खबरें महज अफवाह हैं और इस तरह की खबरों पर कोई ध्यान नहीं दिया जाना चाहिए
train,train-s6605,मैं ऐसी खबरों की कोई परवाह नहीं करता क्योंकि राजनीति में इस तरह की खबरें अक्सर उड़ती रहती हैं ।,मैं ऐसी खबरों की कोई परवाह नहीं करता क्योंकि राजनीति में इस तरह की खबरें अक्सर उड़ती रहती हैं।
train,train-s6613,इससे पहले भारत भूकंप पीड़ितों की सहायता के लिए पाक को 2.5 करोड़ डॉलर की सहायता का वादा कर चुका है ।,इससे पहले भारत भूकंप पीड़ितों की सहायता के लिए पाक को 2.5 करोड़ डॉलर की सहायता का वादा कर चुका है।
train,train-s6619,उन्होंने कहा कि धन के आदान - प्रदान की एक व्यवस्थित पड़ताल जरूरी है ।,उन्होंने कहा कि धन के आदान-प्रदान की एक व्यवस्थित पड़ताल जरूरी है।
train,train-s6627,फरीदाबाद के सेक्टर - 31 थाना क्षेत्र में करीब दस बदमाशों ने एक सिगरेट कंपनी के गोदाम में डकैती डालकर 55 लाख रुपये की कीमत के सिगरेट के 280 कार्टन उड़ा लिए ।,फरीदाबाद के सेक्टर-31 थाना क्षेत्र में करीब दस बदमाशों ने एक सिगरेट कंपनी के गोदाम में डकैती डालकर 55 लाख रुपये की कीमत के सिगरेट के 280 कार्टन उड़ा लिए।
train,train-s6630,इसके बाद दिल्ली पुलिस टाटा 407 की तलाश में जुट गई और गाड़ी सहित बदमाशों को पकड़ने में सफल रही ।,इसके बाद दिल्ली पुलिस टाटा 407 की तलाश में जुट गई और गाड़ी सहित बदमाशों को पकड़ने में सफल रही।
train,train-s6631,सेक्टर - 27 'ए' के प्लॉट नंबर पांच में आईटीसी कंपनी का सिगरेट का गोदाम है ।,सेक्टर-27 'ए' के प्लॉट नंबर पांच में आईटीसी कंपनी का सिगरेट का गोदाम है।
train,train-s6634,दयाराम ने बताया कि रविवार रात डेढ़ बजे करीब दस हथियारबंद बदमाश उनके गोदाम में आए ।,दयाराम ने बताया कि रविवार रात डेढ़ बजे करीब दस हथियारबंद बदमाश उनके गोदाम में आए।
train,train-s6639,बदमाश रात के डेढ़ बजे से लेकर तीन बजे तक इस वारदात को अंजाम देते रहे ।,बदमाश रात के डेढ़ बजे से लेकर तीन बजे तक इस वारदात को अंजाम देते रहे।
train,train-s6653,पूर्व राज्यपाल पी. सी. एलेक्जेंडर ने अपनी आत्मकथा में कांग्रेस के चंद 'स्वयंभू' नेताओं पर दखलंदाजी कर 2002 के राष्ट्रपति चुनाव में कांग्रेस की प्रत्याशिता पर विराम लगाने का आरोप लगाया है ।,पूर्व राज्यपाल पी. सी. एलेक्जेंडर ने अपनी आत्मकथा में कांग्रेस के चंद 'स्वयंभू' नेताओं पर दखलंदाजी कर 2002 के राष्ट्रपति चुनाव में कांग्रेस की प्रत्याशिता पर विराम लगाने का आरोप लगाया है।
train,train-s6654,उनका कहना है कि ऐसे नेताओं की गलत सलाह से ही कांग्रेस अध्यक्ष सोनिया गांधी के नेतृत्व में पार्टी ने ऐसा कदम उठाकर खुद के पैरों पर कुल्हाड़ी मार ली ।,उनका कहना है कि ऐसे नेताओं की गलत सलाह से ही कांग्रेस अध्यक्ष सोनिया गांधी के नेतृत्व में पार्टी ने ऐसा कदम उठाकर खुद के पैरों पर कुल्हाड़ी मार ली।
train,train-s6656,पी. सी. एलेक्जेंडर ने अपनी किताब 'थ्रू द कॉरिडोर ऑफ पावर' में कहा है कि पार्टी में सोनिया गांधी के राजनीतिक हितों के कुछ स्वयंभू हितैषियों ने ही राष्ट्रपति पद के लिए कांग्रेस का पत्ता साफ कर दिया ।,पी. सी. एलेक्जेंडर ने अपनी किताब 'थ्रू द कॉरिडोर ऑफ पावर' में कहा है कि पार्टी में सोनिया गांधी के राजनीतिक हितों के कुछ स्वयंभू हितैषियों ने ही राष्ट्रपति पद के लिए कांग्रेस का पत्ता साफ कर दिया।
train,train-s6657,और अंततः कोई और रास्ता नहीं बचने पर कांग्रेस को एपीजे अब्दुल कलाम को ही राष्ट्रपति पद के लिए स्वीकार करना पड़ा ।,और अंततः कोई और रास्ता नहीं बचने पर कांग्रेस को एपीजे अब्दुल कलाम को ही राष्ट्रपति पद के लिए स्वीकार करना पड़ा।
train,train-s6658,अपनी तल्ख बयानबाजियों से भरी आत्मकथा में एलेक्जेंडर ने कहा कि 2002 के राष्ट्रपति चुनाव में उनकी उम्मीदवारी कुछ कांग्रेस नेताओं की जोड़ - तोड़ के कारण खारिज हो गई ।,अपनी तल्ख बयानबाजियों से भरी आत्मकथा में एलेक्जेंडर ने कहा कि 2002 के राष्ट्रपति चुनाव में उनकी उम्मीदवारी कुछ कांग्रेस नेताओं की जोड़-तोड़ के कारण खारिज हो गई।
train,train-s6661,हर्पर कॉलिंस द्वारा प्रकाशित किताब में उन्होंने दावा किया कि आखिर में कांग्रेस को मजबूरन राजग के प्रत्याशी को समर्थन देना पड़ा ।,हर्पर कॉलिंस द्वारा प्रकाशित किताब में उन्होंने दावा किया कि आखिर में कांग्रेस को मजबूरन राजग के प्रत्याशी को समर्थन देना पड़ा।
train,train-s6662,यह समर्थन भी दो दिन की देरी से 'हां' से 'ना' और फिर वापस 'हां' में तब्दील हुआ ।,यह समर्थन भी दो दिन की देरी से 'हां' से 'ना' और फिर वापस 'हां' में तब्दील हुआ।
train,train-s6666,रक्षा मंत्री प्रणव मुखर्जी ने मंगलवार को कहा कि इसके लिए परंपरागत हथियारों पर पकड़ थोड़ी कम की जाएगी ।,रक्षा मंत्री प्रणव मुखर्जी ने मंगलवार को कहा कि इसके लिए परंपरागत हथियारों पर पकड़ थोड़ी कम की जाएगी।
train,train-s6670,जरूरत के मुताबिक अब तकनीकों को संशोधित व परिवर्धित कर उत्पादन की गुणवत्ता को बढ़ाया जाएगा ।,जरूरत के मुताबिक अब तकनीकों को संशोधित व परिवर्धित कर उत्पादन की गुणवत्ता को बढ़ाया जाएगा।
train,train-s6674,केलकर कमेटी से सरकार ने यह जानना चाहा है कि 2001 में निजी कंपनियों को रक्षा उत्पादन के लिए आमंत्रित करने के बावजूद बड़ी कंपनियों ने ढीली प्रतिक्रिया क्यों दिखाई थी ।,केलकर कमेटी से सरकार ने यह जानना चाहा है कि 2001 में निजी कंपनियों को रक्षा उत्पादन के लिए आमंत्रित करने के बावजूद बड़ी कंपनियों ने ढीली प्रतिक्रिया क्यों दिखाई थी।
train,train-s6679,उन्होंने कहा कि कश्मीर समस्या के समाधान के लिए दोनों देशों को लचीला रुख अपनाना पड़ेगा ।,उन्होंने कहा कि कश्मीर समस्या के समाधान के लिए दोनों देशों को लचीला रुख अपनाना पड़ेगा।
train,train-s6682,"एक आधिकारिक न्यूज एजेंसी ने मुशर्रफ के हवाले से कहा है कि दोनों देशों के लचीलेपन, साहस और दृढ़ता के फलस्वरूप कश्मीर समस्या का समाधान हो सकता है जो कश्मीर की जनता समेत सभी को स्वीकार्य होगा ।","एक आधिकारिक न्यूज एजेंसी ने मुशर्रफ के हवाले से कहा है कि दोनों देशों के लचीलेपन, साहस और दृढ़ता के फलस्वरूप कश्मीर समस्या का समाधान हो सकता है जो कश्मीर की जनता समेत सभी को स्वीकार्य होगा।"
train,train-s6693,जद (यू) के अध्यक्ष जॉर्ज फर्नॉडिस व नितिश कुमार समेत राजग के कई बड़े नेता पटना में विरोध - प्रदर्शनों में हिस्सा लेंगे ।,जद (यू) के अध्यक्ष जॉर्ज फर्नॉडिस व नितिश कुमार समेत राजग के कई बड़े नेता पटना में विरोध-प्रदर्शनों में हिस्सा लेंगे।
train,train-s6694,राजद अध्यक्ष लालू प्रसाद यादव को 'लोकतंत्र की हत्या' का जिम्मेदार ठहराते हुए यादव ने कहा कि राज्य के लोग उन्हें और यूपीए के अन्य नेताओं को इसके लिए कभी माफ नहीं करेंगे ।,राजद अध्यक्ष लालू प्रसाद यादव को 'लोकतंत्र की हत्या' का जिम्मेदार ठहराते हुए यादव ने कहा कि राज्य के लोग उन्हें और यूपीए के अन्य नेताओं को इसके लिए कभी माफ नहीं करेंगे।
train,train-s6711,जिस मुस्लिम वोट के लिए संयुक्त प्रगतिशील गठबंधन सरकार कोई कसर बाकी नहीं छोड़ना चाहती उसी वोट बैंक के नुमाइंदे यूपीए के नेताओं से दोटूक बात करना चाहते हैं ।,जिस मुस्लिम वोट के लिए संयुक्त प्रगतिशील गठबंधन सरकार कोई कसर बाकी नहीं छोड़ना चाहती उसी वोट बैंक के नुमाइंदे यूपीए के नेताओं से दोटूक बात करना चाहते हैं।
train,train-s6714,उसके मुताबिक खंडित जनादेश सेकुलर पार्टियों के बीच छिड़ी एक - दूसरे को नीचा दिखाने की जंग का नतीजा है ।,उसके मुताबिक खंडित जनादेश सेकुलर पार्टियों के बीच छिड़ी एक-दूसरे को नीचा दिखाने की जंग का नतीजा है।
train,train-s6722,तकरीबन सभी सीटों पर गठबंधन पार्टियों के उम्मीदवार एक - दूसरे के सामने चुनाव लड़ रहे थे ।,तकरीबन सभी सीटों पर गठबंधन पार्टियों के उम्मीदवार एक-दूसरे के सामने चुनाव लड़ रहे थे।
train,train-s6735,हुर्रियत कांफ्रेंस का नरमपंथी धड़ा 17 अप्रैल को पाकिस्तान के राष्ट्रपति परवेज मुशर्रफ से मुलाकात करेगा ।,हुर्रियत कांफ्रेंस का नरमपंथी धड़ा 17 अप्रैल को पाकिस्तान के राष्ट्रपति परवेज मुशर्रफ से मुलाकात करेगा।
train,train-s6738,बैठक में हुर्रियत के मीरवाइज धड़े ने फिर अपने नेताओं को राजनीतिक और आतंकवादी नेताओं से कश्मीर मुद्दे पर वार्ता के लिए पाकिस्तान व पाक अधिकृत कश्मीर जाने की इजाजत देने का राग अलापा ।,बैठक में हुर्रियत के मीरवाइज धड़े ने फिर अपने नेताओं को राजनीतिक और आतंकवादी नेताओं से कश्मीर मुद्दे पर वार्ता के लिए पाकिस्तान व पाक अधिकृत कश्मीर जाने की इजाजत देने का राग अलापा।
train,train-s6757,"मंत्रालय के आंकड़ों के मुताबिक इस खरीफ सीजन के दौरान देश भर में करीब ६४.३२ लाख टन यूरिया, १७.२६ लाख टन डीएपी और १२.४९ लाख टन एमओपी राज्यों को उपलब्ध कराया गया ।","मंत्रालय के आंकड़ों के मुताबिक इस खरीफ सीजन के दौरान देश भर में करीब ६४.३२ लाख टन यूरिया, १७.२६ लाख टन डीएपी और १२.४९ लाख टन एमओपी राज्यों को उपलब्ध कराया गया।"
train,train-s6771,गोस्वामी ने उल्फा के पांच नेताओं को जेल से छोड़ने की शर्त पर उनसे बहिष्कार वापस लेने के लिए बात करने की पेशकश की है ।,गोस्वामी ने उल्फा के पांच नेताओं को जेल से छोड़ने की शर्त पर उनसे बहिष्कार वापस लेने के लिए बात करने की पेशकश की है।
train,train-s6776,पूर्व मुख्य चुनाव आयुक्त रह चुके एम. एस. गिल ने ब्रिटेन के सांसदों के वेतन और सहूलियतों का जिक्र करते हुए कहा कि सरकार को सांसदों की सुविधाओं के लिए तत्काल ३० - ४० करोड़ रुपये मंजूर करने चाहिए जिससे उनके लिए कार्यालय भवन बनाए जाएं ।,पूर्व मुख्य चुनाव आयुक्त रह चुके एम. एस. गिल ने ब्रिटेन के सांसदों के वेतन और सहूलियतों का जिक्र करते हुए कहा कि सरकार को सांसदों की सुविधाओं के लिए तत्काल ३०-४० करोड़ रुपये मंजूर करने चाहिए जिससे उनके लिए कार्यालय भवन बनाए जाएं।
train,train-s6778,जो सांसद दिल्ली के बाहर अपने क्षेत्र में कार्य कर रहे हैं उन्हें विषम परिस्थितियों में कार्य करना पड़ता है ।,जो सांसद दिल्ली के बाहर अपने क्षेत्र में कार्य कर रहे हैं उन्हें विषम परिस्थितियों में कार्य करना पड़ता है।
train,train-s6780,माकपा के दीपांकर मुखर्जी ने इस प्रस्ताव का कड़ा विरोध करते हुए कहा कि पहले सांसदों को अपनी छवि सुधारनी चाहिए ।,माकपा के दीपांकर मुखर्जी ने इस प्रस्ताव का कड़ा विरोध करते हुए कहा कि पहले सांसदों को अपनी छवि सुधारनी चाहिए।
train,train-s6781,सांसदों की छवि जनता के बीच खराब है और यह अच्छा नहीं लगता कि हम अपना वेतन बढ़ाने की मांग करें ।,सांसदों की छवि जनता के बीच खराब है और यह अच्छा नहीं लगता कि हम अपना वेतन बढ़ाने की मांग करें।
train,train-s6785,ईमानदारी से कार्य करने वाले सांसदों की स्थिति बाद में यह हो जाती है कि उन्हें कफन के लिए कपड़ा नसीब नहीं हो पाता ।,ईमानदारी से कार्य करने वाले सांसदों की स्थिति बाद में यह हो जाती है कि उन्हें कफन के लिए कपड़ा नसीब नहीं हो पाता।
train,train-s6787,हरियाणा के मुख्यमंत्री भूपेंद्र सिंह हुड्डा ने घोषणा की है कि गुड़गांव के आईएमटी मानेसर की तर्ज पर फरीदाबाद में भी औद्योगिक मॉडल टाउनशिप तथा निजी क्षेत्र में विशेष आर्थिक जोन (एसईजेड) की स्थापना की जाएगी ।,हरियाणा के मुख्यमंत्री भूपेंद्र सिंह हुड्डा ने घोषणा की है कि गुड़गांव के आईएमटी मानेसर की तर्ज पर फरीदाबाद में भी औद्योगिक मॉडल टाउनशिप तथा निजी क्षेत्र में विशेष आर्थिक जोन (एसईजेड) की स्थापना की जाएगी।
train,train-s6792,उन्होंने कहा कि गुड़गांव के बाद फरीदाबाद को भी मेट्रो से जोड़ा जाएगा तथा इसके लिए फिजिबिलिटी सर्वे करवाने के आदेश दिए गए हैं ।,उन्होंने कहा कि गुड़गांव के बाद फरीदाबाद को भी मेट्रो से जोड़ा जाएगा तथा इसके लिए फिजिबिलिटी सर्वे करवाने के आदेश दिए गए हैं।
train,train-s6800,"मुख्यमंत्री ने कहा कि जून २००५ में घोषित नई औद्योगिक नीति के बाद से अब तक एचएसआईडीसी को औद्योगिक भूखंडों के आवंटन के लिए २५०० आवेदन प्राप्त हुए हैं, जिनसे राज्य में दो हजार करोड़ रुपये का निवेश होगा ।","मुख्यमंत्री ने कहा कि जून २००५ में घोषित नई औद्योगिक नीति के बाद से अब तक एचएसआईडीसी को औद्योगिक भूखंडों के आवंटन के लिए २५०० आवेदन प्राप्त हुए हैं, जिनसे राज्य में दो हजार करोड़ रुपये का निवेश होगा।"
train,train-s6803,उद्योगपति के. सी. लखानी ने फरीदाबाद में उचित पेयजल आपूर्ति तथा यहां के विकास के लिए पांच सौ करोड़ रुपये के विशेष पैकेज की मांग की ।,उद्योगपति के. सी. लखानी ने फरीदाबाद में उचित पेयजल आपूर्ति तथा यहां के विकास के लिए पांच सौ करोड़ रुपये के विशेष पैकेज की मांग की।
train,train-s6812,अपने दौरे के दौरान राष्ट्रपति ने मालाबार हिल के निकट सह्याद्री गेस्ट हाऊस में वरिष्ठ नौकरशाहों के साथ बैठक कर २६ जुलाई को आई बाढ़ के बाद महानगर और राज्य के अन्य भागों के हालातों का जायजा लिया ।,अपने दौरे के दौरान राष्ट्रपति ने मालाबार हिल के निकट सह्याद्री गेस्ट हाऊस में वरिष्ठ नौकरशाहों के साथ बैठक कर २६ जुलाई को आई बाढ़ के बाद महानगर और राज्य के अन्य भागों के हालातों का जायजा लिया।
train,train-s6818,पश्चिम बंगाल की राजधानी में बृहस्पतिवार को एक घर में छापा मारकर सेना और सीआईडी ने संयुक्त रूप से राज्य में अब तक का सबसे बड़ा हथियारों का जखीरा पकड़ा है ।,पश्चिम बंगाल की राजधानी में बृहस्पतिवार को एक घर में छापा मारकर सेना और सीआईडी ने संयुक्त रूप से राज्य में अब तक का सबसे बड़ा हथियारों का जखीरा पकड़ा है।
train,train-s6821,सेना से अपने आयुधों की इस बड़ी चोरी को सुरक्षा में सेंध लगाए जाना स्वीकार किया है ।,सेना से अपने आयुधों की इस बड़ी चोरी को सुरक्षा में सेंध लगाए जाना स्वीकार किया है।
train,train-s6834,ढाई महीने के शिशु को सांस लेने में हुई दिक्कत के कारण उसकी जान बचाने के लिए बंगलोर जा रहे विमान को वापस दिल्ली मोड़ दिया गया ।,ढाई महीने के शिशु को सांस लेने में हुई दिक्कत के कारण उसकी जान बचाने के लिए बंगलोर जा रहे विमान को वापस दिल्ली मोड़ दिया गया।
train,train-s6835,विमान संख्या आईसी - ८०३ के कैप्टन एमपीएस गिल को जब नन्हें यात्री मोहम्मद हासन की तकलीफ के बारे में पता चला तो उन्होंने बिना समय गंवाए विमान को वापस दिल्ली की तरफ मोड़ दिया ।,विमान संख्या आईसी-८०३ के कैप्टन एमपीएस गिल को जब नन्हें यात्री मोहम्मद हासन की तकलीफ के बारे में पता चला तो उन्होंने बिना समय गंवाए विमान को वापस दिल्ली की तरफ मोड़ दिया।
train,train-s6838,विमान ने दिल्ली से सुबह ६.१५ बजे उड़ान भरी थी ।,विमान ने दिल्ली से सुबह ६.१५ बजे उड़ान भरी थी।
train,train-s6841,भारत और पाकिस्तान ने जम्मू - कश्मीर में भूकंप पीड़ितों की मदद के लिए संयुक्त राहत कार्यक्रम चलाने के मकसद से शनिवार को टीथवाल में नियंत्रण रेखा पर तीसरा प्वाइंट खोल दिया ।,भारत और पाकिस्तान ने जम्मू-कश्मीर में भूकंप पीड़ितों की मदद के लिए संयुक्त राहत कार्यक्रम चलाने के मकसद से शनिवार को टीथवाल में नियंत्रण रेखा पर तीसरा प्वाइंट खोल दिया।
train,train-s6844,सोलह साल के शाहिद को ये दो दिन याद रहेंगे जब भारत और द. अफ्रीका के स्टार खिलाड़ियों ने इनकी गेंदबाजी की तारीफ की और कंधा थपथपा कर भविष्य के लिए शुभकामनाएं दीं ।,सोलह साल के शाहिद को ये दो दिन याद रहेंगे जब भारत और द. अफ्रीका के स्टार खिलाड़ियों ने इनकी गेंदबाजी की तारीफ की और कंधा थपथपा कर भविष्य के लिए शुभकामनाएं दीं।
train,train-s6846,जिन दिग्गजों के पास बड़े - बड़े फटक नहीं पाते उनकी तारीफ और आशीर्वाद कितनों को मिल पाता है?,जिन दिग्गजों के पास बड़े-बड़े फटक नहीं पाते उनकी तारीफ और आशीर्वाद कितनों को मिल पाता है?
train,train-s6847,यह एक परंपरा रही है कि जब भी यहां मैच होता है तो दोनों टीमों की नेट प्रैक्टिस के समय ग्रीनपार्क में अभ्यास करने वाले इन लड़कों को गेंदबाजी करने का मौका दिया जाता है ।,यह एक परंपरा रही है कि जब भी यहां मैच होता है तो दोनों टीमों की नेट प्रैक्टिस के समय ग्रीनपार्क में अभ्यास करने वाले इन लड़कों को गेंदबाजी करने का मौका दिया जाता है।
train,train-s6849,इसका पूरा फायदा उठाकर दाएं हाथ के सीमर मोहम्मद शाहिद ने इतनी सधी गेंदबाजी की कि इरफान और सहवाग के डंडे उड़ा दिए ।,इसका पूरा फायदा उठाकर दाएं हाथ के सीमर मोहम्मद शाहिद ने इतनी सधी गेंदबाजी की कि इरफान और सहवाग के डंडे उड़ा दिए।
train,train-s6850,इनकी तालियां पाकर निहाल हुए शाहिद ने शाम को अकेले अभ्यास करने आए भारतीय कप्तान को इतना परेशान किया कि उनके मुंह से वाह निकल पड़ी ।,इनकी तालियां पाकर निहाल हुए शाहिद ने शाम को अकेले अभ्यास करने आए भारतीय कप्तान को इतना परेशान किया कि उनके मुंह से वाह निकल पड़ी।
train,train-s6852,इस दौरान इस प्रतिभाशाली गेंदबाज ने तीन बार कप्तान के डंडे उड़ाकर उन्हें भौंचक्का कर दिया ।,इस दौरान इस प्रतिभाशाली गेंदबाज ने तीन बार कप्तान के डंडे उड़ाकर उन्हें भौंचक्का कर दिया।
train,train-s6854,जब भाषा की समस्या आड़े आई तो सरल स्वभाव के द. अफ्रीकी खिलाड़ियों ने इशारों में उसे समझाया ।,जब भाषा की समस्या आड़े आई तो सरल स्वभाव के द. अफ्रीकी खिलाड़ियों ने इशारों में उसे समझाया।
train,train-s6858,केंद्र सरकार ने आतंकवादी संगठनों को सख्त संदेश देते हुए कहा कि जम्मू - कश्मीर में सभी तबकों से शांति प्रक्रिया पर वार्ता की जाएगी लेकिन जो लोग इसको रोकने की कोशिश करेंगे उनके साथ कड़ाई से निपटा जाएगा ।,केंद्र सरकार ने आतंकवादी संगठनों को सख्त संदेश देते हुए कहा कि जम्मू-कश्मीर में सभी तबकों से शांति प्रक्रिया पर वार्ता की जाएगी लेकिन जो लोग इसको रोकने की कोशिश करेंगे उनके साथ कड़ाई से निपटा जाएगा।
train,train-s6863,यहां तक कि पूर्ववर्ती राजग सरकार ने भी जम्मू - कश्मीर में सभी अलगाववादियों से बात करके कांग्रेस की नीति को ही आगे बढ़ाया था ।,यहां तक कि पूर्ववर्ती राजग सरकार ने भी जम्मू-कश्मीर में सभी अलगाववादियों से बात करके कांग्रेस की नीति को ही आगे बढ़ाया था।
train,train-s6869,विदेश मंत्री नटवर सिंह की १५ फरवरी से शुरू हो रही अफ़गानिस्तान व पाकिस्तान की तीन दिवसीय यात्रा के दौरान जहां काबुल में व्यापार बढ़ाने पर चर्चा होगी वहीं इस्लामाबाद में दोनों देशों के बीच चल रही शांति प्रक्रिया में प्रगति की समीक्षा की जाएगी ।,विदेश मंत्री नटवर सिंह की १५ फरवरी से शुरू हो रही अफ़गानिस्तान व पाकिस्तान की तीन दिवसीय यात्रा के दौरान जहां काबुल में व्यापार बढ़ाने पर चर्चा होगी वहीं इस्लामाबाद में दोनों देशों के बीच चल रही शांति प्रक्रिया में प्रगति की समीक्षा की जाएगी।
train,train-s6874,नटवर सिंह अपनी यात्रा के पहले चरण में मंगलवार को अफ़गानिस्तान की संक्षिप्त यात्रा पर काबुल जाएंगे ।,नटवर सिंह अपनी यात्रा के पहले चरण में मंगलवार को अफ़गानिस्तान की संक्षिप्त यात्रा पर काबुल जाएंगे।
train,train-s6876,दोनों देशों के बीच वार्ता का मुद्दा आपसी व्यापार बढ़ाना होगा ।,दोनों देशों के बीच वार्ता का मुद्दा आपसी व्यापार बढ़ाना होगा।
train,train-s6892,"वक्फ बोर्ड के चेयरमैन हाफिज उस्मान ने बुधवार को फैसला सुनाते हुए कहा कि आगरा स्थित ताजमहल, उससे जुड़ी मस्जिद और मकबरा जो एक दीवार से घिरे हैं, सभी वक्फ संपत्ति हैं और यह आवश्यक है कि वक्फ कानून १९९५ के तहत ही उनका पंजीकरण किया जाए ।","वक्फ बोर्ड के चेयरमैन हाफिज उस्मान ने बुधवार को फैसला सुनाते हुए कहा कि आगरा स्थित ताजमहल, उससे जुड़ी मस्जिद और मकबरा जो एक दीवार से घिरे हैं, सभी वक्फ संपत्ति हैं और यह आवश्यक है कि वक्फ कानून १९९५ के तहत ही उनका पंजीकरण किया जाए।"
train,train-s6899,उन्होंने इमामबाड़ा और फतेहपुर सीकरी का उदाहरण देते हुए कहा कि धार्मिक दखलंदाजी के चलते ही इन स्थानों के संरक्षण का काम एएसआई नहीं कर सकी ।,उन्होंने इमामबाड़ा और फतेहपुर सीकरी का उदाहरण देते हुए कहा कि धार्मिक दखलंदाजी के चलते ही इन स्थानों के संरक्षण का काम एएसआई नहीं कर सकी।
train,train-s6912,"राजद, एनडीए और लोजपा ने मुस्लिम और अति पिछड़ी जातियों को मनाने के लिए प्रचार युद्ध छेड़ दिया है ।","राजद, एनडीए और लोजपा ने मुस्लिम और अति पिछड़ी जातियों को मनाने के लिए प्रचार युद्ध छेड़ दिया है।"
train,train-s6913,राज्य के सभी दल स्थानीय समाचार में विज्ञापन देकर खुद को मुस्लिमों और पिछड़ों का हितैषी बता रहे हैं ।,राज्य के सभी दल स्थानीय समाचार में विज्ञापन देकर खुद को मुस्लिमों और पिछड़ों का हितैषी बता रहे हैं।
train,train-s6914,जद (यू) ने विज्ञापन देकर मतदाताओं से कहा है कि राजद की सरकार ने अति पिछड़ी जातियों को सत्ता में पर्याप्त भागीदारी नहीं दी है ।,जद (यू) ने विज्ञापन देकर मतदाताओं से कहा है कि राजद की सरकार ने अति पिछड़ी जातियों को सत्ता में पर्याप्त भागीदारी नहीं दी है।
train,train-s6915,"राजद ने इसके जवाब में रविवार को एक बड़ा विज्ञापन देकर उन 71 नेताओं के नाम बताए हैं जो इस समुदाय से ताल्लुक रखते हैं और जिन्हें पिछले एक दशक में राज्यपाल, सांसद और विधायक बनाया गया है ।","राजद ने इसके जवाब में रविवार को एक बड़ा विज्ञापन देकर उन 71 नेताओं के नाम बताए हैं जो इस समुदाय से ताल्लुक रखते हैं और जिन्हें पिछले एक दशक में राज्यपाल, सांसद और विधायक बनाया गया है।"
train,train-s6916,इस विज्ञापन में लालू प्रसाद ने मतदाताओं को यह बताने की कोशिश की है कि वह मुस्लिमों और पिछड़ी जातियों के असल हमदर्द हैं ।,इस विज्ञापन में लालू प्रसाद ने मतदाताओं को यह बताने की कोशिश की है कि वह मुस्लिमों और पिछड़ी जातियों के असल हमदर्द हैं।
train,train-s6917,"विज्ञापन में राजद ने अपनी उपलब्धियां गिनाते हुए 'तीर वाले वीर', नीतीश कुमार 'की विश्वसनीयता पर सवाल उठाया है ।","विज्ञापन में राजद ने अपनी उपलब्धियां गिनाते हुए 'तीर वाले वीर', नीतीश कुमार 'की विश्वसनीयता पर सवाल उठाया है।"
train,train-s6918,वहीं दूसरी ओर जद (यू) ने अपने विज्ञापन में लालू को 'लालटेन वाले नेताजी' बताते हुए कहा है कि उन्होंने गरीबों और वंचित लोगों की बात कर खुद को और अपने परिवार को दौलतमंद बनाने का काम किया है ।,वहीं दूसरी ओर जद (यू) ने अपने विज्ञापन में लालू को 'लालटेन वाले नेताजी' बताते हुए कहा है कि उन्होंने गरीबों और वंचित लोगों की बात कर खुद को और अपने परिवार को दौलतमंद बनाने का काम किया है।
train,train-s6919,मुख्यमंत्री पद की दौड़ में सबसे आगे अरुणाचल प्रदेश के मुख्यमंत्री गेगांग अपांग को बुधवार को कांग्रेस विधायक दल की बैठक में और मजबूती मिल गई ।,मुख्यमंत्री पद की दौड़ में सबसे आगे अरुणाचल प्रदेश के मुख्यमंत्री गेगांग अपांग को बुधवार को कांग्रेस विधायक दल की बैठक में और मजबूती मिल गई।
train,train-s6937,"अदालत ने कहा था कि बंद कमरे में सुनवाई आमतौर पर बलात्कार और जघन्य अपराध में पीड़ितों और गवाहों की पहचान छुपाने के लिए की जाती है, लेकिन सलमान के मामले में ऐसा कुछ भी नहीं है ।","अदालत ने कहा था कि बंद कमरे में सुनवाई आमतौर पर बलात्कार और जघन्य अपराध में पीड़ितों और गवाहों की पहचान छुपाने के लिए की जाती है, लेकिन सलमान के मामले में ऐसा कुछ भी नहीं है।"
train,train-s6943,"अब कांग्रेस के सामने कमोबेश वही स्थिति आ खड़ी है, जब भाजपा ने राज्य सरकारों को आतंक से निपटने के लिए पोटा जैसा कानून बनाने के लिए कहा है ।","अब कांग्रेस के सामने कमोबेश वही स्थिति आ खड़ी है, जब भाजपा ने राज्य सरकारों को आतंक से निपटने के लिए पोटा जैसा कानून बनाने के लिए कहा है।"
train,train-s6947,शर्मा के मुताबिक 'कांग्रेस व यूपीए की सरकार आतंकवाद से सख्ती से निपटने को प्रतिबद्ध है लेकिन वह पोटा के पक्ष में नहीं है,शर्मा के मुताबिक 'कांग्रेस व यूपीए की सरकार आतंकवाद से सख्ती से निपटने को प्रतिबद्ध है लेकिन वह पोटा के पक्ष में नहीं है
train,train-s6949,केंद्र की नीति है कि बढ़ती जनसंख्या को रोकने की दिशा में प्रयास किए जाने चाहिए ।,केंद्र की नीति है कि बढ़ती जनसंख्या को रोकने की दिशा में प्रयास किए जाने चाहिए।
train,train-s6950,चंडीगढ़ - चेन्नई एक्सप्रेस में सोमवार को एक बड़ा हादसा टल गया ।,चंडीगढ़-चेन्नई एक्सप्रेस में सोमवार को एक बड़ा हादसा टल गया।
train,train-s6951,गाड़ी की जनरल बोगी में अचानक धुआं व चिंगारियां निकलने लगीं ।,गाड़ी की जनरल बोगी में अचानक धुआं व चिंगारियां निकलने लगीं।
train,train-s6952,बाद में गाड़ी को जगाधरी स्टेशन पर काफी देर रोक कर फॉल्ट दूर किया गया ।,बाद में गाड़ी को जगाधरी स्टेशन पर काफी देर रोक कर फॉल्ट दूर किया गया।
train,train-s6953,सोमवार सुबह करीब सवा नौ बजे चंडीगढ़ - चेन्नई एक्सप्रेस (6034) जब जगाधरी वर्कशाप से कुछ ही आगे निकली थी कि पीछे से दूसरे जनरल डिब्बे की सवारियों ने बोगी के नीचे धुआं निकलता देखा ।,सोमवार सुबह करीब सवा नौ बजे चंडीगढ़-चेन्नई एक्सप्रेस (6034) जब जगाधरी वर्कशाप से कुछ ही आगे निकली थी कि पीछे से दूसरे जनरल डिब्बे की सवारियों ने बोगी के नीचे धुआं निकलता देखा।
train,train-s6954,"सवारियों ने चेन खींच कर गाड़ी को रोकने का प्रयास किया, लेकिन वैक्यूम प्रेशर काम न करने की वजह से गाड़ी नहीं रुकी ।","सवारियों ने चेन खींच कर गाड़ी को रोकने का प्रयास किया, लेकिन वैक्यूम प्रेशर काम न करने की वजह से गाड़ी नहीं रुकी।"
train,train-s6956,शोर सुनकर गार्ड ने वॉकी - टॉकी पर बात कर जगाधरी आउटर से पहले गाड़ी रुकवाई ।,शोर सुनकर गार्ड ने वॉकी-टॉकी पर बात कर जगाधरी आउटर से पहले गाड़ी रुकवाई।
train,train-s6957,गाड़ी में सवार यात्रियों ने बताया कि जब गाड़ी अंबाला से कुछ आगे निकली थी तभी से कुछ दुर्गंध आ रही थी ।,गाड़ी में सवार यात्रियों ने बताया कि जब गाड़ी अंबाला से कुछ आगे निकली थी तभी से कुछ दुर्गंध आ रही थी।
train,train-s6959,चमड़ा रगड़ खाने के बाद धुआं छोड़ रहा था ।,चमड़ा रगड़ खाने के बाद धुआं छोड़ रहा था।
train,train-s6960,आउटर से धीरे - धीरे गाड़ी को जगाधरी स्टेशन पर ले जाया गया ।,आउटर से धीरे-धीरे गाड़ी को जगाधरी स्टेशन पर ले जाया गया।
train,train-s6962,गाड़ी को आगे - पीछे चलाकर देखा गया और तसल्ली होने के बाद ही उसे आगे रवाना किया गया ।,गाड़ी को आगे-पीछे चलाकर देखा गया और तसल्ली होने के बाद ही उसे आगे रवाना किया गया।
train,train-s6963,कर्मियों का कहना था कि ज्यादा चिंगारियां निकलने से बोगी आग भी पकड़ सकती थी या फिर डी - रेलिंग का भी अंदेशा था ।,कर्मियों का कहना था कि ज्यादा चिंगारियां निकलने से बोगी आग भी पकड़ सकती थी या फिर डी-रेलिंग का भी अंदेशा था।
train,train-s7001,हाल में स्कूली बच्चों के ताबड़तोड़ अपहरणों ने हजारों मासूमों से उनका बचपन छीन लिया ।,हाल में स्कूली बच्चों के ताबड़तोड़ अपहरणों ने हजारों मासूमों से उनका बचपन छीन लिया।
train,train-s7002,स्कूलों व घरों में इन बच्चों को हर रोज 'ये करो और ये न करो' की लंबी फेहरिस्त रटाई जाती है ।,स्कूलों व घरों में इन बच्चों को हर रोज 'ये करो और ये न करो' की लंबी फेहरिस्त रटाई जाती है।
train,train-s7004,"चिंतित माताएं और टीचर 'अजनबियों से बात मत करो, किसी से चॉकलेट मत लो' जैसी अनेक घुट्टियां पिलाती हैं ।","चिंतित माताएं और टीचर 'अजनबियों से बात मत करो, किसी से चॉकलेट मत लो' जैसी अनेक घुट्टियां पिलाती हैं।"
train,train-s7005,स्कूली बच्चों के ताबड़तोड़ अपहरणों से मां - बाप और स्कूल प्रशासन की रातों की नींद हराम तो है लेकिन पाबंदियों से खतरा पैदा हो गया है कि बच्चे अपना मूल स्वभाव ही खो बैठेंगे ।,स्कूली बच्चों के ताबड़तोड़ अपहरणों से मां-बाप और स्कूल प्रशासन की रातों की नींद हराम तो है लेकिन पाबंदियों से खतरा पैदा हो गया है कि बच्चे अपना मूल स्वभाव ही खो बैठेंगे।
train,train-s7006,मनोवैज्ञानिकों के अनुसार इस तरह तो स्वाभाविक रूप से उनकी परवरिश में भी खलल पड़ेगा ।,मनोवैज्ञानिकों के अनुसार इस तरह तो स्वाभाविक रूप से उनकी परवरिश में भी खलल पड़ेगा।
train,train-s7008,इसलिए बच्चों को समझाना पड़ता है ।,इसलिए बच्चों को समझाना पड़ता है।
train,train-s7033,जहां विहिप के अंतर्राष्ट्रीय महासचिव प्रवीण तोगड़िया ने वाजपेयी और लालकृष्ण आडवाणी को राजनीति से संन्यास ले लेने की सलाह दी है ।,जहां विहिप के अंतर्राष्ट्रीय महासचिव प्रवीण तोगड़िया ने वाजपेयी और लालकृष्ण आडवाणी को राजनीति से संन्यास ले लेने की सलाह दी है।
train,train-s7034,वहीं विहिप के उपाध्यक्ष गिरिराज किशोर ने कहा कि वाजपेयी ने गुजरात दंगों के लिए नरेंद्र मोदी को मुख्यमंत्री पद से हटाने की बात कहकर बहुत बड़ी गलती की है ।,वहीं विहिप के उपाध्यक्ष गिरिराज किशोर ने कहा कि वाजपेयी ने गुजरात दंगों के लिए नरेंद्र मोदी को मुख्यमंत्री पद से हटाने की बात कहकर बहुत बड़ी गलती की है।
train,train-s7039,तोगड़िया ने यह प्रतिक्रिया वाजपेयी के मनाली में दिए उस बयान पर की है जिसमें भाजपा की हार के लिए गुजरात के दंगों को जिम्मेदार ठहराया गया है ।,तोगड़िया ने यह प्रतिक्रिया वाजपेयी के मनाली में दिए उस बयान पर की है जिसमें भाजपा की हार के लिए गुजरात के दंगों को जिम्मेदार ठहराया गया है।
train,train-s7040,तोगड़िया को इस बात पर भी खासी नाराजगी है कि भाजपा में कई नेता नरेंद्र मोदी को भाजपा की हार के लिए जिम्मेदार ठहरा रहे हैं ।,तोगड़िया को इस बात पर भी खासी नाराजगी है कि भाजपा में कई नेता नरेंद्र मोदी को भाजपा की हार के लिए जिम्मेदार ठहरा रहे हैं।
train,train-s7042,तोगड़िया की राय में 'सच्चाई यह है कि वाजपेयी और आडवाणी दोनों ही विफल रहे हैं और दोनों सच्चाई को स्वीकार नहीं करना चाहते ।,तोगड़िया की राय में 'सच्चाई यह है कि वाजपेयी और आडवाणी दोनों ही विफल रहे हैं और दोनों सच्चाई को स्वीकार नहीं करना चाहते।
train,train-s7044,अपनी असफलता का ठीकरा गुजरात के दंगों के सिर फोड़ना चाहते हैं,अपनी असफलता का ठीकरा गुजरात के दंगों के सिर फोड़ना चाहते हैं
train,train-s7045,वाजपेयी और आडवाणी से अब तोगड़िया का भरोसा मंदिर के मामले में भी उठ गया लगता है ।,वाजपेयी और आडवाणी से अब तोगड़िया का भरोसा मंदिर के मामले में भी उठ गया लगता है।
train,train-s7046,'ये क्या मंदिर बनाएंगे?,'ये क्या मंदिर बनाएंगे?
train,train-s7052,उन्होंने कहा कि राजग ने जब हिन्दुत्व और रामजन्म भूमि मुद्दों को छोड़ दिया तो उससे नाराज हिंदुओं ने कांग्रेस को वोट दिया ।,उन्होंने कहा कि राजग ने जब हिन्दुत्व और रामजन्म भूमि मुद्दों को छोड़ दिया तो उससे नाराज हिंदुओं ने कांग्रेस को वोट दिया।
train,train-s7055,राष्ट्रीय स्वयंसेवक संघ प्रमुख के. एस. सुदर्शन की राजनीति की तुलना वेश्याओं के कपड़े बदलने से कर कांग्रेस को हमला करने का एक और मुद्दा दे दिया है ।,राष्ट्रीय स्वयंसेवक संघ प्रमुख के. एस. सुदर्शन की राजनीति की तुलना वेश्याओं के कपड़े बदलने से कर कांग्रेस को हमला करने का एक और मुद्दा दे दिया है।
train,train-s7056,कांग्रेस ने सुदर्शन के इस बयान पर कड़ा एतराज जताया है ।,कांग्रेस ने सुदर्शन के इस बयान पर कड़ा एतराज जताया है।
train,train-s7072,वह जनता से जुड़े मुद्दे उठाने और उन पर चर्चा करने में पूरी तरह नाकाम रहा है ।,वह जनता से जुड़े मुद्दे उठाने और उन पर चर्चा करने में पूरी तरह नाकाम रहा है।
train,train-s7082,"उन्होंने माना कि बीते साल नक्सली घटनाओं में इजाफा हुआ, पर उन्होंने यह भी कहा कि इस साल इस समस्या से कड़ाई से निपटा जाएगा ।","उन्होंने माना कि बीते साल नक्सली घटनाओं में इजाफा हुआ, पर उन्होंने यह भी कहा कि इस साल इस समस्या से कड़ाई से निपटा जाएगा।"
train,train-s7083,गृह मंत्रालय ने राज्यों से कहा कि नक्सलवाद से निपटने के लिए केंद्र के संबंधित इलाकों में सामाजिक व आर्थिक विकास की नीति पर कड़ाई से पालन करना होगा ।,गृह मंत्रालय ने राज्यों से कहा कि नक्सलवाद से निपटने के लिए केंद्र के संबंधित इलाकों में सामाजिक व आर्थिक विकास की नीति पर कड़ाई से पालन करना होगा।
train,train-s7088,इस योजना के तहत ही राज्यों को हर साल 40 - 45 करोड़ रुपये दिए जाते हैं ।,इस योजना के तहत ही राज्यों को हर साल 40-45 करोड़ रुपये दिए जाते हैं।
train,train-s7091,केंद्र प्रत्येक बटालियन के लिए 25 करोड़ रुपये देगा ।,केंद्र प्रत्येक बटालियन के लिए 25 करोड़ रुपये देगा।
train,train-s7093,गृह सचिव ने एक सवाल के जवाब में कहा कि छत्तीसगढ़ में नक्सलियों के खिलाफ लोगों का जनजागरण अभियान एक अच्छा कदम है ।,गृह सचिव ने एक सवाल के जवाब में कहा कि छत्तीसगढ़ में नक्सलियों के खिलाफ लोगों का जनजागरण अभियान एक अच्छा कदम है।
train,train-s7096,"बैठक में बिहार, झारखंड, उड़ीसा, मध्य प्रदेश, महाराष्ट्र, आंध्रप्रदेश, उत्तरांचल, उत्तर प्रदेश, तमिलनाडु, पश्चिम बंगाल, केरल, हरियाणा व कर्नाटक के अधिकारी शामिल हुए ।","बैठक में बिहार, झारखंड, उड़ीसा, मध्य प्रदेश, महाराष्ट्र, आंध्रप्रदेश, उत्तरांचल, उत्तर प्रदेश, तमिलनाडु, पश्चिम बंगाल, केरल, हरियाणा व कर्नाटक के अधिकारी शामिल हुए।"
train,train-s7106,चुनाव आयोग के अनुसार राज्य में 55 - 60 फीसदी तक वोट पड़े ।,चुनाव आयोग के अनुसार राज्य में 55-60 फीसदी तक वोट पड़े।
train,train-s7107,राज्य के मुख्य चुनाव अधिकारी यू पी एस मदान ने भी 55 फीसदी से ज्यादा वोट पड़ने की संभावना जताई है ।,राज्य के मुख्य चुनाव अधिकारी यू पी एस मदान ने भी 55 फीसदी से ज्यादा वोट पड़ने की संभावना जताई है।
train,train-s7108,राज्य के 38 जिलों में फैले 64 हजार से ज्यादा मतदान केंद्रों पर सुबह साढ़े सात बजे से शाम साढ़े पांच बजे तक वोट डाले गए ।,राज्य के 38 जिलों में फैले 64 हजार से ज्यादा मतदान केंद्रों पर सुबह साढ़े सात बजे से शाम साढ़े पांच बजे तक वोट डाले गए।
train,train-s7109,"हालांकि नक्सलियों ने राज्य में चुनाव बहिष्कार की धमकी दी थी, लेकिन इसका खास असर नहीं पड़ा ।","हालांकि नक्सलियों ने राज्य में चुनाव बहिष्कार की धमकी दी थी, लेकिन इसका खास असर नहीं पड़ा।"
train,train-s7110,पुलिस के अनुसार विदर्भ के गढ़चिरौली में तीन अलग - अलग घटनाओं में दो पुलिसकर्मी घायल हो गए ।,पुलिस के अनुसार विदर्भ के गढ़चिरौली में तीन अलग-अलग घटनाओं में दो पुलिसकर्मी घायल हो गए।
train,train-s7114,दो अन्य घटनाओं में बीनागुड़ी के जंगलों में और कासंसुर में नक्सलियों ने पुलिस के गश्ती दल व पोलिंग पार्टी पर हमला कर दिया ।,दो अन्य घटनाओं में बीनागुड़ी के जंगलों में और कासंसुर में नक्सलियों ने पुलिस के गश्ती दल व पोलिंग पार्टी पर हमला कर दिया।
train,train-s7115,"इनमें एसआरपीएफ के वीरेंद्र कुमार तिवारी और सीआरपीएफ के संतोष जायसवाल जख्मी हो गए, जिन्हें गढ़चिरौली के अस्पताल में दाखिल कराया गया है ।","इनमें एसआरपीएफ के वीरेंद्र कुमार तिवारी और सीआरपीएफ के संतोष जायसवाल जख्मी हो गए, जिन्हें गढ़चिरौली के अस्पताल में दाखिल कराया गया है।"
train,train-s7116,"बहरहाल, उत्तर प्रदेश में चुनाव से जुड़ी हिंसा में तीन लोग मारे गए ।","बहरहाल, उत्तर प्रदेश में चुनाव से जुड़ी हिंसा में तीन लोग मारे गए।"
train,train-s7122,राज्य में लोकसभा की एक सीट और विधानसभा की कुल 12 सीटों के लिए हुए उपचुनाव में कड़ी सुरक्षा के बीच लगभग 45 - 50 फीसदी मतदाता घरों से बाहर निकले ।,राज्य में लोकसभा की एक सीट और विधानसभा की कुल 12 सीटों के लिए हुए उपचुनाव में कड़ी सुरक्षा के बीच लगभग 45-50 फीसदी मतदाता घरों से बाहर निकले।
train,train-s7126,बटमालू विधानसभा क्षेत्र में 12 फीसदी वोट पड़े ।,बटमालू विधानसभा क्षेत्र में 12 फीसदी वोट पड़े।
train,train-s7128,बिहार की मधेपुरा लोकसभा सीट के लिए हुए उपचुनाव में लगभग 50 फीसदी वोट पड़े ।,बिहार की मधेपुरा लोकसभा सीट के लिए हुए उपचुनाव में लगभग 50 फीसदी वोट पड़े।
train,train-s7130,देश में सबसे ज्यादा 80 फीसदी वोट गोवा की एक और नागालैंड की तीन विधानसभा सीटों के लिए हुए उपचुनाव में पड़े ।,देश में सबसे ज्यादा 80 फीसदी वोट गोवा की एक और नागालैंड की तीन विधानसभा सीटों के लिए हुए उपचुनाव में पड़े।
train,train-s7132,मणिपुर में चुनाव बहिष्कार के आह्वान और 24 घंटे की आम हड़ताल के कारण सामान्य जनजीवन बुरी तरह प्रभावित हुआ ।,मणिपुर में चुनाव बहिष्कार के आह्वान और 24 घंटे की आम हड़ताल के कारण सामान्य जनजीवन बुरी तरह प्रभावित हुआ।
train,train-s7138,इसलिए पार्टी राज्य की सत्ता उमा भारती को सौंप कर राज्य में कोई बखेड़ा खड़ा करने के मूड में नहीं है ।,इसलिए पार्टी राज्य की सत्ता उमा भारती को सौंप कर राज्य में कोई बखेड़ा खड़ा करने के मूड में नहीं है।
train,train-s7141,हुबली की एक अदालत द्वारा एक मामले में उमा की गिरफ्तारी का आदेश दिए जाने के बाद उन्हें मुख्यमंत्री पद से इस्तीफा देना पड़ा था ।,हुबली की एक अदालत द्वारा एक मामले में उमा की गिरफ्तारी का आदेश दिए जाने के बाद उन्हें मुख्यमंत्री पद से इस्तीफा देना पड़ा था।
train,train-s7154,छात्रा अचेत अवस्था में एक झोपड़ी में मिली ।,छात्रा अचेत अवस्था में एक झोपड़ी में मिली।
train,train-s7158,पीड़िता के चचेरे भाई द्वारा पुलिस में की गई शिकायत के अनुसार उसकी बहन रीता (काल्पनिक नाम) थिलौड - बादलवाला मार्ग पर खेत में स्थित अपने मकान में सो रही थी ।,पीड़िता के चचेरे भाई द्वारा पुलिस में की गई शिकायत के अनुसार उसकी बहन रीता (काल्पनिक नाम) थिलौड-बादलवाला मार्ग पर खेत में स्थित अपने मकान में सो रही थी।
train,train-s7159,तभी तीन युवक उसे उठाकर वहां से थोड़ी दूर स्थित एक झोपड़ी में ले गए ।,तभी तीन युवक उसे उठाकर वहां से थोड़ी दूर स्थित एक झोपड़ी में ले गए।
train,train-s7161,"सुबह उठने पर जब परिजनों को लड़की नहीं मिली, तो आसपास में उसकी तलाश की गई ।","सुबह उठने पर जब परिजनों को लड़की नहीं मिली, तो आसपास में उसकी तलाश की गई।"
train,train-s7162,तलाशी के दौरान लड़की झोपड़ी के अंदर बेहोशी की हालत में मिली ।,तलाशी के दौरान लड़की झोपड़ी के अंदर बेहोशी की हालत में मिली।
train,train-s7164,पीड़िता का मेडिकल परीक्षण कराया गया है ।,पीड़िता का मेडिकल परीक्षण कराया गया है।
train,train-s7181,यह लोगों के जीवन से जुड़ा हुआ विषय है ।,यह लोगों के जीवन से जुड़ा हुआ विषय है।
train,train-s7182,डॉक्टरों की थोड़ी सी लापरवाही से मरीज की जान जा सकती है ।,डॉक्टरों की थोड़ी सी लापरवाही से मरीज की जान जा सकती है।
train,train-s7190,"हार्ट केयर फाउंडेशन के अध्यक्ष डॉ. के. के. अग्रवाल का कहना है कि जब एक भारतीय प्रशासनिक सेवा के अधिकारी को बार - बार परीक्षा नहीं देनी पड़ती है, तो डॉक्टरों को बार - बार परीक्षा देने का क्या औचित्य है ।","हार्ट केयर फाउंडेशन के अध्यक्ष डॉ. के. के. अग्रवाल का कहना है कि जब एक भारतीय प्रशासनिक सेवा के अधिकारी को बार-बार परीक्षा नहीं देनी पड़ती है, तो डॉक्टरों को बार-बार परीक्षा देने का क्या औचित्य है।"
train,train-s7191,रक्षा वैज्ञानिक अगले साल भारत की अत्याधुनिक बैलिस्टिक मिसाइल 'अग्नि' का परीक्षण करेंगे ।,रक्षा वैज्ञानिक अगले साल भारत की अत्याधुनिक बैलिस्टिक मिसाइल 'अग्नि' का परीक्षण करेंगे।
train,train-s7195,उन्होंने कहा कि रॉकेट मोटर को जोड़ने का काम शुरू कर दिया गया है ।,उन्होंने कहा कि रॉकेट मोटर को जोड़ने का काम शुरू कर दिया गया है।
train,train-s7207,पेट्रोलियम मंत्रालय छोड़ने के कुछ महीनों बाद मणिशंकर अय्यर ने बृहस्पतिवार को मंत्रालय में वरिष्ठ नौकरशाहों के काम के तरीकों को लेकर जमकर फटकार लगाई ।,पेट्रोलियम मंत्रालय छोड़ने के कुछ महीनों बाद मणिशंकर अय्यर ने बृहस्पतिवार को मंत्रालय में वरिष्ठ नौकरशाहों के काम के तरीकों को लेकर जमकर फटकार लगाई।
train,train-s7208,यहां एक सेमीनार में अय्यर ने स्वीकार किया कि पेट्रोलियम मंत्रालय के अधिकारियों और उनके बीच छत्तीस का आंकड़ा था ।,यहां एक सेमीनार में अय्यर ने स्वीकार किया कि पेट्रोलियम मंत्रालय के अधिकारियों और उनके बीच छत्तीस का आंकड़ा था।
train,train-s7211,अपना राजनयिक कैरियर छोड़ कर राजनीति में आए अय्यर ने कहा कि मंत्रालय में काफी मतभेद थे ।,अपना राजनयिक कैरियर छोड़ कर राजनीति में आए अय्यर ने कहा कि मंत्रालय में काफी मतभेद थे।
train,train-s7223,कन्नड़ अभिनेता राजकुमार के अंतिम संस्कार से पहले उनके प्रशंसकों ने बृहस्पतिवार को जमकर उत्पात मचाया ।,कन्नड़ अभिनेता राजकुमार के अंतिम संस्कार से पहले उनके प्रशंसकों ने बृहस्पतिवार को जमकर उत्पात मचाया।
train,train-s7229,उन्होंने स्टेडियम के अंदर और बाहर खड़े वाहनों को निशाना बनाया तथा पुलिस पर भी पथराव किया ।,उन्होंने स्टेडियम के अंदर और बाहर खड़े वाहनों को निशाना बनाया तथा पुलिस पर भी पथराव किया।
train,train-s7232,कन्नड़ सुपरस्टार को आज हजारों लोगों ने नम आंखों से अंतिम विदाई दी ।,कन्नड़ सुपरस्टार को आज हजारों लोगों ने नम आंखों से अंतिम विदाई दी।
train,train-s7235,"लाठीचार्ज और आंसू गैस के गोले छोड़ने के बावजूद जब स्थिति नियंत्रण में नहीं आई तो पुलिस को फायरिंग करनी पड़ी, जिसमें एक व्यक्ति की मौत हो गई ।","लाठीचार्ज और आंसू गैस के गोले छोड़ने के बावजूद जब स्थिति नियंत्रण में नहीं आई तो पुलिस को फायरिंग करनी पड़ी, जिसमें एक व्यक्ति की मौत हो गई।"
train,train-s7237,तीसरे व्यक्ति के बारे में यह पता नहीं चल सका है कि वह फायरिंग में या भीड़ की हिंसा में मारा गया ।,तीसरे व्यक्ति के बारे में यह पता नहीं चल सका है कि वह फायरिंग में या भीड़ की हिंसा में मारा गया।
train,train-s7238,भड़के प्रशंसकों ने दो सरकारी बसे फूंक दीं और कई वाहनों को नुकसान पहुंचाया ।,भड़के प्रशंसकों ने दो सरकारी बसे फूंक दीं और कई वाहनों को नुकसान पहुंचाया।
train,train-s7240,कांतिरवा स्टूडियो में राजकुमार का अंतिम संस्कार किए जाने से पहले वहां पर जुटे प्रशंसकों को तितर - बितर करने के लिए पुलिस को कई राउंड आंसू गैस के गोले दागने पड़े ।,कांतिरवा स्टूडियो में राजकुमार का अंतिम संस्कार किए जाने से पहले वहां पर जुटे प्रशंसकों को तितर-बितर करने के लिए पुलिस को कई राउंड आंसू गैस के गोले दागने पड़े।
train,train-s7241,स्टूडियो में घुसने के लिए बेताब सैकड़ों प्रशंसकों ने पुलिस से धक्कामुक्की की और उसके बाद पथराव शुरू कर दिया ।,स्टूडियो में घुसने के लिए बेताब सैकड़ों प्रशंसकों ने पुलिस से धक्कामुक्की की और उसके बाद पथराव शुरू कर दिया।
train,train-s7242,"राजकुमार के अंतिम संस्कार के लिए उनके बेटे शिव राजकुमार, पुनीत राजकुमार और राघवेंद्र राजकुमार के कांतिरवा स्टूडियो पहुंचने से कुछ मिनट पहले सैकड़ों प्रशंसक स्टूडियो परिसर में घुस गए ।","राजकुमार के अंतिम संस्कार के लिए उनके बेटे शिव राजकुमार, पुनीत राजकुमार और राघवेंद्र राजकुमार के कांतिरवा स्टूडियो पहुंचने से कुछ मिनट पहले सैकड़ों प्रशंसक स्टूडियो परिसर में घुस गए।"
train,train-s7243,तनाव बढ़ता देख राजकुमार की पत्नी पर्वतम्मा राजकुमार को कड़ी पुलिस सुरक्षा में स्टूडियो में ले जाया गया ।,तनाव बढ़ता देख राजकुमार की पत्नी पर्वतम्मा राजकुमार को कड़ी पुलिस सुरक्षा में स्टूडियो में ले जाया गया।
train,train-s7255,इससे पहले सलमान को जिला एवं सत्र न्यायाधीश जी. एस. सुराना द्वारा जमानत दिए जाने की सूचना मिलते ही अदालत के बाहर सुबह से ही जुटे प्रशंसकों में खुशी की लहर दौड़ गई ।,इससे पहले सलमान को जिला एवं सत्र न्यायाधीश जी. एस. सुराना द्वारा जमानत दिए जाने की सूचना मिलते ही अदालत के बाहर सुबह से ही जुटे प्रशंसकों में खुशी की लहर दौड़ गई।
train,train-s7256,पुलिस को भीड़ को नियंत्रित करने के लिए खासी मशक्कत करनी पड़ी और हल्का लाठीचार्ज भी करना पड़ा ।,पुलिस को भीड़ को नियंत्रित करने के लिए खासी मशक्कत करनी पड़ी और हल्का लाठीचार्ज भी करना पड़ा।
train,train-s7261,कटरा में भक्तों की अत्यधिक भीड़ जमा होने के कारण मां वैष्णव देवी की यात्रा को लगातार दूसरे दिन रविवार की शाम कुछ घंटों के लिए स्थगित कर दिया गया ।,कटरा में भक्तों की अत्यधिक भीड़ जमा होने के कारण मां वैष्णव देवी की यात्रा को लगातार दूसरे दिन रविवार की शाम कुछ घंटों के लिए स्थगित कर दिया गया।
train,train-s7263,इसके बाद भी जब श्रद्धालुओं की भीड़ और बढ़ने लगी तो माता वैष्णव देवी श्राइन बोर्ड की ओर से पंजीकरण रोक दिया गया ।,इसके बाद भी जब श्रद्धालुओं की भीड़ और बढ़ने लगी तो माता वैष्णव देवी श्राइन बोर्ड की ओर से पंजीकरण रोक दिया गया।
train,train-s7265,कटरा में पंजीकरण बंद किए जाने की सूचना मिलते ही जम्मू में शाम साढ़े छह बजे यात्रियों को रोक दिया गया ।,कटरा में पंजीकरण बंद किए जाने की सूचना मिलते ही जम्मू में शाम साढ़े छह बजे यात्रियों को रोक दिया गया।
train,train-s7266,"अनुमान के मुताबिक साप्ताहिक छुट्टी और कल पड़ रही संक्रांति के कारण कटरा में तकरीबन ७०,००० भक्त पहुंच चुके हैं ।","अनुमान के मुताबिक साप्ताहिक छुट्टी और कल पड़ रही संक्रांति के कारण कटरा में तकरीबन ७०,००० भक्त पहुंच चुके हैं।"
train,train-s7267,यह भीड़ छटते ही भक्तों का जत्था आगे कूच करेगा ।,यह भीड़ छटते ही भक्तों का जत्था आगे कूच करेगा।
train,train-s7268,रविवार को दोपहर बारह बजे तक श्रद्धालुओं का आंकड़ा सोलह हजार पार कर चुका था ।,रविवार को दोपहर बारह बजे तक श्रद्धालुओं का आंकड़ा सोलह हजार पार कर चुका था।
train,train-s7270,पंजीकरण कक्ष के प्रबंधक आरएस जम्वाल के अनुसार यात्रियों की बढ़ोतरी का यह क्रम अभी कुछ दिनों तक जारी रहने की संभावना है ।,पंजीकरण कक्ष के प्रबंधक आरएस जम्वाल के अनुसार यात्रियों की बढ़ोतरी का यह क्रम अभी कुछ दिनों तक जारी रहने की संभावना है।
train,train-s7273,इस सीट से संजय दत्त की बहन प्रिया दत्त चुनाव लड़ रही हैं ।,इस सीट से संजय दत्त की बहन प्रिया दत्त चुनाव लड़ रही हैं।
train,train-s7279,मुंबई के भाजपा अध्यक्ष विनोद तावड़े ने बातचीत में कहा कि यदि संजय दत्त ने चुनाव अभियान में भाग लिया तो हम जमकर विरोध करेंगे ।,मुंबई के भाजपा अध्यक्ष विनोद तावड़े ने बातचीत में कहा कि यदि संजय दत्त ने चुनाव अभियान में भाग लिया तो हम जमकर विरोध करेंगे।
train,train-s7285,लेकिन देर सबेर हमें इस मुद्दे पर गौर करना ही पड़ेगा ।,लेकिन देर सबेर हमें इस मुद्दे पर गौर करना ही पड़ेगा।
train,train-s7294,उन्होंने कहा कि राष्ट्र गान के साथ छेड़छाड़ से अन्य शब्दों को भी हटाने या जोड़ने का विवाद पैदा हो जाएगा ।,उन्होंने कहा कि राष्ट्र गान के साथ छेड़छाड़ से अन्य शब्दों को भी हटाने या जोड़ने का विवाद पैदा हो जाएगा।
train,train-s7296,"केंद्र सरकार ने काम के बदले अनाज कार्यक्रम को १५० पिछड़े जिलों में लागू करने के प्रस्ताव को मंजूरी दे दी है, जिसके तहत निर्धनतम वर्ग को खाद्यान्न सुरक्षा उपलब्ध कराने का प्रयास किया जाएगा ।","केंद्र सरकार ने काम के बदले अनाज कार्यक्रम को १५० पिछड़े जिलों में लागू करने के प्रस्ताव को मंजूरी दे दी है, जिसके तहत निर्धनतम वर्ग को खाद्यान्न सुरक्षा उपलब्ध कराने का प्रयास किया जाएगा।"
train,train-s7297,प्रधानमंत्री मनमोहन सिंह की अध्यक्षता में बुधवार को हुई कैबिनेट की बैठक में ४००० करोड़ रुपये की इस योजना को मंजूरी दी गई ।,प्रधानमंत्री मनमोहन सिंह की अध्यक्षता में बुधवार को हुई कैबिनेट की बैठक में ४००० करोड़ रुपये की इस योजना को मंजूरी दी गई।
train,train-s7298,समझा जाता है कि सार्वजनिक उपक्रमों का बकाया निपटाने के लिए ५३० करोड़ रुपये के पैकेज के प्रस्ताव को मंजूरी नहीं मिल सकी है ।,समझा जाता है कि सार्वजनिक उपक्रमों का बकाया निपटाने के लिए ५३० करोड़ रुपये के पैकेज के प्रस्ताव को मंजूरी नहीं मिल सकी है।
train,train-s7299,जबकि नालको के ४०९१ करोड़ के पैकेज को मंजूर कर लिया गया है ।,जबकि नालको के ४०९१ करोड़ के पैकेज को मंजूर कर लिया गया है।
train,train-s7305,"इसमें स्क्रैप आयात नीति, असम व नागालैंड में हाल की हिंसा को देखते हुए भारत - बांग्लादेश सीमा पर बाड़ लगाने और सीमा पार आतंकवाद पर चर्चा हुई ।","इसमें स्क्रैप आयात नीति, असम व नागालैंड में हाल की हिंसा को देखते हुए भारत-बांग्लादेश सीमा पर बाड़ लगाने और सीमा पार आतंकवाद पर चर्चा हुई।"
train,train-s7306,'काम के बदले अनाज योजना' के तहत उत्तर प्रदेश के पिछड़े जिलों को भी शरीक किया गया है ।,'काम के बदले अनाज योजना' के तहत उत्तर प्रदेश के पिछड़े जिलों को भी शरीक किया गया है।
train,train-s7307,"इसके अलावा उड़ीसा, छत्तीसगढ़, झारखंड, महाराष्ट्र और मध्य प्रदेश के जिलों को भी शरीक किया गया है ।","इसके अलावा उड़ीसा, छत्तीसगढ़, झारखंड, महाराष्ट्र और मध्य प्रदेश के जिलों को भी शरीक किया गया है।"
train,train-s7308,हालांकि सरकार ने महाराष्ट्र चुनावों को देखते हुए इसकी औपचारिक घोषणा नहीं की लेकिन सरकारी सूत्रों के मुताबिक 'काम के बदले अनाज' के अलावा जिन अन्य मुद्दों पर इस बैठक में चर्चा हुई है उनमें जम्मू कश्मीर व उत्तर पूर्व की स्थिति पर भी विचार किया गया है ।,हालांकि सरकार ने महाराष्ट्र चुनावों को देखते हुए इसकी औपचारिक घोषणा नहीं की लेकिन सरकारी सूत्रों के मुताबिक 'काम के बदले अनाज' के अलावा जिन अन्य मुद्दों पर इस बैठक में चर्चा हुई है उनमें जम्मू कश्मीर व उत्तर पूर्व की स्थिति पर भी विचार किया गया है।
train,train-s7310,प्रधानमंत्री की अध्यक्षता में सुरक्षा मामलों की कैबिनेट समिति ने कबाड़ में आ रहे विस्फोटक को देखते हुए स्क्रैप आयात नीति पर विचार किया ।,प्रधानमंत्री की अध्यक्षता में सुरक्षा मामलों की कैबिनेट समिति ने कबाड़ में आ रहे विस्फोटक को देखते हुए स्क्रैप आयात नीति पर विचार किया।
train,train-s7314,सुरक्षा समिति ने जम्मू - कश्मीर की तर्ज पर भारत - बांग्लादेश सीमा के १५० गज के भीतर बाड़ लगाने के प्रस्ताव पर चर्चा की ।,सुरक्षा समिति ने जम्मू-कश्मीर की तर्ज पर भारत-बांग्लादेश सीमा के १५० गज के भीतर बाड़ लगाने के प्रस्ताव पर चर्चा की।
train,train-s7315,भारत - बांग्लादेश की ४०९६ किलोमीटर लंबी सीमा में से २८५ किलोमीटर में बाड़ का प्रस्ताव है ।,भारत-बांग्लादेश की ४०९६ किलोमीटर लंबी सीमा में से २८५ किलोमीटर में बाड़ का प्रस्ताव है।
train,train-s7321,इटली के राष्ट्रपति कार्ल एजेग्लियो सियांपी व भारतीय प्रधानमंत्री मनमोहन सिंह ने मुलाक़ात के दौरान आपसी संबंधों को बढ़ाने पर जोर दिया ।,इटली के राष्ट्रपति कार्ल एजेग्लियो सियांपी व भारतीय प्रधानमंत्री मनमोहन सिंह ने मुलाक़ात के दौरान आपसी संबंधों को बढ़ाने पर जोर दिया।
train,train-s7325,सियांपी ने पत्रकारों को बताया कि यात्रा के दौरान उन्हें भारत जैसे शांतिप्रिय देश के साथ संबंध बढ़ाने का मौका मिलेगा ।,सियांपी ने पत्रकारों को बताया कि यात्रा के दौरान उन्हें भारत जैसे शांतिप्रिय देश के साथ संबंध बढ़ाने का मौका मिलेगा।
train,train-s7336,इतना सुनना था कि कैदियों में भगदड़ मच गई ।,इतना सुनना था कि कैदियों में भगदड़ मच गई।
train,train-s7338,भीड़ में कुछ लोग जेल में बंद अपने संबंधियों के बारे में जानकारी लेने का प्रयास कर रहे थे और सुरक्षा की बदइंतजामी के लिए जेल अधिकारियों को कोस रहे थे ।,भीड़ में कुछ लोग जेल में बंद अपने संबंधियों के बारे में जानकारी लेने का प्रयास कर रहे थे और सुरक्षा की बदइंतजामी के लिए जेल अधिकारियों को कोस रहे थे।
train,train-s7339,"भीड़ में शामिल शिक्षक वीरेंद्र शर्मा ने मौजू सवाल उठाया, जब लोग कानून की गिरफ्त में भी सुरक्षित नहीं हैं, तो कहां मिलेगी सुरक्षा ।","भीड़ में शामिल शिक्षक वीरेंद्र शर्मा ने मौजू सवाल उठाया, जब लोग कानून की गिरफ्त में भी सुरक्षित नहीं हैं, तो कहां मिलेगी सुरक्षा।"
train,train-s7342,एक अन्य कैदी सुदामा ने बताया कि 'भाकपा माओवादी' विद्रोहियों ने पहले दो संतरियों को गोली से उड़ा दिया और फिर कई वार्डो के ताले खुलवाकर लोगों से भागने को कहा ।,एक अन्य कैदी सुदामा ने बताया कि 'भाकपा माओवादी' विद्रोहियों ने पहले दो संतरियों को गोली से उड़ा दिया और फिर कई वार्डो के ताले खुलवाकर लोगों से भागने को कहा।
train,train-s7343,"एक नक्सली हाथ में लाउडस्पीकर लिए कह रहा था जेल के अंदर बड़ा बम फिट कर दिया गया है, जो बस फटने ही वाला है ।","एक नक्सली हाथ में लाउडस्पीकर लिए कह रहा था जेल के अंदर बड़ा बम फिट कर दिया गया है, जो बस फटने ही वाला है।"
train,train-s7344,इतना सुनते ही जेल में भगदड़ मच गई ।,इतना सुनते ही जेल में भगदड़ मच गई।
train,train-s7345,कैदी जेल के मुख्य दरवाजे की ओर दौड़े और अंधेरे में गायब हो गए ।,कैदी जेल के मुख्य दरवाजे की ओर दौड़े और अंधेरे में गायब हो गए।
train,train-s7346,"बिरजू के मुताबिक, इसके बाद नक्सलियों ने बाकी बचे कैदियों से बड़े शर्मा के बारे में जानकारी ली और उसे वार्ड से निकालकर गोली मार दी ।","बिरजू के मुताबिक, इसके बाद नक्सलियों ने बाकी बचे कैदियों से बड़े शर्मा के बारे में जानकारी ली और उसे वार्ड से निकालकर गोली मार दी।"
train,train-s7350,"जैसे ही वह अपनी झोपड़ी से बाहर निकला, तो देखा कि खाकी वर्दी पहने कुछ लोग गोलियां चला रहे हैं ।","जैसे ही वह अपनी झोपड़ी से बाहर निकला, तो देखा कि खाकी वर्दी पहने कुछ लोग गोलियां चला रहे हैं।"
train,train-s7351,इन लोगों ने उसे अपनी झोपड़ी के अंदर ही रहने को कहा ।,इन लोगों ने उसे अपनी झोपड़ी के अंदर ही रहने को कहा।
train,train-s7352,पुलिस लाइन और जेल के बीच सड़क किनारे झोपड़ी में रहने वाला मिथिलेश उन्हें पुलिसकर्मी समझकर अंदर चला गया ।,पुलिस लाइन और जेल के बीच सड़क किनारे झोपड़ी में रहने वाला मिथिलेश उन्हें पुलिसकर्मी समझकर अंदर चला गया।
train,train-s7370,खेर ने बृहस्पतिवार को सुरजीत को नोटिस भेज कर उनके खिलाफ लगाए आरोप ४८ घंटे में वापस लेने या मानहानि के मुक़दमे के लिए तैयार रहने को कहा है ।,खेर ने बृहस्पतिवार को सुरजीत को नोटिस भेज कर उनके खिलाफ लगाए आरोप ४८ घंटे में वापस लेने या मानहानि के मुक़दमे के लिए तैयार रहने को कहा है।
train,train-s7374,पद से हटाए जाने के एक दिन बाद खेर ने बृहस्पतिवार को यहां पत्रकारों से कहा कि माकपा के मुखा 'पीपुल्स डेमोक्रेसी' में सुरजीत ने उन पर हिंदूवादी संगठनों के एजेंडे पर काम करने और भगवाकरण की प्रक्रिया में लिप्त होने का आरोप लगाया है ।,पद से हटाए जाने के एक दिन बाद खेर ने बृहस्पतिवार को यहां पत्रकारों से कहा कि माकपा के मुखा 'पीपुल्स डेमोक्रेसी' में सुरजीत ने उन पर हिंदूवादी संगठनों के एजेंडे पर काम करने और भगवाकरण की प्रक्रिया में लिप्त होने का आरोप लगाया है।
train,train-s7375,खेर ने कहा कि उन्हें इस पर कड़ी आपत्ति है ।,खेर ने कहा कि उन्हें इस पर कड़ी आपत्ति है।
train,train-s7380,खेर खुद को आरएसएस का आदमी क़रार दिए जाने से बेहद आहत हैं ।,खेर खुद को आरएसएस का आदमी क़रार दिए जाने से बेहद आहत हैं।
train,train-s7382,मैं वैचारिक रूप से स्वतंत्र हूं और मुझे आरएसएस का आदमी क़रार दिया जाना बिल्कुल गलत है ।,मैं वैचारिक रूप से स्वतंत्र हूं और मुझे आरएसएस का आदमी क़रार दिया जाना बिल्कुल गलत है।
train,train-s7383,उनकी जगह शर्मिला टैगोर को बोर्ड का अध्यक्ष बनाए जाने पर प्रतिक्रिया व्यक्त करते हुए उन्होंने इस सरकारी निर्णय को निरंकुश और ग़ैर - जिम्मेदाराना क़रार दिया ।,उनकी जगह शर्मिला टैगोर को बोर्ड का अध्यक्ष बनाए जाने पर प्रतिक्रिया व्यक्त करते हुए उन्होंने इस सरकारी निर्णय को निरंकुश और ग़ैर-जिम्मेदाराना क़रार दिया।
train,train-s7385,खेर ने कहा कि वे सरकार की इस ग़ैर - जिम्मेदाराना कार्रवाई को चुपचाप नहीं सहेंगे ।,खेर ने कहा कि वे सरकार की इस ग़ैर-जिम्मेदाराना कार्रवाई को चुपचाप नहीं सहेंगे।
train,train-s7397,राहुल रिबन काटने के तुरंत बाद तत्काल अपनी कार की ओर बढ़ गए ।,राहुल रिबन काटने के तुरंत बाद तत्काल अपनी कार की ओर बढ़ गए।
train,train-s7400,जैसे ही राहुल गाड़ी में बैठकर जाने लगे वहां मौजूद लोगों ने 'राहुल वापस जाओ' के नारे लगाए ।,जैसे ही राहुल गाड़ी में बैठकर जाने लगे वहां मौजूद लोगों ने 'राहुल वापस जाओ' के नारे लगाए।
train,train-s7404,हुसैन ने कहा कि अगर मुशर्रफ सेना प्रमुख का पद छोड़ देते हैं तो उनकी स्थिति कमजोर हो जाएगी ।,हुसैन ने कहा कि अगर मुशर्रफ सेना प्रमुख का पद छोड़ देते हैं तो उनकी स्थिति कमजोर हो जाएगी।
train,train-s7405,"उनके द्वारा देश में आतंकियों, अल - कायदा, तालिबान व कट्टरपंथियों के खिलाफ शुरू की गई कार्रवाई कमजोर पड़ जाएगी ।","उनके द्वारा देश में आतंकियों, अल-कायदा, तालिबान व कट्टरपंथियों के खिलाफ शुरू की गई कार्रवाई कमजोर पड़ जाएगी।"
train,train-s7406,अलताफ हुसैन 'हिंदुस्तान टाइम्स लीडरशीप इनिशिएटिव कांफ्रेंस' में हिस्सा लेने इन दिनों भारत आए हुए हैं ।,अलताफ हुसैन 'हिंदुस्तान टाइम्स लीडरशीप इनिशिएटिव कांफ्रेंस' में हिस्सा लेने इन दिनों भारत आए हुए हैं।
train,train-s7407,हुसैन ने कहा कि पाकिस्तान में मुहाजिरों के अधिकारों की लड़ाई जारी रखने के लिए उन्हें पाकिस्तान छोड़ना पड़ा ।,हुसैन ने कहा कि पाकिस्तान में मुहाजिरों के अधिकारों की लड़ाई जारी रखने के लिए उन्हें पाकिस्तान छोड़ना पड़ा।
train,train-s7410,उन्होंने कहा कि मुशर्रफ आतंकवाद के खिलाफ चल रही लड़ाई के एक सहयोगी हैं और वे उनका सिर्फ नैतिक समर्थन करते हैं ।,उन्होंने कहा कि मुशर्रफ आतंकवाद के खिलाफ चल रही लड़ाई के एक सहयोगी हैं और वे उनका सिर्फ नैतिक समर्थन करते हैं।
train,train-s7413,उन्होंने कहा कि इससे गरीब लोगों को अपने संबंधियों से मिलने के लिए एक दूसरे देश जाने को वीजा लेने में काफी परेशानी का सामना करना पड़ रहा है ।,उन्होंने कहा कि इससे गरीब लोगों को अपने संबंधियों से मिलने के लिए एक दूसरे देश जाने को वीजा लेने में काफी परेशानी का सामना करना पड़ रहा है।
train,train-s7414,उन्होंने कहा कि वे चाहते हैं कि भारत व पाकिस्तान के बीच दोस्ताना संबंध क़ायम हो और दोनों देशों के बीच सभी मसलों का हल वार्ता के जरिए निपटाया जाए ।,उन्होंने कहा कि वे चाहते हैं कि भारत व पाकिस्तान के बीच दोस्ताना संबंध क़ायम हो और दोनों देशों के बीच सभी मसलों का हल वार्ता के जरिए निपटाया जाए।
train,train-s7416,वीरता पदक पाने के लिए देश के पूर्वोत्तर हिस्से में घुसपैठियों से फर्जी मुठभेड़ की फिल्म बनाने के मामले में शुक्रवार को उस समय नया मोड़ आ गया जब अनुशासनात्मक मामलों में ब्रिगेडियर की खिंचाई की गई ।,वीरता पदक पाने के लिए देश के पूर्वोत्तर हिस्से में घुसपैठियों से फर्जी मुठभेड़ की फिल्म बनाने के मामले में शुक्रवार को उस समय नया मोड़ आ गया जब अनुशासनात्मक मामलों में ब्रिगेडियर की खिंचाई की गई।
train,train-s7418,"उसी दौरान हुई घटना जिसमें फर्जी मुठभेड़ की फिल्म बनाने के लिए टोमैटो कैचप का प्रयोग किया था, बटालियन कमांडर कर्नल एच. एस. कोहली कोर्ट ऑफ इंक्वायरी का सामना कर रहे हैं ।","उसी दौरान हुई घटना जिसमें फर्जी मुठभेड़ की फिल्म बनाने के लिए टोमैटो कैचप का प्रयोग किया था, बटालियन कमांडर कर्नल एच. एस. कोहली कोर्ट ऑफ इंक्वायरी का सामना कर रहे हैं।"
train,train-s7421,चुनावों में कांग्रेस का प्रचार करने वाली बॉलीवुड अभिनेत्री नगमा की राजनीतिक संभावनाओं को अंडरवर्ल्ड के साथ ताल्लुकात के आरोपों से तगड़ा झटका लगा है और कांग्रेस ने नगमा के पार्टी की सदस्य होने तक से हाथ झटक लिए हैं ।,चुनावों में कांग्रेस का प्रचार करने वाली बॉलीवुड अभिनेत्री नगमा की राजनीतिक संभावनाओं को अंडरवर्ल्ड के साथ ताल्लुकात के आरोपों से तगड़ा झटका लगा है और कांग्रेस ने नगमा के पार्टी की सदस्य होने तक से हाथ झटक लिए हैं।
train,train-s7427,कांग्रेस प्रवक्ता आनंद शर्मा के मुताबिक 'नगमा कांग्रेस के पक्ष में प्रचार करती रहीं हैं और प्रचार करना किसी भी भारतीय का अधिकार है ।,कांग्रेस प्रवक्ता आनंद शर्मा के मुताबिक 'नगमा कांग्रेस के पक्ष में प्रचार करती रहीं हैं और प्रचार करना किसी भी भारतीय का अधिकार है।
train,train-s7430,'उन्हें कांग्रेस की प्रमुख प्रचारक कहना ठीक नहीं होगा ।,'उन्हें कांग्रेस की प्रमुख प्रचारक कहना ठीक नहीं होगा।
train,train-s7434,नानावटी आयोग में भी अपने नेताओं के व्यक्तियों पर आरोपों की बात करके पल्ला झाड़ने वाली कांग्रेस का नगमा के मामले में भी वही तर्क सामने आ रहा है ।,नानावटी आयोग में भी अपने नेताओं के व्यक्तियों पर आरोपों की बात करके पल्ला झाड़ने वाली कांग्रेस का नगमा के मामले में भी वही तर्क सामने आ रहा है।
train,train-s7435,कांग्रेस का कहना है कि किसी एक से संबंध सामने आए हैं लेकिन इसे कांग्रेस से जोड़ना ठीक नहीं है ।,कांग्रेस का कहना है कि किसी एक से संबंध सामने आए हैं लेकिन इसे कांग्रेस से जोड़ना ठीक नहीं है।
train,train-s7436,'कांग्रेस आज स्वच्छ राजनीति की समर्थक है और कांग्रेस नेतृत्व ने कभी राजनीति के अपराधीकरण का समर्थन नहीं किया,'कांग्रेस आज स्वच्छ राजनीति की समर्थक है और कांग्रेस नेतृत्व ने कभी राजनीति के अपराधीकरण का समर्थन नहीं किया
train,train-s7438,अभी तक चुनाव आयोग ने 'नो फोटो आई कार्ड नो वोट' नामक अभियान छेड़ रखा था ।,अभी तक चुनाव आयोग ने 'नो फोटो आई कार्ड नो वोट' नामक अभियान छेड़ रखा था।
train,train-s7451,"हमले में इस हमलावर के चिथड़े उड़ गए, लेकिन उसका सिर सुरक्षित है ।","हमले में इस हमलावर के चिथड़े उड़ गए, लेकिन उसका सिर सुरक्षित है।"
train,train-s7453,सेन के मुताबिक इस व्यक्ति की लाश पर एक कागज पाया गया जिसमें मुज़ाहिद्दीन ७५ लिखा हुआ था ।,सेन के मुताबिक इस व्यक्ति की लाश पर एक कागज पाया गया जिसमें मुज़ाहिद्दीन ७५ लिखा हुआ था।
train,train-s7454,इससे यह संकेत मिलता है कि यह हमलावर जेहादी संगठन से जुड़ा हो सकता है ।,इससे यह संकेत मिलता है कि यह हमलावर जेहादी संगठन से जुड़ा हो सकता है।
train,train-s7458,करदाताओं की सुविधा को ध्यान में रखते हुए बढ़ाई गई यह समय सीमा इलेक्ट्रॉनिक व कागजी दोनों तरह के माध्यमों पर लागू होगी ।,करदाताओं की सुविधा को ध्यान में रखते हुए बढ़ाई गई यह समय सीमा इलेक्ट्रॉनिक व कागजी दोनों तरह के माध्यमों पर लागू होगी।
train,train-s7459,यूपीए के घटक दलों में पेट्रोलियम पदार्थो की कीमतों में मामूली बढ़ोतरी करने पर सोमवार को सहमति बन जाने के बाद आज इसकी घोषणा किए जाने की संभावना है ।,यूपीए के घटक दलों में पेट्रोलियम पदार्थो की कीमतों में मामूली बढ़ोतरी करने पर सोमवार को सहमति बन जाने के बाद आज इसकी घोषणा किए जाने की संभावना है।
train,train-s7461,अनुमान है कि १५ - १६ जून की आधी रात से पेट्रोल व डीज़ल की कीमतों में एक से डेढ़ रुपये प्रति लीटर का इजाफा किया जा सकता है ।,अनुमान है कि १५-१६ जून की आधी रात से पेट्रोल व डीज़ल की कीमतों में एक से डेढ़ रुपये प्रति लीटर का इजाफा किया जा सकता है।
train,train-s7463,आखिर में सभी १४ दलों ने पेट्रोलियम पदार्थो के मूल्य बढ़ाने पर हामी भर दी ।,आखिर में सभी १४ दलों ने पेट्रोलियम पदार्थो के मूल्य बढ़ाने पर हामी भर दी।
train,train-s7464,हालांकि उन्होंने यह बताने से इंकार किया कि तेल की कीमतों में कितनी बढ़ोतरी की जाएगी ।,हालांकि उन्होंने यह बताने से इंकार किया कि तेल की कीमतों में कितनी बढ़ोतरी की जाएगी।
train,train-s7467,वित्त मंत्रालय से जुड़े सूत्रों के मुताबिक़ पेट्रोलियम मंत्रालय का प्रस्ताव है कि पेट्रो पदार्थो पर सीमा शुल्क कम किया जाए ।,वित्त मंत्रालय से जुड़े सूत्रों के मुताबिक़ पेट्रोलियम मंत्रालय का प्रस्ताव है कि पेट्रो पदार्थो पर सीमा शुल्क कम किया जाए।
train,train-s7469,सरकारी तेल कंपनियाँ भी अंतर्राष्ट्रीय क़ीमत का खामियाजा वहन करने से कतरा रही हैं ।,सरकारी तेल कंपनियाँ भी अंतर्राष्ट्रीय क़ीमत का खामियाजा वहन करने से कतरा रही हैं।
train,train-s7470,यदि सीमा - शुल्क में कटौती न की जाए और सरकारी कंपनियां सहयोग न करें तो पेट्रो पदार्थो की क़ीमत में ५ से ६ रुपये प्रति लीटर तक की वृद्धि करनी पड़ेगी ।,यदि सीमा-शुल्क में कटौती न की जाए और सरकारी कंपनियां सहयोग न करें तो पेट्रो पदार्थो की क़ीमत में ५ से ६ रुपये प्रति लीटर तक की वृद्धि करनी पड़ेगी।
train,train-s7471,"यूपीए गठबंधन सरकार के सहयोगी दलों, खासतौर से वामपंथी दलों को यह क़तई मंजूर नहीं होगा ।","यूपीए गठबंधन सरकार के सहयोगी दलों, खासतौर से वामपंथी दलों को यह क़तई मंजूर नहीं होगा।"
train,train-s7472,इसलिए पेट्रोलियम मंत्रालय के पास बहुत थोड़े विकल्प बच जाते हैं ।,इसलिए पेट्रोलियम मंत्रालय के पास बहुत थोड़े विकल्प बच जाते हैं।
train,train-s7473,वर्तमान में डीज़ल पर २० फीसदी और केरोसिन तेल व एलपीजी पर १० फीसदी की दर से सीमा - शुल्क वसूला जाता है ।,वर्तमान में डीज़ल पर २० फीसदी और केरोसिन तेल व एलपीजी पर १० फीसदी की दर से सीमा-शुल्क वसूला जाता है।
train,train-s7475,वर्तमान में पेट्रो पदार्थो पर क़ीमत के आधार पर आयात - शुल्क लगाया जाता है ।,वर्तमान में पेट्रो पदार्थो पर क़ीमत के आधार पर आयात-शुल्क लगाया जाता है।
train,train-s7477,ऑयल पूल एकाउंट की योजना पर भी विचार किया जा रहा है ताकि अंतर्राष्ट्रीय बाजार में तेल की क़ीमत में हो रहे उतार - चढ़ाव के मद्देनज़र भारत में तेल की क़ीमत बढ़ाने की जरूरत न पड़े ।,ऑयल पूल एकाउंट की योजना पर भी विचार किया जा रहा है ताकि अंतर्राष्ट्रीय बाजार में तेल की क़ीमत में हो रहे उतार-चढ़ाव के मद्देनज़र भारत में तेल की क़ीमत बढ़ाने की जरूरत न पड़े।
train,train-s7478,इस समय अंतर्राष्ट्रीय बाजार में कच्चे तेल की क़ीमत ४२ - ४३ डॉलर के आस - पास चल रही है ।,इस समय अंतर्राष्ट्रीय बाजार में कच्चे तेल की क़ीमत ४२-४३ डॉलर के आस-पास चल रही है।
train,train-s7480,पिछले ५ महीने के दौरान अंतर्राष्ट्रीय बाजार में कच्चे तेल के मूल्य में तक़रीबन ७ डॉलर प्रति बैरल की वृद्धि के बावजूद राजनीतिक कारणों से पेट्रोलियम पदार्थो के मूल्य में वृद्धि नहीं की गई ।,पिछले ५ महीने के दौरान अंतर्राष्ट्रीय बाजार में कच्चे तेल के मूल्य में तक़रीबन ७ डॉलर प्रति बैरल की वृद्धि के बावजूद राजनीतिक कारणों से पेट्रोलियम पदार्थो के मूल्य में वृद्धि नहीं की गई।
train,train-s7481,इससे सरकारी तेल कंपनियों को तक़रीबन ९०० करोड़ का घाटा हो चुका है ।,इससे सरकारी तेल कंपनियों को तक़रीबन ९०० करोड़ का घाटा हो चुका है।
train,train-s7482,केरोसिन तेल और एलपीजी की क़ीमत में २००२ से अभी तक किसी प्रकार की वृद्धि नहीं की गई है ।,केरोसिन तेल और एलपीजी की क़ीमत में २००२ से अभी तक किसी प्रकार की वृद्धि नहीं की गई है।
train,train-s7483,इससे केवल २००४ - ०५ में तेल कंपनियों को १४००० करोड़ की चपत लगने की संभावना है ।,इससे केवल २००४-०५ में तेल कंपनियों को १४००० करोड़ की चपत लगने की संभावना है।
train,train-s7484,वित्त मंत्री पी. चिदंबरम ने सोमवार को आर्थिक मामलों में यूपीए सरकार की राह में वामदलों के रोड़े अटकाने की बात को दरकिनार कर दिया ।,वित्त मंत्री पी. चिदंबरम ने सोमवार को आर्थिक मामलों में यूपीए सरकार की राह में वामदलों के रोड़े अटकाने की बात को दरकिनार कर दिया।
train,train-s7486,कांग्रेस के मुखपत्र 'वीकशनम' दैनिक के पुर्नस्थापना समारोह में चिदंबरम ने संवाददाताओं को बताया कि वामदलों की अपनी विचारधारा है और वे उसका आदर करते हैं ।,कांग्रेस के मुखपत्र 'वीकशनम' दैनिक के पुर्नस्थापना समारोह में चिदंबरम ने संवाददाताओं को बताया कि वामदलों की अपनी विचारधारा है और वे उसका आदर करते हैं।
train,train-s7489,"वामदलों के गतिरोध के बावजूद सरकार नागरिक उड्डयन, टेलीकॉम और बैंकिंग सेक्टर में प्रत्यक्ष विदेशी निवेश (एफडीआई) पर आगे बढ़ना शुरू कर सकती है ।","वामदलों के गतिरोध के बावजूद सरकार नागरिक उड्डयन, टेलीकॉम और बैंकिंग सेक्टर में प्रत्यक्ष विदेशी निवेश (एफडीआई) पर आगे बढ़ना शुरू कर सकती है।"
train,train-s7494,इसके अलावा पूरे देश में निवेश में बढ़ोतरी हुई ।,इसके अलावा पूरे देश में निवेश में बढ़ोतरी हुई।
train,train-s7497,इसके साथ ही १९७१ की लड़ाई के बाद से बंद हुसैनीवाला - कसूर सीमा के लोगों के दिलों में इसके फिर खुलने की हसरत जाग गई है ।,इसके साथ ही १९७१ की लड़ाई के बाद से बंद हुसैनीवाला-कसूर सीमा के लोगों के दिलों में इसके फिर खुलने की हसरत जाग गई है।
train,train-s7499,अलबत्ता दोनों देशों के राजनीतिक गलियारों में भी इस सीमा को एक बार फिर खोलने की थोड़ी - बहुत चर्चा होने लगी है ।,अलबत्ता दोनों देशों के राजनीतिक गलियारों में भी इस सीमा को एक बार फिर खोलने की थोड़ी-बहुत चर्चा होने लगी है।
train,train-s7500,भारतीय सीमा फिरोजपुर और इस क्षेत्र के सबसे करीबी पाकिस्तानी कस्बे कसूर के लोगों ने मिलकर इस सीमा को खुलवाने का बीड़ा उठाया है ।,भारतीय सीमा फिरोजपुर और इस क्षेत्र के सबसे करीबी पाकिस्तानी कस्बे कसूर के लोगों ने मिलकर इस सीमा को खुलवाने का बीड़ा उठाया है।
train,train-s7503,यह कमेटी अपने - अपने देशों की सरकारों को सड़क मार्ग खोलने के लिए मनाएगी ।,यह कमेटी अपने-अपने देशों की सरकारों को सड़क मार्ग खोलने के लिए मनाएगी।
train,train-s7505,पाकिस्तान में पिछले हफ्ते जी - २० की बैठक के दौरान हुई बैठकों में वाणिज्य मंत्री कमलनाथ और पाकिस्तान के वाणिज्य मंत्री हुमायूं अख्तर खान ने भी पाया कि सड़क मार्ग से व्यापार बढ़ाने और पाकिस्तान से मिली अनुमति की पांच आवश्यक वस्तुओं के अलावा भी और सामग्रियों के आदान - प्रदान की जरूरत है ।,पाकिस्तान में पिछले हफ्ते जी-२० की बैठक के दौरान हुई बैठकों में वाणिज्य मंत्री कमलनाथ और पाकिस्तान के वाणिज्य मंत्री हुमायूं अख्तर खान ने भी पाया कि सड़क मार्ग से व्यापार बढ़ाने और पाकिस्तान से मिली अनुमति की पांच आवश्यक वस्तुओं के अलावा भी और सामग्रियों के आदान-प्रदान की जरूरत है।
train,train-s7507,किसी जमाने में सबसे सक्रिय व्यापारिक केंद्र रहा फिरोजपुर अमृतसर से पिछड़ गया है ।,किसी जमाने में सबसे सक्रिय व्यापारिक केंद्र रहा फिरोजपुर अमृतसर से पिछड़ गया है।
train,train-s7511,इसके साथ ही पार्टी बिहार में गैर भाजपा दलों का एक वृहद गठजोड़ बनाने का प्रयास करेगी ।,इसके साथ ही पार्टी बिहार में गैर भाजपा दलों का एक वृहद गठजोड़ बनाने का प्रयास करेगी।
train,train-s7516,बिहार में एनसीपी गैर भाजपा दलों के साथ चुनावी गठजोड़ करेगी ।,बिहार में एनसीपी गैर भाजपा दलों के साथ चुनावी गठजोड़ करेगी।
train,train-s7537,कसूरी ने कहा कि पाकिस्तान चाहता है कि भारत खुले दिमाग से सामने आए और ऐसा समाधान तलाशा जाए जिसे इतिहास में निर्णायक मोड़ के रूप में याद किया जाए ।,कसूरी ने कहा कि पाकिस्तान चाहता है कि भारत खुले दिमाग से सामने आए और ऐसा समाधान तलाशा जाए जिसे इतिहास में निर्णायक मोड़ के रूप में याद किया जाए।
train,train-s7555,फारूक ने कहा कि वह उम्मीद करते हैं कि हुर्रियत नेतृत्व को राज्य में शांति प्रक्रिया को और बढ़ाने के लिए पाकिस्तान यात्रा की अनुमति दे दी जाएगी ।,फारूक ने कहा कि वह उम्मीद करते हैं कि हुर्रियत नेतृत्व को राज्य में शांति प्रक्रिया को और बढ़ाने के लिए पाकिस्तान यात्रा की अनुमति दे दी जाएगी।
train,train-s7567,सरकारी सूत्रों के मुताबिक काम के बदले अनाज कार्यक्रम को पहले देश के अत्याधिक पिछड़े डेढ़ सौ जिलों में चलाया जाएगा ।,सरकारी सूत्रों के मुताबिक काम के बदले अनाज कार्यक्रम को पहले देश के अत्याधिक पिछड़े डेढ़ सौ जिलों में चलाया जाएगा।
train,train-s7571,"जल संरक्षण, सूखा राहत, भूमि विकास, बाढ़ नियंत्रण और सड़कों से ग्रामीण सड़कों को जोड़ने जैसे कार्यों को रोजगार सृजन के मद्देनजर लिया जाएगा ।","जल संरक्षण, सूखा राहत, भूमि विकास, बाढ़ नियंत्रण और सड़कों से ग्रामीण सड़कों को जोड़ने जैसे कार्यों को रोजगार सृजन के मद्देनजर लिया जाएगा।"
train,train-s7573,'द गॉड ऑफ स्मॉल थिंग्स' किताब के लिए बुकर अवार्ड जीतकर सुर्खियों में आने वाली अरुंधति राय ने प्रतिष्ठित साहित्य अकादमी पुरस्कार लेने से इनकार कर दिया है ।,'द गॉड ऑफ स्मॉल थिंग्स' किताब के लिए बुकर अवार्ड जीतकर सुर्खियों में आने वाली अरुंधति राय ने प्रतिष्ठित साहित्य अकादमी पुरस्कार लेने से इनकार कर दिया है।
train,train-s7574,"वजह साफ करते हुए उन्होंने कहा कि भारत के अमेरिकी लाइन पर चलने के कारण मसलन औद्योगिक श्रमिकों से बर्बरता की नीति, बढ़ता हुआ सैन्यकरण और आर्थिक नव उदारवादी नीतियों से खफा होकर ही यह पुरस्कार ठुकरा दिया है ।","वजह साफ करते हुए उन्होंने कहा कि भारत के अमेरिकी लाइन पर चलने के कारण मसलन औद्योगिक श्रमिकों से बर्बरता की नीति, बढ़ता हुआ सैन्यकरण और आर्थिक नव उदारवादी नीतियों से खफा होकर ही यह पुरस्कार ठुकरा दिया है।"
train,train-s7576,पिछले हफ्ते साहित्य अकादमी की जूरी ने वर्ष २००५ के लिए उनकी पुस्तक 'दि अल्जेब्रा ऑफ इंफाइनाइट जस्टिस' को यह सर्वोकृष्ट साहित्यिक पुरस्कार देने की घोषणा की थी ।,पिछले हफ्ते साहित्य अकादमी की जूरी ने वर्ष २००५ के लिए उनकी पुस्तक 'दि अल्जेब्रा ऑफ इंफाइनाइट जस्टिस' को यह सर्वोकृष्ट साहित्यिक पुरस्कार देने की घोषणा की थी।
train,train-s7581,"अरुंधति ने जारी एक विज्ञप्ति में बताया है कि बड़े बांधों के निर्माण, परमाणु हथियारों, बढ़ते सैन्यकरण और आर्थिक उदारवाद की भारत सरकार की नीतियों का वह विरोध करती हैं ।","अरुंधति ने जारी एक विज्ञप्ति में बताया है कि बड़े बांधों के निर्माण, परमाणु हथियारों, बढ़ते सैन्यकरण और आर्थिक उदारवाद की भारत सरकार की नीतियों का वह विरोध करती हैं।"
train,train-s7585,"गुड़गांव में श्रमिकों की पुलिस द्वारा बर्बर पिटाई, मणिपुर में बड़े बांध का विरोध कर रहे दर्जनों लोगों की हत्या, और उड़ीसा में स्टील प्लांट का विरोध कर रहे लोगों की हत्या जैसी घटनाएं सरकार के इस रुख के प्रमाण हैं ।","गुड़गांव में श्रमिकों की पुलिस द्वारा बर्बर पिटाई, मणिपुर में बड़े बांध का विरोध कर रहे दर्जनों लोगों की हत्या, और उड़ीसा में स्टील प्लांट का विरोध कर रहे लोगों की हत्या जैसी घटनाएं सरकार के इस रुख के प्रमाण हैं।"
train,train-s7586,इसके अलावा 'दि अल्जेब्रा ऑफ इंफाइनाइट जस्टिस' में न्यूयॉर्क और वाशिंगटन में ११ सितंबर २००१ को हुए हमलों के बाद की अमेरिकी विदेश नीति की आलोचना की गई है ।,इसके अलावा 'दि अल्जेब्रा ऑफ इंफाइनाइट जस्टिस' में न्यूयॉर्क और वाशिंगटन में ११ सितंबर २००१ को हुए हमलों के बाद की अमेरिकी विदेश नीति की आलोचना की गई है।
train,train-s7587,अरुंधति को १९९७ में उनके पहले उपन्यास 'दि गॉड ऑफ स्मॉल थिंग्स' के लिए बुकर पुरस्कार से सम्मानित किया गया था ।,अरुंधति को १९९७ में उनके पहले उपन्यास 'दि गॉड ऑफ स्मॉल थिंग्स' के लिए बुकर पुरस्कार से सम्मानित किया गया था।
train,train-s7608,पार्टी ने कहा है कि प्रधानमंत्री ने देश की अंदरूनी राजनीति की विदेशी धरती पर चर्चा न करने की परंपरा को तोड़ा है ।,पार्टी ने कहा है कि प्रधानमंत्री ने देश की अंदरूनी राजनीति की विदेशी धरती पर चर्चा न करने की परंपरा को तोड़ा है।
train,train-s7610,कांग्रेस ने प्रधानमंत्री का पूरा बचाव करते हुए भाजपा की इस बात के लिए आलोचना की है कि उसने तथ्यों को जाने बिना ही बात का बतंगड़ बना दिया ।,कांग्रेस ने प्रधानमंत्री का पूरा बचाव करते हुए भाजपा की इस बात के लिए आलोचना की है कि उसने तथ्यों को जाने बिना ही बात का बतंगड़ बना दिया।
train,train-s7617,लेकिन डॉ. सिंह ने वाजपेयी के खिलाफ अमेरिका में टिथी करके इस परंपरा को तोड़ दिया है ।,लेकिन डॉ. सिंह ने वाजपेयी के खिलाफ अमेरिका में टिथी करके इस परंपरा को तोड़ दिया है।
train,train-s7636,इसके तहत माओवादी नुक्कड़ नाटक और क्रांतिकारी गीत गाकर लोगों को यह समझाने की कोशिश कर रहे हैं कि वे ही उनके शुभचिंतक है ।,इसके तहत माओवादी नुक्कड़ नाटक और क्रांतिकारी गीत गाकर लोगों को यह समझाने की कोशिश कर रहे हैं कि वे ही उनके शुभचिंतक है।
train,train-s7640,सांस्कृतिक प्रकोष्ठ के जरिए आदिवासियों में माओवादी अपनी पकड़ मजबूत कर रहे हैं ।,सांस्कृतिक प्रकोष्ठ के जरिए आदिवासियों में माओवादी अपनी पकड़ मजबूत कर रहे हैं।
train,train-s7642,नक्सलियों की लड़ाई का मुकाबला करने के लिए पुलिस भी बंदूक छोड़कर नुक्कड़ नाटक करने पर उतर आई है ।,नक्सलियों की लड़ाई का मुकाबला करने के लिए पुलिस भी बंदूक छोड़कर नुक्कड़ नाटक करने पर उतर आई है।
train,train-s7643,लोगों को समझाने के लिए पुलिस ने भी नुक्कड़ नाटक तैयार किया है ।,लोगों को समझाने के लिए पुलिस ने भी नुक्कड़ नाटक तैयार किया है।
train,train-s7649,पर बाद में अदालत के हस्तक्षेप और स्थानीय दबाव की वजह से सरकार को झुकना पड़ा ।,पर बाद में अदालत के हस्तक्षेप और स्थानीय दबाव की वजह से सरकार को झुकना पड़ा।
train,train-s7652,नगर के शाही कटरा के मैदान में बृहस्पतिवार को भरत मिलाप के आयोजन के लिए बज रहे लाउडस्पीकर को समुदाय विशेष के कुछ लोगों द्वारा जबरिया बंद कराए जाने के विरोध में शुक्रवार की सुबह हिंसा भड़क उठी ।,नगर के शाही कटरा के मैदान में बृहस्पतिवार को भरत मिलाप के आयोजन के लिए बज रहे लाउडस्पीकर को समुदाय विशेष के कुछ लोगों द्वारा जबरिया बंद कराए जाने के विरोध में शुक्रवार की सुबह हिंसा भड़क उठी।
train,train-s7653,सड़क पर उतरे दोनों पक्षों के लोगों ने जमकर बवाल किया ।,सड़क पर उतरे दोनों पक्षों के लोगों ने जमकर बवाल किया।
train,train-s7657,उपद्रवियों ने चार दर्जन से अधिक दुकानों में तोड़ - फोड़ व लूट - पाट के साथ ही उन्हें आग के हवाले कर दिया ।,उपद्रवियों ने चार दर्जन से अधिक दुकानों में तोड़-फोड़ व लूट-पाट के साथ ही उन्हें आग के हवाले कर दिया।
train,train-s7661,पुलिस ने रेलवे स्टेशन पर तोड़ - फोड़ कर भाग रहे एक युवक को गोली मार दी ।,पुलिस ने रेलवे स्टेशन पर तोड़-फोड़ कर भाग रहे एक युवक को गोली मार दी।
train,train-s7667,इसी बात पर समिति के पदाधिकारियों ने शुक्रवार की सुबह लगभग साढ़े छह बजे संस्कृत पाठशाला के समीप नारेबाजी शुरू कर दी ।,इसी बात पर समिति के पदाधिकारियों ने शुक्रवार की सुबह लगभग साढ़े छह बजे संस्कृत पाठशाला के समीप नारेबाजी शुरू कर दी।
train,train-s7671,उपद्रवियों ने उसे पकड़कर गोली मार दी थी ।,उपद्रवियों ने उसे पकड़कर गोली मार दी थी।
train,train-s7676,लूट - पाट व आगजनी में लगभग ढाई करोड़ से अधिक की क्षति हुई ।,लूट-पाट व आगजनी में लगभग ढाई करोड़ से अधिक की क्षति हुई।
train,train-s7682,उधर पुलिस ने रेलवे स्टेशन पर तोड़ - फोड़ कर भाग रहे एक युवक महताब को गोली मार दी ।,उधर पुलिस ने रेलवे स्टेशन पर तोड़-फोड़ कर भाग रहे एक युवक महताब को गोली मार दी।
train,train-s7683,उसने दम तोड़ दिया ।,उसने दम तोड़ दिया।
train,train-s7690,कोट्टुर पुलिस में शिकायत दर्ज कराने वाले सुरेश ने कहा है कि इस साल १२ नवंबर को आचार्य की मौजूदगी में शिवलिंग और कीमती 'नवरत्न हीरे' सहित अन्य आभूषण गायब हो गए ।,कोट्टुर पुलिस में शिकायत दर्ज कराने वाले सुरेश ने कहा है कि इस साल १२ नवंबर को आचार्य की मौजूदगी में शिवलिंग और कीमती 'नवरत्न हीरे' सहित अन्य आभूषण गायब हो गए।
train,train-s7697,"कांग्रेस को इस बात पर कोई ऐतराज नहीं है कि प्रधानमंत्री डॉ. मनमोहन सिंह ने अपना पहला साक्षात्कार आरएसएस के मुखा 'पांचजन्य' को दिया है, लेकिन इससे यह निष्कर्ष भी निकाला जा रहा है कि प्रधानमंत्री मनमोहन सिंह विचारधारा के टकराव में पड़े बिना सभी वर्गो को साथ लेकर चलना चाहते हैं ।","कांग्रेस को इस बात पर कोई ऐतराज नहीं है कि प्रधानमंत्री डॉ. मनमोहन सिंह ने अपना पहला साक्षात्कार आरएसएस के मुखा 'पांचजन्य' को दिया है, लेकिन इससे यह निष्कर्ष भी निकाला जा रहा है कि प्रधानमंत्री मनमोहन सिंह विचारधारा के टकराव में पड़े बिना सभी वर्गो को साथ लेकर चलना चाहते हैं।"
train,train-s7698,लेकिन इस तारीफ ने कांग्रेस को बचाव की मुद्रा में ला दिया है और कांग्रेस को सफाई देनी पड़ रही है ।,लेकिन इस तारीफ ने कांग्रेस को बचाव की मुद्रा में ला दिया है और कांग्रेस को सफाई देनी पड़ रही है।
train,train-s7699,"कांग्रेस प्रवक्ता जयंती नटराजन को आज इस मामले में बचाव करना पड़ा कि प्रधानमंत्री अन्य पत्रकारों की तरह ही तरुण विजय को मिलने का समय दिया था, जिसे उन्होंने साक्षात्कार की तरह लिख दिया है ।","कांग्रेस प्रवक्ता जयंती नटराजन को आज इस मामले में बचाव करना पड़ा कि प्रधानमंत्री अन्य पत्रकारों की तरह ही तरुण विजय को मिलने का समय दिया था, जिसे उन्होंने साक्षात्कार की तरह लिख दिया है।"
train,train-s7700,उन्हें सांप्रदायिक शक्तियों के खिलाफ पार्टी की लड़ाई जारी रहने का संकल्प भी जाहिर करना पड़ा ।,उन्हें सांप्रदायिक शक्तियों के खिलाफ पार्टी की लड़ाई जारी रहने का संकल्प भी जाहिर करना पड़ा।
train,train-s7717,सांसद ने चंडीगढ़ में पार्टी की रैली को पुलिस द्वारा बलपूर्वक रोके जाने का मामला उठाया था ।,सांसद ने चंडीगढ़ में पार्टी की रैली को पुलिस द्वारा बलपूर्वक रोके जाने का मामला उठाया था।
train,train-s7729,घटना के चश्मदीद व मियां टोली के निवासी आफताब ने बताया कि पहले हमने बड़े धमाके की आवाज सुनी ।,घटना के चश्मदीद व मियां टोली के निवासी आफताब ने बताया कि पहले हमने बड़े धमाके की आवाज सुनी।
train,train-s7737,बृहस्पतिवार को दोनों नेताओं ने बातचीत के बाद एक साझा बयान पर हस्ताक्षर किए जिसे मनमोहन सिंह की मौजूदगी में मुशर्रफ ने पढ़कर सुनाया ।,बृहस्पतिवार को दोनों नेताओं ने बातचीत के बाद एक साझा बयान पर हस्ताक्षर किए जिसे मनमोहन सिंह की मौजूदगी में मुशर्रफ ने पढ़कर सुनाया।
train,train-s7745,डेढ़ घंटे चली बैठक में अधिकांश समय आगामी विधानसभा चुनाव पर चर्चा होती रही ।,डेढ़ घंटे चली बैठक में अधिकांश समय आगामी विधानसभा चुनाव पर चर्चा होती रही।
train,train-s7753,राजग का विश्वास है कि अयोध्या विवाद के शीघ्र निपटारे से राष्ट्रीय एकता और अखंडता को बढ़ावा मिलेगा और भारत सामाजिक रूप से मजबूत होगा ।,राजग का विश्वास है कि अयोध्या विवाद के शीघ्र निपटारे से राष्ट्रीय एकता और अखंडता को बढ़ावा मिलेगा और भारत सामाजिक रूप से मजबूत होगा।
train,train-s7757,"एक सवाल का जवाब देते हुए पूर्व विदेश मंत्री जसवंत सिंह ने कहा कि प्रधानमंत्री का यह कहना कि 'सभी विकल्प खुले हैं' और विदेश मंत्री का यह वक्तव्य कि सरकार मुशर्रफ के फार्मूले पर विचार करेगी, संसद में सर्वसम्मति से पारित प्रस्ताव से मेल नहीं खाते हैं ।","एक सवाल का जवाब देते हुए पूर्व विदेश मंत्री जसवंत सिंह ने कहा कि प्रधानमंत्री का यह कहना कि 'सभी विकल्प खुले हैं' और विदेश मंत्री का यह वक्तव्य कि सरकार मुशर्रफ के फार्मूले पर विचार करेगी, संसद में सर्वसम्मति से पारित प्रस्ताव से मेल नहीं खाते हैं।"
train,train-s7758,देश में तकरीबन १८ करोड़ लोग ऐसे हैं जिन्हें स्वस्थ रहने के लायक भोजन नहीं मिल पाता है ।,देश में तकरीबन १८ करोड़ लोग ऐसे हैं जिन्हें स्वस्थ रहने के लायक भोजन नहीं मिल पाता है।
train,train-s7759,वहीं करीब २२ करोड़ लोग ऐसे हैं जो अधिक खाने की वजह से गंभीर बीमारियों की चपेट में आ रहे हैं ।,वहीं करीब २२ करोड़ लोग ऐसे हैं जो अधिक खाने की वजह से गंभीर बीमारियों की चपेट में आ रहे हैं।
train,train-s7760,यह बताना हैरत में डालने वाला हो सकता है कि देश में होने वाली कुल मौतों में से ५३ फीसदी की जड़ में खान - पान ही मूल वजह है ।,यह बताना हैरत में डालने वाला हो सकता है कि देश में होने वाली कुल मौतों में से ५३ फीसदी की जड़ में खान-पान ही मूल वजह है।
train,train-s7764,जबकि निम्न तबके की ३५ फीसदी आबादी में लगभग १८ करोड़ लोग ऐसे हैं जो अत्यधिक गरीब हैं ।,जबकि निम्न तबके की ३५ फीसदी आबादी में लगभग १८ करोड़ लोग ऐसे हैं जो अत्यधिक गरीब हैं।
train,train-s7766,नेशनल इंस्टीट्यूट ऑफ न्यूट्रीशन (एनआईएन) हैदराबाद के पूर्व निदेशक डा. मोहन राव ने बताया कि कुपोषण और अति पोषण दोनों समस्याओं से निपटने की गंभीर चुनौती खड़ी हो गई है ।,नेशनल इंस्टीट्यूट ऑफ न्यूट्रीशन (एनआईएन) हैदराबाद के पूर्व निदेशक डा. मोहन राव ने बताया कि कुपोषण और अति पोषण दोनों समस्याओं से निपटने की गंभीर चुनौती खड़ी हो गई है।
train,train-s7771,लेकिन अब इसमें कई और खाद्य पदार्थ जुड़ गए हैं ।,लेकिन अब इसमें कई और खाद्य पदार्थ जुड़ गए हैं।
train,train-s7788,झारखंड की राजधानी रांची से लगभग २३० किलोमीटर दूर गिरिडिह जिले में माओवादी विद्रोहियों ने रविवार को रेल पटरी को उड़ा दिया ।,झारखंड की राजधानी रांची से लगभग २३० किलोमीटर दूर गिरिडिह जिले में माओवादी विद्रोहियों ने रविवार को रेल पटरी को उड़ा दिया।
train,train-s7791,विद्रोहियों ने चंदोरो और चौधरी बंद रेलवे स्टेशन के बीच सुबह ७ बजे लगभग एक मीटर रेलवे पटरी उड़ा दी ।,विद्रोहियों ने चंदोरो और चौधरी बंद रेलवे स्टेशन के बीच सुबह ७ बजे लगभग एक मीटर रेलवे पटरी उड़ा दी।
train,train-s7795,इस बीच बीहड़ जंगलों में माओवादियों से लोहा ले रही पुलिस को इन दिनों मच्छरों का सामना भी करना पड़ रहा है ।,इस बीच बीहड़ जंगलों में माओवादियों से लोहा ले रही पुलिस को इन दिनों मच्छरों का सामना भी करना पड़ रहा है।
train,train-s7796,सीमावर्ती बोकारो और धनबाद जिलों की झुमरा पहाड़ियों के आसपास तैनात पुलिसकर्मी इन दिनों मच्छरों से पैदा होने वाली मलेरिया जैसी बीमारियों का सामना कर रहे हैं ।,सीमावर्ती बोकारो और धनबाद जिलों की झुमरा पहाड़ियों के आसपास तैनात पुलिसकर्मी इन दिनों मच्छरों से पैदा होने वाली मलेरिया जैसी बीमारियों का सामना कर रहे हैं।
train,train-s7797,"झुमरा सबसे खतरनाक पहाड़ियों में से एक है, जहां पर मच्छरों का जबर्दस्त आतंक है ।","झुमरा सबसे खतरनाक पहाड़ियों में से एक है, जहां पर मच्छरों का जबर्दस्त आतंक है।"
train,train-s7803,हम लोग दवाइयों का छिड़काव कर रहे हैं ।,हम लोग दवाइयों का छिड़काव कर रहे हैं।
train,train-s7812,"मदनलाल खुराना ने कहा कि कुछ समय से हाईकोर्ट के आदेश से दिल्ली सरकार और दिल्ली नगर निगम द्वारा जिस तरह से बड़े पैमाने पर अनाधिकृत रूप से बने भवनों व मकानों को गिराया जा रहा है, उसके कारण दिल्ली के हजारों परिवार बर्बाद व बेघर हो रहे हैँ ।","मदनलाल खुराना ने कहा कि कुछ समय से हाईकोर्ट के आदेश से दिल्ली सरकार और दिल्ली नगर निगम द्वारा जिस तरह से बड़े पैमाने पर अनाधिकृत रूप से बने भवनों व मकानों को गिराया जा रहा है, उसके कारण दिल्ली के हजारों परिवार बर्बाद व बेघर हो रहे हैँ।"
train,train-s7823,बाद में हेलीकॉप्टर पर सवार विज्ञानियों ने रेगिस्तान में उस जगह को ढूंढ़ निकाला जहां कैप्सूल को उतारा गया था ।,बाद में हेलीकॉप्टर पर सवार विज्ञानियों ने रेगिस्तान में उस जगह को ढूंढ़ निकाला जहां कैप्सूल को उतारा गया था।
train,train-s7829,इस मिशन का प्रबंध नासा के जेट प्रोपल्शन लेबोरेट्री ने किया था और इस पर २१ करोड़ २० लाख डॉलर (तकरीबन १० अरब रुपये) की लागत आई है ।,इस मिशन का प्रबंध नासा के जेट प्रोपल्शन लेबोरेट्री ने किया था और इस पर २१ करोड़ २० लाख डॉलर (तकरीबन १० अरब रुपये) की लागत आई है।
train,train-s7835,"लोकसभा चुनाव में पार्टी के अच्छे प्रदर्शन के बाद विधानसभा चुनाव में उसके औंधे मुंह गिरने की वजहें असरदार उम्मीदवारों का अभाव, अलग विदर्भ राज्य का चुनावी मुद्दा न बनना और उसका अकेले चुनाव लड़ना मानी जा रही हैं ।","लोकसभा चुनाव में पार्टी के अच्छे प्रदर्शन के बाद विधानसभा चुनाव में उसके औंधे मुंह गिरने की वजहें असरदार उम्मीदवारों का अभाव, अलग विदर्भ राज्य का चुनावी मुद्दा न बनना और उसका अकेले चुनाव लड़ना मानी जा रही हैं।"
train,train-s7838,खास तौर पर विदर्भ व मराठवाड़ा में उसने चुनावी नतीजों पर खासा असर डाला था ।,खास तौर पर विदर्भ व मराठवाड़ा में उसने चुनावी नतीजों पर खासा असर डाला था।
train,train-s7839,इन दोनों क्षेत्रों की करीब १० संसदीय सीटों पर बसपा के चलते कांग्रेस व एनसीपी को हार का मुंह देखना पड़ा था ।,इन दोनों क्षेत्रों की करीब १० संसदीय सीटों पर बसपा के चलते कांग्रेस व एनसीपी को हार का मुंह देखना पड़ा था।
train,train-s7841,सिर्फ विदर्भ व मराठवाड़ा की बात करें तो बसपा को १० से १५ फीसदी वोट मिले ।,सिर्फ विदर्भ व मराठवाड़ा की बात करें तो बसपा को १० से १५ फीसदी वोट मिले।
train,train-s7842,विदर्भ व मराठवाड़ा के तहत ११३ विधानसभा क्षेत्र आते हैं ।,विदर्भ व मराठवाड़ा के तहत ११३ विधानसभा क्षेत्र आते हैं।
train,train-s7846,ये पार्टियां गठबंधन करके ही आगे बढ़ सकती हैं ।,ये पार्टियां गठबंधन करके ही आगे बढ़ सकती हैं।
train,train-s7847,जानकारों के मुताबिक यही वजह थी कि मायावती की रैलियों में भीड़ उमड़ने के बावजूद वह वोटों में तब्दील नहीं हो सकीं ।,जानकारों के मुताबिक यही वजह थी कि मायावती की रैलियों में भीड़ उमड़ने के बावजूद वह वोटों में तब्दील नहीं हो सकीं।
train,train-s7854,नए मंत्रियों को कर्नाटक के राज्यपाल टी. एन. चतुर्वेदी ने कड़ी सुरक्षा के बीच एक समारोह में पद और गोपनीयता की शपथ दिलाई ।,नए मंत्रियों को कर्नाटक के राज्यपाल टी. एन. चतुर्वेदी ने कड़ी सुरक्षा के बीच एक समारोह में पद और गोपनीयता की शपथ दिलाई।
train,train-s7855,"मंत्रिमंडल में कांग्रेस से शामिल होने वाले मंत्री हैं एम. मल्लिकार्जुन खड़गे, प्रकाश हुक्केरी, के. श्रीनिवास गौड़ा, एस. आर. मोरे और तनवीर सेठ ।","मंत्रिमंडल में कांग्रेस से शामिल होने वाले मंत्री हैं एम. मल्लिकार्जुन खड़गे, प्रकाश हुक्केरी, के. श्रीनिवास गौड़ा, एस. आर. मोरे और तनवीर सेठ।"
train,train-s7856,"जनता दल (एस) से जिन लोगों को मंत्री बनाया गया है वे हैं पी. जी. आर. सिंधिया, एम. पी. प्रकाश, पूर्व प्रधानमंत्री व जद (एस) के अध्यक्ष एच. डी. देवीगौड़ा के बेटे एच. डी. रिवाना, डी. मंजुनाथ और मीराजुद्दीन पटेल ।","जनता दल (एस) से जिन लोगों को मंत्री बनाया गया है वे हैं पी. जी. आर. सिंधिया, एम. पी. प्रकाश, पूर्व प्रधानमंत्री व जद (एस) के अध्यक्ष एच. डी. देवीगौड़ा के बेटे एच. डी. रिवाना, डी. मंजुनाथ और मीराजुद्दीन पटेल।"
train,train-s7857,इन में से तनवीर सेठ को छोड़ सभी कैबिनेट स्तर के मंत्री हैं ।,इन में से तनवीर सेठ को छोड़ सभी कैबिनेट स्तर के मंत्री हैं।
train,train-s7870,पुलिस अधिकारी अब भी कह रहे हैं कि आतंकियों में मारी गई लड़की के बारे में जानकारी नहीं मिल पाई है ।,पुलिस अधिकारी अब भी कह रहे हैं कि आतंकियों में मारी गई लड़की के बारे में जानकारी नहीं मिल पाई है।
train,train-s7872,मीडिया रिपोर्टो में कहा गया है कि मारी गई लड़की मुंबई के किसी कॉलेज की छात्रा है ।,मीडिया रिपोर्टो में कहा गया है कि मारी गई लड़की मुंबई के किसी कॉलेज की छात्रा है।
train,train-s7874,"पांडेय ने मीडिया की उस रिपोर्ट जिसमें सुरक्षा एजेंसियों का हवाला दिया गया है, का खंडन किया जिसमें लड़की की पहचान इसरतजहां के रूप में की गई है और वह मुंबई की खालसा कॉलेज की छात्रा बताई गई है ।","पांडेय ने मीडिया की उस रिपोर्ट जिसमें सुरक्षा एजेंसियों का हवाला दिया गया है, का खंडन किया जिसमें लड़की की पहचान इसरतजहां के रूप में की गई है और वह मुंबई की खालसा कॉलेज की छात्रा बताई गई है।"
train,train-s7879,इसलिए यह मुठभेड़ फर्जी होने के बारे में भी संदेह पैदा करती है ।,इसलिए यह मुठभेड़ फर्जी होने के बारे में भी संदेह पैदा करती है।
train,train-s7885,उन्होंने कहा कि ईरानी परमाणु कार्यक्रम विश्व शांति के लिए बहुत बड़ा खतरा है ।,उन्होंने कहा कि ईरानी परमाणु कार्यक्रम विश्व शांति के लिए बहुत बड़ा खतरा है।
train,train-s7888,उन्होंने कहा कि भारत - इस्राइल संबंध तेजी से प्रगाढ़ होता जा रहा है ।,उन्होंने कहा कि भारत-इस्राइल संबंध तेजी से प्रगाढ़ होता जा रहा है।
train,train-s7890,उन्होंने अहमदीनेजाद के नेतृत्व वाली मौजूदा ईरानी सरकार को कट्टरपंथी और अड़ियल करार दिया ।,उन्होंने अहमदीनेजाद के नेतृत्व वाली मौजूदा ईरानी सरकार को कट्टरपंथी और अड़ियल करार दिया।
train,train-s7892,उन्होंने चेतावनी देते हुए कहा कि इराक में उसकी उपस्थिति से समस्या पैदा होगी जिसका मध्यपूर्व के देशों पर बुरा असर पड़ेगा ।,उन्होंने चेतावनी देते हुए कहा कि इराक में उसकी उपस्थिति से समस्या पैदा होगी जिसका मध्यपूर्व के देशों पर बुरा असर पड़ेगा।
train,train-s7897,विश्व हिंदू परिषद (विहिप) के अंतर्राष्ट्रीय सचिव प्रवीण तोगड़िया को अज्ञात व्यक्ति ने पत्र भेजकर जान से मारने की धमकी दी है ।,विश्व हिंदू परिषद (विहिप) के अंतर्राष्ट्रीय सचिव प्रवीण तोगड़िया को अज्ञात व्यक्ति ने पत्र भेजकर जान से मारने की धमकी दी है।
train,train-s7900,जिसके माध्यम से जून अंत से पहले डॉ. तोगड़िया को जान से मारने की धमकी दी गई है ।,जिसके माध्यम से जून अंत से पहले डॉ. तोगड़िया को जान से मारने की धमकी दी गई है।
train,train-s7901,अधिकारी ने बताया कि उक्त पत्र मिलने के बाद पुलिस ने तोगड़िया के इर्द - गिर्द सुरक्षा व्यवस्था बढ़ा दी है ।,अधिकारी ने बताया कि उक्त पत्र मिलने के बाद पुलिस ने तोगड़िया के इर्द-गिर्द सुरक्षा व्यवस्था बढ़ा दी है।
train,train-s7902,वह अल्पसंख्यकों के विरुद्ध भड़काऊ भाषण देने की वजह से उन्हें सबक सिखाना चाहता है ।,वह अल्पसंख्यकों के विरुद्ध भड़काऊ भाषण देने की वजह से उन्हें सबक सिखाना चाहता है।
train,train-s7903,जिसमें यह भी लिखा है कि तोगड़िया जोरदार धमाके में मारे जाएंगे ।,जिसमें यह भी लिखा है कि तोगड़िया जोरदार धमाके में मारे जाएंगे।
train,train-s7905,गृहमंत्री ने तोगड़िया की सुरक्षा सुनिश्चित करने के लिए पुलिस आयुक्त कार्यालय को उचित व्यवस्था करने का निर्देश दिया ।,गृहमंत्री ने तोगड़िया की सुरक्षा सुनिश्चित करने के लिए पुलिस आयुक्त कार्यालय को उचित व्यवस्था करने का निर्देश दिया।
train,train-s7907,बिजली सचिव आर. वी. शाही ने कहा कि सरकार बिजली क्षमता की बढ़ोतरी में कोई चूक नहीं चाहती है ।,बिजली सचिव आर. वी. शाही ने कहा कि सरकार बिजली क्षमता की बढ़ोतरी में कोई चूक नहीं चाहती है।
train,train-s7908,उन्होंने कहा कि सरकार मौजूदा बिजली परियोजनाओं पर करीबी नजर रखने के साथ ही ईधन की आपूर्ति से संबंधित वर्तमान अड़चनों को दूर करेगी ।,उन्होंने कहा कि सरकार मौजूदा बिजली परियोजनाओं पर करीबी नजर रखने के साथ ही ईधन की आपूर्ति से संबंधित वर्तमान अड़चनों को दूर करेगी।
train,train-s7912,"उन्होंने कहा कि वर्ष २०१२ तक देश को सक्षम बनाना एक बड़ी चुनौती है, क्योंकि ५.६ करोड़ घरों में अभी भी बिजली की पर्याप्त व्यवस्था नहीं है ।","उन्होंने कहा कि वर्ष २०१२ तक देश को सक्षम बनाना एक बड़ी चुनौती है, क्योंकि ५.६ करोड़ घरों में अभी भी बिजली की पर्याप्त व्यवस्था नहीं है।"
train,train-s7913,"पश्चिम बंगाल, बिहार, झारखंड, उड़ीसा, असम व उत्तर प्रदेश के ८० फीसदी ग्रामीण घरों में बिजली नहीं है ।","पश्चिम बंगाल, बिहार, झारखंड, उड़ीसा, असम व उत्तर प्रदेश के ८० फीसदी ग्रामीण घरों में बिजली नहीं है।"
train,train-s7926,"एबीसी के मुताबिक, टेप में संयुक्त राष्ट्र निरीक्षकों के हाथ में इराक के अवैध हथियार कार्यक्रम के आंकड़ों को नहीं लगने देने के बारे में सद्दाम के परिवार को बात करते हुए दिखाया गया है ।","एबीसी के मुताबिक, टेप में संयुक्त राष्ट्र निरीक्षकों के हाथ में इराक के अवैध हथियार कार्यक्रम के आंकड़ों को नहीं लगने देने के बारे में सद्दाम के परिवार को बात करते हुए दिखाया गया है।"
train,train-s7932,ऐसा लगता है कि 'दो अगस्त' से आशय दो अगस्त १९९० को कुवैत पर इराकी हमले की तारीख से है ।,ऐसा लगता है कि 'दो अगस्त' से आशय दो अगस्त १९९० को कुवैत पर इराकी हमले की तारीख से है।
train,train-s7950,इन टेपों को दो खाड़ी युद्घों के बीच तैयार किया गया था ।,इन टेपों को दो खाड़ी युद्घों के बीच तैयार किया गया था।
train,train-s7967,भाजपा - शिवसेना ने १३ अक्तूबर को सर्व पितृ अमावस्या होने के कारण चुनाव की तिथि बढ़ाने का अनुरोध किया था ।,भाजपा-शिवसेना ने १३ अक्तूबर को सर्व पितृ अमावस्या होने के कारण चुनाव की तिथि बढ़ाने का अनुरोध किया था।
train,train-s7980,याचिका में कहा कि अलग - अलग परीक्षाएं आयोजित करने की वजह से प्रबंधन कोटे की तीन लाख से अधिक सीटें अभी भी खाली पड़ी हैं ।,याचिका में कहा कि अलग-अलग परीक्षाएं आयोजित करने की वजह से प्रबंधन कोटे की तीन लाख से अधिक सीटें अभी भी खाली पड़ी हैं।
train,train-s7985,गुप्ता का कहना है कि सैन्य अदालत ने कार्यस्थल पर यौन उत्पीड़न की जांच के दौरान सुप्रीम कोर्ट द्वारा विशाखा मामले में दिए गए दिशा निर्देशों का पालन नहीं किया ।,गुप्ता का कहना है कि सैन्य अदालत ने कार्यस्थल पर यौन उत्पीड़न की जांच के दौरान सुप्रीम कोर्ट द्वारा विशाखा मामले में दिए गए दिशा निर्देशों का पालन नहीं किया।
train,train-s7988,मालूम हो कि गुप्ता ने अपने वरिष्ठ अधिकारियों पर यौन उत्पीड़न का आरोप लगाया है ।,मालूम हो कि गुप्ता ने अपने वरिष्ठ अधिकारियों पर यौन उत्पीड़न का आरोप लगाया है।
train,train-s8000,मुमताज हवा महल की दीवारें २४ फीट ऊंची हैं और आसपास कई तरह की चिड़ियों की मौजूदगी से यह और भी आकर्षक लगता है ।,मुमताज हवा महल की दीवारें २४ फीट ऊंची हैं और आसपास कई तरह की चिड़ियों की मौजूदगी से यह और भी आकर्षक लगता है।
train,train-s8014,पंजाब में प्रकाश सिंह बादल विरोधी अकाली खेमे एसजीपीसी चुनावों में हुई कथित गड़बड़ियों को लेकर एक मंच पर आ गए हैं ।,पंजाब में प्रकाश सिंह बादल विरोधी अकाली खेमे एसजीपीसी चुनावों में हुई कथित गड़बड़ियों को लेकर एक मंच पर आ गए हैं।
train,train-s8015,पंथक मोर्चे के नेतृत्व में पांच अकाली नेताओं के एक शिष्टमंडल ने केंद्रीय गृह मंत्री शिवराज पाटिल से मिलकर ११ जुलाई को हुए एसजीपीसी चुनाव में हुई गड़बड़ियों के चलते उन्हें तत्काल रद्द कराने और नए सिरे से चुनाव प्रक्रिया शुरू कराने की मांग की है ।,पंथक मोर्चे के नेतृत्व में पांच अकाली नेताओं के एक शिष्टमंडल ने केंद्रीय गृह मंत्री शिवराज पाटिल से मिलकर ११ जुलाई को हुए एसजीपीसी चुनाव में हुई गड़बड़ियों के चलते उन्हें तत्काल रद्द कराने और नए सिरे से चुनाव प्रक्रिया शुरू कराने की मांग की है।
train,train-s8018,उन्होंने कहा कि मतदाता सूचियों में गड़बड़ियां की गईं और बादल के कहने से जमकर भेदभाव बरता गया व धक्कामुक्की की गई ।,उन्होंने कहा कि मतदाता सूचियों में गड़बड़ियां की गईं और बादल के कहने से जमकर भेदभाव बरता गया व धक्कामुक्की की गई।
train,train-s8020,एसवाईएल के मसले पर भाजपा के रुख की कड़ी आलोचना करते हुए इन नेताओं ने कहा कि भाजपा को इस संवेदनशील मसले पर भड़काऊ बयानबाजी से बाज आना चाहिए वरना दोनों राज्यों का माहौल बिगड़ सकता है ।,एसवाईएल के मसले पर भाजपा के रुख की कड़ी आलोचना करते हुए इन नेताओं ने कहा कि भाजपा को इस संवेदनशील मसले पर भड़काऊ बयानबाजी से बाज आना चाहिए वरना दोनों राज्यों का माहौल बिगड़ सकता है।
train,train-s8025,इस प्रस्ताव के बारे में उन्होंने कहा कि व्यापार को बढ़ाने वाले प्रत्येक विचार के लिए भारत के दरवाजे खुले हुए हैं ।,इस प्रस्ताव के बारे में उन्होंने कहा कि व्यापार को बढ़ाने वाले प्रत्येक विचार के लिए भारत के दरवाजे खुले हुए हैं।
train,train-s8026,कमलनाथ ने कहा कि विश्व के साथ भारत के व्यापार में लगातार बढ़ोतरी हो रही है और इसे और बढ़ाने के सभी अवसरों पर विचार किया जाना चाहिए ।,कमलनाथ ने कहा कि विश्व के साथ भारत के व्यापार में लगातार बढ़ोतरी हो रही है और इसे और बढ़ाने के सभी अवसरों पर विचार किया जाना चाहिए।
train,train-s8038,केंद्र सरकार ने न्यूनतम साझा कार्यक्रम (सीएमपी) के तहत संचालित की जाने वाली और आम जनता से जुड़ी अपनी स्टार योजनाओं की कड़ी निगरानी करने का फैसला किया है ।,केंद्र सरकार ने न्यूनतम साझा कार्यक्रम (सीएमपी) के तहत संचालित की जाने वाली और आम जनता से जुड़ी अपनी स्टार योजनाओं की कड़ी निगरानी करने का फैसला किया है।
train,train-s8040,इस कड़ी में योजना आयोग ने ग्रामीण स्वास्थ्य मिशन (एनएचआरएम) की निगरानी के लिए एक विशेषज्ञ समूह गठित कर दिया है ।,इस कड़ी में योजना आयोग ने ग्रामीण स्वास्थ्य मिशन (एनएचआरएम) की निगरानी के लिए एक विशेषज्ञ समूह गठित कर दिया है।
train,train-s8056,भाजपा अध्यक्ष लालकृष्ण आडवाणी को पाकिस्तान में फ़िजां बदली हुई नजर आई थी ।,भाजपा अध्यक्ष लालकृष्ण आडवाणी को पाकिस्तान में फ़िजां बदली हुई नजर आई थी।
train,train-s8060,हुर्रियत नेताओं के बिना पासपोर्ट - वीजा के पाकिस्तान जाने और केंद्र सरकार की ओर से उसका विरोध न होने पर वाजपेयी ने कड़ी आपत्ति की है ।,हुर्रियत नेताओं के बिना पासपोर्ट-वीजा के पाकिस्तान जाने और केंद्र सरकार की ओर से उसका विरोध न होने पर वाजपेयी ने कड़ी आपत्ति की है।
train,train-s8063,पार्टी सूत्रों के मुताबिक राजग सरकार के दौरान यह तय हुआ था कि पाकिस्तान के साथ शांति प्रक्रिया में कश्मीर के मुद्दे पर पकड़ हमेशा भारत के हाथ में होनी चाहिए ।,पार्टी सूत्रों के मुताबिक राजग सरकार के दौरान यह तय हुआ था कि पाकिस्तान के साथ शांति प्रक्रिया में कश्मीर के मुद्दे पर पकड़ हमेशा भारत के हाथ में होनी चाहिए।
train,train-s8067,अटल बिहारी के लिखे को जारी करते हुए पूर्व विदेश मंत्री और पार्टी के नेता यशवंत सिंहा ने बृहस्पतिवार को कहा कि भाजपा आज भी भारत - पाक शांति प्रक्रिया के जारी रखने के पक्ष में है पर पार्टी को यूपीए सरकार द्वारा इस प्रक्रिया को आगे बढ़ाने के तरीकों पर आपत्ति है ।,अटल बिहारी के लिखे को जारी करते हुए पूर्व विदेश मंत्री और पार्टी के नेता यशवंत सिंहा ने बृहस्पतिवार को कहा कि भाजपा आज भी भारत-पाक शांति प्रक्रिया के जारी रखने के पक्ष में है पर पार्टी को यूपीए सरकार द्वारा इस प्रक्रिया को आगे बढ़ाने के तरीकों पर आपत्ति है।
train,train-s8070,भारत सरकार को इस बारे में स्पष्ट और कड़ा रुख अपनाना चाहिए ।,भारत सरकार को इस बारे में स्पष्ट और कड़ा रुख अपनाना चाहिए।
train,train-s8076,"उपभोक्ता अदालत ने मेडिक्लेम पॉलिसी के एक मामले में ओरियंटल इंश्योरेंस कंपनी को झाड़ पिलाते हुए बीमित व्यक्ति को क्लेम के भुगतान सहित ९३,३६९ रुपये के हरजाने का निर्देश दिया है ।","उपभोक्ता अदालत ने मेडिक्लेम पॉलिसी के एक मामले में ओरियंटल इंश्योरेंस कंपनी को झाड़ पिलाते हुए बीमित व्यक्ति को क्लेम के भुगतान सहित ९३,३६९ रुपये के हरजाने का निर्देश दिया है।"
train,train-s8079,उसके दाहिने कूल्हे के बदले जाने को लंबी बीमारी से जोड़कर देखना उचित नहीं है ।,उसके दाहिने कूल्हे के बदले जाने को लंबी बीमारी से जोड़कर देखना उचित नहीं है।
train,train-s8085,"सरकार ने आईआईटी, आईआईएम और आईआईएससी जैसे प्रतिष्ठित संस्थानों को संशोधित ब्लॉक ग्रांट देने को मंजूरी देकर बड़ा तोहफा दिया है ।","सरकार ने आईआईटी, आईआईएम और आईआईएससी जैसे प्रतिष्ठित संस्थानों को संशोधित ब्लॉक ग्रांट देने को मंजूरी देकर बड़ा तोहफा दिया है।"
train,train-s8090,अब ये संस्थान मिलने वाले कुल अनुदान और अपने द्वारा परामर्श अथवा परियोजना कार्य के द्वारा अर्जित राशि के बाद इस संयुक्त राशि में से कुल खर्च के बाद जितना बचा लेंगे उतनी ही राशि इन्हें सरकार और ब्लॉक ग्रांट 'रिवार्ड' के रुप में देगी ।,अब ये संस्थान मिलने वाले कुल अनुदान और अपने द्वारा परामर्श अथवा परियोजना कार्य के द्वारा अर्जित राशि के बाद इस संयुक्त राशि में से कुल खर्च के बाद जितना बचा लेंगे उतनी ही राशि इन्हें सरकार और ब्लॉक ग्रांट 'रिवार्ड' के रुप में देगी।
train,train-s8094,इसके लिए गैर योजनागत अनुदान पर निर्भर नहीं रहना पड़ेगा ।,इसके लिए गैर योजनागत अनुदान पर निर्भर नहीं रहना पड़ेगा।
train,train-s8099,"शुक्रवार को बंगाल चेंबर ऑफ कॉमर्स ऐंड इंडस्ट्री में आयोजित एक कार्यक्रम में दरदा ने कहा कि ""एफबीटी को वापस लिए जाने की कोई संभावना नहीं है","शुक्रवार को बंगाल चेंबर ऑफ कॉमर्स ऐंड इंडस्ट्री में आयोजित एक कार्यक्रम में दरदा ने कहा कि ""एफबीटी को वापस लिए जाने की कोई संभावना नहीं है"
train,train-s8102,विभाग सभी बड़े सौदों का ब्योरा रखेगा ।,विभाग सभी बड़े सौदों का ब्योरा रखेगा।
train,train-s8103,बोर्ड के अध्यक्ष ने कहा कि वार्षिक सूचना रिटर्न (एटीआर) को लागू किए जाने से आयकर विभाग को इस तरह के सभी बड़े सौदों के बारे में पता लगाने में मदद मिल रही है ।,बोर्ड के अध्यक्ष ने कहा कि वार्षिक सूचना रिटर्न (एटीआर) को लागू किए जाने से आयकर विभाग को इस तरह के सभी बड़े सौदों के बारे में पता लगाने में मदद मिल रही है।
train,train-s8104,उन्होंने बताया कि पिछले कई वर्षो से कुल राजस्व संग्रह की तुलना में प्रत्यक्ष कर का अनुपात बढ़ रहा है ।,उन्होंने बताया कि पिछले कई वर्षो से कुल राजस्व संग्रह की तुलना में प्रत्यक्ष कर का अनुपात बढ़ रहा है।
train,train-s8105,पिछले वित्तीय वर्ष के आंकड़ों के मुताबिक यह फिलहाल लगभग ५० प्रतिशत है ।,पिछले वित्तीय वर्ष के आंकड़ों के मुताबिक यह फिलहाल लगभग ५० प्रतिशत है।
train,train-s8108,"उन्होंने बताया कि इस वर्ष १० नवंबर तक का राजस्व संग्रह लगभग ७१ हजार ४६४ करोड़ रुपये है, जबकि पिछले वर्ष इसी समयावधि के दौरान यह राशि ५६ हजार ९९४ करोड़ रुपये थी ।","उन्होंने बताया कि इस वर्ष १० नवंबर तक का राजस्व संग्रह लगभग ७१ हजार ४६४ करोड़ रुपये है, जबकि पिछले वर्ष इसी समयावधि के दौरान यह राशि ५६ हजार ९९४ करोड़ रुपये थी।"
train,train-s8121,भाजपा के बी. के. देव का कहना था कि सबसे गरीब राज्यों में एक होने के बावजूद उड़ीसा को विशेष पैकेज उपलब्ध नहीं कराया जा रहा है ।,भाजपा के बी. के. देव का कहना था कि सबसे गरीब राज्यों में एक होने के बावजूद उड़ीसा को विशेष पैकेज उपलब्ध नहीं कराया जा रहा है।
train,train-s8125,कांग्रेस के मधुसूदन मिस्त्री का आरोप था कि वाजपेयी सरकार की नीतियों के कारण अमीर और गरीब के बीच की खाई बढ़ी ।,कांग्रेस के मधुसूदन मिस्त्री का आरोप था कि वाजपेयी सरकार की नीतियों के कारण अमीर और गरीब के बीच की खाई बढ़ी।
train,train-s8126,भाकपा के पी. करुणाकरन ने संसाधन बढ़ाने पर जोर दिया ।,भाकपा के पी. करुणाकरन ने संसाधन बढ़ाने पर जोर दिया।
train,train-s8134,विधानसभा उप चुनावों में कांग्रेस का पलड़ा भारी रहा ।,विधानसभा उप चुनावों में कांग्रेस का पलड़ा भारी रहा।
train,train-s8147,"अलीगढ़ जिले की इस सीट पर पूर्व मुख्यमंत्री कल्याण सिंह अपनी नाक बचाने में सफल रहे, लेकिन बगल की इगलास सीट पर बसपा के मुकुल उपाध्याय ने रालोद के चौधरी मलखान सिंह को ११,१२० मतों से हराया ।","अलीगढ़ जिले की इस सीट पर पूर्व मुख्यमंत्री कल्याण सिंह अपनी नाक बचाने में सफल रहे, लेकिन बगल की इगलास सीट पर बसपा के मुकुल उपाध्याय ने रालोद के चौधरी मलखान सिंह को ११,१२० मतों से हराया।"
train,train-s8150,"मड़ियाहूं से सपा की श्रद्धा यादव ने बसपा के अमित कुमार यादव को कड़े मुकाबले में ४,८९८ मतों से पराजित किया ।","मड़ियाहूं से सपा की श्रद्धा यादव ने बसपा के अमित कुमार यादव को कड़े मुकाबले में ४,८९८ मतों से पराजित किया।"
train,train-s8155,भाजपा अकाली दल के संयुक्त उम्मीदवार महिंदर पाल मान को दूसरे स्थान से संतोष करना पड़ा ।,भाजपा अकाली दल के संयुक्त उम्मीदवार महिंदर पाल मान को दूसरे स्थान से संतोष करना पड़ा।
train,train-s8157,हिमाचल प्रदेश में भाजपा ने ११ साल बाद कांगड़ा जिले की गुलेर विधानसभा सीट पर जीत हासिल की ।,हिमाचल प्रदेश में भाजपा ने ११ साल बाद कांगड़ा जिले की गुलेर विधानसभा सीट पर जीत हासिल की।
train,train-s8158,उत्तरांचल के द्वारहाट विधानसभा क्षेत्र के उपचुनाव में उक्रांद के पुष्पेश त्रिपाठी 'पंकज' ने अपने निकटतम प्रतिद्वंद्वी कांग्रेस के महेश नेगी को ५०६४ मतों से हराया ।,उत्तरांचल के द्वारहाट विधानसभा क्षेत्र के उपचुनाव में उक्रांद के पुष्पेश त्रिपाठी 'पंकज' ने अपने निकटतम प्रतिद्वंद्वी कांग्रेस के महेश नेगी को ५०६४ मतों से हराया।
train,train-s8159,मध्य प्रदेश में सत्तारूढ़ भाजपा को झटका देते हुए कांग्रेस ने बालाघाट विधानसभा सीट पर जीत हासिल की ।,मध्य प्रदेश में सत्तारूढ़ भाजपा को झटका देते हुए कांग्रेस ने बालाघाट विधानसभा सीट पर जीत हासिल की।
train,train-s8162,"पश्चिम बंगाल में सत्तारूढ़ वाम मोर्चा ने कोलकाता की जोड़ाबागान, श्यामपुकुर और इन्टाली सीटों पर अपना दबदबा कायम रखा ।","पश्चिम बंगाल में सत्तारूढ़ वाम मोर्चा ने कोलकाता की जोड़ाबागान, श्यामपुकुर और इन्टाली सीटों पर अपना दबदबा कायम रखा।"
train,train-s8163,गोवा में कांग्रेस के गढ़ में सेंध लगाते हुए भाजपा ने पोइनगुइनिम विधानसभा सीट पर जीत दर्ज की ।,गोवा में कांग्रेस के गढ़ में सेंध लगाते हुए भाजपा ने पोइनगुइनिम विधानसभा सीट पर जीत दर्ज की।
train,train-s8164,"नागालैंड में विपक्षी पार्टी कांग्रेस ने दो सीटों पर कब्जा कायम रखा, जबकि नागालैंड पीपुल्स फ्रंट से उसे एक सीट गवांनी पड़ी ।","नागालैंड में विपक्षी पार्टी कांग्रेस ने दो सीटों पर कब्जा कायम रखा, जबकि नागालैंड पीपुल्स फ्रंट से उसे एक सीट गवांनी पड़ी।"
train,train-s8172,'इस पर कांस्टेबल ने अदालत को बताया कि जाहिरा मांसाहारी भोजन और नमाज के लिए दुप्पटा मांग रही थी ।,'इस पर कांस्टेबल ने अदालत को बताया कि जाहिरा मांसाहारी भोजन और नमाज के लिए दुप्पटा मांग रही थी।
train,train-s8180,तृणमूल वर्तमान में राज्य में माकपा के नेतृत्व वाली वाम मोर्चे की सरकार की 'जनता विरोधी नीतियों' और 'विफलताओं' से संबंधित विभिन्न मुद्दों पर आंदोलन शुरू करना चाहती है ।,तृणमूल वर्तमान में राज्य में माकपा के नेतृत्व वाली वाम मोर्चे की सरकार की 'जनता विरोधी नीतियों' और 'विफलताओं' से संबंधित विभिन्न मुद्दों पर आंदोलन शुरू करना चाहती है।
train,train-s8184,बांग्लादेश राइफल्स के महानिदेशक मेजर जनरल जहांगीर आलम चौधरी ने बीएसएफ सेक्टर कमांडर और डीआईजी आर. कूलने से गाछुआपाड़ा स्थित बीएसएफ शिविर में सीमा की स्थिति पर चर्चा के लिए शिष्टाचार बैठक की ।,बांग्लादेश राइफल्स के महानिदेशक मेजर जनरल जहांगीर आलम चौधरी ने बीएसएफ सेक्टर कमांडर और डीआईजी आर. कूलने से गाछुआपाड़ा स्थित बीएसएफ शिविर में सीमा की स्थिति पर चर्चा के लिए शिष्टाचार बैठक की।
train,train-s8188,उन्होंने कहा कि कुछ स्थानीय एवं छोटी - मोटी समस्याओं को छोड़ कर बीडीआर और बीएसएफ के बीच मैत्रीपूर्ण संबंध रहे हैं ।,उन्होंने कहा कि कुछ स्थानीय एवं छोटी-मोटी समस्याओं को छोड़ कर बीडीआर और बीएसएफ के बीच मैत्रीपूर्ण संबंध रहे हैं।
train,train-s8190,"बिहार की पूर्व मुख्यमंत्री राबड़ी देवी व रेल मंत्री लालू प्रसाद यादव १, अणे मार्ग को खाली करने की जल्दबाजी में नहीं दिखते ।","बिहार की पूर्व मुख्यमंत्री राबड़ी देवी व रेल मंत्री लालू प्रसाद यादव १, अणे मार्ग को खाली करने की जल्दबाजी में नहीं दिखते।"
train,train-s8192,ऐसे में बिहार की राजग सरकार बंगला खाली कराने के लिए कड़े कदम उठाने पर विचार कर रही है ।,ऐसे में बिहार की राजग सरकार बंगला खाली कराने के लिए कड़े कदम उठाने पर विचार कर रही है।
train,train-s8195,लेकिन १५ सालों से सरकार चलाने के बाद लालू व राबड़ी को नियमों व कानूनों की जानकारी होनी चाहिए ।,लेकिन १५ सालों से सरकार चलाने के बाद लालू व राबड़ी को नियमों व कानूनों की जानकारी होनी चाहिए।
train,train-s8199,शनिवार को लालू व राबड़ी ने कहा था कि खरमास अभी समाप्त हुआ है ।,शनिवार को लालू व राबड़ी ने कहा था कि खरमास अभी समाप्त हुआ है।
train,train-s8203,"डांस बार मालिकों के समूह 'आहार' ने अपनी याचिका में कहा कि मुंबई पुलिस (संशोधित) विधेयक, २००५ के लागू होने से करीब १० लाख लोग बेरोजगार हो जाएंगे ।","डांस बार मालिकों के समूह 'आहार' ने अपनी याचिका में कहा कि मुंबई पुलिस (संशोधित) विधेयक, २००५ के लागू होने से करीब १० लाख लोग बेरोजगार हो जाएंगे।"
train,train-s8204,'आहार' का नेतृत्व कर रहे मंजीत सिंह अबरोल ने कहा कि याचिका की स्वीकृति पर बुधवार को सुनवाई होगी ।,'आहार' का नेतृत्व कर रहे मंजीत सिंह अबरोल ने कहा कि याचिका की स्वीकृति पर बुधवार को सुनवाई होगी।
train,train-s8208,उन्होंने कहा कि दशकों से चली आ रही समस्या को खत्म करने के लिए बड़े स्तर पर जनता की राय को शुमार किया जाएगा ।,उन्होंने कहा कि दशकों से चली आ रही समस्या को खत्म करने के लिए बड़े स्तर पर जनता की राय को शुमार किया जाएगा।
train,train-s8217,प्रधानमंत्री के मीडिया सलाहकार संजय बारू ने बैठक के बाद संवादाताओं को बताया कि प्रधानमंत्री इस वार्ता प्रक्रिया में सभी पुरुषों और महिलाओं की सहमति चाहते हैं जिससे लोगों की पीड़ा दूर हो सके ।,प्रधानमंत्री के मीडिया सलाहकार संजय बारू ने बैठक के बाद संवादाताओं को बताया कि प्रधानमंत्री इस वार्ता प्रक्रिया में सभी पुरुषों और महिलाओं की सहमति चाहते हैं जिससे लोगों की पीड़ा दूर हो सके।
train,train-s8223,हुर्रियत कांफ्रेंस के कट्टरपंथी धड़े के प्रमुख सैयद अली शाह गिलानी ने केंद्र की राउंड टेबिल कांफ्रेंस में शिरकत करने से साफ इनकार कर दिया ।,हुर्रियत कांफ्रेंस के कट्टरपंथी धड़े के प्रमुख सैयद अली शाह गिलानी ने केंद्र की राउंड टेबिल कांफ्रेंस में शिरकत करने से साफ इनकार कर दिया।
train,train-s8225,जबकि मीरवायज उमर फारुक के नेतृत्व वाले हुर्रियत कांफ्रेंस के नरमपंथी धड़े ने राउंड टेबिल कांफ्रेंस में शिरकत करने पर फैसला लेने के लिए बैठक सोमवार को बुलाई है ।,जबकि मीरवायज उमर फारुक के नेतृत्व वाले हुर्रियत कांफ्रेंस के नरमपंथी धड़े ने राउंड टेबिल कांफ्रेंस में शिरकत करने पर फैसला लेने के लिए बैठक सोमवार को बुलाई है।
train,train-s8228,जस्टिस अरिजीत पसायत और जस्टिस एस. एच. कपाड़िया की खंडपीठ ने कहा कि अगर दया नायक संबंधित ट्रायल कोर्ट के समक्ष आत्मसमर्पण करते हैं तो उसी दिन जमानत याचिका पर फैसला कर लिया जाए ।,जस्टिस अरिजीत पसायत और जस्टिस एस. एच. कपाड़िया की खंडपीठ ने कहा कि अगर दया नायक संबंधित ट्रायल कोर्ट के समक्ष आत्मसमर्पण करते हैं तो उसी दिन जमानत याचिका पर फैसला कर लिया जाए।
train,train-s8238,"सरकारी सूत्रों के मुताबिक, बारामुला जिले के सोपोर इलाके के सागीपोरा गांव में शुक्रवार की रात सुरक्षा बलों के साथ हुई मुठभेड़ में दो अज्ञात आतंकवादी मार गिराए गए ।","सरकारी सूत्रों के मुताबिक, बारामुला जिले के सोपोर इलाके के सागीपोरा गांव में शुक्रवार की रात सुरक्षा बलों के साथ हुई मुठभेड़ में दो अज्ञात आतंकवादी मार गिराए गए।"
train,train-s8241,गमगीन वर्ष १९९५ में आतंकवादी गतिविधियों के विरोध में बनाए गए इक्यावन समूह से जुड़े थे ।,गमगीन वर्ष १९९५ में आतंकवादी गतिविधियों के विरोध में बनाए गए इक्यावन समूह से जुड़े थे।
train,train-s8250,दरअसल विदेशी बाजार में मछली की बढ़ती मांग और निजी कंपनियों की इस क्षेत्र में रूचि बढ़ने के कारण सरकार ने यह फैसला किया है ।,दरअसल विदेशी बाजार में मछली की बढ़ती मांग और निजी कंपनियों की इस क्षेत्र में रूचि बढ़ने के कारण सरकार ने यह फैसला किया है।
train,train-s8256,फिलहाल सरकार ने अगले छह साल के लिए इस योजना के तहत २१०० करोड़ रुपये के प्रस्ताव को मंजूरी दी है ।,फिलहाल सरकार ने अगले छह साल के लिए इस योजना के तहत २१०० करोड़ रुपये के प्रस्ताव को मंजूरी दी है।
train,train-s8259,इस योजना के अंतिम वर्ष देश में मछली उत्पादन बढ़कर ३९ लाख टन हो जाएगा ।,इस योजना के अंतिम वर्ष देश में मछली उत्पादन बढ़कर ३९ लाख टन हो जाएगा।
train,train-s8260,इसके साथ ही इससे प्रत्यक्ष और परोक्ष तौर पर ३५ लाख लोगों को रोजगार मिलेगा और बोर्ड की सालाना आमदनी तकरीबन ९५ करोड़ रुपये होगी ।,इसके साथ ही इससे प्रत्यक्ष और परोक्ष तौर पर ३५ लाख लोगों को रोजगार मिलेगा और बोर्ड की सालाना आमदनी तकरीबन ९५ करोड़ रुपये होगी।
train,train-s8265,इसी मामले में सांसद के वकील इष्ट देव तिवारी और बी. सिंह ने मंगलवार को डीएम जयमंगल से पासवान की अदालत के समक्ष कहा कि इसके लिए सांसद को थोड़ा वक्त दिया जाना चाहिए ।,इसी मामले में सांसद के वकील इष्ट देव तिवारी और बी. सिंह ने मंगलवार को डीएम जयमंगल से पासवान की अदालत के समक्ष कहा कि इसके लिए सांसद को थोड़ा वक्त दिया जाना चाहिए।
train,train-s8278,दोनों अमेरिकी विशेषज्ञ ह्यूस्टन स्थित बूट्स एंड कूट्स इंटरनेशनल वेल कंट्रोल इंक से जुड़े हुए हैं ।,दोनों अमेरिकी विशेषज्ञ ह्यूस्टन स्थित बूट्स एंड कूट्स इंटरनेशनल वेल कंट्रोल इंक से जुड़े हुए हैं।
train,train-s8284,इसके तहत पास के एक टैंक से काफी उच्च दबाव पर आग की लपटों पर पानी छोड़ा जाता है ।,इसके तहत पास के एक टैंक से काफी उच्च दबाव पर आग की लपटों पर पानी छोड़ा जाता है।
train,train-s8287,इससे प्रदूषण का खतरा काफी बढ़ गया है ।,इससे प्रदूषण का खतरा काफी बढ़ गया है।
train,train-s8288,स्थानीय लोगों ने आंखों में जलन और पेट में गड़बड़ी की भी शिकायत की है ।,स्थानीय लोगों ने आंखों में जलन और पेट में गड़बड़ी की भी शिकायत की है।
train,train-s8289,'जी' के थ्रिलर 'टाइम बम' को अब दिल्ली हाईकोर्ट की जांच में पास होना होगा ।,'जी' के थ्रिलर 'टाइम बम' को अब दिल्ली हाईकोर्ट की जांच में पास होना होगा।
train,train-s8290,हॉलीवुड के प्रोड्यूसर 'ट्वंटिएथ सेंचुरी फॉक्स फिल्म कॉरपोरेशन' ने शुक्रवार को आरोप लगाया है कि यह सीरियल '२४' शीर्षक से चल रहे उनके एक मौजूदा सीरियल की नक़ल है ।,हॉलीवुड के प्रोड्यूसर 'ट्वंटिएथ सेंचुरी फॉक्स फिल्म कॉरपोरेशन' ने शुक्रवार को आरोप लगाया है कि यह सीरियल '२४' शीर्षक से चल रहे उनके एक मौजूदा सीरियल की नक़ल है।
train,train-s8292,फॉक्स ने आरोप लगाया है कि 'टाइम बम' उनके टीवी सीरियल '२४' पर आधारित है ।,फॉक्स ने आरोप लगाया है कि 'टाइम बम' उनके टीवी सीरियल '२४' पर आधारित है।
train,train-s8293,'२४' में एमी अवार्ड नोमिनी कीफर स्युदरलैंड ने अभिनय किया है ।,'२४' में एमी अवार्ड नोमिनी कीफर स्युदरलैंड ने अभिनय किया है।
train,train-s8294,२० जून को 'जी' के इस थ्रिलर की लाँच पर रोक लगाने से इन्कार करते हुए अदालत ने इस घरेलू टीवी कंपनी से अपना जवाब और हलफनामा सोमवार को या उसके पहले दाखिल करने को कहा ।,२० जून को 'जी' के इस थ्रिलर की लाँच पर रोक लगाने से इन्कार करते हुए अदालत ने इस घरेलू टीवी कंपनी से अपना जवाब और हलफनामा सोमवार को या उसके पहले दाखिल करने को कहा।
train,train-s8301,समिति को २१ दिसंबर सुबह साढ़े दस बजे तक लोकसभा अध्यक्ष को अपनी रिपोर्ट देनी है ।,समिति को २१ दिसंबर सुबह साढ़े दस बजे तक लोकसभा अध्यक्ष को अपनी रिपोर्ट देनी है।
train,train-s8305,टाडा अदालत ने शनिवार को प्रदीप जैन हत्या के मामले में अंडरवर्ल्ड डॉन अबू सलेम की पुलिस हिरासत की अवधि ३ जनवरी तक बढ़ा दी ।,टाडा अदालत ने शनिवार को प्रदीप जैन हत्या के मामले में अंडरवर्ल्ड डॉन अबू सलेम की पुलिस हिरासत की अवधि ३ जनवरी तक बढ़ा दी।
train,train-s8307,विशेष जज पी. वी. बावकर ने विशेष सरकारी वकील उज्जवल निकम की याचिका पर सलेम की पुलिस हिरासत जनवरी तक बढ़ाने के आदेश दिए ।,विशेष जज पी. वी. बावकर ने विशेष सरकारी वकील उज्जवल निकम की याचिका पर सलेम की पुलिस हिरासत जनवरी तक बढ़ाने के आदेश दिए।
train,train-s8308,सलेम की हिरासत बढ़ाए जाने की मांग करते हुए निकम ने अपनी दलील में कहा कि पूछताछ के दौरान सलेम से पता चला है कि प्रदीप जैन हत्याकांड में गिरफ्तार सह आरोपी रियाज सिद्दकी बम विस्फोटों से पहले हथियार सौंपने के लिए उसे फिल्म अभिनेता संजय दत्त के घर ले गया था ।,सलेम की हिरासत बढ़ाए जाने की मांग करते हुए निकम ने अपनी दलील में कहा कि पूछताछ के दौरान सलेम से पता चला है कि प्रदीप जैन हत्याकांड में गिरफ्तार सह आरोपी रियाज सिद्दकी बम विस्फोटों से पहले हथियार सौंपने के लिए उसे फिल्म अभिनेता संजय दत्त के घर ले गया था।
train,train-s8311,इसके लिए ५००० करोड़ रुपये की आवश्यकता होगी ।,इसके लिए ५००० करोड़ रुपये की आवश्यकता होगी।
train,train-s8314,नागरिक उड्डयन राज्य मंत्री प्रफुल्ल पटेल ने आर्थिक संपादकों के सम्मेलन में बताया कि इन हवाई अड्डों को अंतर्राष्ट्रीय स्तर का इसलिए भी बनाया जा रहा है ताकि जब आगे चलकर अंतर्राष्ट्रीय स्तर के हवाई अड्डों की जरूरत पड़े तो नए सिरे से बनाना नहीं पड़े ।,नागरिक उड्डयन राज्य मंत्री प्रफुल्ल पटेल ने आर्थिक संपादकों के सम्मेलन में बताया कि इन हवाई अड्डों को अंतर्राष्ट्रीय स्तर का इसलिए भी बनाया जा रहा है ताकि जब आगे चलकर अंतर्राष्ट्रीय स्तर के हवाई अड्डों की जरूरत पड़े तो नए सिरे से बनाना नहीं पड़े।
train,train-s8317,"पटेल ने कहा कि ऐसे तमाम शहरों में कनेक्टिविटी सुधारी जाएगी, जहां अब तक उड़ानें नहीं हैं ।","पटेल ने कहा कि ऐसे तमाम शहरों में कनेक्टिविटी सुधारी जाएगी, जहां अब तक उड़ानें नहीं हैं।"
train,train-s8319,"नागरिक उड्डयन के क्षेत्र में द्विपक्षीय निवेश को बढ़ावा देने की काफी संभावनाएं हैं, क्योंकि विदेशी पर्यटकों के मामले में भारतीय कंपनियों की भागीदारी २५ फीसदी ही है ।","नागरिक उड्डयन के क्षेत्र में द्विपक्षीय निवेश को बढ़ावा देने की काफी संभावनाएं हैं, क्योंकि विदेशी पर्यटकों के मामले में भारतीय कंपनियों की भागीदारी २५ फीसदी ही है।"
train,train-s8334,इनमें तीन हजार करोड़ रुपये से अधिक का निवेश किया गया ।,इनमें तीन हजार करोड़ रुपये से अधिक का निवेश किया गया।
train,train-s8335,"पुलिस के मुताबिक शर्मा की इन कंपनियों में कई राजनीतिकों ने करोड़ों रुपये लगाए, लेकिन जल्द ही 'जेवीजी फाइनेंस' जैसी कंपनियाँ रातों - रात बंद हो गईं और हजारों निवेशकों के करोड़ों रुपयों का आज तक कुछ पता नहीं लगा ।","पुलिस के मुताबिक शर्मा की इन कंपनियों में कई राजनीतिकों ने करोड़ों रुपये लगाए, लेकिन जल्द ही 'जेवीजी फाइनेंस' जैसी कंपनियाँ रातों-रात बंद हो गईं और हजारों निवेशकों के करोड़ों रुपयों का आज तक कुछ पता नहीं लगा।"
train,train-s8336,शर्मा का बड़ा भाई भी ऐसी ही कंपनियों के जरिए निवेशकों से धोखा करने के आरोप में जेल में है ।,शर्मा का बड़ा भाई भी ऐसी ही कंपनियों के जरिए निवेशकों से धोखा करने के आरोप में जेल में है।
train,train-s8337,"वी. के. शर्मा को दिल्ली, लुधियाना, कोलकाता व मुंबई पुलिस समेत करीब आधा दर्जन राज्यों की पुलिस ढूंढ़ रही थी ।","वी. के. शर्मा को दिल्ली, लुधियाना, कोलकाता व मुंबई पुलिस समेत करीब आधा दर्जन राज्यों की पुलिस ढूंढ़ रही थी।"
train,train-s8346,इस तरह से उसने निवेशकों को लगभग ४५० करोड़ रुपये की चपत लगाई ।,इस तरह से उसने निवेशकों को लगभग ४५० करोड़ रुपये की चपत लगाई।
train,train-s8347,डीसीपी अनिता रॉय के मुताबिक मामले की जाँच के बाद यह राशि इससे बढ़कर कई गुना हो सकती है ।,डीसीपी अनिता रॉय के मुताबिक मामले की जाँच के बाद यह राशि इससे बढ़कर कई गुना हो सकती है।
train,train-s8348,शर्मा इन दिनों पुलिस से नजरें बचाकर गुड़गांव व आस - पास के इलाकों में प्रॉपर्टी का धंधा कर रहा था ।,शर्मा इन दिनों पुलिस से नजरें बचाकर गुड़गांव व आस-पास के इलाकों में प्रॉपर्टी का धंधा कर रहा था।
train,train-s8350,तीसरे टेस्ट मैच से ठीक पहले कप्तान राहुल द्रविड़ के बीमार पड़ने से भारतीय टीम को करारा झटका लगा है ।,तीसरे टेस्ट मैच से ठीक पहले कप्तान राहुल द्रविड़ के बीमार पड़ने से भारतीय टीम को करारा झटका लगा है।
train,train-s8351,"वर्ष १९९६ में इंग्लैंड के खिलाफ टेस्ट कैरियर का आगाज करने वाले द्रविड़ अब तक लगातार ९४ टेस्ट खेल चुके हैं और यह पहला मौका होगा, जब वह टेस्ट मैच नहीं खेल पाएंगे ।","वर्ष १९९६ में इंग्लैंड के खिलाफ टेस्ट कैरियर का आगाज करने वाले द्रविड़ अब तक लगातार ९४ टेस्ट खेल चुके हैं और यह पहला मौका होगा, जब वह टेस्ट मैच नहीं खेल पाएंगे।"
train,train-s8352,उनकी ग़ैर मौजूदगी में टीम की कमान वीरेंद्र सहवाग को सौंपी गई है ।,उनकी ग़ैर मौजूदगी में टीम की कमान वीरेंद्र सहवाग को सौंपी गई है।
train,train-s8353,वीरू के लिए यह सबसे बड़ी चुनौती होगी क्योंकि उन्हें ऐसे समय में टीम की कमान सौंपी गई है जब उनका बल्ला रूठा हुआ है ।,वीरू के लिए यह सबसे बड़ी चुनौती होगी क्योंकि उन्हें ऐसे समय में टीम की कमान सौंपी गई है जब उनका बल्ला रूठा हुआ है।
train,train-s8354,द्रविड़ के बाहर होने के साथ ही उत्तर प्रदेश के मध्यक्रम के बल्लेबाज मोहम्मद कैफ़ और मुंबई के सलामी बल्लेबाज वसीम जाफर को बारह खिलाड़ियों की टीम में शामिल किया गया है ।,द्रविड़ के बाहर होने के साथ ही उत्तर प्रदेश के मध्यक्रम के बल्लेबाज मोहम्मद कैफ़ और मुंबई के सलामी बल्लेबाज वसीम जाफर को बारह खिलाड़ियों की टीम में शामिल किया गया है।
train,train-s8356,टीम के मीडिया मैनेजर एम. बालादित्य ने संवाददाताओं से बातचीत में बताया कि डॉक्टरों ने द्रविड़ का मुआयना करने के बाद कहा है कि उन्हें कमजोरी से उबरने के लिए एक दिन लगेगा ।,टीम के मीडिया मैनेजर एम. बालादित्य ने संवाददाताओं से बातचीत में बताया कि डॉक्टरों ने द्रविड़ का मुआयना करने के बाद कहा है कि उन्हें कमजोरी से उबरने के लिए एक दिन लगेगा।
train,train-s8363,उल्लेखनीय है कि शुक्रवार को तबियत खराब होने के कारण द्रविड़ अभ्यास सत्र में भी नहीं आए थे ।,उल्लेखनीय है कि शुक्रवार को तबियत खराब होने के कारण द्रविड़ अभ्यास सत्र में भी नहीं आए थे।
train,train-s8366,इस बारे में बालादित्य ने बताया कि रात को ग्यारह बजे द्रविड़ ने अपनी सेहत खराब होने की शिकायत की ।,इस बारे में बालादित्य ने बताया कि रात को ग्यारह बजे द्रविड़ ने अपनी सेहत खराब होने की शिकायत की।
train,train-s8369,उनकी खराब हालत को देखते हुए एंटीबॉयोटिक भी दी गई लेकिन इससे कोई असर नहीं पड़ा ।,उनकी खराब हालत को देखते हुए एंटीबॉयोटिक भी दी गई लेकिन इससे कोई असर नहीं पड़ा।
train,train-s8370,इसके बाद साढ़े ग्यारह बजे उन्हें अस्पताल ले जाया गया ।,इसके बाद साढ़े ग्यारह बजे उन्हें अस्पताल ले जाया गया।
train,train-s8372,गौरतलब है कि दूसरे टेस्ट मैच से पहले ही द्रविड़ वायरल के शिकार हो गए थे और टेस्ट में उनके खेलने पर संदेह के बादल मंडराने लगे थे ।,गौरतलब है कि दूसरे टेस्ट मैच से पहले ही द्रविड़ वायरल के शिकार हो गए थे और टेस्ट में उनके खेलने पर संदेह के बादल मंडराने लगे थे।
train,train-s8374,द्रविड़ पूरी तरह से स्वस्थ नहीं हो सके और अहमदाबाद पहुंचने के बाद वह फिर बीमार पड़ गए ।,द्रविड़ पूरी तरह से स्वस्थ नहीं हो सके और अहमदाबाद पहुंचने के बाद वह फिर बीमार पड़ गए।
train,train-s8375,उत्तर प्रदेश के पर्यटन मंत्री कोकब हमीद ने कहा कि अलीगढ़ मुस्लिम विश्वविद्यालय का अल्पसंख्यक चरित्र बनाए रखना आवश्यक है ।,उत्तर प्रदेश के पर्यटन मंत्री कोकब हमीद ने कहा कि अलीगढ़ मुस्लिम विश्वविद्यालय का अल्पसंख्यक चरित्र बनाए रखना आवश्यक है।
train,train-s8378,हमीद अलीगढ़ मुस्लिम विश्वविद्यालय ओल्ड बॉयज़ एसोसिएशन के महासचिव भी हैं ।,हमीद अलीगढ़ मुस्लिम विश्वविद्यालय ओल्ड बॉयज़ एसोसिएशन के महासचिव भी हैं।
train,train-s8384,"जस्टिस सब्बरवाल ने सोमवार रात 'लोकतंत्र में बार की भूमिका' विषय पर वी. एन. काटजू स्मृति वार्षिक व्याख्यानमाला में कहा, 'ऐसा माहौल बन रहा है जिसमें बिना गॉडफादर के आप न्यायपालिका के सदस्य नहीं बन सकते ।","जस्टिस सब्बरवाल ने सोमवार रात 'लोकतंत्र में बार की भूमिका' विषय पर वी. एन. काटजू स्मृति वार्षिक व्याख्यानमाला में कहा, 'ऐसा माहौल बन रहा है जिसमें बिना गॉडफादर के आप न्यायपालिका के सदस्य नहीं बन सकते।"
train,train-s8387,"लेकिन अब बदले माहौल में, कुछ कामयाब वकील तो बड़ी विनम्रता से आसन पर बैठने का प्रस्ताव ठुकरा रहे हैं, जबकि कुछ लोग जज बनने के लिए इस कदर आतुर हैं कि इसके लिए बाकायदा अभियान छेड़ देते हैं ।","लेकिन अब बदले माहौल में, कुछ कामयाब वकील तो बड़ी विनम्रता से आसन पर बैठने का प्रस्ताव ठुकरा रहे हैं, जबकि कुछ लोग जज बनने के लिए इस कदर आतुर हैं कि इसके लिए बाकायदा अभियान छेड़ देते हैं।"
train,train-s8392,बहिष्कार की माओवादियों की अपील और कड़ी सुरक्षा के बीच सोमवार को पश्चिम बंगाल के तीन जिलों में ४५ विधानसभा सीटों के लिए मतदान होंगे ।,बहिष्कार की माओवादियों की अपील और कड़ी सुरक्षा के बीच सोमवार को पश्चिम बंगाल के तीन जिलों में ४५ विधानसभा सीटों के लिए मतदान होंगे।
train,train-s8397,"प्रथम चरण के चुनाव में जिन प्रमुख लोगों के भाग्य का फैसला होना है, उनमें राज्य के स्वास्थ्य मंत्री सूर्यकांत मिश्र (नारायणगढ़), लघु सिंचाई मंत्री नंदगोपाल भट्टाचार्य (दांतन) और तैराक बुला चौधरी खासे चर्चित हैं ।","प्रथम चरण के चुनाव में जिन प्रमुख लोगों के भाग्य का फैसला होना है, उनमें राज्य के स्वास्थ्य मंत्री सूर्यकांत मिश्र (नारायणगढ़), लघु सिंचाई मंत्री नंदगोपाल भट्टाचार्य (दांतन) और तैराक बुला चौधरी खासे चर्चित हैं।"
train,train-s8398,बुला माकपा के टिकट पर नंदनपुर से चुनाव लड़ रहीं हैं ।,बुला माकपा के टिकट पर नंदनपुर से चुनाव लड़ रहीं हैं।
train,train-s8401,"इन सीटों पर वाम मोर्चा ने कुल ४३ उम्मीदवार खड़े किए हैं, जिनमें से माकपा के ३५ उम्मीदवार हैं ।","इन सीटों पर वाम मोर्चा ने कुल ४३ उम्मीदवार खड़े किए हैं, जिनमें से माकपा के ३५ उम्मीदवार हैं।"
train,train-s8403,चार सीटों पर भाजपा चुनाव लड़ रही है ।,चार सीटों पर भाजपा चुनाव लड़ रही है।
train,train-s8404,कांग्रेस ने ३६ उम्मीदवार उतारे हैं और छह सीटें झारखंड मुक्ति मोर्चा के लिए तथा दो सीट पीडीएस के लिए छोड़ी हैं ।,कांग्रेस ने ३६ उम्मीदवार उतारे हैं और छह सीटें झारखंड मुक्ति मोर्चा के लिए तथा दो सीट पीडीएस के लिए छोड़ी हैं।
train,train-s8412,"जे. जे. सिंह ने कहा कि इस योजना पर काम शुरू हो गया है और कई रिटायर्ड फौजी अफसरों को प्री - स्टाफ ट्रेनिंग स्कूल में मिलिटरी, हिस्ट्री और करंट अफेयर्स आदि विषय पढ़ाने की जिम्मेदारी सौंप दी गई है ।","जे. जे. सिंह ने कहा कि इस योजना पर काम शुरू हो गया है और कई रिटायर्ड फौजी अफसरों को प्री-स्टाफ ट्रेनिंग स्कूल में मिलिटरी, हिस्ट्री और करंट अफेयर्स आदि विषय पढ़ाने की जिम्मेदारी सौंप दी गई है।"
train,train-s8413,फौज में अफसरों की कमी की बात स्वीकार करते हुए जे. जे. सिंह ने कहा कि यदि ऑडिटर जनरल की सिफारिशों के अनुरूप जेंटलमेन कैडेट्स की भरती का कोटा दस फीसदी बढ़ा भी दिया जाए तो अफसरों की कमी पूरी होने में दस से बारह साल का वक्त लगेगा ।,फौज में अफसरों की कमी की बात स्वीकार करते हुए जे. जे. सिंह ने कहा कि यदि ऑडिटर जनरल की सिफारिशों के अनुरूप जेंटलमेन कैडेट्स की भरती का कोटा दस फीसदी बढ़ा भी दिया जाए तो अफसरों की कमी पूरी होने में दस से बारह साल का वक्त लगेगा।
train,train-s8415,उन्होंने कहा कि अकादमियों में सीमित सुविधाएं हैं जिन्हें एकदम नहीं बढ़ाया जा सकता ।,उन्होंने कहा कि अकादमियों में सीमित सुविधाएं हैं जिन्हें एकदम नहीं बढ़ाया जा सकता।
train,train-s8417,रिटायर्ड फौजियों ने सेना के आमंत्रण पर बहुत उत्साह दिखाया है और वे बड़ी अच्छी तैयारी के साथ ट्रेनिंग के काम में जुट गए हैं ।,रिटायर्ड फौजियों ने सेना के आमंत्रण पर बहुत उत्साह दिखाया है और वे बड़ी अच्छी तैयारी के साथ ट्रेनिंग के काम में जुट गए हैं।
train,train-s8422,उन्होंने कहा कि इन रणनीतियों पर अमल के लिए सेना को ऑनलाइन डेटाबेस तैयार करना होगा क्योंकि जंग की स्थिति आ पड़ने पर ट्रेनिंग और इस किस्म की दूसरी पोस्टिंग पर तैनात किन योग्य अफसरों को तत्काल फील्ड ड्यूटी पर तैनात किया जा सकता है ।,उन्होंने कहा कि इन रणनीतियों पर अमल के लिए सेना को ऑनलाइन डेटाबेस तैयार करना होगा क्योंकि जंग की स्थिति आ पड़ने पर ट्रेनिंग और इस किस्म की दूसरी पोस्टिंग पर तैनात किन योग्य अफसरों को तत्काल फील्ड ड्यूटी पर तैनात किया जा सकता है।
train,train-s8427,हुक्मनामे का उल्लंघन करने वाले के खिलाफ़ धारा २९५ - ए के तहत कार्रवाई करने की चेतावनी भी दी है ।,हुक्मनामे का उल्लंघन करने वाले के खिलाफ़ धारा २९५-ए के तहत कार्रवाई करने की चेतावनी भी दी है।
train,train-s8434,रिलायंस इंडस्ट्रीज ने मंगलवार को कई बड़ी कंपनियों को पीछे छोड़ते हुए बांद्रा - कुर्ला कांप्लेक्स के लिए ७.५ एकड़ प्लाट का सौदा हासिल किया ।,रिलायंस इंडस्ट्रीज ने मंगलवार को कई बड़ी कंपनियों को पीछे छोड़ते हुए बांद्रा-कुर्ला कांप्लेक्स के लिए ७.५ एकड़ प्लाट का सौदा हासिल किया।
train,train-s8436,लेकिन रिलायंस इंडस्ट्रीज के मालिक व अनिल के बड़े भाई मुकेश की निविदा सबसे अधिक पाई गई ।,लेकिन रिलायंस इंडस्ट्रीज के मालिक व अनिल के बड़े भाई मुकेश की निविदा सबसे अधिक पाई गई।
train,train-s8437,उन्होंने ११०४.११ करोड़ रुपये की निविदा के जरिए प्लॉट हासिल कर लिया है ।,उन्होंने ११०४.११ करोड़ रुपये की निविदा के जरिए प्लॉट हासिल कर लिया है।
train,train-s8438,मुकेश की बोली अनिल की बोली की तुलना में ९३ करोड़ रुपये अधिक पाई गई ।,मुकेश की बोली अनिल की बोली की तुलना में ९३ करोड़ रुपये अधिक पाई गई।
train,train-s8440,प्लॉट में कंवेंशन व एग्ज़िबिशन सेंटर की स्थापना की जाएगी ।,प्लॉट में कंवेंशन व एग्ज़िबिशन सेंटर की स्थापना की जाएगी।
train,train-s8445,इसे पूरा करने के लिए ३९०.३६ करोड़ रुपये की सैन्य खरीद की जरूरत आन पड़ी ।,इसे पूरा करने के लिए ३९०.३६ करोड़ रुपये की सैन्य खरीद की जरूरत आन पड़ी।
train,train-s8454,रिपोर्ट में सेना की दलील को यह कहते हुए भी खारिज कर दिया है कि अगस्त १९९९ से सितंबर २००३ के बीच उसने ३९०.३६ करोड़ रुपये मूल्य के गोलों का आयात आंशिक रूप से जरूरतें पूरी करने को किया ।,रिपोर्ट में सेना की दलील को यह कहते हुए भी खारिज कर दिया है कि अगस्त १९९९ से सितंबर २००३ के बीच उसने ३९०.३६ करोड़ रुपये मूल्य के गोलों का आयात आंशिक रूप से जरूरतें पूरी करने को किया।
train,train-s8459,वहीं अमेरिका ने पाकिस्तान को एफ - १६ लड़ाकू विमान देने का कोई आश्वासन नहीं दिया है ।,वहीं अमेरिका ने पाकिस्तान को एफ-१६ लड़ाकू विमान देने का कोई आश्वासन नहीं दिया है।
train,train-s8465,राइस ने दोनों मुल्कों के बीच रक्षा सहयोग में बढ़ोत्तरी का आश्वासन देने के बावजूद एफ - १६ विमान मुहैया कराने से इनकार किया ।,राइस ने दोनों मुल्कों के बीच रक्षा सहयोग में बढ़ोत्तरी का आश्वासन देने के बावजूद एफ-१६ विमान मुहैया कराने से इनकार किया।
train,train-s8473,"उन्होंने कहा कि मुशर्रफ ने दक्षिण एशिया में शांति और स्थायित्व को बढ़ावा देने के लिए जो कदम उठाए हैं, वे सराहनीय है ।","उन्होंने कहा कि मुशर्रफ ने दक्षिण एशिया में शांति और स्थायित्व को बढ़ावा देने के लिए जो कदम उठाए हैं, वे सराहनीय है।"
train,train-s8476,हम रक्षा सहयोग को भी बढ़ावा देना चाहते हैं ।,हम रक्षा सहयोग को भी बढ़ावा देना चाहते हैं।
train,train-s8493,अजीज की अमेरिका यात्रा स्थगित करने को वहां के राजनयिक इस नजरिए से देख रहे हैं कि अमेरिका - भारत के बीच बढ़ते संबंध को लेकर पाकिस्तान ने अमेरिका से अपना अनौपचारिक विरोध जताया है ।,अजीज की अमेरिका यात्रा स्थगित करने को वहां के राजनयिक इस नजरिए से देख रहे हैं कि अमेरिका-भारत के बीच बढ़ते संबंध को लेकर पाकिस्तान ने अमेरिका से अपना अनौपचारिक विरोध जताया है।
train,train-s8494,पाकिस्तानी दैनिक 'डॉन' की रिपोर्ट के मुताबिक अमेरिका द्वारा पाकिस्तान को गैर नाटो सहयोगी का दर्जा दिए जाने के बावजूद वहां भारत के प्रधानमंत्री को ज्यादा एहमियत दिया जाना पाकिस्तान को खटक सकता था ।,पाकिस्तानी दैनिक 'डॉन' की रिपोर्ट के मुताबिक अमेरिका द्वारा पाकिस्तान को गैर नाटो सहयोगी का दर्जा दिए जाने के बावजूद वहां भारत के प्रधानमंत्री को ज्यादा एहमियत दिया जाना पाकिस्तान को खटक सकता था।
train,train-s8500,उनका कहना है कि इससे इन प्रतिष्ठानों की सुरक्षा खतरे में पड़ सकती है ।,उनका कहना है कि इससे इन प्रतिष्ठानों की सुरक्षा खतरे में पड़ सकती है।
train,train-s8517,"तीन दिन के इस महाधिवेशन में कांग्रेस अध्यक्ष सोनिया गांधी, प्रधानमंत्री मनमोहन सिंह, उनके मंत्रिमंडल सहयोगी, कांग्रेस शासित राज्यों के मुख्यमंत्री और बड़ी संख्या में विशिष्ट व्यक्ति शामिल होने वाले हैं ।","तीन दिन के इस महाधिवेशन में कांग्रेस अध्यक्ष सोनिया गांधी, प्रधानमंत्री मनमोहन सिंह, उनके मंत्रिमंडल सहयोगी, कांग्रेस शासित राज्यों के मुख्यमंत्री और बड़ी संख्या में विशिष्ट व्यक्ति शामिल होने वाले हैं।"
train,train-s8518,आंध्रप्रदेश पुलिस ने हाल में आईएसआई समर्थित आतंकवादी संगठनों के साथ संबंध वाले गिरफ्तार पांच आतंकवादियों से मिली जानकारी को देखते हुए सुरक्षा की कड़ी व्यवस्था की है ।,आंध्रप्रदेश पुलिस ने हाल में आईएसआई समर्थित आतंकवादी संगठनों के साथ संबंध वाले गिरफ्तार पांच आतंकवादियों से मिली जानकारी को देखते हुए सुरक्षा की कड़ी व्यवस्था की है।
train,train-s8519,इसके साथ ही पुलिस माओवादियों की ओर से संभावित गड़बड़ियों और अनुसूचित जाति के वर्गीकरण को लेकर मादिगा रिजर्वेशन पोरटा समिति (एमआरपीएस) और माला महानाडु की ओर से किए जाने वाले आंदोलन की योजना के बारे में खुफिया जानकारी को भी गंभीरता से ले रही है ।,इसके साथ ही पुलिस माओवादियों की ओर से संभावित गड़बड़ियों और अनुसूचित जाति के वर्गीकरण को लेकर मादिगा रिजर्वेशन पोरटा समिति (एमआरपीएस) और माला महानाडु की ओर से किए जाने वाले आंदोलन की योजना के बारे में खुफिया जानकारी को भी गंभीरता से ले रही है।
train,train-s8523,"इसके अलावा रेलवे स्टेशनों, एयरपोर्ट, बस स्टैंड, होटलों और अन्य स्थानों की सुरक्षा व्यवस्था बढ़ाई जाएगी ।","इसके अलावा रेलवे स्टेशनों, एयरपोर्ट, बस स्टैंड, होटलों और अन्य स्थानों की सुरक्षा व्यवस्था बढ़ाई जाएगी।"
train,train-s8529,वह अफगान के जेहादी नेता अबदुर्राब रसूल सैयाफ के इत्तेहाद - ए - इस्लामी से जुड़ा था ।,वह अफगान के जेहादी नेता अबदुर्राब रसूल सैयाफ के इत्तेहाद-ए-इस्लामी से जुड़ा था।
train,train-s8530,"बहरहाल, सैयाफ द्वारा अफगान राष्ट्रपति हामिद करजई को समर्थन देने की घोषणा के बाद यासिर तालिबान लड़ाकों के संगठन में शामिल हो गया ।","बहरहाल, सैयाफ द्वारा अफगान राष्ट्रपति हामिद करजई को समर्थन देने की घोषणा के बाद यासिर तालिबान लड़ाकों के संगठन में शामिल हो गया।"
train,train-s8538,वाम दलों के विरोध के बारे में अय्यर ने कहा कि उन्हें थोड़ी बहुत आलोचना से कोई समस्या नहीं है ।,वाम दलों के विरोध के बारे में अय्यर ने कहा कि उन्हें थोड़ी बहुत आलोचना से कोई समस्या नहीं है।
train,train-s8545,असम में अगले महीने होने वाले चुनाव को लेकर आयोग ने कड़े निर्देश जारी किए हैं ।,असम में अगले महीने होने वाले चुनाव को लेकर आयोग ने कड़े निर्देश जारी किए हैं।
train,train-s8547,रामेश्वर तेली यह सुनिश्चित करना चाहते हैं कि उनके चुनाव अभियान के दौरान ऐसी कोई गलती न हो जिसके लिए उन्हें आयोग को स्पष्टीकरण देना पड़े ।,रामेश्वर तेली यह सुनिश्चित करना चाहते हैं कि उनके चुनाव अभियान के दौरान ऐसी कोई गलती न हो जिसके लिए उन्हें आयोग को स्पष्टीकरण देना पड़े।
train,train-s8548,पूर्वी असम के दुलियाजान विधानसभा क्षेत्र से विधायक तेली दूसरी बार चुनाव लड़ रहे हैं ।,पूर्वी असम के दुलियाजान विधानसभा क्षेत्र से विधायक तेली दूसरी बार चुनाव लड़ रहे हैं।
train,train-s8558,ऐन लोकसभा चुनाव से पहले शरद पवार का साथ छोड़ने वाले पूर्व लोकसभा अध्यक्ष पीए संगमा ने बुधवार को कहा कि वे राष्ट्रवादी कांग्रेस पार्टी (एनसीपी) में लौट रहे हैं ।,ऐन लोकसभा चुनाव से पहले शरद पवार का साथ छोड़ने वाले पूर्व लोकसभा अध्यक्ष पीए संगमा ने बुधवार को कहा कि वे राष्ट्रवादी कांग्रेस पार्टी (एनसीपी) में लौट रहे हैं।
train,train-s8559,"संगमा ने कहा कि कांग्रेस अध्यक्ष सोनिया गांधी के प्रधानमंत्री बनने से इन्कार करने के बाद वे कारण खत्म हो गए हैं, जिनकी वजह से उन्होंने पार्टी छोड़ी थी ।","संगमा ने कहा कि कांग्रेस अध्यक्ष सोनिया गांधी के प्रधानमंत्री बनने से इन्कार करने के बाद वे कारण खत्म हो गए हैं, जिनकी वजह से उन्होंने पार्टी छोड़ी थी।"
train,train-s8560,"संगमा ने यहां एनसीपी मुख्यालय पर पत्रकारों से कहा कि उन्होंने विदेशी मूल की सोनिया गांधी के प्रधानमंत्री बनने के मुद्दे पर एनसीपी छोड़ी थी, लेकिन उन्होंने प्रधानमंत्री बनने से इन्कार कर दिया ।","संगमा ने यहां एनसीपी मुख्यालय पर पत्रकारों से कहा कि उन्होंने विदेशी मूल की सोनिया गांधी के प्रधानमंत्री बनने के मुद्दे पर एनसीपी छोड़ी थी, लेकिन उन्होंने प्रधानमंत्री बनने से इन्कार कर दिया।"
train,train-s8563,तृणमूल कांग्रेस के उम्मीदवार के रूप में पिछला लोकसभा चुनाव जीतने वाले संगमा ने कहा कि एनसीपी में उनकी वापसी में अब सिर्फ कुछ तकनीकी अड़चनें हैं ।,तृणमूल कांग्रेस के उम्मीदवार के रूप में पिछला लोकसभा चुनाव जीतने वाले संगमा ने कहा कि एनसीपी में उनकी वापसी में अब सिर्फ कुछ तकनीकी अड़चनें हैं।
train,train-s8570,इन कलपुर्जो की कुल कीमत ९७.६५ करोड़ रुपये थी ।,इन कलपुर्जो की कुल कीमत ९७.६५ करोड़ रुपये थी।
train,train-s8571,बाद में जांच पड़ताल में पाया गया कि कंपनी ने १९९९ में कलपुर्जो के जो मूल्य तय किए थे उस दर से बहुत अधिक कीमत पर इनकी खरीदारी के ठेके दिए गए ।,बाद में जांच पड़ताल में पाया गया कि कंपनी ने १९९९ में कलपुर्जो के जो मूल्य तय किए थे उस दर से बहुत अधिक कीमत पर इनकी खरीदारी के ठेके दिए गए।
train,train-s8572,इसकी वजह से सरकार को ६.७३ करोड़ रुपये अतिरिक्त व्यय करने पड़े ।,इसकी वजह से सरकार को ६.७३ करोड़ रुपये अतिरिक्त व्यय करने पड़े।
train,train-s8574,जांच एजेंसी ने आरोप लगाया है कि सरकार ने कंपनी को ठेका देने में ठीक से बातचीत नहीं की और मंत्रालय ने ठेके में संशोधन कर दिया जिससे सरकार पर ९.६१ करोड़ रुपये का अतिरिक्त बोझ पड़ा ।,जांच एजेंसी ने आरोप लगाया है कि सरकार ने कंपनी को ठेका देने में ठीक से बातचीत नहीं की और मंत्रालय ने ठेके में संशोधन कर दिया जिससे सरकार पर ९.६१ करोड़ रुपये का अतिरिक्त बोझ पड़ा।
train,train-s8576,राष्ट्रीय किसान आयोग के अध्यक्ष डॉ. स्वामीनाथन ने कहा है कि कृषि क्षेत्र में मूलभूत ढांचे में कमी से किसानों की समस्याएं बढ़ी हैं ।,राष्ट्रीय किसान आयोग के अध्यक्ष डॉ. स्वामीनाथन ने कहा है कि कृषि क्षेत्र में मूलभूत ढांचे में कमी से किसानों की समस्याएं बढ़ी हैं।
train,train-s8577,"उन्होंने कहा कि ऋण की सुविधा, बीज, पानी, बिजली, तकनीक और बाजार के न होने से किसानों को कई तरह की समस्याओं से जूझना पड़ रहा है ।","उन्होंने कहा कि ऋण की सुविधा, बीज, पानी, बिजली, तकनीक और बाजार के न होने से किसानों को कई तरह की समस्याओं से जूझना पड़ रहा है।"
train,train-s8583,स्वामीनाथन ने कहा कि पिछले कुछ सालों में किसानों की समस्याएं बढ़ी हैं ।,स्वामीनाथन ने कहा कि पिछले कुछ सालों में किसानों की समस्याएं बढ़ी हैं।
train,train-s8584,"किसानों को जमीन में जैव उर्वरा की कमी से जूझने के साथ ही माइक्रोन्यूट्रेंट, पोषक तत्वों में कमी, सिंचाई में पानी और तकनीक की कमी से दो - चार होना पड़ रहा है ।","किसानों को जमीन में जैव उर्वरा की कमी से जूझने के साथ ही माइक्रोन्यूट्रेंट, पोषक तत्वों में कमी, सिंचाई में पानी और तकनीक की कमी से दो-चार होना पड़ रहा है।"
train,train-s8590,उन्होंने कहा कि अभी हमारी सबसे बड़ी शक्ति है कि हम काफी प्रतिस्पर्धी हैं और आगे जरूरत प्रयास करने की है ।,उन्होंने कहा कि अभी हमारी सबसे बड़ी शक्ति है कि हम काफी प्रतिस्पर्धी हैं और आगे जरूरत प्रयास करने की है।
train,train-s8592,एएलएच ध्रुव के अंतर्राष्ट्रीय संस्करण की मार्केटिंग के लिए भारत और इस्राइल एयरक्राफ्ट इंडस्ट्रीज (आईएआई) के बीच समझौता है और पिछली जुलाई को चिली में इसकी एक महीने की परीक्षण उड़ान पूरी की गई है ।,एएलएच ध्रुव के अंतर्राष्ट्रीय संस्करण की मार्केटिंग के लिए भारत और इस्राइल एयरक्राफ्ट इंडस्ट्रीज (आईएआई) के बीच समझौता है और पिछली जुलाई को चिली में इसकी एक महीने की परीक्षण उड़ान पूरी की गई है।
train,train-s8594,वर्ष २००७ में होने वाले विश्व कप में भारतीय टीम को कामयाबी के शिखर तक ले जाने का जिम्मा राहुल द्रविड़ के भरोसेमंद कंधों पर होगा ।,वर्ष २००७ में होने वाले विश्व कप में भारतीय टीम को कामयाबी के शिखर तक ले जाने का जिम्मा राहुल द्रविड़ के भरोसेमंद कंधों पर होगा।
train,train-s8595,भारतीय क्रिकेट कंट्रोल बोर्ड ने राहुल द्रविड़ को अगले विश्व कप तक के लिए टीम की कप्तानी सौंपने की अचानक घोषणा कर सभी को चौंका दिया ।,भारतीय क्रिकेट कंट्रोल बोर्ड ने राहुल द्रविड़ को अगले विश्व कप तक के लिए टीम की कप्तानी सौंपने की अचानक घोषणा कर सभी को चौंका दिया।
train,train-s8596,"यह घोषणा ऐसे समय में की गई, जब द्रविड़ का सौंवा टेस्ट मैच खेलने से ठीक पहले सम्मान किया गया ।","यह घोषणा ऐसे समय में की गई, जब द्रविड़ का सौंवा टेस्ट मैच खेलने से ठीक पहले सम्मान किया गया।"
train,train-s8598,"दरअसल इस असमय घोषणा के पीछे बोर्ड की मंशा मिस्टर भरोसेमंद में आत्मविश्वास बढ़ाना है, जैसा कि चयन समिति के अध्यक्ष किरण मोरे ने 'अमर उजाला' से बातचीत में कहा ।","दरअसल इस असमय घोषणा के पीछे बोर्ड की मंशा मिस्टर भरोसेमंद में आत्मविश्वास बढ़ाना है, जैसा कि चयन समिति के अध्यक्ष किरण मोरे ने 'अमर उजाला' से बातचीत में कहा।"
train,train-s8599,इस बारे में पूछे जाने पर मोरे ने कहा कि पहले यह घोषणा मोहाली में की जानी थी लेकिन मुंबई में द्रविड़ के लिए खास मौका होने के कारण अभी कर दी गई ।,इस बारे में पूछे जाने पर मोरे ने कहा कि पहले यह घोषणा मोहाली में की जानी थी लेकिन मुंबई में द्रविड़ के लिए खास मौका होने के कारण अभी कर दी गई।
train,train-s8600,उन्होंने कहा कि बोर्ड द्रविड़ में आत्मविश्वास भरना चाहता है ।,उन्होंने कहा कि बोर्ड द्रविड़ में आत्मविश्वास भरना चाहता है।
train,train-s8601,टीम के अन्य खिलाड़ियों के लिए भी यह अच्छा है क्योंकि उन्हें पता रहेगा कि विश्व कप तक उनका लीडर कौन है ।,टीम के अन्य खिलाड़ियों के लिए भी यह अच्छा है क्योंकि उन्हें पता रहेगा कि विश्व कप तक उनका लीडर कौन है।
train,train-s8606,समारोह में सचिन तेंदुलकर को १३२वां टेस्ट खेलकर सबसे ज्यादा टेस्ट खेलने वाला भारतीय खिलाड़ी बनने और अनिल कुंबले को ५०० टेस्ट विकेट पूरे करने के लिए चांदी की प्लेट और ट्रॉफी दी गई ।,समारोह में सचिन तेंदुलकर को १३२वां टेस्ट खेलकर सबसे ज्यादा टेस्ट खेलने वाला भारतीय खिलाड़ी बनने और अनिल कुंबले को ५०० टेस्ट विकेट पूरे करने के लिए चांदी की प्लेट और ट्रॉफी दी गई।
train,train-s8607,कार्यक्रम के तुरंत बाद बोर्ड के सचिव निरंजन शाह ने द्रविड़ की अगले साल तक कप्तानी की घोषणा कर दी ।,कार्यक्रम के तुरंत बाद बोर्ड के सचिव निरंजन शाह ने द्रविड़ की अगले साल तक कप्तानी की घोषणा कर दी।
train,train-s8609,द्रविड़ की कप्तानी के सफर में यह घोषणा खासी रोचक है ।,द्रविड़ की कप्तानी के सफर में यह घोषणा खासी रोचक है।
train,train-s8611,लेकिन जिंबाब्वे में गांगुली की वापसी के साथ ही राहुल को कप्तानी से हटना पड़ा था ।,लेकिन जिंबाब्वे में गांगुली की वापसी के साथ ही राहुल को कप्तानी से हटना पड़ा था।
train,train-s8614,श्रीलंका की सिरीज़ के बाद भारत ने उनकी कप्तानी में दक्षिण अफ्रीका के खिलाफ़ पांच वनडे मैचों की सिरीज़ २ - २ से ड्रा खेली थी ।,श्रीलंका की सिरीज़ के बाद भारत ने उनकी कप्तानी में दक्षिण अफ्रीका के खिलाफ़ पांच वनडे मैचों की सिरीज़ २-२ से ड्रा खेली थी।
train,train-s8618,"उन्हें सिर छिपाने के लिए छत, गरम कपड़े और दूसरी जरूरी चीजें तत्काल मुहैया कराई जानी चाहिए ।","उन्हें सिर छिपाने के लिए छत, गरम कपड़े और दूसरी जरूरी चीजें तत्काल मुहैया कराई जानी चाहिए।"
train,train-s8621,'सेव द चिल्ड्रेन' और अमेरिकी सरकार की साझेदारी में उनकी ओर से पहला राहत पैकेज भूकंप प्रभावित जम्मू कश्मीर में वितरित किया गया ।,'सेव द चिल्ड्रेन' और अमेरिकी सरकार की साझेदारी में उनकी ओर से पहला राहत पैकेज भूकंप प्रभावित जम्मू कश्मीर में वितरित किया गया।
train,train-s8629,उन्होंने कहा है कि पार्टी अध्यक्ष लालकृष्ण आडवाणी के खिलाफ पार्टी में बढ़ रहे विरोध के चलते भाजपा विभाजन के करीब पहुंच गई है ।,उन्होंने कहा है कि पार्टी अध्यक्ष लालकृष्ण आडवाणी के खिलाफ पार्टी में बढ़ रहे विरोध के चलते भाजपा विभाजन के करीब पहुंच गई है।
train,train-s8632,उन्होंने कहा कि स्थिति इतनी बिगड़ चुकी है कि पार्टी नेतृत्व के खिलाफ जल्द विद्रोह होगा ।,उन्होंने कहा कि स्थिति इतनी बिगड़ चुकी है कि पार्टी नेतृत्व के खिलाफ जल्द विद्रोह होगा।
train,train-s8635,"यह पूछे जाने पर कि क्या वे पार्टी को छोड़ेंगे, उन्होंने कहा कि वे अपनी भावी योजनाओं के बारे में निर्णय लेने के लिए आरएसएस नेतृत्व से मिलने जा रहे हैं ।","यह पूछे जाने पर कि क्या वे पार्टी को छोड़ेंगे, उन्होंने कहा कि वे अपनी भावी योजनाओं के बारे में निर्णय लेने के लिए आरएसएस नेतृत्व से मिलने जा रहे हैं।"
train,train-s8676,इससे बहस की गुणवत्ता में इज़ाफा हुआ ।,इससे बहस की गुणवत्ता में इज़ाफा हुआ।
train,train-s8679,पर तमाम कोशिशों के बावजूद इसमें सफ़ल नहीं हो सकी ।,पर तमाम कोशिशों के बावजूद इसमें सफ़ल नहीं हो सकी।
train,train-s8683,बशीर बद्र के शेर को उन्होंने दुष्यंत कुमार के नाम से पढ़ दिया ।,बशीर बद्र के शेर को उन्होंने दुष्यंत कुमार के नाम से पढ़ दिया।
train,train-s8694,जिसके बाद केंद्र ने उन्हें 'जेड प्लस' सुरक्षा उपलब्ध कराने के निर्देश राज्य सरकार को दिए थे ।,जिसके बाद केंद्र ने उन्हें 'जेड प्लस' सुरक्षा उपलब्ध कराने के निर्देश राज्य सरकार को दिए थे।
train,train-s8698,उन्होंने दावा किया कि उन्हें बारूदी सुरंग या आईडीई से उड़ाने की साजिश की जानकारी खुफिया एजेंसियों ने दी थी ।,उन्होंने दावा किया कि उन्हें बारूदी सुरंग या आईडीई से उड़ाने की साजिश की जानकारी खुफिया एजेंसियों ने दी थी।
train,train-s8703,उन्होंने बताया कि अमेरिकी सरकार को इस बारे में जानकारी विदेश मंत्रालय के ज़रिए दी जाएगी ।,उन्होंने बताया कि अमेरिकी सरकार को इस बारे में जानकारी विदेश मंत्रालय के ज़रिए दी जाएगी।
train,train-s8720,उनके भाषण की पहली ही लाइन थी - 'आज हम कांग्रेस की घोषणा के सबसे महत्वपूर्ण वायदे को पूरा कर रहे हैं,उनके भाषण की पहली ही लाइन थी-'आज हम कांग्रेस की घोषणा के सबसे महत्वपूर्ण वायदे को पूरा कर रहे हैं
train,train-s8726,यह उसी सिलसिले को बढ़ाने वाला कदम है ।,यह उसी सिलसिले को बढ़ाने वाला कदम है।
train,train-s8731,तुरंत सभी उठ खड़े हुए और आपस में हंसी - ठिठोली का दौर शुरू हो गया ।,तुरंत सभी उठ खड़े हुए और आपस में हंसी-ठिठोली का दौर शुरू हो गया।
train,train-s8736,कांग्रेस नेतृत्व वाली राज्य की गठबंधन सरकार में शामिल जनता दल (एस) के प्रमुख एवं पूर्व प्रधानमंत्री एच. डी. देवगौड़ा के पुत्र एच. डी. कुमारस्वामी ने पिता के खिलाफ विद्रोह करते हुए पार्टी के ४० से अधिक विधायकों के साथ सरकार से अलग होने का ऐलान कर दिया ।,कांग्रेस नेतृत्व वाली राज्य की गठबंधन सरकार में शामिल जनता दल (एस) के प्रमुख एवं पूर्व प्रधानमंत्री एच. डी. देवगौड़ा के पुत्र एच. डी. कुमारस्वामी ने पिता के खिलाफ विद्रोह करते हुए पार्टी के ४० से अधिक विधायकों के साथ सरकार से अलग होने का ऐलान कर दिया।
train,train-s8744,फिलहाल कर्नाटक की उथल - पुथल से राजधानी के राजनीतिक अखाड़े में भी हलचल मच गई ।,फिलहाल कर्नाटक की उथल-पुथल से राजधानी के राजनीतिक अखाड़े में भी हलचल मच गई।
train,train-s8746,जद (एस) प्रमुख देवगौड़ा राज्यपाल को लिखकर कह चुके हैं कि उप मुख्यमंत्री प्रकाश ही उनकी पार्टी के नेता हैं ।,जद (एस) प्रमुख देवगौड़ा राज्यपाल को लिखकर कह चुके हैं कि उप मुख्यमंत्री प्रकाश ही उनकी पार्टी के नेता हैं।
train,train-s8761,"हालांकि प्रकाश ने आरोप लगाया कि कांग्रेस ने उनकी पार्टी के साथ गलत व्यवहार किया है, जिससे जद (एस) विरोधी ताकतों को बढ़ावा मिला ।","हालांकि प्रकाश ने आरोप लगाया कि कांग्रेस ने उनकी पार्टी के साथ गलत व्यवहार किया है, जिससे जद (एस) विरोधी ताकतों को बढ़ावा मिला।"
train,train-s8767,"इस मामले में डीजीपी ने बृहस्पतिवार को हाईकोर्ट में हलफनामा दायर किया था, लेकिन वकीलों की हड़ताल के कारण सुनवाई के टलने के बाद आज क्राइम ब्रांच ने आरोपी पुलिस अधिकारियों के खिलाफ एफआईआर दर्ज कर ली ।","इस मामले में डीजीपी ने बृहस्पतिवार को हाईकोर्ट में हलफनामा दायर किया था, लेकिन वकीलों की हड़ताल के कारण सुनवाई के टलने के बाद आज क्राइम ब्रांच ने आरोपी पुलिस अधिकारियों के खिलाफ एफआईआर दर्ज कर ली।"
train,train-s8777,पुलिस के खिलाफ एफआईआर दर्ज होने के बाद अनारा द्वारा मानहानि के लिए किया गया एक करोड़ का दावा भी पुख्ता होता लग रहा है ।,पुलिस के खिलाफ एफआईआर दर्ज होने के बाद अनारा द्वारा मानहानि के लिए किया गया एक करोड़ का दावा भी पुख्ता होता लग रहा है।
train,train-s8778,हाईकोर्ट में दायर एक करोड़ के हर्जाने के दावे में अनारा ने कहा है कि उसे दस दिन तक अवैध तरीके से हिरासत में रखा गया था ।,हाईकोर्ट में दायर एक करोड़ के हर्जाने के दावे में अनारा ने कहा है कि उसे दस दिन तक अवैध तरीके से हिरासत में रखा गया था।
train,train-s8781,चंडीगढ़ में ग्लैडरेग्स मेगा मॉडल एंड मैन हंट के सिलसिले में यहां पहुंची मौरीन से जब पूछा गया कि क्या वह प्रीति को अपनी बहू बनाने को तैयार हैं तो वह खिलखिलाकर हंस पड़ीं ।,चंडीगढ़ में ग्लैडरेग्स मेगा मॉडल एंड मैन हंट के सिलसिले में यहां पहुंची मौरीन से जब पूछा गया कि क्या वह प्रीति को अपनी बहू बनाने को तैयार हैं तो वह खिलखिलाकर हंस पड़ीं।
train,train-s8782,फिर बोलीं - 'अभी तो दोस्ती हुई है ।,फिर बोलीं-'अभी तो दोस्ती हुई है।
train,train-s8783,ग्लैडरेग्स मैगज़ीन की प्रकाशक मौरीन ने कहा कि इस बारे में कोई भी फैसला मेरे बेटे और प्रीति को ही करना है ।,ग्लैडरेग्स मैगज़ीन की प्रकाशक मौरीन ने कहा कि इस बारे में कोई भी फैसला मेरे बेटे और प्रीति को ही करना है।
train,train-s8785,"उन्होंने कहा, 'हमने भी कभी इश्क किया था, लेकिन हमारे जमाने में प्यार के अलग ही मायने थे ।","उन्होंने कहा, 'हमने भी कभी इश्क किया था, लेकिन हमारे जमाने में प्यार के अलग ही मायने थे।"
train,train-s8786,"पैसा, मोबाइल और लंबी गाड़ी प्यार को परवान चढ़ाने लगे हैं","पैसा, मोबाइल और लंबी गाड़ी प्यार को परवान चढ़ाने लगे हैं"
train,train-s8787,"बातचीत में मौरीन ने इस बात पर दुख जताया कि आजकल की युवा पीढ़ी मेहनत किए बिना ही ऊंचा मुकाम, सफलता और पैसा हासिल करना चाहती है ।","बातचीत में मौरीन ने इस बात पर दुख जताया कि आजकल की युवा पीढ़ी मेहनत किए बिना ही ऊंचा मुकाम, सफलता और पैसा हासिल करना चाहती है।"
train,train-s8788,"मॉडलिंग की दुनिया की तरफ आकर्षित होने वाले यंगस्टर्स का उद्देश्य मॉडलिंग से जुड़ना नहीं, बल्कि बॉलीवुड में जाना होता है ।","मॉडलिंग की दुनिया की तरफ आकर्षित होने वाले यंगस्टर्स का उद्देश्य मॉडलिंग से जुड़ना नहीं, बल्कि बॉलीवुड में जाना होता है।"
train,train-s8793,"घने कोहरे के कारण सड़क, रेल यातायात और हवाई उड़ानों में भारी बाधा आई ।","घने कोहरे के कारण सड़क, रेल यातायात और हवाई उड़ानों में भारी बाधा आई।"
train,train-s8794,"दिल्ली और आसपास के इलाकों में छाई गहरी धुंध के कारण रेल गाड़ियां और वायुयान कई घंटे विलंब से चल रहे हैं, जिससे यात्री बेहाल रहे ।","दिल्ली और आसपास के इलाकों में छाई गहरी धुंध के कारण रेल गाड़ियां और वायुयान कई घंटे विलंब से चल रहे हैं, जिससे यात्री बेहाल रहे।"
train,train-s8797,इसके अलावा ग्रेटर नोएडा के थाना सूरजपुर क्षेत्र में आज घने कोहरे के कारण सड़क पर खड़े ट्राले से दो वाहन टकरा गए ।,इसके अलावा ग्रेटर नोएडा के थाना सूरजपुर क्षेत्र में आज घने कोहरे के कारण सड़क पर खड़े ट्राले से दो वाहन टकरा गए।
train,train-s8800,सुबह सड़कों पर वाहन बत्तियां जला कर रेंग रहे थे ।,सुबह सड़कों पर वाहन बत्तियां जला कर रेंग रहे थे।
train,train-s8803,"राजस्थान, पंजाब और उत्तर प्रदेश से दिल्ली आने वाली अनेक रेलगाड़ियां काफी देर से पहुंच रही हैं ।","राजस्थान, पंजाब और उत्तर प्रदेश से दिल्ली आने वाली अनेक रेलगाड़ियां काफी देर से पहुंच रही हैं।"
train,train-s8804,अंबाला - दिल्ली सेक्शन पर चलने वाली करीब आधा दर्जन रेलगाड़ियां अपने निर्धारित समय से एक घंटे से लेकर १५ घंटे की देरी से चलीं ।,अंबाला-दिल्ली सेक्शन पर चलने वाली करीब आधा दर्जन रेलगाड़ियां अपने निर्धारित समय से एक घंटे से लेकर १५ घंटे की देरी से चलीं।
train,train-s8805,दिल्ली हवाई अड्डे से कई घरेलू और अंतर्राष्ट्रीय उड़ानें रद्द भी करनी पड़ीं ।,दिल्ली हवाई अड्डे से कई घरेलू और अंतर्राष्ट्रीय उड़ानें रद्द भी करनी पड़ीं।
train,train-s8807,वायुयानों के देर से उड़ने के कारण हजारों यात्रियों को हवाई अड्डे पर घंटों प्रतीक्षा करनी पड़ रही है ।,वायुयानों के देर से उड़ने के कारण हजारों यात्रियों को हवाई अड्डे पर घंटों प्रतीक्षा करनी पड़ रही है।
train,train-s8808,इंडियन एयरलाइंस के सूत्रों ने कहा है कि कोहरे के कारण उसकी ५० उड़ानों पर प्रभाव पड़ा है ।,इंडियन एयरलाइंस के सूत्रों ने कहा है कि कोहरे के कारण उसकी ५० उड़ानों पर प्रभाव पड़ा है।
train,train-s8809,इंदिरा गांधी अंतर्राष्ट्रीय हवाई अड्डे पर तैनात एक अधिकारी ने कहा कि लगभग सभी उड़ानें घंटों विलंब से चल रही हैं ।,इंदिरा गांधी अंतर्राष्ट्रीय हवाई अड्डे पर तैनात एक अधिकारी ने कहा कि लगभग सभी उड़ानें घंटों विलंब से चल रही हैं।
train,train-s8810,"चंडीगढ़ जाने वाली एक उड़ान को रद्द कर दिया गया, जबकि दुबई से दिल्ली आ रहे एक वायुयान को जयपुर उतरना पड़ा ।","चंडीगढ़ जाने वाली एक उड़ान को रद्द कर दिया गया, जबकि दुबई से दिल्ली आ रहे एक वायुयान को जयपुर उतरना पड़ा।"
train,train-s8811,दोपहर तक भी सुबह रवाना होने वाली उड़ानें शुरू नहीं हो पाई थीं ।,दोपहर तक भी सुबह रवाना होने वाली उड़ानें शुरू नहीं हो पाई थीं।
train,train-s8812,निजी वायुयान कंपनी जेट एयरवेज और एयर सहारा को भी भारी परेशानी का सामना करना पड़ा ।,निजी वायुयान कंपनी जेट एयरवेज और एयर सहारा को भी भारी परेशानी का सामना करना पड़ा।
train,train-s8814,"भुवनेश्वर राजधानी एक्सप्रेस, दिल्ली - हावड़ा जनता एक्सप्रेस, दिल्ली - रक्सौल एक्सप्रेस, दिल्ली - हटिया झारखंड एक्सप्रेस, निलांचल एक्सप्रेस, नार्थ - ईस्ट एक्सप्रेस आदि एक घंटे से लेकर सात घंटे की देरी से चल रही हैं ।","भुवनेश्वर राजधानी एक्सप्रेस, दिल्ली-हावड़ा जनता एक्सप्रेस, दिल्ली-रक्सौल एक्सप्रेस, दिल्ली-हटिया झारखंड एक्सप्रेस, निलांचल एक्सप्रेस, नार्थ-ईस्ट एक्सप्रेस आदि एक घंटे से लेकर सात घंटे की देरी से चल रही हैं।"
train,train-s8815,ग्रेटर नोएडा में सूरजपुर पुलिस के अनुसार शुक्रवार की रात को घना कोहरा होने के कारण मोहियापुर गांव के पास सड़क पर सीमेंट से भरा एक ट्राला खड़ा था ।,ग्रेटर नोएडा में सूरजपुर पुलिस के अनुसार शुक्रवार की रात को घना कोहरा होने के कारण मोहियापुर गांव के पास सड़क पर सीमेंट से भरा एक ट्राला खड़ा था।
train,train-s8826,वाघा बॉर्डर पार करते ही इतना प्यार और सम्मान मिला कि बचपन में भारत के बारे में बताईं गईं और पढ़ाई गई सारी बातें बेमानी लगने लगीं ।,वाघा बॉर्डर पार करते ही इतना प्यार और सम्मान मिला कि बचपन में भारत के बारे में बताईं गईं और पढ़ाई गई सारी बातें बेमानी लगने लगीं।
train,train-s8827,सभी बिछुड़े परिवार के ही सदस्य लग रहे हैं ।,सभी बिछुड़े परिवार के ही सदस्य लग रहे हैं।
train,train-s8829,नौवीं कक्षा में पढ़ रही शमा ने बताया कि पाकिस्तान में कक्षा आठ की उर्दू की किताबों में लिखा गया है कि भारतीय अच्छे नहीं हैं ।,नौवीं कक्षा में पढ़ रही शमा ने बताया कि पाकिस्तान में कक्षा आठ की उर्दू की किताबों में लिखा गया है कि भारतीय अच्छे नहीं हैं।
train,train-s8832,नौवीं कक्षा में पढ़ रही कराची की सून्हा ने बताया कि इतिहास की किताबों में भारत के लिए काफी गलत बातें लिखी गई हैं और हमें वही पढ़ाई भी जातीं हैं लेकिन जिसे भारत से प्यार है या फिर भारत को काफी करीब से जानने का मौका मिला है वे कभी इन बातों को सही नहीं मानते हैं ।,नौवीं कक्षा में पढ़ रही कराची की सून्हा ने बताया कि इतिहास की किताबों में भारत के लिए काफी गलत बातें लिखी गई हैं और हमें वही पढ़ाई भी जातीं हैं लेकिन जिसे भारत से प्यार है या फिर भारत को काफी करीब से जानने का मौका मिला है वे कभी इन बातों को सही नहीं मानते हैं।
train,train-s8836,"बहरहाल, 'बियोंड बाउंडरीज क्रिकेट फॉर पीस २००४' के संदेश के साथ यह कार्यक्रम साउथ एशियन यूथ एक्सचेंज प्रोग्राम के तत्वाधान में आयोजित किया गया है जिसे 'लीपफ्रॉग' नामक दिल्ली की एक स्वयंसेवी संगठन ने प्रायोजित किया है ।","बहरहाल, 'बियोंड बाउंडरीज क्रिकेट फॉर पीस २००४' के संदेश के साथ यह कार्यक्रम साउथ एशियन यूथ एक्सचेंज प्रोग्राम के तत्वाधान में आयोजित किया गया है जिसे 'लीपफ्रॉग' नामक दिल्ली की एक स्वयंसेवी संगठन ने प्रायोजित किया है।"
train,train-s8848,पवार ने कहा कि साल के शुरुआती १५ दिनों में पड़ी भारी गर्मी की वजह से गेहूं के उत्पादन पर प्रतिकूल प्रभाव पड़ा ।,पवार ने कहा कि साल के शुरुआती १५ दिनों में पड़ी भारी गर्मी की वजह से गेहूं के उत्पादन पर प्रतिकूल प्रभाव पड़ा।
train,train-s8851,गेहूं को छोड़ अन्य खाद्यान्नों के उत्पादन पर कृषि मंत्री ने संतोष व्यक्त किया ।,गेहूं को छोड़ अन्य खाद्यान्नों के उत्पादन पर कृषि मंत्री ने संतोष व्यक्त किया।
train,train-s8855,राजस्थान की पवित्र नगरी में एक जापानी महिला पर्यटक ने एक स्थानीय होटल मालिक के बेटे पर उसके साथ बलात्कार करने और ५४ हजार रुपये हड़प लेने का आरोप लगाया है ।,राजस्थान की पवित्र नगरी में एक जापानी महिला पर्यटक ने एक स्थानीय होटल मालिक के बेटे पर उसके साथ बलात्कार करने और ५४ हजार रुपये हड़प लेने का आरोप लगाया है।
train,train-s8856,पीड़ित महिला योको ने मंगलवार को आगरा से अपनी शिकायत अजमेर के एसपी को फैक्स की ।,पीड़ित महिला योको ने मंगलवार को आगरा से अपनी शिकायत अजमेर के एसपी को फैक्स की।
train,train-s8860,महिला का बयान दर्ज करने आगरा गए स्टेशन हाउस अफसर सुगर सिंह राठौर ने बताया कि आरोपियों के खिलाफ धोखाधड़ी से महिला के ५४ हजार रुपये हड़प करने का भी आरोप है ।,महिला का बयान दर्ज करने आगरा गए स्टेशन हाउस अफसर सुगर सिंह राठौर ने बताया कि आरोपियों के खिलाफ धोखाधड़ी से महिला के ५४ हजार रुपये हड़प करने का भी आरोप है।
train,train-s8868,गौरतलब है कि अलवर में एक जर्मन महिला के साथ बलात्कार के मामले में पिछले ही हफ्ते फास्ट ट्रैक अदालत ने उड़ीसा के एक प्रमुख पुलिस अधिकारी के बेटे बी. एच. मोहंती को सात साल की सजा सुनाई थी ।,गौरतलब है कि अलवर में एक जर्मन महिला के साथ बलात्कार के मामले में पिछले ही हफ्ते फास्ट ट्रैक अदालत ने उड़ीसा के एक प्रमुख पुलिस अधिकारी के बेटे बी. एच. मोहंती को सात साल की सजा सुनाई थी।
train,train-s8874,लालू ने आरोप लगाया था कि वडोदरा में बजरंग दल और भाजपा के कार्यकर्ताओं ने उनकी गाड़ी पर पथराव किया ।,लालू ने आरोप लगाया था कि वडोदरा में बजरंग दल और भाजपा के कार्यकर्ताओं ने उनकी गाड़ी पर पथराव किया।
train,train-s8882,तब लालू समालया ट्रेन हादसे के पीड़ितों से मिलने अस्पताल गए थे ।,तब लालू समालया ट्रेन हादसे के पीड़ितों से मिलने अस्पताल गए थे।
train,train-s8883,और अगर पथराव नहीं हुआ तो गाड़ी का शीशा टूटा कैसे ।,और अगर पथराव नहीं हुआ तो गाड़ी का शीशा टूटा कैसे।
train,train-s8895,लेकिन सहयोगी दल द्वारा विभागों की मांग को लेकर खींचतान के कारण इसे दो दिनों के लिए बढ़ाना पड़ा ।,लेकिन सहयोगी दल द्वारा विभागों की मांग को लेकर खींचतान के कारण इसे दो दिनों के लिए बढ़ाना पड़ा।
train,train-s8901,इस संवाददाता सम्मेलन में टीडीपी के एक और पूर्व सांसद चंदूलाल और पार्टी के ही पूर्व मंत्री राजेशम गौड़ भी उपस्थित थे ।,इस संवाददाता सम्मेलन में टीडीपी के एक और पूर्व सांसद चंदूलाल और पार्टी के ही पूर्व मंत्री राजेशम गौड़ भी उपस्थित थे।
train,train-s8912,"एनडीए की दूसरी मांग यह है कि सभी शैक्षिक संस्थानों में अन्य पिछड़े वर्ग के लिए भी आरक्षण का प्रावधान होना चाहिए, जबकि प्रस्तावित विधेयक में इस बाबत स्पष्ट प्रावधान नहीं है ।","एनडीए की दूसरी मांग यह है कि सभी शैक्षिक संस्थानों में अन्य पिछड़े वर्ग के लिए भी आरक्षण का प्रावधान होना चाहिए, जबकि प्रस्तावित विधेयक में इस बाबत स्पष्ट प्रावधान नहीं है।"
train,train-s8948,अमेरिकी राष्ट्रपति जॉर्ज डब्लू बुश की आगामी भारत यात्रा को देखते हुए कश्मीर घाटी और जम्मू के उन गांवों की सुरक्षा बढ़ाई जाएगी जहां हिंदू और सिख परिवार रहते हैं ।,अमेरिकी राष्ट्रपति जॉर्ज डब्लू बुश की आगामी भारत यात्रा को देखते हुए कश्मीर घाटी और जम्मू के उन गांवों की सुरक्षा बढ़ाई जाएगी जहां हिंदू और सिख परिवार रहते हैं।
train,train-s8954,आज तक इसके लिए जिम्मेदार अपराधियों को पकड़ा नहीं गया है ।,आज तक इसके लिए जिम्मेदार अपराधियों को पकड़ा नहीं गया है।
train,train-s8955,"जिस तरह से आतंकवादियों ने क्लिंटन की यात्रा के दौरान इस हत्याकांड को अंजाम दिया, उसके पीछे क्लिंटन का ध्यान कश्मीर समस्या की ओर आकृष्ट करने या भारत सरकार की फजीहत बढ़ाने का उद्देश्य छिपा था ।","जिस तरह से आतंकवादियों ने क्लिंटन की यात्रा के दौरान इस हत्याकांड को अंजाम दिया, उसके पीछे क्लिंटन का ध्यान कश्मीर समस्या की ओर आकृष्ट करने या भारत सरकार की फजीहत बढ़ाने का उद्देश्य छिपा था।"
train,train-s8958,जम्मू - कश्मीर के दर्जनों गांवों में सुरक्षा बढ़ा दी गयी है ।,जम्मू-कश्मीर के दर्जनों गांवों में सुरक्षा बढ़ा दी गयी है।
train,train-s8963,आगामी चुनाव में ज्यादा सीट जीतकर लालू - राबड़ी को मात देने के लिए कार्य योजनाओं पर चर्चा हुई ।,आगामी चुनाव में ज्यादा सीट जीतकर लालू-राबड़ी को मात देने के लिए कार्य योजनाओं पर चर्चा हुई।
train,train-s8977,विवाद बिहार के राज्यपाल बूटा सिंह का साथ छोड़ने को तैयार नहीं है ।,विवाद बिहार के राज्यपाल बूटा सिंह का साथ छोड़ने को तैयार नहीं है।
train,train-s8979,अब बूटा सिंह द्वारा रेल मंत्री लालू प्रसाद यादव को लिखे एक सिफारिशी के मामले ने तूल पकड़ लिया है ।,अब बूटा सिंह द्वारा रेल मंत्री लालू प्रसाद यादव को लिखे एक सिफारिशी के मामले ने तूल पकड़ लिया है।
train,train-s8987,भाजपा ने कहा है कि सिंह के पक्षपातपूर्ण व्यवहार का प्रतिकूल असर बिहार में विधान सभा के आगामी चुनाव पर पड़ सकता है ।,भाजपा ने कहा है कि सिंह के पक्षपातपूर्ण व्यवहार का प्रतिकूल असर बिहार में विधान सभा के आगामी चुनाव पर पड़ सकता है।
train,train-s9018,वह २००४ में बढ़कर नौ लाख तक जा पहुंची ।,वह २००४ में बढ़कर नौ लाख तक जा पहुंची।
train,train-s9028,गांव मोरखेड़ी के राजकीय प्राइमरी स्कूल से दो युवक एक छह वर्षीय बच्चे का अपहरण कर ले गए ।,गांव मोरखेड़ी के राजकीय प्राइमरी स्कूल से दो युवक एक छह वर्षीय बच्चे का अपहरण कर ले गए।
train,train-s9033,बताया जाता है कि बुधवार दोपहर गांव स्थित राजकीय प्राइमरी स्कूल में पहली कक्षा में पढ़ने वाले छह वर्षीय विक्की पुत्र बिजेंद्र तीसरी कक्षा के एक छात्र के साथ स्कूल से बाहर आया तो पहले से मौजूद दो युवक विक्की को उठाकर किसी वाहन में लेकर फरार हो गए ।,बताया जाता है कि बुधवार दोपहर गांव स्थित राजकीय प्राइमरी स्कूल में पहली कक्षा में पढ़ने वाले छह वर्षीय विक्की पुत्र बिजेंद्र तीसरी कक्षा के एक छात्र के साथ स्कूल से बाहर आया तो पहले से मौजूद दो युवक विक्की को उठाकर किसी वाहन में लेकर फरार हो गए।
train,train-s9034,घटना का पता उस वक्त लगा जब उक्त छात्र ने अध्यापक से बताया कि दो लड़के विक्की को लेकर भाग गए ।,घटना का पता उस वक्त लगा जब उक्त छात्र ने अध्यापक से बताया कि दो लड़के विक्की को लेकर भाग गए।
train,train-s9035,स्कूल में घटना को लेकर हड़कंप मच गया ।,स्कूल में घटना को लेकर हड़कंप मच गया।
train,train-s9039,उसके बाद ग्रामीण विक्की की तलाश के लिए निकल पड़े तथा कुछ ग्रामीण उसके परिजन सहित कंसाला पुलिस चौकी पहुंचे और पुलिस को घटना से अवगत कराया ।,उसके बाद ग्रामीण विक्की की तलाश के लिए निकल पड़े तथा कुछ ग्रामीण उसके परिजन सहित कंसाला पुलिस चौकी पहुंचे और पुलिस को घटना से अवगत कराया।
train,train-s9040,अपहरण की सूचना मिलते ही पुलिस ने नाकेबंदी कर वाहनों की जांच पड़ताल शुरू कर दी ।,अपहरण की सूचना मिलते ही पुलिस ने नाकेबंदी कर वाहनों की जांच पड़ताल शुरू कर दी।
train,train-s9045,धार्मिक आधार पर आरक्षण की मांग के विरोध में विहिप ने कहा कि इससे अलगाववाद को बढ़ावा मिलेगा ।,धार्मिक आधार पर आरक्षण की मांग के विरोध में विहिप ने कहा कि इससे अलगाववाद को बढ़ावा मिलेगा।
train,train-s9049,विश्व हिंदू परिषद के दो दिवसीय कार्यक्रम के समापन के मौके पर रविवार को एक प्रस्ताव पारित कर धार्मिक आधार पर आरक्षण की मांग पर कड़ा विरोध जताया गया ।,विश्व हिंदू परिषद के दो दिवसीय कार्यक्रम के समापन के मौके पर रविवार को एक प्रस्ताव पारित कर धार्मिक आधार पर आरक्षण की मांग पर कड़ा विरोध जताया गया।
train,train-s9056,एयरपोर्ट अधिकारियों के अनुसार विमान (सीडी - ७१३०) ने नागपुर से उड़ान भरी थी ।,एयरपोर्ट अधिकारियों के अनुसार विमान (सीडी-७१३०) ने नागपुर से उड़ान भरी थी।
train,train-s9061,इसके बाद भी जब विपक्ष का हंगामा नहीं रुका तो सदन की कार्यवाही से इनेलो के आठ सदस्यों को निलंबित कर दिया गया और इसके बाद मार्शलों ने पकड़कर विपक्षी सदस्यों को सदन से बाहर निकाला ।,इसके बाद भी जब विपक्ष का हंगामा नहीं रुका तो सदन की कार्यवाही से इनेलो के आठ सदस्यों को निलंबित कर दिया गया और इसके बाद मार्शलों ने पकड़कर विपक्षी सदस्यों को सदन से बाहर निकाला।
train,train-s9067,"इस दौरान दर्शक दीर्घा में प्रदेश कांग्रेस के कार्यकारी अध्यक्ष डॉ. रामप्रकाश, इनेलो के प्रदेश अध्यक्ष अशोक अरोड़ा और पूर्व मंत्री संपत सिंह भी बैठे थे ।","इस दौरान दर्शक दीर्घा में प्रदेश कांग्रेस के कार्यकारी अध्यक्ष डॉ. रामप्रकाश, इनेलो के प्रदेश अध्यक्ष अशोक अरोड़ा और पूर्व मंत्री संपत सिंह भी बैठे थे।"
train,train-s9070,इसके बाद भी विपक्षी सदस्यों के नहीं मानने पर फिर सदन की कार्यवाही २० मिनट के लिए स्थगित करनी पड़ी ।,इसके बाद भी विपक्षी सदस्यों के नहीं मानने पर फिर सदन की कार्यवाही २० मिनट के लिए स्थगित करनी पड़ी।
train,train-s9072,"इस पर अध्यक्ष ने कहा कि मंत्री दागी नहीं हैं और मुख्यमंत्री ने भी खड़े होकर विपक्ष को समझाने की कोशिश की, लेकिन विपक्षी सदस्य नारे लगाते रहे ।","इस पर अध्यक्ष ने कहा कि मंत्री दागी नहीं हैं और मुख्यमंत्री ने भी खड़े होकर विपक्ष को समझाने की कोशिश की, लेकिन विपक्षी सदस्य नारे लगाते रहे।"
train,train-s9074,इस पर भी जब विपक्षी सदस्यों ने नारेबाजी जारी रखी तो मार्शलों ने विपक्षी सदस्यों को पकड़कर बाहर निकाला ।,इस पर भी जब विपक्षी सदस्यों ने नारेबाजी जारी रखी तो मार्शलों ने विपक्षी सदस्यों को पकड़कर बाहर निकाला।
train,train-s9075,गांव खांडाखेड़ी के समीप शुक्रवार को एक जीप के सड़क किनारे खड़े ट्रक से टकरा जाने से उसमें सवार तीन महिलाओं सहित चार लोगों की मौत हो गई ।,गांव खांडाखेड़ी के समीप शुक्रवार को एक जीप के सड़क किनारे खड़े ट्रक से टकरा जाने से उसमें सवार तीन महिलाओं सहित चार लोगों की मौत हो गई।
train,train-s9082,प्राप्त जानकारी के अनुसार शुक्रवार सुबह गांव खांडाखेड़ी से एक ही परिवार के १९ लोग जीप से गांव रामराय में पूर्णिमा के मौके पर पवित्र जोहड़ में स्नान करने जा रहे थे ।,प्राप्त जानकारी के अनुसार शुक्रवार सुबह गांव खांडाखेड़ी से एक ही परिवार के १९ लोग जीप से गांव रामराय में पूर्णिमा के मौके पर पवित्र जोहड़ में स्नान करने जा रहे थे।
train,train-s9083,जीप गांव खांडाखेड़ी से थोड़ी दूर पहुंची थी कि सामने से आ रहे एक ट्रक से बचने के प्रयास में जीप चालक संतुलन खो बैठा ।,जीप गांव खांडाखेड़ी से थोड़ी दूर पहुंची थी कि सामने से आ रहे एक ट्रक से बचने के प्रयास में जीप चालक संतुलन खो बैठा।
train,train-s9084,इसके कारण सड़क के किनारे खड़े ट्रक से जीप टकरा गई ।,इसके कारण सड़क के किनारे खड़े ट्रक से जीप टकरा गई।
train,train-s9094,इस घटना की खबर सुनकर सैकड़ों की संख्या में ग्रामीण सामान्य अस्पताल में जमा हो गए ।,इस घटना की खबर सुनकर सैकड़ों की संख्या में ग्रामीण सामान्य अस्पताल में जमा हो गए।
train,train-s9095,जैसे ही यह खबर गांव खांडाखेड़ी में पहुंची तो सारे गांव में मातम छा गया ।,जैसे ही यह खबर गांव खांडाखेड़ी में पहुंची तो सारे गांव में मातम छा गया।
train,train-s9096,जीप गांव खाड़ाखेड़ी निवासी तोताराम चला रहा था ।,जीप गांव खाड़ाखेड़ी निवासी तोताराम चला रहा था।
train,train-s9098,आईएलओ का कहना है कि जहां विश्व के अधिकांश विकासशील देशों में प्रति व्यक्ति आय में कमी हो रही है व आर्थिक विकास दर में उतार - चढ़ाव देखा जा रहा है वहीं भारत एक उदाहरण के रूप में सामने आया है ।,आईएलओ का कहना है कि जहां विश्व के अधिकांश विकासशील देशों में प्रति व्यक्ति आय में कमी हो रही है व आर्थिक विकास दर में उतार-चढ़ाव देखा जा रहा है वहीं भारत एक उदाहरण के रूप में सामने आया है।
train,train-s9102,पूर्व प्रधानमंत्री राजीव गांधी के जन्म दिवस को केन्द्रीय गैर - परम्परागत ऊर्जा स्रोत मंत्रालय शनिवार को 'राजीव गांधी अक्षय ऊर्जा दिवस' के रूप में मना रहा है ।,पूर्व प्रधानमंत्री राजीव गांधी के जन्म दिवस को केन्द्रीय गैर-परम्परागत ऊर्जा स्रोत मंत्रालय शनिवार को 'राजीव गांधी अक्षय ऊर्जा दिवस' के रूप में मना रहा है।
train,train-s9110,केयोदे ने कहा कि मंत्री भारतीय महिलाओं को छुड़ाकर सुरक्षित स्थान पर ले गए ।,केयोदे ने कहा कि मंत्री भारतीय महिलाओं को छुड़ाकर सुरक्षित स्थान पर ले गए।
train,train-s9118,कांग्रेस अब अपने ६८ विधायकों के अलावा 'आरपीआई ए' के एक और तीन निर्दलियों के समर्थन का दावा कर सकती है ।,कांग्रेस अब अपने ६८ विधायकों के अलावा 'आरपीआई ए' के एक और तीन निर्दलियों के समर्थन का दावा कर सकती है।
train,train-s9122,"उन्होंने कहा कि कांग्रेस से उनकी पार्टी की चुनाव पूर्व बातचीत हुई थी, लेकिन जब हमारी सीटों की मांग खारिज कर दी गई तो हम गठबंधन से अलग हो गए और अपने बूते चुनाव लड़ा ।","उन्होंने कहा कि कांग्रेस से उनकी पार्टी की चुनाव पूर्व बातचीत हुई थी, लेकिन जब हमारी सीटों की मांग खारिज कर दी गई तो हम गठबंधन से अलग हो गए और अपने बूते चुनाव लड़ा।"
train,train-s9126,"और, ७२ विधायकों वाली एनसीपी के मुकाबले खुद को बड़ा दावेदार साबित किया था ।","और, ७२ विधायकों वाली एनसीपी के मुकाबले खुद को बड़ा दावेदार साबित किया था।"
train,train-s9134,जाहिरा ने कोर्ट को बताया कि उसने अपने भाई नफीतुल्ला के साथ बैंक ऑफ बड़ौदा की शाखा जाकर अपने खाते में ३५ हजार रुपये जमा किए थे ।,जाहिरा ने कोर्ट को बताया कि उसने अपने भाई नफीतुल्ला के साथ बैंक ऑफ बड़ौदा की शाखा जाकर अपने खाते में ३५ हजार रुपये जमा किए थे।
train,train-s9142,देश के दो पूर्वी राज्यों में प्राथमिक शिक्षा की बदहाली की जमकर खिंचाई करने के बाद नोबल पुरस्कार विजेता प्रो. अमत्र्य सेन ने जन - स्वास्थ्य क्षेत्र के नकारेपन को लेकर भी राज्य सरकारों की जमकर बखिया उधेड़ी है ।,देश के दो पूर्वी राज्यों में प्राथमिक शिक्षा की बदहाली की जमकर खिंचाई करने के बाद नोबल पुरस्कार विजेता प्रो. अमत्र्य सेन ने जन-स्वास्थ्य क्षेत्र के नकारेपन को लेकर भी राज्य सरकारों की जमकर बखिया उधेड़ी है।
train,train-s9147,रिपोर्ट में कहा गया है कि कर्ज के बोझ में दबे ग्रामीणों के अपने इलाज के लिए बची - खुची संपत्ति भी बेचनी पड़ जाती है ।,रिपोर्ट में कहा गया है कि कर्ज के बोझ में दबे ग्रामीणों के अपने इलाज के लिए बची-खुची संपत्ति भी बेचनी पड़ जाती है।
train,train-s9156,पूछने पर कुछ ग्रामीणों ने तो यहां तक कहा कि जनस्वास्थ्य केंद्र और ब्लॉकों के कर्मचारी मरीजों को मुफ्त में बांटने के लिए आईं दवाओं को बेचकर पैसे खड़े कर लेते हैं ।,पूछने पर कुछ ग्रामीणों ने तो यहां तक कहा कि जनस्वास्थ्य केंद्र और ब्लॉकों के कर्मचारी मरीजों को मुफ्त में बांटने के लिए आईं दवाओं को बेचकर पैसे खड़े कर लेते हैं।
train,train-s9166,छेड़छाड़ करने वालों के विरुद्ध चार टीमें गठित की गई है ।,छेड़छाड़ करने वालों के विरुद्ध चार टीमें गठित की गई है।
train,train-s9171,दलित एक्ट के दुरुपयोग रोकने की दिशा में एसएसपी ने कहा कि जांच पड़ताल के पश्चात ही मामला दर्ज करें ।,दलित एक्ट के दुरुपयोग रोकने की दिशा में एसएसपी ने कहा कि जांच पड़ताल के पश्चात ही मामला दर्ज करें।
train,train-s9173,मुख्यमंत्री की मंशा के अनुरूप एसएसपी ने छेड़छाड़ के विरुद्ध चार टीमें गठित की ।,मुख्यमंत्री की मंशा के अनुरूप एसएसपी ने छेड़छाड़ के विरुद्ध चार टीमें गठित की।
train,train-s9174,रविवार को कार्यवाहक सीओ सिटी और सीओ सदर पंकज पाण्डेय के नेतृत्व में शहर में छेड़छाड़ करने वालों के विरुद्ध अभियान चलाया गया ।,रविवार को कार्यवाहक सीओ सिटी और सीओ सदर पंकज पाण्डेय के नेतृत्व में शहर में छेड़छाड़ करने वालों के विरुद्ध अभियान चलाया गया।
train,train-s9175,पुलिस ने इस दौरान बिना नंबर के चार वाहनों को भी पकड़ा ।,पुलिस ने इस दौरान बिना नंबर के चार वाहनों को भी पकड़ा।
train,train-s9176,चालान कर उन्हें छोड़ दिया गया ।,चालान कर उन्हें छोड़ दिया गया।
train,train-s9179,सिंह ने कहा कि दिल्ली हमारा पड़ोसी राज्य है और एक अच्छे पड़ोसी होने के नाते हमें राजधानी को पानी देना चाहिए ।,सिंह ने कहा कि दिल्ली हमारा पड़ोसी राज्य है और एक अच्छे पड़ोसी होने के नाते हमें राजधानी को पानी देना चाहिए।
train,train-s9190,अधिकारियों के मुताबिक बृहस्पतिवार को दक्षिण दिल्ली के गढ़ी से पकड़े गए प्रकाश बहल के द्वारा दी गई जानकारी के आधार पर कुछ और गिरफ्तारियां हो सकती हैं ।,अधिकारियों के मुताबिक बृहस्पतिवार को दक्षिण दिल्ली के गढ़ी से पकड़े गए प्रकाश बहल के द्वारा दी गई जानकारी के आधार पर कुछ और गिरफ्तारियां हो सकती हैं।
train,train-s9191,इस मामले में अमेरिकन ड्रग एनफोर्समेंट एजेंसी (डीईए) के सहयोग से विश्व भर में मारे गए छापों में २० लोग पकड़े गए हैं ।,इस मामले में अमेरिकन ड्रग एनफोर्समेंट एजेंसी (डीईए) के सहयोग से विश्व भर में मारे गए छापों में २० लोग पकड़े गए हैं।
train,train-s9197,"एनसीपी सूत्रों के मुताबिक रैकेट का भंडाफोड़ होने के बाद स्कैल्टन यूरोप फरार हो गया है, जहां उसकी तलाश की जा रही है ।","एनसीपी सूत्रों के मुताबिक रैकेट का भंडाफोड़ होने के बाद स्कैल्टन यूरोप फरार हो गया है, जहां उसकी तलाश की जा रही है।"
train,train-s9201,डीईए का 'ऑपरेशन साइबर चेज' क्राइम ड्रग इन्फोर्समेंट टास्क फोर्स (ओसीडीईटीएफ) के एक साल तक चली लंबी जांच का नतीजा है ।,डीईए का 'ऑपरेशन साइबर चेज' क्राइम ड्रग इन्फोर्समेंट टास्क फोर्स (ओसीडीईटीएफ) के एक साल तक चली लंबी जांच का नतीजा है।
train,train-s9210,सदन में विपक्ष के नेता आडवाणी ने बुधवार को केंद्र को आड़े हाथ लेते हुए कहा कि उनके पास इस बात की पुख्ता जानकारी है कि लोकसभा अनिश्चित काल तक स्थगित कर सरकार 'सोनिया बचाओ' अध्यादेश लाने जा रही है ।,सदन में विपक्ष के नेता आडवाणी ने बुधवार को केंद्र को आड़े हाथ लेते हुए कहा कि उनके पास इस बात की पुख्ता जानकारी है कि लोकसभा अनिश्चित काल तक स्थगित कर सरकार 'सोनिया बचाओ' अध्यादेश लाने जा रही है।
train,train-s9223,उन्होंने कहा कि बूटा ने राबड़ी देवी को सरकार बनाने के लिए नहीं बुलाया इससे इस तथ्य की पुष्टि होती है ।,उन्होंने कहा कि बूटा ने राबड़ी देवी को सरकार बनाने के लिए नहीं बुलाया इससे इस तथ्य की पुष्टि होती है।
train,train-s9224,"न्यायाधीश वाई. के. सबरवाल, के. जी. बालकृष्णन, बी. एन. अग्रवाल, अशोक भान और अरिजीत पसायत की पांच सदस्यीय खंडपीठ के समक्ष वाहनवटी ने कहा कि सिंह ने राजनीतिक दलों को सरकार बनाने की अनुमति देकर भ्रष्टाचार को बढ़ावा दिया है ।","न्यायाधीश वाई. के. सबरवाल, के. जी. बालकृष्णन, बी. एन. अग्रवाल, अशोक भान और अरिजीत पसायत की पांच सदस्यीय खंडपीठ के समक्ष वाहनवटी ने कहा कि सिंह ने राजनीतिक दलों को सरकार बनाने की अनुमति देकर भ्रष्टाचार को बढ़ावा दिया है।"
train,train-s9227,वाहनवटी ने खंडपीठ के समक्ष कहा कि बूटा सिंह ने बार - बार यह बात दोहराई है कि राजनीतिक व्यवस्था को तोड़मरोड़ कर हासिल बहुमत पर आधारित सरकार के गठन की अनुमति देने के बजाय उन्होंने उचित समय पर लोगों को एक और अवसर देने का फैसला किया ।,वाहनवटी ने खंडपीठ के समक्ष कहा कि बूटा सिंह ने बार-बार यह बात दोहराई है कि राजनीतिक व्यवस्था को तोड़मरोड़ कर हासिल बहुमत पर आधारित सरकार के गठन की अनुमति देने के बजाय उन्होंने उचित समय पर लोगों को एक और अवसर देने का फैसला किया।
train,train-s9242,सूत्रों के अनुसार उकलाना के बुढ़ाखेड़ा निवासी भाल सिंह बिशनोई पड़ोस में लुहार जाति से संबंध रखने वाली लड़की नारो से प्यार करने लगा व युवती भी उससे प्रेम करने लगी थी ।,सूत्रों के अनुसार उकलाना के बुढ़ाखेड़ा निवासी भाल सिंह बिशनोई पड़ोस में लुहार जाति से संबंध रखने वाली लड़की नारो से प्यार करने लगा व युवती भी उससे प्रेम करने लगी थी।
train,train-s9245,"लड़की के परिजनों ने इस बारे में हिसार के पुलिस महानिरीक्षक तथा पुलिस अधीक्षक से मुलाकात कर आरोपी युवक के खिलाफ कार्रवाई करने की मांग की थी, परंतु दोनों ने अदालत में विवाह रचा लिया था ।","लड़की के परिजनों ने इस बारे में हिसार के पुलिस महानिरीक्षक तथा पुलिस अधीक्षक से मुलाकात कर आरोपी युवक के खिलाफ कार्रवाई करने की मांग की थी, परंतु दोनों ने अदालत में विवाह रचा लिया था।"
train,train-s9246,प्रेमी - युगल विवाह होने के बाद वापस बुढ़ाखेड़ा लौट गए थे ।,प्रेमी-युगल विवाह होने के बाद वापस बुढ़ाखेड़ा लौट गए थे।
train,train-s9249,इसके बाद लड़की के परिजनों ने नारो को हिसार के समीपवर्ती गांव बहबलपुर में अपने रिश्तेदारों के यहां भेज दिया था ।,इसके बाद लड़की के परिजनों ने नारो को हिसार के समीपवर्ती गांव बहबलपुर में अपने रिश्तेदारों के यहां भेज दिया था।
train,train-s9250,नारो पिछले डेढ़ महीने से इसी गांव में रह रही थी ।,नारो पिछले डेढ़ महीने से इसी गांव में रह रही थी।
train,train-s9260,उनकी इस हरकत से पार्टी की साख पर असर पड़ा है ।,उनकी इस हरकत से पार्टी की साख पर असर पड़ा है।
train,train-s9266,चुनाव की इस आंधी में लालू प्रसाद यादव की पार्टी राजद को धूल चाटनी पड़ी ।,चुनाव की इस आंधी में लालू प्रसाद यादव की पार्टी राजद को धूल चाटनी पड़ी।
train,train-s9274,पूर्ण बहुमत के लिए १२२ सीटों की जरूरत पड़ती है ।,पूर्ण बहुमत के लिए १२२ सीटों की जरूरत पड़ती है।
train,train-s9287,मार्च में हुए चुनाव में राजद सबसे बड़े दल के रूप में उभरा था ।,मार्च में हुए चुनाव में राजद सबसे बड़े दल के रूप में उभरा था।
train,train-s9288,लोजपा में दरार पड़ने और उसका एक गुट सरकार बनाने के प्रयास में राजग में शामिल हो गया था ।,लोजपा में दरार पड़ने और उसका एक गुट सरकार बनाने के प्रयास में राजग में शामिल हो गया था।
train,train-s9296,लालू की पत्नी और पूर्व मुख्यमंत्री राबड़ी देवी हालांकि राघोपुर से चुनाव जीत गई हैं लेकिन कहलगांव से ७ बार चुनाव जीतने वाले बिहार प्रदेश कांग्रेस कमेटी के अध्यक्ष सदानंद सिंह इस बार पराजित हो गए ।,लालू की पत्नी और पूर्व मुख्यमंत्री राबड़ी देवी हालांकि राघोपुर से चुनाव जीत गई हैं लेकिन कहलगांव से ७ बार चुनाव जीतने वाले बिहार प्रदेश कांग्रेस कमेटी के अध्यक्ष सदानंद सिंह इस बार पराजित हो गए।
train,train-s9298,"इसी तरह राबड़ी देवी मंत्रिमंडल में रहे रामलखन राम (खजौली), श्रीनारायण यादव (बलिया), उपेंद्र प्रसाद वर्मा (जमालपुर), रमा देवी (मोतीहारी), विश्व मोहन शर्मा (चनपटिया), मोहम्मद जावेद (ठाकुरगंज) और चौधरी महबूब अली कैसर (सिमरी बख्तियारपुर) पराजित हो गए हैं ।","इसी तरह राबड़ी देवी मंत्रिमंडल में रहे रामलखन राम (खजौली), श्रीनारायण यादव (बलिया), उपेंद्र प्रसाद वर्मा (जमालपुर), रमा देवी (मोतीहारी), विश्व मोहन शर्मा (चनपटिया), मोहम्मद जावेद (ठाकुरगंज) और चौधरी महबूब अली कैसर (सिमरी बख्तियारपुर) पराजित हो गए हैं।"
train,train-s9299,"प्रमुख रूप से जीतने वालों में प्रदेश राजद अध्यक्ष अब्दुल बारी सिद्दीकी (बहेड़ा), लोजपा महासचिव और पासवान के भाई पशुपति कुमार पारस (अलौली), भाजपा के वरिष्ठ नेता अश्विनी चौबे (भागलपुर) और प्रदेश सपा अध्यक्ष देवनाथ यादव (फूलपरास) हैं ।","प्रमुख रूप से जीतने वालों में प्रदेश राजद अध्यक्ष अब्दुल बारी सिद्दीकी (बहेड़ा), लोजपा महासचिव और पासवान के भाई पशुपति कुमार पारस (अलौली), भाजपा के वरिष्ठ नेता अश्विनी चौबे (भागलपुर) और प्रदेश सपा अध्यक्ष देवनाथ यादव (फूलपरास) हैं।"
train,train-s9303,आधुनिक उपकरणों के लिए करीब ५०० करोड़ रूपए की दरकार है ।,आधुनिक उपकरणों के लिए करीब ५०० करोड़ रूपए की दरकार है।
train,train-s9307,"लिहाजा, विभाग जल्द ही योजना आयोग से पांच सौ करोड़ रूपये आवंटित करने की मांग करेगा ।","लिहाजा, विभाग जल्द ही योजना आयोग से पांच सौ करोड़ रूपये आवंटित करने की मांग करेगा।"
train,train-s9310,सिब्बल ने कहा कि विज्ञान आम आदमी की जरूरत से जुड़ना चाहिए ।,सिब्बल ने कहा कि विज्ञान आम आदमी की जरूरत से जुड़ना चाहिए।
train,train-s9319,इसके लिए केंद्र सरकार इस साल के अंत तक 'एनर्जी एफीशेंसी बिल्डिंग कोड' लागू करने जा रही है ।,इसके लिए केंद्र सरकार इस साल के अंत तक 'एनर्जी एफीशेंसी बिल्डिंग कोड' लागू करने जा रही है।
train,train-s9321,विद्युत मंत्रालय के उपक्रम 'ब्यूरो ऑफ एनर्जी एफीशेंसी' को यह काम सौंपा गया है ।,विद्युत मंत्रालय के उपक्रम 'ब्यूरो ऑफ एनर्जी एफीशेंसी' को यह काम सौंपा गया है।
train,train-s9324,इस 'एनर्जी इफीसेंसी बिल्डिंग कोड' के तहत बड़ी कमर्शियल इमारतों को बिजली ऑडिट कराना होगा ।,इस 'एनर्जी इफीसेंसी बिल्डिंग कोड' के तहत बड़ी कमर्शियल इमारतों को बिजली ऑडिट कराना होगा।
train,train-s9329,उन्होंने कहा कि इस साल दिसंबर तक 'एनर्जी इफीशंसी बिल्डिंग कोड' लागू कर दिया जाएगा ।,उन्होंने कहा कि इस साल दिसंबर तक 'एनर्जी इफीशंसी बिल्डिंग कोड' लागू कर दिया जाएगा।
train,train-s9334,इससे उनकी सालाना करीब ९८९ करोड़ रुपये की बचत हो रही है ।,इससे उनकी सालाना करीब ९८९ करोड़ रुपये की बचत हो रही है।
train,train-s9335,इनमें एक और चीज है जो सभी को जोड़ती है ।,इनमें एक और चीज है जो सभी को जोड़ती है।
train,train-s9337,"राहुल द्रविड़, वीरेंद्र सहवाग, सौरव गांगुली और वीवीएस लक्ष्मण की पत्नियां इस समय उनके साथ हैं ।","राहुल द्रविड़, वीरेंद्र सहवाग, सौरव गांगुली और वीवीएस लक्ष्मण की पत्नियां इस समय उनके साथ हैं।"
train,train-s9342,बताना जरूरी है कि भारतीय खिलाड़ियों की पत्नियों के लिए ड्रेसिंगरूम के आसपास बैठने की व्यवस्था नहीं की गई है ।,बताना जरूरी है कि भारतीय खिलाड़ियों की पत्नियों के लिए ड्रेसिंगरूम के आसपास बैठने की व्यवस्था नहीं की गई है।
train,train-s9343,बल्कि उन्हें अलग बॉक्स में बैठना पड़ता है ।,बल्कि उन्हें अलग बॉक्स में बैठना पड़ता है।
train,train-s9364,महानगर के भीड़भाड़ वाले इलाके टोपसिया स्थित एक चमड़ा फैक्टरी में बुधवार सुबह आग लग जाने से ९ लोगों की मौत हो गई और १८ गंभीर रूप से घायल हो गए ।,महानगर के भीड़भाड़ वाले इलाके टोपसिया स्थित एक चमड़ा फैक्टरी में बुधवार सुबह आग लग जाने से ९ लोगों की मौत हो गई और १८ गंभीर रूप से घायल हो गए।
train,train-s9366,उस समय पीड़ित फैक्टरी के अंदर थे ।,उस समय पीड़ित फैक्टरी के अंदर थे।
train,train-s9375,सूत्रों ने बताया कि इस घटना के शिकार बने अधिकांश लोग चमड़ा फैक्टरी परिसर में सोए हुए थे ।,सूत्रों ने बताया कि इस घटना के शिकार बने अधिकांश लोग चमड़ा फैक्टरी परिसर में सोए हुए थे।
train,train-s9377,पार्टी में उन्हें वापस लेने की उपयोगिता पर बहस छिड़ गई है ।,पार्टी में उन्हें वापस लेने की उपयोगिता पर बहस छिड़ गई है।
train,train-s9380,पार्टी अध्यक्ष लाल कृष्ण आडवाणी द्वारा अपनी घर वापसी के संकेत मिलते ही उमा भारती की मुखरता बढ़ गई ।,पार्टी अध्यक्ष लाल कृष्ण आडवाणी द्वारा अपनी घर वापसी के संकेत मिलते ही उमा भारती की मुखरता बढ़ गई।
train,train-s9381,अपनी वापसी को उन्होंने तकनीकी मामला बताया और उसे राजनीति शुद्धता से जोड़ दिया ।,अपनी वापसी को उन्होंने तकनीकी मामला बताया और उसे राजनीति शुद्धता से जोड़ दिया।
train,train-s9389,साध्वी के इस बयान से पार्टी में हलचल बढ़ गई है ।,साध्वी के इस बयान से पार्टी में हलचल बढ़ गई है।
train,train-s9391,उल्लेखनीय है कि हुबली मामले में गिरफ्तारी का वारंट जारी होने पर उमा भारती को मुख्यमंत्री पद से इस्तीफा देना पड़ा था और जब पार्टी ने मुख्यमंत्री पद के लिए उन्हें शिवराज सिंह चौहान और बाबूलाल गौर में से किसी एक को चुनने के लिए कहा था तो उन्होंने गौर के नाम पर मुहर लगा दी थी ।,उल्लेखनीय है कि हुबली मामले में गिरफ्तारी का वारंट जारी होने पर उमा भारती को मुख्यमंत्री पद से इस्तीफा देना पड़ा था और जब पार्टी ने मुख्यमंत्री पद के लिए उन्हें शिवराज सिंह चौहान और बाबूलाल गौर में से किसी एक को चुनने के लिए कहा था तो उन्होंने गौर के नाम पर मुहर लगा दी थी।
train,train-s9392,पिछले दो दिनों से मनाली और सोलंगनाला सहित समूची ऊझी घाटी में हो रही भारी बर्फबारी के चलते राष्ट्रीय स्की ढलान में बड़ी संख्या में स्की प्रेमी अपनी स्की सहित उतर चुके हैं ।,पिछले दो दिनों से मनाली और सोलंगनाला सहित समूची ऊझी घाटी में हो रही भारी बर्फबारी के चलते राष्ट्रीय स्की ढलान में बड़ी संख्या में स्की प्रेमी अपनी स्की सहित उतर चुके हैं।
train,train-s9393,लगभग डेढ़ दशक के बाद इस वर्ष सोलंगनाला के स्की ढलान में इन दिनों लगभग पांच फुट बर्फबारी होने के कारण स्की प्रेमियों के चेहरे खिले हुए हैं ।,लगभग डेढ़ दशक के बाद इस वर्ष सोलंगनाला के स्की ढलान में इन दिनों लगभग पांच फुट बर्फबारी होने के कारण स्की प्रेमियों के चेहरे खिले हुए हैं।
train,train-s9401,उन्होंने स्वयंनिर्मित लकड़ी की स्की बनाकर इसी स्की ढलान पर स्कीइंग करना सीखा था ।,उन्होंने स्वयंनिर्मित लकड़ी की स्की बनाकर इसी स्की ढलान पर स्कीइंग करना सीखा था।
train,train-s9404,उन्होंने कहा कि पर्वतारोहण एवं खेल निदेशालय के उदासीन रवैये के कारण आज अन्य युवा खिलाड़ियों को उनकी प्रतिभा दिखाने का मौका नहीं मिल रहा है ।,उन्होंने कहा कि पर्वतारोहण एवं खेल निदेशालय के उदासीन रवैये के कारण आज अन्य युवा खिलाड़ियों को उनकी प्रतिभा दिखाने का मौका नहीं मिल रहा है।
train,train-s9406,"इससे जहां स्थानीय खिलाड़ियों को अपनी प्रतिभा दिखाने का मौका मिलेगा, वहीं देश के अन्य राज्यों से आए प्रतिभावान खिलाड़ियों से कुछ सीखने का भी मौका मिलेगा ।","इससे जहां स्थानीय खिलाड़ियों को अपनी प्रतिभा दिखाने का मौका मिलेगा, वहीं देश के अन्य राज्यों से आए प्रतिभावान खिलाड़ियों से कुछ सीखने का भी मौका मिलेगा।"
train,train-s9407,उन्होंने बताया कि इस बार समय पर बर्फबारी होने के कारण मंगलवार को भारी बर्फबारी के बीच भी सैकड़ों स्की प्रेमी सोलंग नाला ढलान पर स्कीइंग का आनंद लेते रहे ।,उन्होंने बताया कि इस बार समय पर बर्फबारी होने के कारण मंगलवार को भारी बर्फबारी के बीच भी सैकड़ों स्की प्रेमी सोलंग नाला ढलान पर स्कीइंग का आनंद लेते रहे।
train,train-s9408,परशुराम पुरस्कार विजेता उमा ठाकुर ने बताया कि स्थानीय लड़कियां भी अब इस खेल को बड़ी उत्सुकता से खेलती हैं ।,परशुराम पुरस्कार विजेता उमा ठाकुर ने बताया कि स्थानीय लड़कियां भी अब इस खेल को बड़ी उत्सुकता से खेलती हैं।
train,train-s9409,प्रदेश और राष्ट्रीय खेलों में यहां की लड़कियों ने अच्छा नाम कमाया है ।,प्रदेश और राष्ट्रीय खेलों में यहां की लड़कियों ने अच्छा नाम कमाया है।
train,train-s9410,उमा ठाकुर ने कहा कि सरकार को शीतकालीन खेलों को बढ़ावा देना चाहिए ।,उमा ठाकुर ने कहा कि सरकार को शीतकालीन खेलों को बढ़ावा देना चाहिए।
train,train-s9411,"उन्होंने कहा कि पश्चिमी हिमालय पर्वतारोहण एवं खेल निदेशालय, मनाली हर वर्ष करोड़ों रुपये का मुनाफा कमा रहा है ।","उन्होंने कहा कि पश्चिमी हिमालय पर्वतारोहण एवं खेल निदेशालय, मनाली हर वर्ष करोड़ों रुपये का मुनाफा कमा रहा है।"
train,train-s9418,उन्होंने बताया कि लगभग डेढ़ दशक के बाद दिसंबर माह में हुई बर्फबारी के कारण विंटर कार्निवल के समय शीतकालीन खेलों का आयोजन नहीं किया जा सकता ।,उन्होंने बताया कि लगभग डेढ़ दशक के बाद दिसंबर माह में हुई बर्फबारी के कारण विंटर कार्निवल के समय शीतकालीन खेलों का आयोजन नहीं किया जा सकता।
train,train-s9425,उन्होंने रेखा को भरोसा दिलाया है कि दुख की इस घड़ी में वह उनके परिवार के साथ हैं ।,उन्होंने रेखा को भरोसा दिलाया है कि दुख की इस घड़ी में वह उनके परिवार के साथ हैं।
train,train-s9438,कंडोम अब बहुउपयोगी और बड़े काम की चीज बन गया है ।,कंडोम अब बहुउपयोगी और बड़े काम की चीज बन गया है।
train,train-s9439,दुनिया में अपनी चमक बिखेरने वाली बनारसी साड़ी की खूबसूरती में इसका बड़ा योगदान है ।,दुनिया में अपनी चमक बिखेरने वाली बनारसी साड़ी की खूबसूरती में इसका बड़ा योगदान है।
train,train-s9440,कंडोम 'लेटेक्स' का बना होता है ।,कंडोम 'लेटेक्स' का बना होता है।
train,train-s9443,रिपोर्ट के मुताबिक हर साल अरबों की संख्या में लागत से कम और मुफ्त उपलब्ध कराए जाने वाले इन कंडोम का दुरुपयोग बहुत तेजी से बढ़ रहा है ।,रिपोर्ट के मुताबिक हर साल अरबों की संख्या में लागत से कम और मुफ्त उपलब्ध कराए जाने वाले इन कंडोम का दुरुपयोग बहुत तेजी से बढ़ रहा है।
train,train-s9444,उन्होंने बताया कि यह देखकर बड़ा ताज्जुब हुआ कि ग्रामीण अंचलों में तो लोग शौच के लिए कंडोम में पानी भर कर ले जाते हैं ।,उन्होंने बताया कि यह देखकर बड़ा ताज्जुब हुआ कि ग्रामीण अंचलों में तो लोग शौच के लिए कंडोम में पानी भर कर ले जाते हैं।
train,train-s9447,"इसका उपयोग अन्य ऐसे कार्यो में धड़ल्ले से किया जाने लगा है, जिसके बारे में शायद आम आदमी सोच भी नही सकता ।","इसका उपयोग अन्य ऐसे कार्यो में धड़ल्ले से किया जाने लगा है, जिसके बारे में शायद आम आदमी सोच भी नही सकता।"
train,train-s9448,उन्होनें बताया कि ल्युब्रीकेंट युक्त लेटेक्स रबर से बने इन कंडोम का उपयोग सड़कों को चिकना करने के लिए भी किया जाने लगा है ।,उन्होनें बताया कि ल्युब्रीकेंट युक्त लेटेक्स रबर से बने इन कंडोम का उपयोग सड़कों को चिकना करने के लिए भी किया जाने लगा है।
train,train-s9450,जिसके उपयोग से सड़क की ऊपरी सतह काफी चिकनी हो जाती है ।,जिसके उपयोग से सड़क की ऊपरी सतह काफी चिकनी हो जाती है।
train,train-s9453,विश्व स्वास्थ्य संगठन की हाल में प्रकाशित एक रिपोर्ट का उल्लेख करते हुए प्रो. रमाकांत ने बताया कि कंडोम के सही उपयोग न होने के कारण ही भारत में सरकार के लाख प्रयास के बावजूद एच. आई. वी. संक्रमण से ग्रसित लोगों की संख्या लगातार बढ़ती ही जा रही है ।,विश्व स्वास्थ्य संगठन की हाल में प्रकाशित एक रिपोर्ट का उल्लेख करते हुए प्रो. रमाकांत ने बताया कि कंडोम के सही उपयोग न होने के कारण ही भारत में सरकार के लाख प्रयास के बावजूद एच. आई. वी. संक्रमण से ग्रसित लोगों की संख्या लगातार बढ़ती ही जा रही है।
train,train-s9454,जबकि मुफ्त बांटे जाने वाले कंडोम की लागत पर ही सरकार की करोड़ों की धनराशि हर साल खर्च होती है ।,जबकि मुफ्त बांटे जाने वाले कंडोम की लागत पर ही सरकार की करोड़ों की धनराशि हर साल खर्च होती है।
train,train-s9460,उनका कहना था कि इसमें भारत को कई जगह अपने हितों से पीछे हटना पड़ा है ।,उनका कहना था कि इसमें भारत को कई जगह अपने हितों से पीछे हटना पड़ा है।
train,train-s9461,उन्होंने अमेरिकी कांग्रेस में हुई चर्चा के दौरान सांसद टॉम लेंटाज के उस वक्तव्य का भी हवाला दिया जिसमें कहा गया था कि अंतर्राष्ट्रीय परमाणु ऊर्जा एजेंसी में वोटिंग के सवाल पर भारत को दो - टूक शब्दों में बता दिया जाए कि वह या तो अमेरिका का साथ दे या फिर विरोधी पाले में खड़ा रहे ।,उन्होंने अमेरिकी कांग्रेस में हुई चर्चा के दौरान सांसद टॉम लेंटाज के उस वक्तव्य का भी हवाला दिया जिसमें कहा गया था कि अंतर्राष्ट्रीय परमाणु ऊर्जा एजेंसी में वोटिंग के सवाल पर भारत को दो-टूक शब्दों में बता दिया जाए कि वह या तो अमेरिका का साथ दे या फिर विरोधी पाले में खड़ा रहे।
train,train-s9463,इसके फौरन बाद माकपा की वृंदा करात खड़ी हो गई और उन्होंने सिन्हा का समर्थन करते हुए कहा कि सभी विदेश नीति के इस बदलाव को महसूस कर रहे हैं ।,इसके फौरन बाद माकपा की वृंदा करात खड़ी हो गई और उन्होंने सिन्हा का समर्थन करते हुए कहा कि सभी विदेश नीति के इस बदलाव को महसूस कर रहे हैं।
train,train-s9465,इस पर सत्ता पक्ष के सदस्य खड़े हो गए ।,इस पर सत्ता पक्ष के सदस्य खड़े हो गए।
train,train-s9473,टाडा कोर्ट ने मंगलवार को अंडरवर्ल्ड डॉन अबू सलेम का लिखित इकबालिया बयान पढ़ा ।,टाडा कोर्ट ने मंगलवार को अंडरवर्ल्ड डॉन अबू सलेम का लिखित इकबालिया बयान पढ़ा।
train,train-s9478,बत्रा ने बताया कि केस लड़ने के लिए मुझे मोनिका के चाचा पुरुषोत्तम लाल बेदी ने रखा है ।,बत्रा ने बताया कि केस लड़ने के लिए मुझे मोनिका के चाचा पुरुषोत्तम लाल बेदी ने रखा है।
train,train-s9484,मनोनीत जज पी. डी. कोडे ने इकबालिया बयान पढ़ने के बाद इसे सलेम के वकील को सौंपने से इनकार कर दिया और कहा कि अदालत इस मामले में और सलेम के वकील की मांग पर बुधवार को सुनवाई करेगी ।,मनोनीत जज पी. डी. कोडे ने इकबालिया बयान पढ़ने के बाद इसे सलेम के वकील को सौंपने से इनकार कर दिया और कहा कि अदालत इस मामले में और सलेम के वकील की मांग पर बुधवार को सुनवाई करेगी।
train,train-s9485,रिमांड की अवधि बढ़ाए जाने के लिए सलेम को बुधवार को अदालत में पेश किया जाएगा ।,रिमांड की अवधि बढ़ाए जाने के लिए सलेम को बुधवार को अदालत में पेश किया जाएगा।
train,train-s9493,आधी सीमा पर अभी बाड़ नहीं है ।,आधी सीमा पर अभी बाड़ नहीं है।
train,train-s9494,इस कार्य को डेढ़ - दो साल के अंदर पूरा किया जाएगा ।,इस कार्य को डेढ़-दो साल के अंदर पूरा किया जाएगा।
train,train-s9497,सीमा पर बीएसएफ की अतिरिक्त टुकड़ियां तैनात करने के लिए भी सरकार प्रयासरत है ।,सीमा पर बीएसएफ की अतिरिक्त टुकड़ियां तैनात करने के लिए भी सरकार प्रयासरत है।
train,train-s9498,उन्होंने विपक्ष की इस मांग को खारिज कर दिया कि अगर मुस्लिम वहां से घुसपैठ करते हैं तो उन्हें वापस भेज दिया जाए और अगर कोई पीड़ित हिन्दू घुसपैठ करता है तो उसे शरणार्थी माना जाए ।,उन्होंने विपक्ष की इस मांग को खारिज कर दिया कि अगर मुस्लिम वहां से घुसपैठ करते हैं तो उन्हें वापस भेज दिया जाए और अगर कोई पीड़ित हिन्दू घुसपैठ करता है तो उसे शरणार्थी माना जाए।
train,train-s9500,इससे पूर्व चर्चा में भाग लेते हुए कलराज मिश्र ने कहा कि घुसपैठियों की बढ़ती संख्या देश की आंतरिक सुरक्षा के लिए गंभीर खतरा बन चुकी है ।,इससे पूर्व चर्चा में भाग लेते हुए कलराज मिश्र ने कहा कि घुसपैठियों की बढ़ती संख्या देश की आंतरिक सुरक्षा के लिए गंभीर खतरा बन चुकी है।
train,train-s9502,पटना हाईकोर्ट ने सीबीआई से पूछा है कि बिहार में वर्ष १९९४ - १९९८ में किसानों के बीच वितरित की जाने वाली ५००० करोड़ की खाद के मामले में लगे अनियमितताओं के आरोपों की जांच न किए जाने की वजह क्या रही ।,पटना हाईकोर्ट ने सीबीआई से पूछा है कि बिहार में वर्ष १९९४-१९९८ में किसानों के बीच वितरित की जाने वाली ५००० करोड़ की खाद के मामले में लगे अनियमितताओं के आरोपों की जांच न किए जाने की वजह क्या रही।
train,train-s9512,भाजपा प्रवक्ता विजय कुमार मल्होत्रा ने मंगलवार को यहां कहा कि उनकी पार्टी वेतन बोर्ड की मांग को लेकर पहली मार्च को हड़ताल का आह्वान करने वाले केंद्रीय कर्मचारियों के साथ है ।,भाजपा प्रवक्ता विजय कुमार मल्होत्रा ने मंगलवार को यहां कहा कि उनकी पार्टी वेतन बोर्ड की मांग को लेकर पहली मार्च को हड़ताल का आह्वान करने वाले केंद्रीय कर्मचारियों के साथ है।
train,train-s9514,बेहतर हो कि यह घोषणा कर्मचारियों के हड़ताल पर जाने से पहले बजट सत्र के दौरान कर दी जाए ।,बेहतर हो कि यह घोषणा कर्मचारियों के हड़ताल पर जाने से पहले बजट सत्र के दौरान कर दी जाए।
train,train-s9515,मल्होत्रा ने कहा कि सत्तारूढ़ यूपीए सरकार के कार्यकाल में मंहगाई बेहद तेजी से बढ़ी है ।,मल्होत्रा ने कहा कि सत्तारूढ़ यूपीए सरकार के कार्यकाल में मंहगाई बेहद तेजी से बढ़ी है।
train,train-s9517,कांग्रेस अध्यक्ष सोनिया गांधी ने कहा कि पूर्व प्रधानमंत्री राजीव गांधी के संकल्प के चलते भारत आईटी क्षेत्र में विश्व में बड़ी ताकत बन सका है ।,कांग्रेस अध्यक्ष सोनिया गांधी ने कहा कि पूर्व प्रधानमंत्री राजीव गांधी के संकल्प के चलते भारत आईटी क्षेत्र में विश्व में बड़ी ताकत बन सका है।
train,train-s9520,यहां से पांच किलोमीटर दूर डोनापाउला में ४०० करोड़ रुपये की लागत से आईटी हैबिटैट की स्थापना की जा रही है ।,यहां से पांच किलोमीटर दूर डोनापाउला में ४०० करोड़ रुपये की लागत से आईटी हैबिटैट की स्थापना की जा रही है।
train,train-s9532,आडवाणी कुछ मिनट के लिए एक पेड़ के पास ठहरे ।,आडवाणी कुछ मिनट के लिए एक पेड़ के पास ठहरे।
train,train-s9533,दो सप्ताह पहले शताब्दी पुराने मंदिर में हुए विस्फोट में यह पेड़ जल गया था ।,दो सप्ताह पहले शताब्दी पुराने मंदिर में हुए विस्फोट में यह पेड़ जल गया था।
train,train-s9534,इस मौके पर स्थानीय नेताओं और पुलिस कर्मियों ने आतंकी हमले से जुड़े विभिन्न मुद्दों पर आडवाणी को जानकारी दी ।,इस मौके पर स्थानीय नेताओं और पुलिस कर्मियों ने आतंकी हमले से जुड़े विभिन्न मुद्दों पर आडवाणी को जानकारी दी।
train,train-s9537,इसी के साथ सभी सिनेमा हॉलों की सुरक्षा भी बढ़ा दी गई है ।,इसी के साथ सभी सिनेमा हॉलों की सुरक्षा भी बढ़ा दी गई है।
train,train-s9541,दिल्ली गेट स्थित 'डिलाइट' सिनेमा में सोमवार को पहले शो से ही अमिताभ बच्चन व अक्षय कुमार अभिनीत फिल्म 'वक्त' लगा दी गई ।,दिल्ली गेट स्थित 'डिलाइट' सिनेमा में सोमवार को पहले शो से ही अमिताभ बच्चन व अक्षय कुमार अभिनीत फिल्म 'वक्त' लगा दी गई।
train,train-s9544,मुंबई में कुछ सिनेमा हॉल छोड़कर शेष से यह फिल्म हटा ली गई है ।,मुंबई में कुछ सिनेमा हॉल छोड़कर शेष से यह फिल्म हटा ली गई है।
train,train-s9550,"दक्षिण मुंबई के नागपाड़ा इलाके में चार मंजिला इमारत के ढहने से ११ लोगों की मौत हो गई, जबकि २४ अन्य घायल हो गए ।","दक्षिण मुंबई के नागपाड़ा इलाके में चार मंजिला इमारत के ढहने से ११ लोगों की मौत हो गई, जबकि २४ अन्य घायल हो गए।"
train,train-s9553,अग्निशमन विभाग से जुड़े सूत्रों के मुताबिक 'सादाफ' नामक इस इमारत के मलबे से अब तक ३५ लोगों को निकाला जा चुका है ।,अग्निशमन विभाग से जुड़े सूत्रों के मुताबिक 'सादाफ' नामक इस इमारत के मलबे से अब तक ३५ लोगों को निकाला जा चुका है।
train,train-s9561,देश में नाबालिग लड़कियों और महिलाओं की तस्करी में आ रही तेजी पर गंभीर चिंता जताते हुए सुप्रीम कोर्ट ने सबसे अधिक प्रभावित सात राज्यों से पूछा है कि वे इस समस्या से निपटने के लिए क्या कर रहे हैं ।,देश में नाबालिग लड़कियों और महिलाओं की तस्करी में आ रही तेजी पर गंभीर चिंता जताते हुए सुप्रीम कोर्ट ने सबसे अधिक प्रभावित सात राज्यों से पूछा है कि वे इस समस्या से निपटने के लिए क्या कर रहे हैं।
train,train-s9562,"स्वयंसेवी संगठन 'शक्ति वाहिनी' की ओर से दायर याचिका पर सुनवाई करते हुए जस्टिस के. जी. बालाकृष्णन, जस्टिस तरुण चटर्जी और जस्टिस डी. के. जैन की खंडपीठ ने इन राज्यों से कहा है कि वे राष्ट्रीय मानवाधिकार आयोग और राष्ट्रीय महिला आयोग द्वारा महिलाओं और लड़कियों की तस्करी पर तैयार रिपोर्ट पर जवाब दें ।","स्वयंसेवी संगठन 'शक्ति वाहिनी' की ओर से दायर याचिका पर सुनवाई करते हुए जस्टिस के. जी. बालाकृष्णन, जस्टिस तरुण चटर्जी और जस्टिस डी. के. जैन की खंडपीठ ने इन राज्यों से कहा है कि वे राष्ट्रीय मानवाधिकार आयोग और राष्ट्रीय महिला आयोग द्वारा महिलाओं और लड़कियों की तस्करी पर तैयार रिपोर्ट पर जवाब दें।"
train,train-s9563,"मानवाधिकार आयोग और महिला आयोग की रिपोर्टों के अनुसार पश्चिम बंगाल, बिहार, उत्तर प्रदेश, गोवा, महाराष्ट्र, कर्नाटक और तमिलनाडु में महिलाओं और लड़कियों की तस्करी की घटनाएं काफी अधिक हो रही हैं ।","मानवाधिकार आयोग और महिला आयोग की रिपोर्टों के अनुसार पश्चिम बंगाल, बिहार, उत्तर प्रदेश, गोवा, महाराष्ट्र, कर्नाटक और तमिलनाडु में महिलाओं और लड़कियों की तस्करी की घटनाएं काफी अधिक हो रही हैं।"
train,train-s9567,वहीं भाजपा अध्यक्ष ने यहां संसदीय दल की साप्ताहिक बैठक को संबोधित करते हुए अफसोस जताया कि भाजपा की ओर से सत्तारूढ़ गठबंधन को ब्लैंक चैक देने के बावजूद दुर्भाग्यवश वह अंदरूनी कलह की वजह से चालू सत्र में विधेयक पेश नहीं कर सका ।,वहीं भाजपा अध्यक्ष ने यहां संसदीय दल की साप्ताहिक बैठक को संबोधित करते हुए अफसोस जताया कि भाजपा की ओर से सत्तारूढ़ गठबंधन को ब्लैंक चैक देने के बावजूद दुर्भाग्यवश वह अंदरूनी कलह की वजह से चालू सत्र में विधेयक पेश नहीं कर सका।
train,train-s9577,बिहार चुनाव में करारी शिकस्त खा चुके राष्ट्रीय जनता दल के देवेंद्र प्रसाद सिंह यादव को छोड़कर बाकी सभी सदस्य सदन से नदारद थे ।,बिहार चुनाव में करारी शिकस्त खा चुके राष्ट्रीय जनता दल के देवेंद्र प्रसाद सिंह यादव को छोड़कर बाकी सभी सदस्य सदन से नदारद थे।
train,train-s9583,"दिवंगत सांसद प्रकाश बापू वी. पाटिल समेत ११ पूर्व सदस्यों - प्रो. मधु दंडवते, एच. के. एल. भगत, एस. अहमद मेंहदी, टी. तीर्थगिरि गोंडर, महेंद्र बैठा, आर. एन. त्रिपाठी, धुलेश्वर मीणा, राजो सिंह, के. वी. सुरेंद्र नाथ, बी. के. गढ़वी, स्वामी प्रसाद सिंह के निधन पर भी शोक जताया गया ।","दिवंगत सांसद प्रकाश बापू वी. पाटिल समेत ११ पूर्व सदस्यों-प्रो. मधु दंडवते, एच. के. एल. भगत, एस. अहमद मेंहदी, टी. तीर्थगिरि गोंडर, महेंद्र बैठा, आर. एन. त्रिपाठी, धुलेश्वर मीणा, राजो सिंह, के. वी. सुरेंद्र नाथ, बी. के. गढ़वी, स्वामी प्रसाद सिंह के निधन पर भी शोक जताया गया।"
train,train-s9597,गौरतलब है कि इस महीने के शुरू में छत्तीसगढ़ के कई कांग्रेसी विधायकों ने जोगी को छत्तीसगढ़ के प्रतिनिधि के रूप में केंद्रीय केबिनेट में शामिल किए जाने की मांग की थी ।,गौरतलब है कि इस महीने के शुरू में छत्तीसगढ़ के कई कांग्रेसी विधायकों ने जोगी को छत्तीसगढ़ के प्रतिनिधि के रूप में केंद्रीय केबिनेट में शामिल किए जाने की मांग की थी।
train,train-s9601,वाम दलों ने कहा कि भारतीय हवाई अड्डा प्राधिकरण (एएआई) लगातार लाभ कमा रहा है और इसका सुरक्षित कोष २३०० करोड़ रुपये है ।,वाम दलों ने कहा कि भारतीय हवाई अड्डा प्राधिकरण (एएआई) लगातार लाभ कमा रहा है और इसका सुरक्षित कोष २३०० करोड़ रुपये है।
train,train-s9608,बिहार में पूर्व मध्य रेलवे के गया - कोडरमा सेक्शन पर बृहस्पतिवार सुबह नक्सलियों ने गुरुपा स्टेशन के निकट रेल लाइन को विस्फोट से उड़ा दिया ।,बिहार में पूर्व मध्य रेलवे के गया-कोडरमा सेक्शन पर बृहस्पतिवार सुबह नक्सलियों ने गुरुपा स्टेशन के निकट रेल लाइन को विस्फोट से उड़ा दिया।
train,train-s9611,रेल विभाग के सूत्रों ने बताया कि हथियारों से लैस भाकपा (माओवादी) के उग्रवादियों ने डायनामाइट लगाकर रेल लाइन को उड़ा दिया ।,रेल विभाग के सूत्रों ने बताया कि हथियारों से लैस भाकपा (माओवादी) के उग्रवादियों ने डायनामाइट लगाकर रेल लाइन को उड़ा दिया।
train,train-s9612,इस घटना के कारण नई दिल्ली - हावड़ा व नई दिल्ली - सियालदह राजधानी एक्सप्रेस सहित कई ट्रेनों को तीन घंटे तक गया स्टेशन पर रोकना पड़ा ।,इस घटना के कारण नई दिल्ली-हावड़ा व नई दिल्ली-सियालदह राजधानी एक्सप्रेस सहित कई ट्रेनों को तीन घंटे तक गया स्टेशन पर रोकना पड़ा।
train,train-s9613,बाद में अप लाइन से गाड़ियों को आगे रवाना किया गया ।,बाद में अप लाइन से गाड़ियों को आगे रवाना किया गया।
train,train-s9615,वारदात में शामिल नक्सलियों को पकड़ने के लिए आस - पास के इलाकों में छापे मारे जा रहे हैं ।,वारदात में शामिल नक्सलियों को पकड़ने के लिए आस-पास के इलाकों में छापे मारे जा रहे हैं।
train,train-s9623,अब भी दोनों पक्षों के बीच लड़ाई जारी है ।,अब भी दोनों पक्षों के बीच लड़ाई जारी है।
train,train-s9634,एमबीबीएस में आयुर्वेद पढ़ाए जाने की घोषणा पर केंद्रीय स्वास्थ्य मंत्री डॉ. ए. रामदास चार दिन भी कायम नहीं रह पाए ।,एमबीबीएस में आयुर्वेद पढ़ाए जाने की घोषणा पर केंद्रीय स्वास्थ्य मंत्री डॉ. ए. रामदास चार दिन भी कायम नहीं रह पाए।
train,train-s9652,एक प्रश्न के उत्तर में स्वास्थ्य मंत्री ने कहा कि सरकार आयुर्वेद को बढ़ावा देने के लिए कृतसंकल्प है ।,एक प्रश्न के उत्तर में स्वास्थ्य मंत्री ने कहा कि सरकार आयुर्वेद को बढ़ावा देने के लिए कृतसंकल्प है।
train,train-s9654,इससे आयुर्वेद के फार्मूलों पर नए सिरे से शोध होगा तथा उनकी गुणवत्ता बढ़ाई जाएगी ।,इससे आयुर्वेद के फार्मूलों पर नए सिरे से शोध होगा तथा उनकी गुणवत्ता बढ़ाई जाएगी।
train,train-s9658,फ्रांस में सिख छात्रों को पगड़ी बांधने पर लगाई गई पाबंदी के मुद्दे पर शिरोमणि गुरूद्वारा प्रबंधक कमेटी (एसजीपीसी) ने केंद्र सरकार से हस्तक्षेप की मांग की है ।,फ्रांस में सिख छात्रों को पगड़ी बांधने पर लगाई गई पाबंदी के मुद्दे पर शिरोमणि गुरूद्वारा प्रबंधक कमेटी (एसजीपीसी) ने केंद्र सरकार से हस्तक्षेप की मांग की है।
train,train-s9664,ज्ञापन में सरकार से फ्रांस में सिख छात्रों को पगड़ी बांधने पर पाबंदी के अलावा पाकिस्तान यात्रा पर जाने वाले सिख श्रद्धालुओं की संख्या में इजाफा व बांग्लादेश में स्थित गुरूद्वारों की मरम्मत आदि करने की इजाज़त के लिए बांग्लादेश की सरकार से बातचीत करने की भी मांग की गई है ।,ज्ञापन में सरकार से फ्रांस में सिख छात्रों को पगड़ी बांधने पर पाबंदी के अलावा पाकिस्तान यात्रा पर जाने वाले सिख श्रद्धालुओं की संख्या में इजाफा व बांग्लादेश में स्थित गुरूद्वारों की मरम्मत आदि करने की इजाज़त के लिए बांग्लादेश की सरकार से बातचीत करने की भी मांग की गई है।
train,train-s9665,विदेश मंत्री से मुलाकात के बाद बीबी जागीर कौर ने कहा कि सिख धर्म में पगड़ी का अपना महत्व है ।,विदेश मंत्री से मुलाकात के बाद बीबी जागीर कौर ने कहा कि सिख धर्म में पगड़ी का अपना महत्व है।
train,train-s9673,सेमिनार शनिवार को 'लॉ दिवस' के अवसर पर आयोजित किया गया ।,सेमिनार शनिवार को 'लॉ दिवस' के अवसर पर आयोजित किया गया।
train,train-s9763,हजरत निजामुद्दीन से मुंबई के बीच चलने वाली अगस्त क्रांति राजधानी एक्सप्रेस के इंजन का कपलिंग असावटी स्टेशन के पास ट्रैक पर तेजी से दौड़ते समय निकल गया ।,हजरत निजामुद्दीन से मुंबई के बीच चलने वाली अगस्त क्रांति राजधानी एक्सप्रेस के इंजन का कपलिंग असावटी स्टेशन के पास ट्रैक पर तेजी से दौड़ते समय निकल गया।
train,train-s9773,इस बीच बोगियों को इंजन से जोड़ने वाले कपलिंग निकल गए और इंजन धड़धड़ाता हुआ आगे निकल गया ।,इस बीच बोगियों को इंजन से जोड़ने वाले कपलिंग निकल गए और इंजन धड़धड़ाता हुआ आगे निकल गया।
train,train-s9774,गाड़ी का इंजन करीब तीन किलोमीटर दूर तक बगैर बोगियों के दौड़ता चला गया ।,गाड़ी का इंजन करीब तीन किलोमीटर दूर तक बगैर बोगियों के दौड़ता चला गया।
train,train-s9778,पलवल स्टेशन पर यह गाड़ी करीब साढ़े सात बजे पहुंची ।,पलवल स्टेशन पर यह गाड़ी करीब साढ़े सात बजे पहुंची।
train,train-s9780,गाड़ी को यहां से रात आठ बज कर १८ मिनट पर रवाना कर दिया गया ।,गाड़ी को यहां से रात आठ बज कर १८ मिनट पर रवाना कर दिया गया।
train,train-s9781,राजधानी में इतनी बड़ी गड़बड़ी से दिल्ली स्थित रेल भवन भी हिल गया ।,राजधानी में इतनी बड़ी गड़बड़ी से दिल्ली स्थित रेल भवन भी हिल गया।
train,train-s9784,"रेलवे प्रवक्ता देवेंद्र संधू ने बताया कि रेलवे में इस तरह की घटना भले ही छोटी हो, मगर इतने बड़े तंत्र में ऐसी घटना को पूरी गंभीरता से लिया जाता है ।","रेलवे प्रवक्ता देवेंद्र संधू ने बताया कि रेलवे में इस तरह की घटना भले ही छोटी हो, मगर इतने बड़े तंत्र में ऐसी घटना को पूरी गंभीरता से लिया जाता है।"
train,train-s9787,जम्मू - कश्मीर के अलगाववादी नेता सैयद अली शाह गिलानी ने बुधवार को साफ - साफ कहा कि उदारवादी मीरवायज उमर फारूक वाले धड़े के साथ उनके गुट के विलय का कोई सवाल ही नहीं पैदा होता ।,जम्मू-कश्मीर के अलगाववादी नेता सैयद अली शाह गिलानी ने बुधवार को साफ-साफ कहा कि उदारवादी मीरवायज उमर फारूक वाले धड़े के साथ उनके गुट के विलय का कोई सवाल ही नहीं पैदा होता।
train,train-s9790,इसलिए उस धड़े में उनके विलय का सवाल ही नहीं है जिसने हुर्रियत के संविधान का उल्लंघन किया है ।,इसलिए उस धड़े में उनके विलय का सवाल ही नहीं है जिसने हुर्रियत के संविधान का उल्लंघन किया है।
train,train-s9792,"जिन लोगों ने कश्मीर मसले में धोखाधड़ी की है, उनकी इस हुर्रियत में कोई जगह नहीं है और उन्होंने कश्मीरी अवाम का प्रतिनिधि होने का हक खो दिया है ।","जिन लोगों ने कश्मीर मसले में धोखाधड़ी की है, उनकी इस हुर्रियत में कोई जगह नहीं है और उन्होंने कश्मीरी अवाम का प्रतिनिधि होने का हक खो दिया है।"
train,train-s9798,सरकार को थोड़ा लचीला रुख अपनाते हुए इसे कश्मीरी अवाम पर छोड़ देना चाहिए कि वे क्या चाहते हैं ।,सरकार को थोड़ा लचीला रुख अपनाते हुए इसे कश्मीरी अवाम पर छोड़ देना चाहिए कि वे क्या चाहते हैं।
train,train-s9804,विश्व से लुप्त हो रही गिद्ध प्रजाति के पक्षी को बचाए रखने के लिए हिमाचल के नालागढ़ में प्रजनन केंद्र का निर्माण किया जाएगा ।,विश्व से लुप्त हो रही गिद्ध प्रजाति के पक्षी को बचाए रखने के लिए हिमाचल के नालागढ़ में प्रजनन केंद्र का निर्माण किया जाएगा।
train,train-s9807,"कुछ समय पहले तक प्रजनन केंद्र बनाने के स्थान को लेकर काफी चर्चा की जा रही थी, जिसमें सिरमौर, बैजनाथ व नालागढ़ को लेकर कयास लगाए जा रहे थे ।","कुछ समय पहले तक प्रजनन केंद्र बनाने के स्थान को लेकर काफी चर्चा की जा रही थी, जिसमें सिरमौर, बैजनाथ व नालागढ़ को लेकर कयास लगाए जा रहे थे।"
train,train-s9808,"सूत्रों के अनुसार, बीएनएचएस की टीम ने दौरा कर गिद्ध प्रजनन केंद्र के लिए नालागढ़ को फाइनल कर दिया है ।","सूत्रों के अनुसार, बीएनएचएस की टीम ने दौरा कर गिद्ध प्रजनन केंद्र के लिए नालागढ़ को फाइनल कर दिया है।"
train,train-s9811,जिस पर हाल ही में विंग के केंद्रीय वन्य प्राणी प्राधिकरण से नालागढ़ में गिद्ध प्रजनन केंद्र बनाए जाने की मंजूरी मिल गई है ।,जिस पर हाल ही में विंग के केंद्रीय वन्य प्राणी प्राधिकरण से नालागढ़ में गिद्ध प्रजनन केंद्र बनाए जाने की मंजूरी मिल गई है।
train,train-s9814,"जिसमें टीम ने विंग के प्रस्तावित तीन स्थानों का दौरा किया था, जिसमें सिरमौर, बैजनाथ व नालागढ़ शामिल हैं ।","जिसमें टीम ने विंग के प्रस्तावित तीन स्थानों का दौरा किया था, जिसमें सिरमौर, बैजनाथ व नालागढ़ शामिल हैं।"
train,train-s9815,दौरे के लगभग दो महीने के बाद केंद्रीय वन्य प्राधिकरण की टीम ने नालागढ़ में इस प्रजनन केंद्र को बनाने की मंजूरी दे दी है ।,दौरे के लगभग दो महीने के बाद केंद्रीय वन्य प्राधिकरण की टीम ने नालागढ़ में इस प्रजनन केंद्र को बनाने की मंजूरी दे दी है।
train,train-s9845,शिया उलमा की बात क्या करोड़ों सुन्नी मानेंगे?,शिया उलमा की बात क्या करोड़ों सुन्नी मानेंगे?
train,train-s9847,मेरठ के गुड़िया - आरिफ प्रकरण को सुलझाने के बजाय बोर्ड ने उसे मीडिया का खिलौना बनाया ।,मेरठ के गुड़िया-आरिफ प्रकरण को सुलझाने के बजाय बोर्ड ने उसे मीडिया का खिलौना बनाया।
train,train-s9859,"दिल्ली पुलिस की वार्षिक समीक्षा, २००५ के मुताबिक अवैध आग्नेय शस्त्रों की उपलब्धता व उनका इस्तेमाल साल दर साल बढ़ रहा है ।","दिल्ली पुलिस की वार्षिक समीक्षा, २००५ के मुताबिक अवैध आग्नेय शस्त्रों की उपलब्धता व उनका इस्तेमाल साल दर साल बढ़ रहा है।"
train,train-s9865,"नेशनल इंस्टीट्यूट ऑफ क्रिमिनालॉजी एंड फोरेंसिक साइंसेज की मनोवैज्ञानिक डॉ. शुभ्रा सान्याल का कहना है कि वैसे मामलों की संख्या तेजी से बढ़ रही है, जिनमें हमले के लिए अवैध हथियारों का इस्तेमाल किया गया ।","नेशनल इंस्टीट्यूट ऑफ क्रिमिनालॉजी एंड फोरेंसिक साइंसेज की मनोवैज्ञानिक डॉ. शुभ्रा सान्याल का कहना है कि वैसे मामलों की संख्या तेजी से बढ़ रही है, जिनमें हमले के लिए अवैध हथियारों का इस्तेमाल किया गया।"
train,train-s9873,अमीरों की दुनिया में अनिवासी भारतीय उद्योगपति लक्ष्मी मित्तल का कद और बढ़ गया है ।,अमीरों की दुनिया में अनिवासी भारतीय उद्योगपति लक्ष्मी मित्तल का कद और बढ़ गया है।
train,train-s9885,"अनिवासी भारतीय लॉर्ड स्वराज पॉल ४६.५ करोड़ पौंड की संपत्ति के साथ ब्रिटेन के अमीरों में १४५वें स्थान पर हैं, जबकि ब्रिटेन की महारानी एलेज़ाबेथ द्वितीय को इस सूची में १९२ स्थान पर रखा गया है ।","अनिवासी भारतीय लॉर्ड स्वराज पॉल ४६.५ करोड़ पौंड की संपत्ति के साथ ब्रिटेन के अमीरों में १४५वें स्थान पर हैं, जबकि ब्रिटेन की महारानी एलेज़ाबेथ द्वितीय को इस सूची में १९२ स्थान पर रखा गया है।"
train,train-s9886,"ब्रिटेन के अमीरों की सूची में अन्य अनिवासी भारतीयों में अनुराग दीक्षित (इंटरनेट गैंबलिंग, १.७ अरब पौंड), अनिल अग्रवाल (खनन, १.६८ अरब पौंड), जटानिया बंधु (सौंदर्य प्रसाधन, ८५ करोड़ पौंड), नरेश गोयल (एयरलाइंस, ७८ करोड़ पौंड), विक्रांत भार्गव (इंटरनेट गैंबलिंग, ५९०२ करोड़ पौंड), गुलु ललवानी (उपभोक्ता इलेक्ट्रॅनिक्स, ४५ करोड़ पौंड), भिखु एवं विजय पटेल (फार्मास्युटिकल्स, ४४.४ करोड़ पौंड), लॉर्ड बागरी एवं परिवार (६ करोड़ पौंड), सुखपाल सिंह अहलुवालिया (१० करोड़ पौंड) और सर गुलाम नून (६.५ करोड़ पौंड) शामिल हैं ।","ब्रिटेन के अमीरों की सूची में अन्य अनिवासी भारतीयों में अनुराग दीक्षित (इंटरनेट गैंबलिंग, १.७ अरब पौंड), अनिल अग्रवाल (खनन, १.६८ अरब पौंड), जटानिया बंधु (सौंदर्य प्रसाधन, ८५ करोड़ पौंड), नरेश गोयल (एयरलाइंस, ७८ करोड़ पौंड), विक्रांत भार्गव (इंटरनेट गैंबलिंग, ५९०२ करोड़ पौंड), गुलु ललवानी (उपभोक्ता इलेक्ट्रॅनिक्स, ४५ करोड़ पौंड), भिखु एवं विजय पटेल (फार्मास्युटिकल्स, ४४.४ करोड़ पौंड), लॉर्ड बागरी एवं परिवार (६ करोड़ पौंड), सुखपाल सिंह अहलुवालिया (१० करोड़ पौंड) और सर गुलाम नून (६.५ करोड़ पौंड) शामिल हैं।"
train,train-s9888,"यह है पाकिस्तान मूल का नासर अहमद, जो १५.१ करोड़ पौंड की संपत्ति के साथ इस सूची में ३७६वें स्थान पर है ।","यह है पाकिस्तान मूल का नासर अहमद, जो १५.१ करोड़ पौंड की संपत्ति के साथ इस सूची में ३७६वें स्थान पर है।"
train,train-s9889,पिछले साल ही एक अदालती मामले में खुलासा हुआ था कि अहमद ने कंप्यूटर चिप की जालसाजी से चार सालों में १५.६ करोड़ पौंड कमाए ।,पिछले साल ही एक अदालती मामले में खुलासा हुआ था कि अहमद ने कंप्यूटर चिप की जालसाजी से चार सालों में १५.६ करोड़ पौंड कमाए।
train,train-s9895,इनमें पेट्रोलियम और प्राकृतिक गैस नियामक बिल को मंत्रियों के समूह (जीओएम) के पास भेजने तथा गोधरा में साबरमती एक्सप्रेस अग्निकांड मामले की जांच कर रही उच्च स्तरीय समिति के कार्यकाल को तीन माह बढ़ाने जैसे निर्णय शामिल हैं ।,इनमें पेट्रोलियम और प्राकृतिक गैस नियामक बिल को मंत्रियों के समूह (जीओएम) के पास भेजने तथा गोधरा में साबरमती एक्सप्रेस अग्निकांड मामले की जांच कर रही उच्च स्तरीय समिति के कार्यकाल को तीन माह बढ़ाने जैसे निर्णय शामिल हैं।
train,train-s9899,आर्थिक मामले से संबंधित मंत्रिमंडलीय समिति की बैठक के बाद पेट्रोलियम मंत्री मणिशंकर अय्यर ने संवाददाताओं को संबोधित करते हुए कहा कि सरकार ने एलपीजी सिलेंडर की कीमत में ५ रुपये की मासिक बढ़त को वापस लेने का फैसला किया है ।,आर्थिक मामले से संबंधित मंत्रिमंडलीय समिति की बैठक के बाद पेट्रोलियम मंत्री मणिशंकर अय्यर ने संवाददाताओं को संबोधित करते हुए कहा कि सरकार ने एलपीजी सिलेंडर की कीमत में ५ रुपये की मासिक बढ़त को वापस लेने का फैसला किया है।
train,train-s9901,"यह पूछे जाने पर कि एलपीजी सिलेंडर की कीमत में ५ रुपये की मासिक बढ़त को वापस क्यों लिया गया, अय्यर ने कुछ भी बताने से इनकार कर दिया ।","यह पूछे जाने पर कि एलपीजी सिलेंडर की कीमत में ५ रुपये की मासिक बढ़त को वापस क्यों लिया गया, अय्यर ने कुछ भी बताने से इनकार कर दिया।"
train,train-s9909,सरकार ने गोधरा ट्रेन कांड की जांच कर रही उच्च स्तरीय समिति के कार्यकाल को तीन माह बढ़ाने का फैसला किया है ।,सरकार ने गोधरा ट्रेन कांड की जांच कर रही उच्च स्तरीय समिति के कार्यकाल को तीन माह बढ़ाने का फैसला किया है।
train,train-s9910,बैठक में प्रधानमंत्री मनमोहन सिंह ने जांच पैनल का कार्यकाल ४ दिसंबर २००४ से आगे बढ़ाने के प्रस्ताव को मंजूरी दे दी ।,बैठक में प्रधानमंत्री मनमोहन सिंह ने जांच पैनल का कार्यकाल ४ दिसंबर २००४ से आगे बढ़ाने के प्रस्ताव को मंजूरी दे दी।
train,train-s9935,उमा ने १० नवंबर को पार्टी की बैठक में किए गए 'व्यवहार' की पुनरावृत्ति न करने का आश्वासन दिया है ।,उमा ने १० नवंबर को पार्टी की बैठक में किए गए 'व्यवहार' की पुनरावृत्ति न करने का आश्वासन दिया है।
train,train-s9949,"उमा ने वेंकैया नायडू, प्रमोद महाजन, अरुण जेटली और मुख्तार अब्बास नकवी जैसे दूसरी पीढ़ी के नेताओं के खिलाफ आरोपों की झड़ी लगा दी थी ।","उमा ने वेंकैया नायडू, प्रमोद महाजन, अरुण जेटली और मुख्तार अब्बास नकवी जैसे दूसरी पीढ़ी के नेताओं के खिलाफ आरोपों की झड़ी लगा दी थी।"
train,train-s9952,उमा भारती की घर वापसी से बिहार के नेताओं में उत्साह की लहर दौड़ गई ।,उमा भारती की घर वापसी से बिहार के नेताओं में उत्साह की लहर दौड़ गई।
train,train-s9954,उमा भारती सरीखा तेजतर्रार वक्ता ही लालू से होड़ ले सकता है ।,उमा भारती सरीखा तेजतर्रार वक्ता ही लालू से होड़ ले सकता है।
train,train-s9980,पिछले सप्ताह से उसे 'मिस्टर बिग' का नाम दिया जा रहा है ।,पिछले सप्ताह से उसे 'मिस्टर बिग' का नाम दिया जा रहा है।
train,train-s9983,"रविवार को 'दी मेल' ने एफबीआई के हवाले से लिखा कि 7 जुलाई को लंदन में हुए धमाकों के पीछे असवत का ही हाथ है, लेकिन उच्च पदस्थ ब्रिटिश सुरक्षा सूत्रों ने हमले में असवत के शामिल होने की बात से इनकार किया है ।","रविवार को 'दी मेल' ने एफबीआई के हवाले से लिखा कि 7 जुलाई को लंदन में हुए धमाकों के पीछे असवत का ही हाथ है, लेकिन उच्च पदस्थ ब्रिटिश सुरक्षा सूत्रों ने हमले में असवत के शामिल होने की बात से इनकार किया है।"
train,train-s10007,बैठक में हिस्सा लेने वाले एक कश्मीरी नेता ने 'अमर उजाला' से कहा कि पीडीपी व नेशनल कांफ्रेंस की मांग लगभग एक जैसी थी ।,बैठक में हिस्सा लेने वाले एक कश्मीरी नेता ने 'अमर उजाला' से कहा कि पीडीपी व नेशनल कांफ्रेंस की मांग लगभग एक जैसी थी।
train,train-s10019,खुद मनमोहन सिंह के शब्दों में 'हम सब के सोचने का तरीका एक जैसा नहीं है ।,खुद मनमोहन सिंह के शब्दों में 'हम सब के सोचने का तरीका एक जैसा नहीं है।
train,train-s10030,जम्मू - कश्मीर मुद्दे पर अपने पुराने रुख पर कायम रहते हुए भारत दो दिवसीय सचिव स्तर की वार्ता के दौरान पाकिस्तान के साथ सैनिक व असैनिक क्षेत्रों में आपसी भरोसा बढ़ाने के उपायों (सीबीएमएस) पर जोर देगा ।,जम्मू-कश्मीर मुद्दे पर अपने पुराने रुख पर कायम रहते हुए भारत दो दिवसीय सचिव स्तर की वार्ता के दौरान पाकिस्तान के साथ सैनिक व असैनिक क्षेत्रों में आपसी भरोसा बढ़ाने के उपायों (सीबीएमएस) पर जोर देगा।
train,train-s10031,भारत का मानना है कि इस से दोनों देशों के बीच बातचीत की प्रक्रिया को आगे बढ़ाने में मदद मिलेगी ।,भारत का मानना है कि इस से दोनों देशों के बीच बातचीत की प्रक्रिया को आगे बढ़ाने में मदद मिलेगी।
train,train-s10033,"सूत्रों के मुताबिक सीबीएमएस के बारे में विस्तार से नहीं बताया गया लेकिन इसके तहत जिन मुद्दों को वार्ता में शामिल किए जाने की संभावना है उनमें कराची और मुंबई में वाणिज्य दूतावास फिर से खोलना, दिल्ली व इस्लामाबाद स्थित उच्चायोगों में कर्मचारियों की संख्या बढ़ा कर ११० करना, श्रीनगर से मुजफ्फराबाद के बीच बस सेवा शुरू करना और दोनों देशों द्वारा कैदियों के आदान प्रदान के अलावा कश्मीर मुद्दा भी शामिल है ।","सूत्रों के मुताबिक सीबीएमएस के बारे में विस्तार से नहीं बताया गया लेकिन इसके तहत जिन मुद्दों को वार्ता में शामिल किए जाने की संभावना है उनमें कराची और मुंबई में वाणिज्य दूतावास फिर से खोलना, दिल्ली व इस्लामाबाद स्थित उच्चायोगों में कर्मचारियों की संख्या बढ़ा कर ११० करना, श्रीनगर से मुजफ्फराबाद के बीच बस सेवा शुरू करना और दोनों देशों द्वारा कैदियों के आदान प्रदान के अलावा कश्मीर मुद्दा भी शामिल है।"
train,train-s10036,प्रधानमंत्री मनमोहन सिंह द्वारा राष्ट्र के नाम संदेश में पड़ोसी देशों के साथ कश्मीर सहित सभी लंबित मसलों के हल के लिए बातचीत को जारी रखने की प्रतिबद्धता के बाद २७ जून से शुरू होने जा रही वार्ता को नया जोश मिला है ।,प्रधानमंत्री मनमोहन सिंह द्वारा राष्ट्र के नाम संदेश में पड़ोसी देशों के साथ कश्मीर सहित सभी लंबित मसलों के हल के लिए बातचीत को जारी रखने की प्रतिबद्धता के बाद २७ जून से शुरू होने जा रही वार्ता को नया जोश मिला है।
train,train-s10048,गृहमंत्री ने अंतर्राज्यीय उड़ानों के लिए राज्य सरकारों को अपनी विमान सेवा शुरू करने को हरी झंडी दे दी है ।,गृहमंत्री ने अंतर्राज्यीय उड़ानों के लिए राज्य सरकारों को अपनी विमान सेवा शुरू करने को हरी झंडी दे दी है।
train,train-s10052,चंडीगढ़ की सीमा पर सेटेलाइट शहर बसाने पर भी सहमति बन गई है ।,चंडीगढ़ की सीमा पर सेटेलाइट शहर बसाने पर भी सहमति बन गई है।
train,train-s10062,उन्होंने कहा कि महिलाओं व लड़कियों के खिलाफ बढ़ते अपराधों को रोकने के मुद्दे पर दिल्ली में २७ व २८ अक्तूबर को दो दिवसीय सम्मेलन हो रहा है ।,उन्होंने कहा कि महिलाओं व लड़कियों के खिलाफ बढ़ते अपराधों को रोकने के मुद्दे पर दिल्ली में २७ व २८ अक्तूबर को दो दिवसीय सम्मेलन हो रहा है।
train,train-s10063,गृह मंत्री ने बताया कि पोलनेट योजना के समूचे देश में लागू होने से सभी पुलिस थाने इंटरनेट से जुड़ जाएंगे ।,गृह मंत्री ने बताया कि पोलनेट योजना के समूचे देश में लागू होने से सभी पुलिस थाने इंटरनेट से जुड़ जाएंगे।
train,train-s10075,दोनों भाइयों को आतंकियों ने बड़ी निर्ममता के साथ मौत के घाट उतारा ।,दोनों भाइयों को आतंकियों ने बड़ी निर्ममता के साथ मौत के घाट उतारा।
train,train-s10082,घटनास्थल पर मिले खून के धब्बों से पुष्टि होती है कि आतंकियों ने सुधीर और उसके भाई संदीप को शुक्रवार की सुबह तड़के ही कत्ल किया ।,घटनास्थल पर मिले खून के धब्बों से पुष्टि होती है कि आतंकियों ने सुधीर और उसके भाई संदीप को शुक्रवार की सुबह तड़के ही कत्ल किया।
train,train-s10088,"वीरवार को आंतकियों ने फारूक अहमद और शब्बीर को छोड़ दिया, लेकिन इंजीनियर व उसके भाई को रिहा नहीं किया ।","वीरवार को आंतकियों ने फारूक अहमद और शब्बीर को छोड़ दिया, लेकिन इंजीनियर व उसके भाई को रिहा नहीं किया।"
train,train-s10091,"पुलिस, सेना और अर्द्धसैनिक बलों ने पूरे इलाके की घेराबंदी कर दोनों भाइयों की हत्या के लिए जिम्मेदार आतंकियों की धरपकड़ के लिए सघन तलाशी अभियान चलाया, लेकिन देर रात गए तक उनके हाथ कोई सुराग नहीं लगा था ।","पुलिस, सेना और अर्द्धसैनिक बलों ने पूरे इलाके की घेराबंदी कर दोनों भाइयों की हत्या के लिए जिम्मेदार आतंकियों की धरपकड़ के लिए सघन तलाशी अभियान चलाया, लेकिन देर रात गए तक उनके हाथ कोई सुराग नहीं लगा था।"
train,train-s10094,रिपोर्ट में सत्तारूढ़ राष्ट्रीय जनता दल के साथ - साथ अन्य दलों द्वारा चुनाव आचार संहिता के उल्लंघन की गंभीर घटनाओं का उल्लेख किया गया है ।,रिपोर्ट में सत्तारूढ़ राष्ट्रीय जनता दल के साथ-साथ अन्य दलों द्वारा चुनाव आचार संहिता के उल्लंघन की गंभीर घटनाओं का उल्लेख किया गया है।
train,train-s10102,दिल्ली पुलिस के विशेष आयुक्त बी. के. गुप्ता ने यहां पत्रकारों से कहा कि आतंकवादियों द्वारा लंबी दूरी के हथियारों को इस्तेमाल कर परेड में बाधा डालने की खुफिया रिपोर्ट और हाल ही में कोलकाता में बड़ी संख्या में टेलीस्कोप बरामद करने के बाद आतंकवादी प्रयासों को विफल करने के लिए सुरक्षा के विशेष उपाय किए गए हैं ।,दिल्ली पुलिस के विशेष आयुक्त बी. के. गुप्ता ने यहां पत्रकारों से कहा कि आतंकवादियों द्वारा लंबी दूरी के हथियारों को इस्तेमाल कर परेड में बाधा डालने की खुफिया रिपोर्ट और हाल ही में कोलकाता में बड़ी संख्या में टेलीस्कोप बरामद करने के बाद आतंकवादी प्रयासों को विफल करने के लिए सुरक्षा के विशेष उपाय किए गए हैं।
train,train-s10103,गुप्ता ने कहा कि हमें मिली रिपोर्ट को देखते हुए पिछले वर्ष की तुलना में सुरक्षा अधिक कड़ी कर दी है और इस बार तोड़फोड़ विरोधी उपकरण दोगुने कर दिए गए हैं ।,गुप्ता ने कहा कि हमें मिली रिपोर्ट को देखते हुए पिछले वर्ष की तुलना में सुरक्षा अधिक कड़ी कर दी है और इस बार तोड़फोड़ विरोधी उपकरण दोगुने कर दिए गए हैं।
train,train-s10111,उसने अभी तक २८.७२ लाख रुपये जब्त किए हैं और ७.४३ करोड़ रुपये की चल - अचल संपति का पता चला है ।,उसने अभी तक २८.७२ लाख रुपये जब्त किए हैं और ७.४३ करोड़ रुपये की चल-अचल संपति का पता चला है।
train,train-s10116,"इस सिलसिले में सीबीआई ने नगर निगम के उप स्वास्थ्य अधिकारी वी. के. चोपड़ा, मुख्य चिकित्सा अधिकारी वी. के. दत्ता व एम. हसन व फार्मासिस्ट एमसी शर्मा के कार्यालय व घरों पर भी तलाशी ली ।","इस सिलसिले में सीबीआई ने नगर निगम के उप स्वास्थ्य अधिकारी वी. के. चोपड़ा, मुख्य चिकित्सा अधिकारी वी. के. दत्ता व एम. हसन व फार्मासिस्ट एमसी शर्मा के कार्यालय व घरों पर भी तलाशी ली।"
train,train-s10119,चंडीगढ़ में प्रोटेक्टर ऑफ इमिग्रेंट रणवीर सिंह के घर - दफ्तर पर छापे मारे गए और उनके खिलाफ मामला दर्ज किया गया ।,चंडीगढ़ में प्रोटेक्टर ऑफ इमिग्रेंट रणवीर सिंह के घर-दफ्तर पर छापे मारे गए और उनके खिलाफ मामला दर्ज किया गया।
train,train-s10123,"सीबीआई निदेशक उमाशंकर मिश्रा के मुताबिक, छापे की कार्रवाई उन्हीं विभागों पर की गई, जिनसे आम आदमी का वास्ता पड़ता है ।","सीबीआई निदेशक उमाशंकर मिश्रा के मुताबिक, छापे की कार्रवाई उन्हीं विभागों पर की गई, जिनसे आम आदमी का वास्ता पड़ता है।"
train,train-s10125,अग्रवाल कुछ प्राइवेट कंपनियों के साथ मिलकर सरकार को १५ करोड़ रुपये का चूना लगाने के आरोपी हैं ।,अग्रवाल कुछ प्राइवेट कंपनियों के साथ मिलकर सरकार को १५ करोड़ रुपये का चूना लगाने के आरोपी हैं।
train,train-s10126,उन्होंने इस मामले में कंपनी के लोगों से एक करोड़ रुपये की रिश्वत मांगी थी ।,उन्होंने इस मामले में कंपनी के लोगों से एक करोड़ रुपये की रिश्वत मांगी थी।
train,train-s10128,मुंबई में संयुक्त आयुक्त के पद पर तैनात इस अधिकारी के पास ४.१२ करोड़ रुपये की संपत्ति पाई गई है ।,मुंबई में संयुक्त आयुक्त के पद पर तैनात इस अधिकारी के पास ४.१२ करोड़ रुपये की संपत्ति पाई गई है।
train,train-s10143,इस फैसले का उल्लंघन करने वाले पर पंचायत द्वारा पाँच हजार रुपये सामान्य श्रेणी तथा पाँच सौ रुपये पिछड़े वर्ग पर जुर्माना निर्धारित किया गया है ।,इस फैसले का उल्लंघन करने वाले पर पंचायत द्वारा पाँच हजार रुपये सामान्य श्रेणी तथा पाँच सौ रुपये पिछड़े वर्ग पर जुर्माना निर्धारित किया गया है।
train,train-s10152,उधर मामले में कादियान गोत्र के लोग लिखित में माफीनामा लेने पर अड़े हुए हैं ।,उधर मामले में कादियान गोत्र के लोग लिखित में माफीनामा लेने पर अड़े हुए हैं।
train,train-s10153,जबकि लोहान खाप के प्रधान रामदिया का कहना है कि वह लड़की के पिता पर रिश्ता वापस लेने के लिए दबाव बनाएंगे ।,जबकि लोहान खाप के प्रधान रामदिया का कहना है कि वह लड़की के पिता पर रिश्ता वापस लेने के लिए दबाव बनाएंगे।
train,train-s10155,उधर इस संबंध में गाँव की कादियान खाप के मनीराम कादियान का कहना है कि यदि लोहान खाप द्वारा की जा रही आपत्ति को सही मान लिया जाए तो किसी भी लड़के - लड़की का रिश्ता नहीं होगा ।,उधर इस संबंध में गाँव की कादियान खाप के मनीराम कादियान का कहना है कि यदि लोहान खाप द्वारा की जा रही आपत्ति को सही मान लिया जाए तो किसी भी लड़के-लड़की का रिश्ता नहीं होगा।
train,train-s10161,राज्यपाल द्वारा अयोग्य ठहराए गए बसपा के १३ बागी विधायकों के मंत्री पद से इस्तीफे नामंजूर करने के आदेश से संवैधानिक संकट खड़ा हो गया है ।,राज्यपाल द्वारा अयोग्य ठहराए गए बसपा के १३ बागी विधायकों के मंत्री पद से इस्तीफे नामंजूर करने के आदेश से संवैधानिक संकट खड़ा हो गया है।
train,train-s10165,उनका कहना है कि मुलायम सिंह को अब सत्ता छोड़कर विधानसभा भंग करने की सिफारिश खुद कर देनी चाहिए ।,उनका कहना है कि मुलायम सिंह को अब सत्ता छोड़कर विधानसभा भंग करने की सिफारिश खुद कर देनी चाहिए।
train,train-s10169,कश्मीर में कुपवाड़ा जिले के नीलिगाम हंदवाड़ा के पास आतंकवादियों ने सेना के खोजी दस्ते पर हमला कर दिया ।,कश्मीर में कुपवाड़ा जिले के नीलिगाम हंदवाड़ा के पास आतंकवादियों ने सेना के खोजी दस्ते पर हमला कर दिया।
train,train-s10170,मुठभेड़ में एक मेजर व तीन सैनिक शहीद हो गए ।,मुठभेड़ में एक मेजर व तीन सैनिक शहीद हो गए।
train,train-s10193,अगर आप इस देश की यात्रा करना चाहें या फिर दक्षिणी इराक में स्थित मुस्लिम धार्मिक स्थलों को देखना चाहें या उत्तरी इराक के कुर्द लड़ाकों से मिलना चाहें तो यह आपके लिए आसान काम नहीं है ।,अगर आप इस देश की यात्रा करना चाहें या फिर दक्षिणी इराक में स्थित मुस्लिम धार्मिक स्थलों को देखना चाहें या उत्तरी इराक के कुर्द लड़ाकों से मिलना चाहें तो यह आपके लिए आसान काम नहीं है।
train,train-s10197,पिछले कुछ दिनों से यहां इराकी लड़ाकों की मुठभेड़ अमेरिकी सैनिकों से होती रही है ।,पिछले कुछ दिनों से यहां इराकी लड़ाकों की मुठभेड़ अमेरिकी सैनिकों से होती रही है।
train,train-s10203,पिछले कुछ दिनों में दो अमेरिकियों को लड़ाकों ने बंधक बना लिया था ।,पिछले कुछ दिनों में दो अमेरिकियों को लड़ाकों ने बंधक बना लिया था।
train,train-s10205,फ्रांस ने भी अपने दो पत्रकारों और उनके सीरियन ड्राइवर की रिहाई के लिए लड़ाकों से बातचीत की है ।,फ्रांस ने भी अपने दो पत्रकारों और उनके सीरियन ड्राइवर की रिहाई के लिए लड़ाकों से बातचीत की है।
train,train-s10209,यदि आप एक जागरूक उपभोक्ता हैं और किसी कंपनी के उत्पाद या सेवा में कोई गड़बड़ी नजर आती है तो तुरंत उपभोक्ता अदालतों में जाने के बजाए पहले कंपनी से बात करें ।,यदि आप एक जागरूक उपभोक्ता हैं और किसी कंपनी के उत्पाद या सेवा में कोई गड़बड़ी नजर आती है तो तुरंत उपभोक्ता अदालतों में जाने के बजाए पहले कंपनी से बात करें।
train,train-s10212,हालत यह है कि लोगों को न्याय पाने के लिए सालों इंतजार करना पड़ रहा है ।,हालत यह है कि लोगों को न्याय पाने के लिए सालों इंतजार करना पड़ रहा है।
train,train-s10218,"केंद्रीय गृह मंत्री शिवराज पाटिल ने सोमवार को बताया कि पिछले २६ दिसंबर २००४ को आई सुनामी समेत पिछले एक साल में आई कई प्रमुख प्राकृतिक आपदाओं के नुकसान से उबरने के लिए देश को ३५,००० करोड़ रुपये की जरूरत है ।","केंद्रीय गृह मंत्री शिवराज पाटिल ने सोमवार को बताया कि पिछले २६ दिसंबर २००४ को आई सुनामी समेत पिछले एक साल में आई कई प्रमुख प्राकृतिक आपदाओं के नुकसान से उबरने के लिए देश को ३५,००० करोड़ रुपये की जरूरत है।"
train,train-s10219,पाटिल ने कहा कि पिछले एक साल में भारत में आई प्राकृतिक आपदाओं से हुई क्षति का मुकाबला करने के लिए काफी बड़ी रकम की जरूरत है ।,पाटिल ने कहा कि पिछले एक साल में भारत में आई प्राकृतिक आपदाओं से हुई क्षति का मुकाबला करने के लिए काफी बड़ी रकम की जरूरत है।
train,train-s10220,"अकेले सुनामी से हुए विनाश की भरपाई के लिए १५,००० करोड़ रुपये की दरकार है ।","अकेले सुनामी से हुए विनाश की भरपाई के लिए १५,००० करोड़ रुपये की दरकार है।"
train,train-s10221,जबकि अन्य प्राकृतिक आपदाओं से हुई क्षति की पूर्ति के लिए तकरीबन बीस हजार करोड़ रुपये की जरूरत है ।,जबकि अन्य प्राकृतिक आपदाओं से हुई क्षति की पूर्ति के लिए तकरीबन बीस हजार करोड़ रुपये की जरूरत है।
train,train-s10222,पाटिल ने इंडियन मर्चेंट्स चैम्बर (आईएमसी) और एसोचैम के आयोजित सम्मेलन 'डिजास्टर मैनेजमेंट फॉर सेफर इंडिया' में कहा कि अंतर्राष्ट्रीय वित्तीय संस्थान इस दिशा में बड़े पैमाने पर सहायता देने को तैयार हैं ।,पाटिल ने इंडियन मर्चेंट्स चैम्बर (आईएमसी) और एसोचैम के आयोजित सम्मेलन 'डिजास्टर मैनेजमेंट फॉर सेफर इंडिया' में कहा कि अंतर्राष्ट्रीय वित्तीय संस्थान इस दिशा में बड़े पैमाने पर सहायता देने को तैयार हैं।
train,train-s10224,बिहार की पूर्व मुख्यमंत्री राबड़ी देवी ने हाल ही में प्रदर्शनकारी शिक्षकों पर लाठीचार्ज की घटना के लिए नितीश कुमार की सरकार पर जमकर हमला किया ।,बिहार की पूर्व मुख्यमंत्री राबड़ी देवी ने हाल ही में प्रदर्शनकारी शिक्षकों पर लाठीचार्ज की घटना के लिए नितीश कुमार की सरकार पर जमकर हमला किया।
train,train-s10225,शहर के गांधी मैदान के नजदीक राजद द्वारा आयोजित धरने में राबड़ी ने नितीश सरकार को अपराधियों की सरकार बताते हुए लाठीचार्ज के लिए जिम्मेदार पुलिस अधिकारियों के खिलाफ कार्रवाई की मांग की ।,शहर के गांधी मैदान के नजदीक राजद द्वारा आयोजित धरने में राबड़ी ने नितीश सरकार को अपराधियों की सरकार बताते हुए लाठीचार्ज के लिए जिम्मेदार पुलिस अधिकारियों के खिलाफ कार्रवाई की मांग की।
train,train-s10226,राबड़ी ने कहा कि नितीश ने शनिवार को मुख्यमंत्री के रूप में एक महीने का कार्यकाल पूरा होने पर उपहार के रूप में निदर्ष शिक्षकों के साथ बर्बरतापूर्ण व्यवहार किया है ।,राबड़ी ने कहा कि नितीश ने शनिवार को मुख्यमंत्री के रूप में एक महीने का कार्यकाल पूरा होने पर उपहार के रूप में निदर्ष शिक्षकों के साथ बर्बरतापूर्ण व्यवहार किया है।
train,train-s10233,"राबड़ी ने कहा कि सरकार को बने एक महीना पूरा हो चुका है, लेकिन कोई परिवर्तन देखने में नहीं आ रहा है ।","राबड़ी ने कहा कि सरकार को बने एक महीना पूरा हो चुका है, लेकिन कोई परिवर्तन देखने में नहीं आ रहा है।"
train,train-s10235,नितीश कुमार और उनके मंत्रिमंडल के सदस्यों पर प्रहार करते हुए उन्होंने कहा कि वे सिर्फ बड़े वादे कर रहे हैं और राज्य में विकास योजनाओं का शिलान्यास कर रहे हैं ।,नितीश कुमार और उनके मंत्रिमंडल के सदस्यों पर प्रहार करते हुए उन्होंने कहा कि वे सिर्फ बड़े वादे कर रहे हैं और राज्य में विकास योजनाओं का शिलान्यास कर रहे हैं।
train,train-s10241,किसान नेता महेंद्र सिंह टिकैत ने सोमवार को केंद्र सरकार पर आरोप लगाया कि वह हॉंगकॉंग में हुई विश्व व्यापार संगठन (डब्ल्यूटीओ) की बैठक में भारत के ७३ करोड़ किसानों के हितों की रक्षा करने में विफल साबित हुई है ।,किसान नेता महेंद्र सिंह टिकैत ने सोमवार को केंद्र सरकार पर आरोप लगाया कि वह हॉंगकॉंग में हुई विश्व व्यापार संगठन (डब्ल्यूटीओ) की बैठक में भारत के ७३ करोड़ किसानों के हितों की रक्षा करने में विफल साबित हुई है।
train,train-s10243,भारतीय किसान आंदोलन समन्वय समिति ने कमलनाथ के चुनाव क्षेत्र छिंदवाड़ा से अभियान छेड़ने का भी ऐलान किया ।,भारतीय किसान आंदोलन समन्वय समिति ने कमलनाथ के चुनाव क्षेत्र छिंदवाड़ा से अभियान छेड़ने का भी ऐलान किया।
train,train-s10250,इससे देश के ७३ करोड़ किसानों का कोई भला नहीं होने वाला ।,इससे देश के ७३ करोड़ किसानों का कोई भला नहीं होने वाला।
train,train-s10255,इसकी शुरुआत कमलनाथ के चुनाव क्षेत्र छिंदवाड़ा से आगामी १२ जनवरी से की जाएगी ।,इसकी शुरुआत कमलनाथ के चुनाव क्षेत्र छिंदवाड़ा से आगामी १२ जनवरी से की जाएगी।
train,train-s10256,उन्होंने कहा कि डब्ल्यूटीओ की ३० अप्रैल को होने वाली बैठक से पहले किसान नेता इस मुद्दे पर दिल्ली में एक बड़ी रैली भी आयोजित करेंगे ।,उन्होंने कहा कि डब्ल्यूटीओ की ३० अप्रैल को होने वाली बैठक से पहले किसान नेता इस मुद्दे पर दिल्ली में एक बड़ी रैली भी आयोजित करेंगे।
train,train-s10257,राष्ट्रवादी कांग्रेस पार्टी के मुखिया शरद पवार ने मुंबई की उत्तर - पश्चिमी लोकसभा सीट और मालवण विधानसभा सीट के लिए कांग्रेस प्रत्याशियों को समर्थन देकर कांग्रेस आलाकमान की मुश्किलें बढ़ा दी हैं ।,राष्ट्रवादी कांग्रेस पार्टी के मुखिया शरद पवार ने मुंबई की उत्तर-पश्चिमी लोकसभा सीट और मालवण विधानसभा सीट के लिए कांग्रेस प्रत्याशियों को समर्थन देकर कांग्रेस आलाकमान की मुश्किलें बढ़ा दी हैं।
train,train-s10261,महाराष्ट्र में मुंबई की उत्तर - पश्चिम सीट से कांग्रेस प्रत्याशी प्रिया दत्त चुनाव लड़ रही हैं ।,महाराष्ट्र में मुंबई की उत्तर-पश्चिम सीट से कांग्रेस प्रत्याशी प्रिया दत्त चुनाव लड़ रही हैं।
train,train-s10263,जबकि कोंकण के शेर माने जाने वाले राज्य के राजस्व मंत्री नारायण राणे मालवण से चुनाव लड़ रहे हैं ।,जबकि कोंकण के शेर माने जाने वाले राज्य के राजस्व मंत्री नारायण राणे मालवण से चुनाव लड़ रहे हैं।
train,train-s10267,पवार और संगमा समेत कई नेताओं ने सोनिया के विदेशी मुद्दे पर कांग्रेस छोड़ी थी ।,पवार और संगमा समेत कई नेताओं ने सोनिया के विदेशी मुद्दे पर कांग्रेस छोड़ी थी।
train,train-s10268,"जब पवार ने कांग्रेस से समझौता किया, तो संगमा ने एनपीसी को छोड़कर ममता बनर्जी का हाथ थाम लिया था और सोनिया विरोध का झंडा उठाए रखा ।","जब पवार ने कांग्रेस से समझौता किया, तो संगमा ने एनपीसी को छोड़कर ममता बनर्जी का हाथ थाम लिया था और सोनिया विरोध का झंडा उठाए रखा।"
train,train-s10279,दीक्षित १९५८ में भारतीय विदेश सेवा से जुड़े थे ।,दीक्षित १९५८ में भारतीय विदेश सेवा से जुड़े थे।
train,train-s10298,मुख्यमंत्री कैप्टन अमरिंदर सिंह की धुर विरोधी और पंजाब की उप - मुख्यमंत्री राजेंद्र कौर भट्ठल के एक बार फिर दिल्ली पंहुचने से राज्य की सियासत का पारा जल्द ही फिर चढ़ने के आसार पैदा हो गए हैं ।,मुख्यमंत्री कैप्टन अमरिंदर सिंह की धुर विरोधी और पंजाब की उप-मुख्यमंत्री राजेंद्र कौर भट्ठल के एक बार फिर दिल्ली पंहुचने से राज्य की सियासत का पारा जल्द ही फिर चढ़ने के आसार पैदा हो गए हैं।
train,train-s10299,अमरिंदर सिंह खेमे द्वारा लोकसभा चुनाव में पार्टी की हार का ठीकरा उनके सिर फोड़े जाने से खफा होकर कल अपरान्ह दिल्ली पंहुची भट्ठल ने दिल्ली में बैठे केंद्रीय नेताओं के सामने अपनी सफाई देनी शुरू कर दी है ।,अमरिंदर सिंह खेमे द्वारा लोकसभा चुनाव में पार्टी की हार का ठीकरा उनके सिर फोड़े जाने से खफा होकर कल अपरान्ह दिल्ली पंहुची भट्ठल ने दिल्ली में बैठे केंद्रीय नेताओं के सामने अपनी सफाई देनी शुरू कर दी है।
train,train-s10301,भट्ठल ने हार के लिए कारण गिनाते हुए कहा कि इसके लिए मुख्यमंत्री अमरिंदर सिंह का निरंकुश शासन और उनकी एकला चलो रे की नीति ही सबसे बड़ा कारण रही ।,भट्ठल ने हार के लिए कारण गिनाते हुए कहा कि इसके लिए मुख्यमंत्री अमरिंदर सिंह का निरंकुश शासन और उनकी एकला चलो रे की नीति ही सबसे बड़ा कारण रही।
train,train-s10303,पता चला है कि भट्ठल अपने दिल्ली प्रवास के दौरान पार्टी अध्यक्ष सोनिया गांधी से मिलने की जुगत में हैं ताकि हार का ठीकरा अमरिंदर सिंह के सिर फोड़ा जा सके ।,पता चला है कि भट्ठल अपने दिल्ली प्रवास के दौरान पार्टी अध्यक्ष सोनिया गांधी से मिलने की जुगत में हैं ताकि हार का ठीकरा अमरिंदर सिंह के सिर फोड़ा जा सके।
train,train-s10306,राज्य मंत्रिमंडल में इस समय संसदीय सचिवों को छोड़कर २५ मंत्री हैं और इनकी संख्या घटाकर १७ तक लाई जानी है ।,राज्य मंत्रिमंडल में इस समय संसदीय सचिवों को छोड़कर २५ मंत्री हैं और इनकी संख्या घटाकर १७ तक लाई जानी है।
train,train-s10310,दूसरी ओर कांग्रेस हाईकमान पड़ोसी राज्यों में भारी जीत के बावजूद पंजाब में पार्टी को मिली करारी शिकस्त को पचा नहीं पा रहा है ।,दूसरी ओर कांग्रेस हाईकमान पड़ोसी राज्यों में भारी जीत के बावजूद पंजाब में पार्टी को मिली करारी शिकस्त को पचा नहीं पा रहा है।
train,train-s10312,पार्टी के एक केंद्रीय पदाधिकारी ने माना कि लोकसभा चुनाव में पंजाब में कांग्रेस की हार का एक बड़ा कारण कांग्रेस की अंदरुनी कलह भी है ।,पार्टी के एक केंद्रीय पदाधिकारी ने माना कि लोकसभा चुनाव में पंजाब में कांग्रेस की हार का एक बड़ा कारण कांग्रेस की अंदरुनी कलह भी है।
train,train-s10315,टीम इंडिया के कोच ग्रेग चैपल के 'उंगली विवाद' को शांत करने की कोशिश करते हुए भारतीय टीम के प्रबंधक ने कहा है कि चैपल ने कोई अभद्र इशारा नहीं किया था ।,टीम इंडिया के कोच ग्रेग चैपल के 'उंगली विवाद' को शांत करने की कोशिश करते हुए भारतीय टीम के प्रबंधक ने कहा है कि चैपल ने कोई अभद्र इशारा नहीं किया था।
train,train-s10319,चैपल ने उन्हें बताया कि बृहस्पतिवार को खिलाड़ियों को फील्डिंग की प्रैक्टिस कराते वक्त उनकी उंगली में चोट लग गई थी ।,चैपल ने उन्हें बताया कि बृहस्पतिवार को खिलाड़ियों को फील्डिंग की प्रैक्टिस कराते वक्त उनकी उंगली में चोट लग गई थी।
train,train-s10326,चैपल के इशारे को कैमरे में कैद करने वाले एक स्थानीय प्रोडक्शन हाउस ने वीडियो क्लिप को अपने कार्यक्रम 'दस मिनट का खेल' में दिखाया था ।,चैपल के इशारे को कैमरे में कैद करने वाले एक स्थानीय प्रोडक्शन हाउस ने वीडियो क्लिप को अपने कार्यक्रम 'दस मिनट का खेल' में दिखाया था।
train,train-s10328,कांग्रेस अध्यक्ष सोनिया गांधी के लोकसभा और राष्ट्रीय सलाहकार परिषद के अध्यक्ष पद से इस्तीफे के बाद भाकपा को छोड़कर अन्य वाम दलों ने मध्यावधि चुनाव की संभावना से इनकार नहीं किया है ।,कांग्रेस अध्यक्ष सोनिया गांधी के लोकसभा और राष्ट्रीय सलाहकार परिषद के अध्यक्ष पद से इस्तीफे के बाद भाकपा को छोड़कर अन्य वाम दलों ने मध्यावधि चुनाव की संभावना से इनकार नहीं किया है।
train,train-s10333,दूसरी ओर आरएसपी और फॉरवर्ड ब्लॉक का मानना है कि कांग्रेस सोनिया गांधी के इस्तीफे को भुनाने में कोई कोर - कसर नहीं छोड़ेगी ।,दूसरी ओर आरएसपी और फॉरवर्ड ब्लॉक का मानना है कि कांग्रेस सोनिया गांधी के इस्तीफे को भुनाने में कोई कोर-कसर नहीं छोड़ेगी।
train,train-s10346,भारतीय क्रिकेट में चल रही महाभारत में एक और योद्धा के मैदान में कूदने से सोमवार को नया मोड़ आ गया ।,भारतीय क्रिकेट में चल रही महाभारत में एक और योद्धा के मैदान में कूदने से सोमवार को नया मोड़ आ गया।
train,train-s10362,"गांगुली यह अच्छी तरह समझ गए हैं कि वे कुछ भी करें, उनका कोई कुछ बिगाड़ नहीं सकता ।","गांगुली यह अच्छी तरह समझ गए हैं कि वे कुछ भी करें, उनका कोई कुछ बिगाड़ नहीं सकता।"
train,train-s10365,"डूंगरपुर ने सवाल करते हुए कहा कि गांगुली ने कप्तानी छोड़ने के बारे में चैपल से हुई बातचीत की चर्चा टेस्ट मैच शुरू होने से पहले क्यों नहीं की, मैच में शतक लगाने के बाद ही यह बात क्यों कही ।","डूंगरपुर ने सवाल करते हुए कहा कि गांगुली ने कप्तानी छोड़ने के बारे में चैपल से हुई बातचीत की चर्चा टेस्ट मैच शुरू होने से पहले क्यों नहीं की, मैच में शतक लगाने के बाद ही यह बात क्यों कही।"
train,train-s10373,"हंगामे के दौरान विधायक शेखर बाबू को मुख्यमंत्री एम. करुणानिधि की ओर बढ़ते हुए देखा गया, लेकिन उन्हें मुख्यमंत्री के पास पहुंचने से पहले रोक लिया गया ।","हंगामे के दौरान विधायक शेखर बाबू को मुख्यमंत्री एम. करुणानिधि की ओर बढ़ते हुए देखा गया, लेकिन उन्हें मुख्यमंत्री के पास पहुंचने से पहले रोक लिया गया।"
train,train-s10390,"पुलिस कोर्ट में केस डायरी पेश नहीं कर पाई, जिस पर अदालत ने कड़ी नाराजगी जताई और प्रधान की पुलिस रिमांड बढ़ाने की मांग को ठुकराते हुए उसे जेल भेज दिया ।","पुलिस कोर्ट में केस डायरी पेश नहीं कर पाई, जिस पर अदालत ने कड़ी नाराजगी जताई और प्रधान की पुलिस रिमांड बढ़ाने की मांग को ठुकराते हुए उसे जेल भेज दिया।"
train,train-s10394,इसके बाद सपा कोटे के मंत्री किरणपाल पर नैतिकता के आधार पर अपने इस्तीफे का दबाव बढ़ गया था ।,इसके बाद सपा कोटे के मंत्री किरणपाल पर नैतिकता के आधार पर अपने इस्तीफे का दबाव बढ़ गया था।
train,train-s10399,बिहार के किशनगंज कस्बे से सितंबर में अपहृत दो नाबालिग लड़कियों को पड़ोसी राज्य उत्तर प्रदेश के प्रतापगढ़ जिले से बरामद किया गया ।,बिहार के किशनगंज कस्बे से सितंबर में अपहृत दो नाबालिग लड़कियों को पड़ोसी राज्य उत्तर प्रदेश के प्रतापगढ़ जिले से बरामद किया गया।
train,train-s10400,इन लड़कियों को राष्ट्रीय मानवाधिकार आयोग के हस्तक्षेप के बाद ही मुक्त कराया जा सका ।,इन लड़कियों को राष्ट्रीय मानवाधिकार आयोग के हस्तक्षेप के बाद ही मुक्त कराया जा सका।
train,train-s10401,आयोग ने यहां जारी विज्ञप्ति में बताया कि इन लड़कियों के पिता और बीएसएफ के हेड कांस्टेबल के आयोग से मदद मांगने पर राष्ट्रीय मानवाधिकार आयोग (एनएचआरसी) का जांच दल घटनास्थल पर भेजा गया ।,आयोग ने यहां जारी विज्ञप्ति में बताया कि इन लड़कियों के पिता और बीएसएफ के हेड कांस्टेबल के आयोग से मदद मांगने पर राष्ट्रीय मानवाधिकार आयोग (एनएचआरसी) का जांच दल घटनास्थल पर भेजा गया।
train,train-s10404,जांच के दौरान टीम को विभिन्न सूत्रों से पता चला कि अपहृत लड़कियों की शादी दूसरे समुदाय में हो गई है और वे उत्तर प्रदेश के प्रतापगढ़ जिले में रह रही हैं ।,जांच के दौरान टीम को विभिन्न सूत्रों से पता चला कि अपहृत लड़कियों की शादी दूसरे समुदाय में हो गई है और वे उत्तर प्रदेश के प्रतापगढ़ जिले में रह रही हैं।
train,train-s10405,१४ और १७ दिसंबर को इन दोनों लड़कियों को बरामद कर लिया गया और बिहार पुलिस को उचित कानूनी कार्रवाई के लिए इस बारे में सूचित कर दिया गया ।,१४ और १७ दिसंबर को इन दोनों लड़कियों को बरामद कर लिया गया और बिहार पुलिस को उचित कानूनी कार्रवाई के लिए इस बारे में सूचित कर दिया गया।
train,train-s10406,इसके बाद जांच दल ने लड़कियों के पिता को इसकी इत्तला दी और उन्हें उनकी बेटी सौंप दी गई ।,इसके बाद जांच दल ने लड़कियों के पिता को इसकी इत्तला दी और उन्हें उनकी बेटी सौंप दी गई।
train,train-s10407,अपने एक महीने के काम को 'अच्छी शुरुआत' बताने वाले और बिहार में सुशासन का आश्वासन देने वाले मुख्यमंत्री नितीश कुमार और राज्य भवन निर्माण विभाग ने एक अणे मार्ग में एक आधुनिक आईटी सेंटर बनाने का निर्णय किया है ।,अपने एक महीने के काम को 'अच्छी शुरुआत' बताने वाले और बिहार में सुशासन का आश्वासन देने वाले मुख्यमंत्री नितीश कुमार और राज्य भवन निर्माण विभाग ने एक अणे मार्ग में एक आधुनिक आईटी सेंटर बनाने का निर्णय किया है।
train,train-s10410,भवन निर्माण मंत्री मोनाजिर हुसैन ने मंगलवार को कहा कि 'मुख्यमंत्री की पसंद को ध्यान में रखते हुए विभाग ठीक उसी स्थान पर एक आईटी सेंटर बनाएगा जहां फिलहाल लालू - राबड़ी का खटाल है ।,भवन निर्माण मंत्री मोनाजिर हुसैन ने मंगलवार को कहा कि 'मुख्यमंत्री की पसंद को ध्यान में रखते हुए विभाग ठीक उसी स्थान पर एक आईटी सेंटर बनाएगा जहां फिलहाल लालू-राबड़ी का खटाल है।
train,train-s10411,"इस खटाल में लालू के पालतू पशु गाय, भैंस, घोड़े और बिल्लियां भी हैं","इस खटाल में लालू के पालतू पशु गाय, भैंस, घोड़े और बिल्लियां भी हैं"
train,train-s10412,मंत्री ने आगे कहा कि 'मुख्यमंत्री का झुकाव वैज्ञानिक गतिविधियों की ओर अधिक है और नई टेकनोलॉजी में उनकी विशेष रुचि है ।,मंत्री ने आगे कहा कि 'मुख्यमंत्री का झुकाव वैज्ञानिक गतिविधियों की ओर अधिक है और नई टेकनोलॉजी में उनकी विशेष रुचि है।
train,train-s10461,गुजरात में गोधरा दंगे के बाद पंचमहल जिले में भड़की हिंसा में मारे गए लोगों के परिवार वालों ने सामूहिक कब्र से रिश्तेदारों के कंकाल निकालने का दावा किया है ।,गुजरात में गोधरा दंगे के बाद पंचमहल जिले में भड़की हिंसा में मारे गए लोगों के परिवार वालों ने सामूहिक कब्र से रिश्तेदारों के कंकाल निकालने का दावा किया है।
train,train-s10463,यह कब्र पनाम नदी के पास लोनावाड़ा गांव में है ।,यह कब्र पनाम नदी के पास लोनावाड़ा गांव में है।
train,train-s10464,लोनावाड़ा के सामाजिक कार्यकर्ता सोहेल का कहना है कि हालांकि कब्र में सामूहिक रूप से दफनाए गए शवों की वास्तविक संख्या के बारे में उन्हें पता नहीं है ।,लोनावाड़ा के सामाजिक कार्यकर्ता सोहेल का कहना है कि हालांकि कब्र में सामूहिक रूप से दफनाए गए शवों की वास्तविक संख्या के बारे में उन्हें पता नहीं है।
train,train-s10470,सीतलवाड़ सुप्रीम कोर्ट सहित विभिन्न अदालतों में दंगा पीड़ितों के हक की लड़ाई लड़ रही हैं ।,सीतलवाड़ सुप्रीम कोर्ट सहित विभिन्न अदालतों में दंगा पीड़ितों के हक की लड़ाई लड़ रही हैं।
train,train-s10472,तीस्ता के गैर सरकारी संगठन के फील्ड कोऑर्डिनेटर रियाज खान का कहना है कि रिश्तेदारों ने कब्र की खुदाई कर कई कंकाल और कपड़े निकाले हैं ।,तीस्ता के गैर सरकारी संगठन के फील्ड कोऑर्डिनेटर रियाज खान का कहना है कि रिश्तेदारों ने कब्र की खुदाई कर कई कंकाल और कपड़े निकाले हैं।
train,train-s10474,सीतलवाड़ ने कहा कि वह बुधवार को इस बारे में याचिका दायर कर इस मामले की फिर से जांच कराने की गुहार लगाएंगी ।,सीतलवाड़ ने कहा कि वह बुधवार को इस बारे में याचिका दायर कर इस मामले की फिर से जांच कराने की गुहार लगाएंगी।
train,train-s10477,इन विवादों के चलते कई मर्तबा स्वास्थ्य मंत्री और मंत्रालय की छीछालेदर भी हुई लेकिन आम लोगों में इसका प्रभाव यह पड़ा कि उनमें स्वास्थ्य के प्रति जागरुकता बढ़ी ।,इन विवादों के चलते कई मर्तबा स्वास्थ्य मंत्री और मंत्रालय की छीछालेदर भी हुई लेकिन आम लोगों में इसका प्रभाव यह पड़ा कि उनमें स्वास्थ्य के प्रति जागरुकता बढ़ी।
train,train-s10480,इसके मद्देनजर मंत्रालय को आनन - फानन में विदेशों से बर्ड फ्लू की दस लाख टेबलेट खरीदनी पड़ी ।,इसके मद्देनजर मंत्रालय को आनन-फानन में विदेशों से बर्ड फ्लू की दस लाख टेबलेट खरीदनी पड़ी।
train,train-s10483,उन्होंने घोषणाएं तो बड़ी - बड़ी कीं लेकिन पूरी वे अगले साल ही हो पाएंगी ।,उन्होंने घोषणाएं तो बड़ी-बड़ी कीं लेकिन पूरी वे अगले साल ही हो पाएंगी।
train,train-s10485,बाद में उन्होंने एमबीबीएस पाठ्यक्रम में आयुर्वेद पढ़ाने की घोषणा कर डाली तो इंडियन मेडिकल एसोसिएशन ने मंत्री के खिलाफ मोर्चा खोल दिया ।,बाद में उन्होंने एमबीबीएस पाठ्यक्रम में आयुर्वेद पढ़ाने की घोषणा कर डाली तो इंडियन मेडिकल एसोसिएशन ने मंत्री के खिलाफ मोर्चा खोल दिया।
train,train-s10495,एम्स में शुल्क वृद्धि को लेकर भी स्वास्थ्य मंत्रालय को भारी आलोचना का सामना करना पड़ा ।,एम्स में शुल्क वृद्धि को लेकर भी स्वास्थ्य मंत्रालय को भारी आलोचना का सामना करना पड़ा।
train,train-s10496,राममनोहर लोहिया अस्पताल में एक डॉक्टर पर दिल का नकली ऑपरेशन करने और दूसरे पर जूनियर डॉक्टर से दुष्कर्म करने पर भी स्वास्थ्य क्षेत्र की सेहत पर बुरा असर पड़ा ।,राममनोहर लोहिया अस्पताल में एक डॉक्टर पर दिल का नकली ऑपरेशन करने और दूसरे पर जूनियर डॉक्टर से दुष्कर्म करने पर भी स्वास्थ्य क्षेत्र की सेहत पर बुरा असर पड़ा।
train,train-s10507,न्यायमूर्ति एस. बी. सिन्हा और जस्टिस पी. पी. नायलेकर की खंडपीठ ने कर्नाटक हाईकोर्ट के फैसले को चुनौती देने वाली होमवे गवडा शिक्षा ट्रस्ट व अन्य की अपील स्वीकार करते हुए हाईकोर्ट के फैसले को रद्द कर दिया और प्रवक्ता वैक्प्पा गावड़ा की बर्खास्तगी को उचित ठहराते हुए कहा कि उसे सही दंड दिया गया ।,न्यायमूर्ति एस. बी. सिन्हा और जस्टिस पी. पी. नायलेकर की खंडपीठ ने कर्नाटक हाईकोर्ट के फैसले को चुनौती देने वाली होमवे गवडा शिक्षा ट्रस्ट व अन्य की अपील स्वीकार करते हुए हाईकोर्ट के फैसले को रद्द कर दिया और प्रवक्ता वैक्प्पा गावड़ा की बर्खास्तगी को उचित ठहराते हुए कहा कि उसे सही दंड दिया गया।
train,train-s10509,खंडपीठ ने कहा कि पहले केवल कर्मचारियों के हितों की रक्षा ही सर्वोपरि समझी जाती थी जिसके फलस्वरूप कार्यस्थलों पर आमतौर पर अनुशासनहीनता बढ़ी ।,खंडपीठ ने कहा कि पहले केवल कर्मचारियों के हितों की रक्षा ही सर्वोपरि समझी जाती थी जिसके फलस्वरूप कार्यस्थलों पर आमतौर पर अनुशासनहीनता बढ़ी।
train,train-s10510,इसलिए आज के बदलते आर्थिक परिप्रेक्ष्य में यह उचित नहीं होगा कि कर्मचारियों को बिना किसी दंड के अनुशासन तोड़ने की अनुमति दी जाए ।,इसलिए आज के बदलते आर्थिक परिप्रेक्ष्य में यह उचित नहीं होगा कि कर्मचारियों को बिना किसी दंड के अनुशासन तोड़ने की अनुमति दी जाए।
train,train-s10513,"अदालत ने हाईकोर्ट के फैसले के खिलाफ दायर याचिकाओं पर विचार करते हुए केंद्र सरकार, दिल्ली सरकार और बालिका शरणगृह 'निर्मल छाया' को नोटिस जारी किए हैं ।","अदालत ने हाईकोर्ट के फैसले के खिलाफ दायर याचिकाओं पर विचार करते हुए केंद्र सरकार, दिल्ली सरकार और बालिका शरणगृह 'निर्मल छाया' को नोटिस जारी किए हैं।"
train,train-s10522,"हाईकोर्ट ने १५ वर्ष से अधिक आयु की अवयस्क लड़कियों द्वारा भागकर अपनी पसंद से शादी करने के तीन मामलों की सुनवाई करते हुए कहा था कि १५ साल से अधिक आयु की अवयस्क लड़की की शादी गैरकानूनी नहीं है, यदि यह उसकी अपनी इच्छा से हुई है और ऐसे मामले में लड़की को जबरदस्ती नारी निकेतन नहीं भेजा जा सकता ।","हाईकोर्ट ने १५ वर्ष से अधिक आयु की अवयस्क लड़कियों द्वारा भागकर अपनी पसंद से शादी करने के तीन मामलों की सुनवाई करते हुए कहा था कि १५ साल से अधिक आयु की अवयस्क लड़की की शादी गैरकानूनी नहीं है, यदि यह उसकी अपनी इच्छा से हुई है और ऐसे मामले में लड़की को जबरदस्ती नारी निकेतन नहीं भेजा जा सकता।"
train,train-s10525,अदालत ने लड़कियों को नारी निकेतन से मुक्त कर उन्हें अपने पतियों के साथ रहने की इजाजत देने के आदेश दिए थे ।,अदालत ने लड़कियों को नारी निकेतन से मुक्त कर उन्हें अपने पतियों के साथ रहने की इजाजत देने के आदेश दिए थे।
train,train-s10526,इनमें से एक लड़की गर्भवती है ।,इनमें से एक लड़की गर्भवती है।
train,train-s10527,नई पार्टी गठित करके राजनीति की दूसरी पारी शुरू करने की कगार पर खड़ी उमा भारती ने रायबरेली संसदीय सीट पर होने वाले उपचुनाव में सोनिया को चुनौती देने के लिए भाजपा से समर्थन मांगा है ।,नई पार्टी गठित करके राजनीति की दूसरी पारी शुरू करने की कगार पर खड़ी उमा भारती ने रायबरेली संसदीय सीट पर होने वाले उपचुनाव में सोनिया को चुनौती देने के लिए भाजपा से समर्थन मांगा है।
train,train-s10529,उमा भारती ने 'अमर उजाला' को बताया कि वह सोनिया गांधी के खिलाफ अपना प्रत्याशी उतारने का निश्चय कर चुकी हैं ।,उमा भारती ने 'अमर उजाला' को बताया कि वह सोनिया गांधी के खिलाफ अपना प्रत्याशी उतारने का निश्चय कर चुकी हैं।
train,train-s10534,"उमा ने कहा कि वह यूपी, उत्तरांचल, छत्तीसगढ़, मध्य प्रदेश, राजस्थान और दिल्ली में होने वाले सभी चुनावों में अपनी पार्टी का उम्मीदवार खड़ा करेंगी ।","उमा ने कहा कि वह यूपी, उत्तरांचल, छत्तीसगढ़, मध्य प्रदेश, राजस्थान और दिल्ली में होने वाले सभी चुनावों में अपनी पार्टी का उम्मीदवार खड़ा करेंगी।"
train,train-s10536,साध्वी ने दावा किया कि ३० अप्रैल के बाद महज ९० दिन के भीतर ही वह छह राज्यों में अपनी पार्टी का जिला स्तर तक संगठन खड़ा कर देंगी ।,साध्वी ने दावा किया कि ३० अप्रैल के बाद महज ९० दिन के भीतर ही वह छह राज्यों में अपनी पार्टी का जिला स्तर तक संगठन खड़ा कर देंगी।
train,train-s10546,जबकि पार्टी सूत्रों का कहना है कि संघ से जुड़े भाजपा के संगठन महामंत्री संजय जोशी ने खुद फोन कर मुरली मनोहर जोशी को इस परिवर्तन की सूचना दी थी ।,जबकि पार्टी सूत्रों का कहना है कि संघ से जुड़े भाजपा के संगठन महामंत्री संजय जोशी ने खुद फोन कर मुरली मनोहर जोशी को इस परिवर्तन की सूचना दी थी।
train,train-s10560,गौरतलब है कि वर्ष १९९० में सिडनी में पोलो खेलने के दौरान पैकर को दिल का दौरा पड़ा था ।,गौरतलब है कि वर्ष १९९० में सिडनी में पोलो खेलने के दौरान पैकर को दिल का दौरा पड़ा था।
train,train-s10563,"उनके मीडिया प्रतिद्वंद्वी रूपर्ट मरडोक ने कहा कि १७ दिसंबर, १९३७ को जन्मे पैकर हमारी पीढ़ी के सबसे सफल व्यवसायी थे ।","उनके मीडिया प्रतिद्वंद्वी रूपर्ट मरडोक ने कहा कि १७ दिसंबर, १९३७ को जन्मे पैकर हमारी पीढ़ी के सबसे सफल व्यवसायी थे।"
train,train-s10564,इस उपकरण का नाम 'हमाम' है ।,इस उपकरण का नाम 'हमाम' है।
train,train-s10565,ऐसी ही देसी तकनीक पर आधारित न जाने कितने उपकरण हैं जो इस पहाड़ी अंचल में इलेक्ट्रॉनिक उत्पादों पर अभी भी भारी पड़ रहे हैं ।,ऐसी ही देसी तकनीक पर आधारित न जाने कितने उपकरण हैं जो इस पहाड़ी अंचल में इलेक्ट्रॉनिक उत्पादों पर अभी भी भारी पड़ रहे हैं।
train,train-s10568,"हालांकि यहां दशहरा मेले में आए इन उपकरणों के कारीगरों व कारखाना मालिकों का मानना है कि बड़े - बड़े नामों वाली कंपनियों के अत्याधुनिक इलेक्ट्रॉनिक उपकरण जब से बाजार में उतरे हैं, तब से खासतौर से शहरों में उनके उत्पादों की बिक्री में कमी आई है लेकिन वे इस बात से खासे संतुष्ट हैं कि पूर्णतः देसी तकनीक पर आधारित इन उपकरणों का किफायत और परिणाम के मामले में अभी भी बड़ी कंपनियां कोई तोड़ नहीं निकाल सकी हैं ।","हालांकि यहां दशहरा मेले में आए इन उपकरणों के कारीगरों व कारखाना मालिकों का मानना है कि बड़े-बड़े नामों वाली कंपनियों के अत्याधुनिक इलेक्ट्रॉनिक उपकरण जब से बाजार में उतरे हैं, तब से खासतौर से शहरों में उनके उत्पादों की बिक्री में कमी आई है लेकिन वे इस बात से खासे संतुष्ट हैं कि पूर्णतः देसी तकनीक पर आधारित इन उपकरणों का किफायत और परिणाम के मामले में अभी भी बड़ी कंपनियां कोई तोड़ नहीं निकाल सकी हैं।"
train,train-s10569,कुल्लू के सरवरी बाजार में पीडब्लूडी में अपर अभियंता की नौकरी छोड़ कर ऐसे ही उपकरणों के निर्माण कार्य में लग गए देवभूमि शीट मेटल इंडस्ट्री के मालिक रामकिशन शर्मा दावा करते हैं कि पहाड़ों में खासतौर से बर्फ के मौसम में जब सर्दी का प्रकोप चरम पर होता है और पारा कई डिग्री नीचे लुढ़क जाता है तो ऐसे में इलेक्ट्रॉनिक भी फेल हो जाते हैं ।,कुल्लू के सरवरी बाजार में पीडब्लूडी में अपर अभियंता की नौकरी छोड़ कर ऐसे ही उपकरणों के निर्माण कार्य में लग गए देवभूमि शीट मेटल इंडस्ट्री के मालिक रामकिशन शर्मा दावा करते हैं कि पहाड़ों में खासतौर से बर्फ के मौसम में जब सर्दी का प्रकोप चरम पर होता है और पारा कई डिग्री नीचे लुढ़क जाता है तो ऐसे में इलेक्ट्रॉनिक भी फेल हो जाते हैं।
train,train-s10570,काम आता है सिर्फ देसी तकनीक आधारित 'बुखारी' ।,काम आता है सिर्फ देसी तकनीक आधारित 'बुखारी'।
train,train-s10571,इसी तरह 'हमाम' सिर्फ छह मिनट में 22 लीटर पानी गरम करने की क्षमता रखता है ।,इसी तरह 'हमाम' सिर्फ छह मिनट में 22 लीटर पानी गरम करने की क्षमता रखता है।
train,train-s10573,"शिवा शीट मेटल के मालिक मनीराम के मुताबिक इन उपकरणों की उपयोगिता के कई बड़े होटलवाले भी कायल हैं, जिन्होंने अपने यहां इस तरह के उपकरण लगाए हैं ।","शिवा शीट मेटल के मालिक मनीराम के मुताबिक इन उपकरणों की उपयोगिता के कई बड़े होटलवाले भी कायल हैं, जिन्होंने अपने यहां इस तरह के उपकरण लगाए हैं।"
train,train-s10586,रामायण या दूसरे ग्रंथों में वर्णित करामाती कहानियों का वे वैज्ञानिक आधार ढूंढ़ा करते थे ।,रामायण या दूसरे ग्रंथों में वर्णित करामाती कहानियों का वे वैज्ञानिक आधार ढूंढ़ा करते थे।
train,train-s10590,हनुमान को लक्ष्मण के लिए संजीवनी बूटी लाने के लिए कितनी रफ्तार से उड़ान भरनी पड़ी थी या कुंभकरण कितने महीने तक सोता था जैसे सवालों का वे उत्तर ढूंढ़ते रहे हैं ।,हनुमान को लक्ष्मण के लिए संजीवनी बूटी लाने के लिए कितनी रफ्तार से उड़ान भरनी पड़ी थी या कुंभकरण कितने महीने तक सोता था जैसे सवालों का वे उत्तर ढूंढ़ते रहे हैं।
train,train-s10591,उन्होंने 'बंदर कितनी तेजी से उड़ान भरते थे और राक्षस कितने समय तक सोते थे' विषय पर आयोजित एक व्याख्यान में कई अनुत्तरित प्रश्नों का उत्तर देने की कोशिश की ।,उन्होंने 'बंदर कितनी तेजी से उड़ान भरते थे और राक्षस कितने समय तक सोते थे' विषय पर आयोजित एक व्याख्यान में कई अनुत्तरित प्रश्नों का उत्तर देने की कोशिश की।
train,train-s10595,उन्होंने कहा कि कुछ प्राचीन विद्वानों ने यह निष्कर्ष निकाला है कि हनुमान ने संजीवनी बूटी लाने के लिए लगभग 660 किलोमीटर प्रति घंटे की रफ्तार से उड़ान भरी थी ।,उन्होंने कहा कि कुछ प्राचीन विद्वानों ने यह निष्कर्ष निकाला है कि हनुमान ने संजीवनी बूटी लाने के लिए लगभग 660 किलोमीटर प्रति घंटे की रफ्तार से उड़ान भरी थी।
train,train-s10600,"चार बच्चों की मां लगभग 50 वर्षीया गिरिजा अति पिछड़ी जाति मुसहर समुदाय से आती हैं, जो चूहा खाने के लिए ग्रामीण समाज में जाना जाता है ।","चार बच्चों की मां लगभग 50 वर्षीया गिरिजा अति पिछड़ी जाति मुसहर समुदाय से आती हैं, जो चूहा खाने के लिए ग्रामीण समाज में जाना जाता है।"
train,train-s10612,इस योजना का उद्देश्य था कि टिकट खिड़कियों पर यात्रियों की भीड़ कम की जाए ।,इस योजना का उद्देश्य था कि टिकट खिड़कियों पर यात्रियों की भीड़ कम की जाए।
train,train-s10636,"समझौते में 'अन्योन्यता' पर जोर देते हुए उन्होंने वाशिंगटन को याद दिलाया कि 18 जुलाई को हुए समझौते के दौरान उसने 'कुछ वादे' किए थे, जिन्हें अभी तक पूरा नहीं किया जा सका है ।","समझौते में 'अन्योन्यता' पर जोर देते हुए उन्होंने वाशिंगटन को याद दिलाया कि 18 जुलाई को हुए समझौते के दौरान उसने 'कुछ वादे' किए थे, जिन्हें अभी तक पूरा नहीं किया जा सका है।"
train,train-s10642,केंद्रीय मानव संसाधन मंत्री अर्जुन सिंह ने कैबिनेट में इस मुद्दे को उठाकर प्रधानमंत्री मनमोहन सिंह की मुश्किलें बढ़ा दी ।,केंद्रीय मानव संसाधन मंत्री अर्जुन सिंह ने कैबिनेट में इस मुद्दे को उठाकर प्रधानमंत्री मनमोहन सिंह की मुश्किलें बढ़ा दी।
train,train-s10650,"कपिल सिब्बल के बयान के बारे में किए सवाल के जवाब में उन्होंने कहा कि कोई व्यक्ति लड़ाई को सार्वजनिक करना चाहता है, वह उसे नहीं रोक सकते ।","कपिल सिब्बल के बयान के बारे में किए सवाल के जवाब में उन्होंने कहा कि कोई व्यक्ति लड़ाई को सार्वजनिक करना चाहता है, वह उसे नहीं रोक सकते।"
train,train-s10654,सरकार में मंत्रियों के बीच बढ़ती खींचतान से प्रधानमंत्री काफी चिंतित हैं ।,सरकार में मंत्रियों के बीच बढ़ती खींचतान से प्रधानमंत्री काफी चिंतित हैं।
train,train-s10655,"क्योंकि, इसका सीधा असर सरकार की साख पर पड़ता है ।","क्योंकि, इसका सीधा असर सरकार की साख पर पड़ता है।"
train,train-s10656,मंत्रियों के आपसी झगड़े का हवाला देकर विपक्ष यह साबित कर देगा कि प्रधानमंत्री का अपने सहयोगियों पर ही कोई बस नहीं है ।,मंत्रियों के आपसी झगड़े का हवाला देकर विपक्ष यह साबित कर देगा कि प्रधानमंत्री का अपने सहयोगियों पर ही कोई बस नहीं है।
train,train-s10665,वीरप्पन और उसके गिरोह के साथ एसटीएफ की मुठभेड़ को लेकर लगाई जा रही अटकलों के बारे में उन्होंने कहा कि ऐसी बातें अक्सर इस तरह के अभियानों के दौरान उठती हैं ।,वीरप्पन और उसके गिरोह के साथ एसटीएफ की मुठभेड़ को लेकर लगाई जा रही अटकलों के बारे में उन्होंने कहा कि ऐसी बातें अक्सर इस तरह के अभियानों के दौरान उठती हैं।
train,train-s10670,इस मौके पर विजयकुमार ने वीरप्पन को फर्जी मुठभेड़ में मारने के उसकी पत्नी मुत्तुलक्ष्मी के आरोप को आधारहीन बताया ।,इस मौके पर विजयकुमार ने वीरप्पन को फर्जी मुठभेड़ में मारने के उसकी पत्नी मुत्तुलक्ष्मी के आरोप को आधारहीन बताया।
train,train-s10674,"पुलिस के अनुसार दुर्घटना तब हुई, जब चालक वाहन पर नियंत्रण खो बैठा और गाड़ी आठ फुट गहरे गड्ढे में गिर गई ।","पुलिस के अनुसार दुर्घटना तब हुई, जब चालक वाहन पर नियंत्रण खो बैठा और गाड़ी आठ फुट गहरे गड्ढे में गिर गई।"
train,train-s10694,राजनीति में आने से पहले अपने लड़कपन के दिनों में डल जमने के साथ ही अपनी यजदी मोटरसाइकिल के साथ उस पर घूमने के लिए पहुंच जाते थे ।,राजनीति में आने से पहले अपने लड़कपन के दिनों में डल जमने के साथ ही अपनी यजदी मोटरसाइकिल के साथ उस पर घूमने के लिए पहुंच जाते थे।
train,train-s10710,उन्होंने कहा कि मैं इराक के भविष्य को लेकर विश्वस्त हो कर देश छोड़ूंगा ।,उन्होंने कहा कि मैं इराक के भविष्य को लेकर विश्वस्त हो कर देश छोड़ूंगा।
train,train-s10713,अमेरिकी नेतृत्व वाली गठबंधन सेना के प्रेस ऑफिस के निदेशक रॉबर्ट टप्पन ने ब्रेमर के इराक छोड़ने की पुष्टि करते हुए कहा कि ब्रेमर दो बजे देश छोड़ चुके हैं ।,अमेरिकी नेतृत्व वाली गठबंधन सेना के प्रेस ऑफिस के निदेशक रॉबर्ट टप्पन ने ब्रेमर के इराक छोड़ने की पुष्टि करते हुए कहा कि ब्रेमर दो बजे देश छोड़ चुके हैं।
train,train-s10725,वर्षों बाद भी 'ऐ मेरे वतन के लोगों......' गाने को सुनकर किसी भी भारतीय की आंखों में पानी आ सकता है ।,वर्षों बाद भी 'ऐ मेरे वतन के लोगों......' गाने को सुनकर किसी भी भारतीय की आंखों में पानी आ सकता है।
train,train-s10728,जनहित याचिका दायर कर अदालत से 'सारेगामा इंडिया लिमिटेड' कंपनी को इस गाने से मिली रॉयल्टी को सेना के जवानों व उनकी विधवाओं के कल्याणार्थ केंद्र सरकार के कोष में जमा करने के लिए भी निर्देश जारी करने की मांग की है ।,जनहित याचिका दायर कर अदालत से 'सारेगामा इंडिया लिमिटेड' कंपनी को इस गाने से मिली रॉयल्टी को सेना के जवानों व उनकी विधवाओं के कल्याणार्थ केंद्र सरकार के कोष में जमा करने के लिए भी निर्देश जारी करने की मांग की है।
train,train-s10730,दरअसल १९६२ में भारत - चीन युद्ध के बाद घायल सैनिकों व युद्धपीड़ितों के कल्याणार्थ फिल्म जगत ने एक कार्यक्रम पेश करने का फैसला किया था ।,दरअसल १९६२ में भारत-चीन युद्ध के बाद घायल सैनिकों व युद्धपीड़ितों के कल्याणार्थ फिल्म जगत ने एक कार्यक्रम पेश करने का फैसला किया था।
train,train-s10731,"इस कार्यक्रम के लिए खासतौर पर संगीतकार सी. रामचंद्रन ने कवि प्रदीप से यह भावपूर्ण गीत 'ऐ मेरे वतन के लोगों, जरा आंख में भर लो पानी' लिखवाया था ।","इस कार्यक्रम के लिए खासतौर पर संगीतकार सी. रामचंद्रन ने कवि प्रदीप से यह भावपूर्ण गीत 'ऐ मेरे वतन के लोगों, जरा आंख में भर लो पानी' लिखवाया था।"
train,train-s10737,हालांकि इस पर कोई लिखित करार नहीं हुआ लेकिन कंपनी ने जारी किए रिकार्डों पर यह नोट दर्ज था कि 'इस गाने के रिकार्डों की बिक्री से मिलने वाली आय की सारी रॉयल्टी सीमा पर शहीद हुए जवानों के आश्रितों व युद्धपीड़ितों के लिए इस्तेमाल होगी,हालांकि इस पर कोई लिखित करार नहीं हुआ लेकिन कंपनी ने जारी किए रिकार्डों पर यह नोट दर्ज था कि 'इस गाने के रिकार्डों की बिक्री से मिलने वाली आय की सारी रॉयल्टी सीमा पर शहीद हुए जवानों के आश्रितों व युद्धपीड़ितों के लिए इस्तेमाल होगी
train,train-s10742,पत्रकारों से बातचीत में मीरवाइज ने कहा कि शांति प्रक्रिया को आगे न बढ़ने देने वाले अलगाववादी उनके जैसे परिवार के लोगों को निशाना बना रहे हैं ।,पत्रकारों से बातचीत में मीरवाइज ने कहा कि शांति प्रक्रिया को आगे न बढ़ने देने वाले अलगाववादी उनके जैसे परिवार के लोगों को निशाना बना रहे हैं।
train,train-s10760,मुंबई को गोवा से रेल के जरिए जोड़ने वाले कोंकण रेलवे कॉरपोरेशन लिमिटेड (केआरसी) ने हरियाणा को स्काई - बस - मेट्रो (एसबीएम) के निर्माण का प्रस्ताव किया है ।,मुंबई को गोवा से रेल के जरिए जोड़ने वाले कोंकण रेलवे कॉरपोरेशन लिमिटेड (केआरसी) ने हरियाणा को स्काई-बस-मेट्रो (एसबीएम) के निर्माण का प्रस्ताव किया है।
train,train-s10761,इससे मानेसर और गुड़गांव को नई दिल्ली से जोड़ा जाएगा ।,इससे मानेसर और गुड़गांव को नई दिल्ली से जोड़ा जाएगा।
train,train-s10762,टाउन एंड कंट्री प्लानिंग और हरियाणा शहरी विकास प्राधिकरण के अधिकारियों ने सोमवार को यहां बताया कि उप महाप्रबंधक एम. श्रीनिवास के नेतृत्व में एसबीएम के एक प्रतिनिधिमंडल ने महत्वाकांक्षी परियोजना का खाका हरियाणा राज्य औद्योगिक विकास निगम (एचएसआईडीसी) और लोक निर्माण (इमारत और सड़क) से जुड़े अन्य विभागों के अधिकारियों के समक्ष पेश किया ।,टाउन एंड कंट्री प्लानिंग और हरियाणा शहरी विकास प्राधिकरण के अधिकारियों ने सोमवार को यहां बताया कि उप महाप्रबंधक एम. श्रीनिवास के नेतृत्व में एसबीएम के एक प्रतिनिधिमंडल ने महत्वाकांक्षी परियोजना का खाका हरियाणा राज्य औद्योगिक विकास निगम (एचएसआईडीसी) और लोक निर्माण (इमारत और सड़क) से जुड़े अन्य विभागों के अधिकारियों के समक्ष पेश किया।
train,train-s10768,उन्होंने बताया कि इस पर मेट्रो की लागत से एक तिहाई कम खर्चा आएगा जो मौजूदा समय में तीन सौ करोड़ रुपये प्रति किलोमीटर है ।,उन्होंने बताया कि इस पर मेट्रो की लागत से एक तिहाई कम खर्चा आएगा जो मौजूदा समय में तीन सौ करोड़ रुपये प्रति किलोमीटर है।
train,train-s10774,हिमाचल प्रदेश में दो हजार से ज्यादा दिहाड़ीदार व नियमित कर्मचारियों की फौज साहब बहादुरों की खिदमत में जुटी हुई है ।,हिमाचल प्रदेश में दो हजार से ज्यादा दिहाड़ीदार व नियमित कर्मचारियों की फौज साहब बहादुरों की खिदमत में जुटी हुई है।
train,train-s10775,अफसरों के घरों की ड्यूटी पर तैनात इस अमले पर सरकार पांच करोड़ रुपये सालाना खर्च कर रही है ।,अफसरों के घरों की ड्यूटी पर तैनात इस अमले पर सरकार पांच करोड़ रुपये सालाना खर्च कर रही है।
train,train-s10776,कई अफसरों के घरों में तो कपड़े धोना भी इनकी ड्यूटी में है ।,कई अफसरों के घरों में तो कपड़े धोना भी इनकी ड्यूटी में है।
train,train-s10782,जिन कर्मचारियों से बेगारी ली जाती है उनमें दिहाड़ीदारों की संख्या सर्वाधिक है ।,जिन कर्मचारियों से बेगारी ली जाती है उनमें दिहाड़ीदारों की संख्या सर्वाधिक है।
train,train-s10783,सरकारी कर्मचारियों से बेगारी लेने का यह सिलसिला अधिकतर सरकारी विभागों में धड़ल्ले से चल रहा है ।,सरकारी कर्मचारियों से बेगारी लेने का यह सिलसिला अधिकतर सरकारी विभागों में धड़ल्ले से चल रहा है।
train,train-s10788,वन विभाग में भी रेंजर से लेकर ऊपर तक के अफसरों के घरों में फारेस्ट वर्कर के नाम पर तैनात दिहाड़ीदार साहबों की खिदमत में हैं ।,वन विभाग में भी रेंजर से लेकर ऊपर तक के अफसरों के घरों में फारेस्ट वर्कर के नाम पर तैनात दिहाड़ीदार साहबों की खिदमत में हैं।
train,train-s10791,कुछ अपवादों को छोड़कर वहां भी बेगारी का बोलबाला है ।,कुछ अपवादों को छोड़कर वहां भी बेगारी का बोलबाला है।
train,train-s10794,स्टेटस सिंबल के चक्कर में कुछ बड़े अफसरों के घरों में तीन - तीन पुलिसकर्मी तैनात हैं ।,स्टेटस सिंबल के चक्कर में कुछ बड़े अफसरों के घरों में तीन-तीन पुलिसकर्मी तैनात हैं।
train,train-s10797,'अमर उजाला' द्वारा की गई जांच में सचिवालय में तैनात सिर्फ आधा दर्जन वरिष्ठ आईएएस ही ऐसे निकले जिनके घरों में सरकारी मुलाजिम काम नहीं कर रहे हैं ।,'अमर उजाला' द्वारा की गई जांच में सचिवालय में तैनात सिर्फ आधा दर्जन वरिष्ठ आईएएस ही ऐसे निकले जिनके घरों में सरकारी मुलाजिम काम नहीं कर रहे हैं।
train,train-s10800,खोजबीन के दौरान यह तथ्य भी सामने आया कि वन निगम व आपूर्ति निगम के दो पुराने एमडी तबादला होने के बाद भी पुराने दिहाड़ीदार को घरों में रखे हुए हैं ।,खोजबीन के दौरान यह तथ्य भी सामने आया कि वन निगम व आपूर्ति निगम के दो पुराने एमडी तबादला होने के बाद भी पुराने दिहाड़ीदार को घरों में रखे हुए हैं।
train,train-s10801,हैरतअंगेज तथ्य यह है कि ये दिहाड़ीदार कुछ प्रभावशाली पर गैर सरकारी लोगों के घरों में भी ड्यूटी बजा रहे हैं ।,हैरतअंगेज तथ्य यह है कि ये दिहाड़ीदार कुछ प्रभावशाली पर गैर सरकारी लोगों के घरों में भी ड्यूटी बजा रहे हैं।
train,train-s10802,एक कांग्रेस सांसद के घर की देखरेख में लोनिवि के दो दिहाड़ीदार जुटे रहते हैं ।,एक कांग्रेस सांसद के घर की देखरेख में लोनिवि के दो दिहाड़ीदार जुटे रहते हैं।
train,train-s10804,"वाम दल जहां ब्याज दर बढ़ाने पर जोर दे रहे थे, वहीं वित्त मंत्रालय ने इससे होने वाले घाटे की पूर्ति के लिए सब्सिडी देने से इनकार कर दिया था ।","वाम दल जहां ब्याज दर बढ़ाने पर जोर दे रहे थे, वहीं वित्त मंत्रालय ने इससे होने वाले घाटे की पूर्ति के लिए सब्सिडी देने से इनकार कर दिया था।"
train,train-s10807,"कर्मचारी भविष्य निधि संगठन (ईपीएफओ) के इतिहास में यह दूसरा मौका है, जब उसे विशेष आरक्षित निधि से धन लेना पड़ रहा हो ।","कर्मचारी भविष्य निधि संगठन (ईपीएफओ) के इतिहास में यह दूसरा मौका है, जब उसे विशेष आरक्षित निधि से धन लेना पड़ रहा हो।"
train,train-s10809,इससे पूर्व वित्त मंत्रालय ने यह कहते हुए ९.५ फीसदी ब्याज के प्रस्ताव को अस्वीकार कर दिया था कि वह ९२७ करोड़ सब्सिडी उपलब्ध कराने में असमर्थ है ।,इससे पूर्व वित्त मंत्रालय ने यह कहते हुए ९.५ फीसदी ब्याज के प्रस्ताव को अस्वीकार कर दिया था कि वह ९२७ करोड़ सब्सिडी उपलब्ध कराने में असमर्थ है।
train,train-s10810,वास्तव में वित्त मंत्रालय को यह भय था कि इस मांग को स्वीकार कर लेने पर अन्य लघु बचत योजनाओं पर भी ब्याज की दर बढ़ाने की मांग होने लगेगी ।,वास्तव में वित्त मंत्रालय को यह भय था कि इस मांग को स्वीकार कर लेने पर अन्य लघु बचत योजनाओं पर भी ब्याज की दर बढ़ाने की मांग होने लगेगी।
train,train-s10812,सीबीटी की बैठक के दौरान एक विचार यह भी उभर कर सामने आया कि वर्ष २००४ - ०५ के दौरान कुछ समय के लिए विशेष जमा योजनाओं में ब्याज की दर को बढ़ा कर ९.५ फीसदी कर दिया जाए ।,सीबीटी की बैठक के दौरान एक विचार यह भी उभर कर सामने आया कि वर्ष २००४-०५ के दौरान कुछ समय के लिए विशेष जमा योजनाओं में ब्याज की दर को बढ़ा कर ९.५ फीसदी कर दिया जाए।
train,train-s10815,प्रारंभ में यह अनुमान लगाया था कि वर्ष २००४ - ०५ के दौरान ईपीएफ में जमा राशि पर ब्याज से आमदनी ५९१९.४२ करोड़ रहेगी तथा ९.५ फीसदी का ब्याज देने पर सीबीटी को ९२७ करोड़ का घाटा होगा ।,प्रारंभ में यह अनुमान लगाया था कि वर्ष २००४-०५ के दौरान ईपीएफ में जमा राशि पर ब्याज से आमदनी ५९१९.४२ करोड़ रहेगी तथा ९.५ फीसदी का ब्याज देने पर सीबीटी को ९२७ करोड़ का घाटा होगा।
train,train-s10816,"लेकिन, बकाया राशि की वसूली में वृद्धि होने के कारण वास्तविक आमदनी ६१६८.९८ करोड़ रही ।","लेकिन, बकाया राशि की वसूली में वृद्धि होने के कारण वास्तविक आमदनी ६१६८.९८ करोड़ रही।"
train,train-s10817,इस प्रकार ९.५ फीसदी ब्याज पर घाटा कम होकर ७१६.०७ करोड़ रह गया ।,इस प्रकार ९.५ फीसदी ब्याज पर घाटा कम होकर ७१६.०७ करोड़ रह गया।
train,train-s10818,सीबीटी के विशेष आरक्षित निधि से इस घाटे को पूरा करने के पश्चात इस कोष में २३३.९७ करोड़ रुपये और बने रहेंगे ।,सीबीटी के विशेष आरक्षित निधि से इस घाटे को पूरा करने के पश्चात इस कोष में २३३.९७ करोड़ रुपये और बने रहेंगे।
train,train-s10832,"गौरतलब है कि दो महीने पहले ही राजखोआ ने प्रधानमंत्री मनमोहन सिंह को लिखकर केंद्र सरकार के साथ शांति वार्ता करने की इच्छा व्यक्त की थी, लेकिन राजखोआ ने इसके साथ यह शर्त भी जोड़ दी थी कि बातचीत में उल्फा की स्वतंत्रता या संप्रभुता की मुख्य मांग पर भी बातचीत की जाए ।","गौरतलब है कि दो महीने पहले ही राजखोआ ने प्रधानमंत्री मनमोहन सिंह को लिखकर केंद्र सरकार के साथ शांति वार्ता करने की इच्छा व्यक्त की थी, लेकिन राजखोआ ने इसके साथ यह शर्त भी जोड़ दी थी कि बातचीत में उल्फा की स्वतंत्रता या संप्रभुता की मुख्य मांग पर भी बातचीत की जाए।"
train,train-s10833,असम के मुख्यमंत्री तरुण गोगोई ने केंद्र सरकार द्वारा उल्फा को शांति वार्ता के लिए भेजे गए पत्र की प्रशंसा करते हुए कहा कि इससे राज्य में जारी हिंसा के स्थायी खातमे की आशा बढ़ गई है ।,असम के मुख्यमंत्री तरुण गोगोई ने केंद्र सरकार द्वारा उल्फा को शांति वार्ता के लिए भेजे गए पत्र की प्रशंसा करते हुए कहा कि इससे राज्य में जारी हिंसा के स्थायी खातमे की आशा बढ़ गई है।
train,train-s10835,गुजरात के पंचमहल जिले के लुनावड़ा गांव में सामूहिक कब्र में बड़ी संख्या में नरकंकालों के मिलने की खबर ने एक बार फिर देश का ध्यान गुजरात दंगों की ओर खींचा है ।,गुजरात के पंचमहल जिले के लुनावड़ा गांव में सामूहिक कब्र में बड़ी संख्या में नरकंकालों के मिलने की खबर ने एक बार फिर देश का ध्यान गुजरात दंगों की ओर खींचा है।
train,train-s10839,उन्होंने कहा कि प्रशासन के पास 34 दंगा पीड़ितों की सूची है जिसमें से 28 को यहां दफनाया गया था ।,उन्होंने कहा कि प्रशासन के पास 34 दंगा पीड़ितों की सूची है जिसमें से 28 को यहां दफनाया गया था।
train,train-s10840,उन्होंने कहा कि दंगा पीड़ितों के परिजनों का यह बयान गलत है कि हमने उनसे सहयोग नहीं किया ।,उन्होंने कहा कि दंगा पीड़ितों के परिजनों का यह बयान गलत है कि हमने उनसे सहयोग नहीं किया।
train,train-s10846,वहीं केंद्र में सत्तारूढ़ कांग्रेस ने कहा है कि गुजरात में इनसानी जिंदगी से खिलवाड़ का इससे क्रूर उदाहरण कोई और नहीं हो सकता ।,वहीं केंद्र में सत्तारूढ़ कांग्रेस ने कहा है कि गुजरात में इनसानी जिंदगी से खिलवाड़ का इससे क्रूर उदाहरण कोई और नहीं हो सकता।
train,train-s10852,इधर गुजरात हाईकोर्ट के जस्टिस वी. के. बुच की अदालत में पंडरावड़ा गांव के निवासी अमीन हबीब रसूल ने याचिका दायर की ।,इधर गुजरात हाईकोर्ट के जस्टिस वी. के. बुच की अदालत में पंडरावड़ा गांव के निवासी अमीन हबीब रसूल ने याचिका दायर की।
train,train-s10854,इस मामले में एक अन्य याचिका 'सिटीजंस फॉर जस्टिस एंड पीस' नाम के एनजीओ ने दाखिल की है ।,इस मामले में एक अन्य याचिका 'सिटीजंस फॉर जस्टिस एंड पीस' नाम के एनजीओ ने दाखिल की है।
train,train-s10856,सील करने की कार्रवाई दंगा पीड़ितों के रिश्तेदारों के समक्ष हो और उन्हें मामले का शिकायतकर्ता और गवाह माना जाए ।,सील करने की कार्रवाई दंगा पीड़ितों के रिश्तेदारों के समक्ष हो और उन्हें मामले का शिकायतकर्ता और गवाह माना जाए।
train,train-s10857,"याचिका में आरोप लगाया गया है कि कब्र में कंकालों के साथ कपड़े भी मिले थे, जो इस बात का सबूत है कि लाशों को दफन करने से पहले उनका ठीक तरह से पोस्टमार्टम नहीं कराया गया ।","याचिका में आरोप लगाया गया है कि कब्र में कंकालों के साथ कपड़े भी मिले थे, जो इस बात का सबूत है कि लाशों को दफन करने से पहले उनका ठीक तरह से पोस्टमार्टम नहीं कराया गया।"
train,train-s10858,आमतौर पर पोस्टमार्टम में शव के ऊपर से कपड़े हटा दिए जाते हैं और फिर उसे सफेद चादर में बांधा जाता है ।,आमतौर पर पोस्टमार्टम में शव के ऊपर से कपड़े हटा दिए जाते हैं और फिर उसे सफेद चादर में बांधा जाता है।
train,train-s10861,पाटिल के साथ आधे घंटे की बैठक के बाद मोदी ने पत्रकारों से कहा कि पड़ोसी देशों की गतिविधियों को ध्यान में रखते हुए हमें आईएएस और आईपीएस की तरह ही देश में खुफिया सेवा शुरू करनी चाहिए ।,पाटिल के साथ आधे घंटे की बैठक के बाद मोदी ने पत्रकारों से कहा कि पड़ोसी देशों की गतिविधियों को ध्यान में रखते हुए हमें आईएएस और आईपीएस की तरह ही देश में खुफिया सेवा शुरू करनी चाहिए।
train,train-s10865,पाटिल के साथ मुलाकात को शिष्टाचार बैठक बताते हुए मोदी ने कहा कि उन्होंने गुजरात के 1600 किमी लंबे समुद्री तट की सुरक्षा के लिए 400 करोड़ रुपये के तटीय विकास की योजना दी है ।,पाटिल के साथ मुलाकात को शिष्टाचार बैठक बताते हुए मोदी ने कहा कि उन्होंने गुजरात के 1600 किमी लंबे समुद्री तट की सुरक्षा के लिए 400 करोड़ रुपये के तटीय विकास की योजना दी है।
train,train-s10869,हालांकि इस मौके पर मोदी ने हाल में पुलिस मुठभेड़ में मारे गए लश्कर - ए - ताइबा के चार आतंकवादियों के बारे में किसी सवाल का जवाब देने से इनकार कर दिया ।,हालांकि इस मौके पर मोदी ने हाल में पुलिस मुठभेड़ में मारे गए लश्कर-ए-ताइबा के चार आतंकवादियों के बारे में किसी सवाल का जवाब देने से इनकार कर दिया।
train,train-s10874,जिले के गांव लाखनमाजरा में पारिवारिक रंजिश में एक ही परिवार के चार सदस्यों की गोली मारकर और गंड़ासे से काटकर हत्या कर दी गई ।,जिले के गांव लाखनमाजरा में पारिवारिक रंजिश में एक ही परिवार के चार सदस्यों की गोली मारकर और गंड़ासे से काटकर हत्या कर दी गई।
train,train-s10883,प्राप्त जानकारी के अनुसार लाखनमाजरा के बुढ़ानपाना में सोमवार रात करीब १२ व एक बजे के बीच दो मोटरसाइकिलों पर सवार हथियारबंद चार व्यक्ति आए ।,प्राप्त जानकारी के अनुसार लाखनमाजरा के बुढ़ानपाना में सोमवार रात करीब १२ व एक बजे के बीच दो मोटरसाइकिलों पर सवार हथियारबंद चार व्यक्ति आए।
train,train-s10886,हमलावरों ने सीमा को चारपाई में बांधकर पेट्रोल छिड़ककर जला दिया ।,हमलावरों ने सीमा को चारपाई में बांधकर पेट्रोल छिड़ककर जला दिया।
train,train-s10892,फिर हत्यारों ने अमरदीप के सिर में दो गोलियां मारी और गंड़ासे से भी वार किया ।,फिर हत्यारों ने अमरदीप के सिर में दो गोलियां मारी और गंड़ासे से भी वार किया।
train,train-s10894,हमलावर उसे मरा समझकर छोड़ गए ।,हमलावर उसे मरा समझकर छोड़ गए।
train,train-s10898,"फिर वह छत पर बने कमरे के अंदर दाखिल हुआ, जहां अमरदीप घायल अवस्था में पड़ा था ।","फिर वह छत पर बने कमरे के अंदर दाखिल हुआ, जहां अमरदीप घायल अवस्था में पड़ा था।"
train,train-s10900,घटना के तत्काल बाद ही बड़ी संख्या में ग्रामीण इकट्ठे हो गए ।,घटना के तत्काल बाद ही बड़ी संख्या में ग्रामीण इकट्ठे हो गए।
train,train-s10909,सतलुज - यमुना लिंक नहर मामले में पंजाब के मुख्यमंत्री कैप्टन अमरिंदर सिंह के बयान पर भाजपा ने कड़ी आपत्ति जताई है ।,सतलुज-यमुना लिंक नहर मामले में पंजाब के मुख्यमंत्री कैप्टन अमरिंदर सिंह के बयान पर भाजपा ने कड़ी आपत्ति जताई है।
train,train-s10911,अमरिंदर सिंह ने एक समाचार से बातचीत में कहा था कि अदालत का फैसला अगर राज्य सरकार के खिलाफ जाता है तो 'पंजाब में आतंकवाद दोबारा पैदा हो जाएगा,अमरिंदर सिंह ने एक समाचार से बातचीत में कहा था कि अदालत का फैसला अगर राज्य सरकार के खिलाफ जाता है तो 'पंजाब में आतंकवाद दोबारा पैदा हो जाएगा
train,train-s10916,भाजपा अमरिंदर के इस बयान की कड़ी आलोचना करती है ।,भाजपा अमरिंदर के इस बयान की कड़ी आलोचना करती है।
train,train-s10918,जिसकी राष्ट्र को भारी कीमत अदा करनी पड़ी थी ।,जिसकी राष्ट्र को भारी कीमत अदा करनी पड़ी थी।
train,train-s10920,"भाजपा ने उम्मीद जताई है कि पंजाब में दोबारा आंतकवाद नहीं भड़केगा, जिसकी वजह से राष्ट्र को भारी कीमत चुकानी पड़ी थी ।","भाजपा ने उम्मीद जताई है कि पंजाब में दोबारा आंतकवाद नहीं भड़केगा, जिसकी वजह से राष्ट्र को भारी कीमत चुकानी पड़ी थी।"
train,train-s10954,उ.प्र. ने केंद्र के सामने 18 हजार करोड़ रुपये से ज्यादा के विशेष पैकेज की मांग रखी है ।,उ.प्र. ने केंद्र के सामने 18 हजार करोड़ रुपये से ज्यादा के विशेष पैकेज की मांग रखी है।
train,train-s10957,सम्मेलन के उद्घाटन सत्र में मुलायम का लिखित भाषण पढ़ा गया ।,सम्मेलन के उद्घाटन सत्र में मुलायम का लिखित भाषण पढ़ा गया।
train,train-s10958,उन्होंने कहा है कि राज्य सरकार सामाजिक और आर्थिक पिछड़ापन दूर करने के लिए संसाधनों में वृद्धि का प्रयास कर रही है ।,उन्होंने कहा है कि राज्य सरकार सामाजिक और आर्थिक पिछड़ापन दूर करने के लिए संसाधनों में वृद्धि का प्रयास कर रही है।
train,train-s10959,वर्ष 2004 - 05 के बजट में पिछले वर्ष की तुलना में करों से आय में 17 फीसदी की बढ़ोतरी का लक्ष्य रखा गया है ।,वर्ष 2004-05 के बजट में पिछले वर्ष की तुलना में करों से आय में 17 फीसदी की बढ़ोतरी का लक्ष्य रखा गया है।
train,train-s10960,"इसके बावजूद संसाधनों की कमी को पूरा करने के लिए केंद्र सरकार से 18,230 करोड़ रुपये वित्तीय सहायता की मांग की है ।","इसके बावजूद संसाधनों की कमी को पूरा करने के लिए केंद्र सरकार से 18,230 करोड़ रुपये वित्तीय सहायता की मांग की है।"
train,train-s10964,इस संबंध में राज्य ने प्रस्ताव भेजा था कि शिक्षित बेरोजगारों का उत्साह बनाए रखने तथा उन्हें समाज की मुख्य धारा से जोड़ने के लिए बेरोजगारी भत्ता देना आवश्यक है ।,इस संबंध में राज्य ने प्रस्ताव भेजा था कि शिक्षित बेरोजगारों का उत्साह बनाए रखने तथा उन्हें समाज की मुख्य धारा से जोड़ने के लिए बेरोजगारी भत्ता देना आवश्यक है।
train,train-s10972,कश्मीर घाटी में सुरक्षाबलों ने बड़ी सफलता हासिल करते हुए लश्कर - ए - ताइबा के नेटवर्क का भंडाफोड़ किया है ।,कश्मीर घाटी में सुरक्षाबलों ने बड़ी सफलता हासिल करते हुए लश्कर-ए-ताइबा के नेटवर्क का भंडाफोड़ किया है।
train,train-s10975,एक वरिष्ठ पुलिस अधिकारी ने बताया कि 15 जून को अहमदाबाद में जो चार आतंकी पुलिस मुठभेड़ में मारे गए थे उनका संबंध भी इन आतंकियों से था ।,एक वरिष्ठ पुलिस अधिकारी ने बताया कि 15 जून को अहमदाबाद में जो चार आतंकी पुलिस मुठभेड़ में मारे गए थे उनका संबंध भी इन आतंकियों से था।
train,train-s10978,श्रीनगर पुलिस के विशेष जांच दल को पता लगा है कि इन आतंकियों का संबंध अहमदाबाद में 15 जून को मुठभेड़ में मारे गए चार आतंकियों से भी था ।,श्रीनगर पुलिस के विशेष जांच दल को पता लगा है कि इन आतंकियों का संबंध अहमदाबाद में 15 जून को मुठभेड़ में मारे गए चार आतंकियों से भी था।
train,train-s10981,गोपाल शर्मा ने बताया कि इन आतंकियों को पिछले तीन दिनों के दौरान श्रीनगर के विभिन्न इलाकों से पकड़ा गया है ।,गोपाल शर्मा ने बताया कि इन आतंकियों को पिछले तीन दिनों के दौरान श्रीनगर के विभिन्न इलाकों से पकड़ा गया है।
train,train-s10982,ये आतंकी कुछ बड़े लोगों की हत्याओं में शामिल थे ।,ये आतंकी कुछ बड़े लोगों की हत्याओं में शामिल थे।
train,train-s10997,"कई राज्यों में आशंकित मंत्रियों ने तो इस पर सवाल भी खड़े करना शुरू कर दिए हैं, क्योंकि इस तरह असंतुष्ट खेमों के मंत्रियों को निशाना बनाया जा सकता है ।","कई राज्यों में आशंकित मंत्रियों ने तो इस पर सवाल भी खड़े करना शुरू कर दिए हैं, क्योंकि इस तरह असंतुष्ट खेमों के मंत्रियों को निशाना बनाया जा सकता है।"
train,train-s10998,छवि का तर्क मंत्रिमंडल से हटाए गए मंत्रियों के खिलाफ उलटा पड़ सकता है ।,छवि का तर्क मंत्रिमंडल से हटाए गए मंत्रियों के खिलाफ उलटा पड़ सकता है।
train,train-s11005,कांग्रेस को हटाए गए मंत्रियों में से कई को जगह देने के लिए राज्य इकाईयों में भी फेरबदल करना पड़ सकता है ।,कांग्रेस को हटाए गए मंत्रियों में से कई को जगह देने के लिए राज्य इकाईयों में भी फेरबदल करना पड़ सकता है।
train,train-s11009,बुधवार को जारी वार्षिक अंतर्राष्ट्रीय भ्रष्टाचार सूचकांक में लगातार चौथे साल पड़ोसी मुल्क बांग्लादेश को सर्वाधिक भ्रष्ट देश बताया गया है ।,बुधवार को जारी वार्षिक अंतर्राष्ट्रीय भ्रष्टाचार सूचकांक में लगातार चौथे साल पड़ोसी मुल्क बांग्लादेश को सर्वाधिक भ्रष्ट देश बताया गया है।
train,train-s11013,हालांकि भ्रष्टाचार के क्षेत्र में भारत में थोड़ा सुधार हुआ है ।,हालांकि भ्रष्टाचार के क्षेत्र में भारत में थोड़ा सुधार हुआ है।
train,train-s11014,वर्ष २००२ में यह आंकड़ा २.१ था ।,वर्ष २००२ में यह आंकड़ा २.१ था।
train,train-s11016,इस सूचकांक में टीआई ने सरकारी कामकाज में रिश्वत और इससे संबंधित कारणों से गंवाई गई रकम के सांख्यिकी आंकड़े दिए गए हैं ।,इस सूचकांक में टीआई ने सरकारी कामकाज में रिश्वत और इससे संबंधित कारणों से गंवाई गई रकम के सांख्यिकी आंकड़े दिए गए हैं।
train,train-s11025,जबकि नाइजीरिया ने इससे थोड़ा ही बेहतर प्रदर्शन करके १४४ रैंक के साथ १.६ अंक अर्जित किए हैं ।,जबकि नाइजीरिया ने इससे थोड़ा ही बेहतर प्रदर्शन करके १४४ रैंक के साथ १.६ अंक अर्जित किए हैं।
train,train-s11026,रिपोर्ट के अनुसार भ्रष्टाचार के क्षेत्र में पड़ोसी देश चीन ने ७१वाँ रैंक हासिल कर ३.४ अंक सुरक्षित किए हैं ।,रिपोर्ट के अनुसार भ्रष्टाचार के क्षेत्र में पड़ोसी देश चीन ने ७१वाँ रैंक हासिल कर ३.४ अंक सुरक्षित किए हैं।
train,train-s11028,'टेनिस एल्बो' की सर्जरी कराने के बाद मास्टर बल्लेबाज सचिन तेंदुलकर क्या फिर से अपने सर्वश्रेष्ठ फॉर्म को वापस पाने में कामयाब होंगे ।,'टेनिस एल्बो' की सर्जरी कराने के बाद मास्टर बल्लेबाज सचिन तेंदुलकर क्या फिर से अपने सर्वश्रेष्ठ फॉर्म को वापस पाने में कामयाब होंगे।
train,train-s11029,या फिर वह गेंदबाजों के लिए हव्वा बने 'विस्फोटक सचिन' की छाया मात्र ही साबित होंगे ।,या फिर वह गेंदबाजों के लिए हव्वा बने 'विस्फोटक सचिन' की छाया मात्र ही साबित होंगे।
train,train-s11032,इस पर भी बोर्ड के प्रमुख मेडिकल विशेषज्ञ के यह कहने से सवालिया निशान लग गया है कि 'टेनिस एल्बो' से उबरना खिलाड़ियों पर अलग - अलग निर्भर करता है ।,इस पर भी बोर्ड के प्रमुख मेडिकल विशेषज्ञ के यह कहने से सवालिया निशान लग गया है कि 'टेनिस एल्बो' से उबरना खिलाड़ियों पर अलग-अलग निर्भर करता है।
train,train-s11033,"बीसीसीआई के चिकित्सा सलाहकार डॉ. अनंत जोशी ने कहा, 'यह एक अलग तरह की समस्या है ।","बीसीसीआई के चिकित्सा सलाहकार डॉ. अनंत जोशी ने कहा, 'यह एक अलग तरह की समस्या है।"
train,train-s11034,कुछ खिलाड़ी जल्दी ठीक हो जाते हैं लेकिन यह बात सभी पर लागू नहीं होती है,कुछ खिलाड़ी जल्दी ठीक हो जाते हैं लेकिन यह बात सभी पर लागू नहीं होती है
train,train-s11036,"जोशी ने कहा, 'वह इंग्लैंड चले गए और वहाँ उन्होंने सर्जरी करा ली","जोशी ने कहा, 'वह इंग्लैंड चले गए और वहाँ उन्होंने सर्जरी करा ली"
train,train-s11038,"डॉ. जोशी ने कहा, 'मुझे कहा गया है कि वह सर्जरी के बाद अच्छी तरह से इस समस्या से उबर रहे हैं ।","डॉ. जोशी ने कहा, 'मुझे कहा गया है कि वह सर्जरी के बाद अच्छी तरह से इस समस्या से उबर रहे हैं।"
train,train-s11039,"तेंदुलकर के सभी तरह के शॉट खेलने में सक्षम होने की बात पर जोशी ने कहा, 'सचिन की बगैर जांच किए मेरे लिए इस पर टिथी करना बेमानी होगा","तेंदुलकर के सभी तरह के शॉट खेलने में सक्षम होने की बात पर जोशी ने कहा, 'सचिन की बगैर जांच किए मेरे लिए इस पर टिथी करना बेमानी होगा"
train,train-s11040,"भारतीय क्रिकेटरों के हमेशा चोटिल रहने की समस्या के बारे में बोर्ड के चिकित्सा सलाहकार ने कहा, 'यह समस्या समूचे विश्व के क्रिकेटरों की है ।","भारतीय क्रिकेटरों के हमेशा चोटिल रहने की समस्या के बारे में बोर्ड के चिकित्सा सलाहकार ने कहा, 'यह समस्या समूचे विश्व के क्रिकेटरों की है।"
train,train-s11041,आजकल खिलाड़ी अधिकांशतः चोटिल होते हैं क्योंकि मैचों की संख्या और प्रतिस्पर्धा में बढ़ोत्तरी हुई है,आजकल खिलाड़ी अधिकांशतः चोटिल होते हैं क्योंकि मैचों की संख्या और प्रतिस्पर्धा में बढ़ोत्तरी हुई है
train,train-s11042,"तेज गेंदबाजों के अधिक चोटिल होने की बात स्वीकारते हुए जोशी ने कहा, 'पेसरों को समय - समय पर आराम की जरूरत होती है लेकिन भारत में यह आराम नहीं मिल पाता है","तेज गेंदबाजों के अधिक चोटिल होने की बात स्वीकारते हुए जोशी ने कहा, 'पेसरों को समय-समय पर आराम की जरूरत होती है लेकिन भारत में यह आराम नहीं मिल पाता है"
train,train-s11046,"वरिष्ठ वकील रामचंदर राव, मजलिस - ए - इत्तेहादुल मुस्लमीन के वकील असादुद्दीन ओवैसी, कांग्रेस के पूर्व मंत्री मोहम्मद जानी और टीडीपी के लाल जान बाशा ने बताया कि उन्होंने अदालत के समक्ष अपना पक्ष रखा कि राज्य की ८० प्रतिशत मुस्लिम आबादी सामाजिक, आर्थिक एवं शैक्षणिक रूप से पिछड़ी हुई है और सरकारी नौकरियों में उनका प्रतिशत नगण्य है ।","वरिष्ठ वकील रामचंदर राव, मजलिस-ए-इत्तेहादुल मुस्लमीन के वकील असादुद्दीन ओवैसी, कांग्रेस के पूर्व मंत्री मोहम्मद जानी और टीडीपी के लाल जान बाशा ने बताया कि उन्होंने अदालत के समक्ष अपना पक्ष रखा कि राज्य की ८० प्रतिशत मुस्लिम आबादी सामाजिक, आर्थिक एवं शैक्षणिक रूप से पिछड़ी हुई है और सरकारी नौकरियों में उनका प्रतिशत नगण्य है।"
train,train-s11047,राव ने कहा कि 'अगर किसी दूसरे संप्रदाय की पिछड़ी जाति के किसी व्यक्ति को आरक्षण मिल सकता है तो आखिर अल्पसंख्यक समुदाय (मुस्लिम) के किसी व्यक्ति को यह सुविधा क्यों नहीं मिलनी चाहिए,राव ने कहा कि 'अगर किसी दूसरे संप्रदाय की पिछड़ी जाति के किसी व्यक्ति को आरक्षण मिल सकता है तो आखिर अल्पसंख्यक समुदाय (मुस्लिम) के किसी व्यक्ति को यह सुविधा क्यों नहीं मिलनी चाहिए
train,train-s11048,"उन्होंने यह भी कहा कि राज्य में मुसलमानों को सिर्फ अल्पसंख्यक समुदाय के होने के कारण ही आरक्षण देने की जरूरत नहीं है, बल्कि इसलिए भी कि वे पिछड़े वर्गो का एक बहुत बड़ा हिस्सा हैं ।","उन्होंने यह भी कहा कि राज्य में मुसलमानों को सिर्फ अल्पसंख्यक समुदाय के होने के कारण ही आरक्षण देने की जरूरत नहीं है, बल्कि इसलिए भी कि वे पिछड़े वर्गो का एक बहुत बड़ा हिस्सा हैं।"
train,train-s11049,राव ने कहा कि आरक्षण देने के लिए सरकार का फैसला मुसलमानों की स्थिति के मद्देनजर संग्रह किए गए आंकड़ों पर आधारित है और सरकार द्वारा पिछड़े वर्गो के लिए गठित आंध्र प्रदेश आयोग से मशविरा आवश्यक नहीं है ।,राव ने कहा कि आरक्षण देने के लिए सरकार का फैसला मुसलमानों की स्थिति के मद्देनजर संग्रह किए गए आंकड़ों पर आधारित है और सरकार द्वारा पिछड़े वर्गो के लिए गठित आंध्र प्रदेश आयोग से मशविरा आवश्यक नहीं है।
train,train-s11050,"बहरहाल, याचिका कर्ताओं की ओर से अदालत में मौजूद हुए वकील डी. वी. सीताराम मूर्ति ने कहा कि 'अल्पसंख्यक कल्याण रिपोर्ट' को पीठ के समक्ष पेश किया गया था ।","बहरहाल, याचिका कर्ताओं की ओर से अदालत में मौजूद हुए वकील डी. वी. सीताराम मूर्ति ने कहा कि 'अल्पसंख्यक कल्याण रिपोर्ट' को पीठ के समक्ष पेश किया गया था।"
train,train-s11053,उन्होंने कहा कि सरकार के इस फैसले से सामाजिक एवं आर्थिक दृष्टि से पिछड़े मुसलमानों की स्थिति सुधरेगी ।,उन्होंने कहा कि सरकार के इस फैसले से सामाजिक एवं आर्थिक दृष्टि से पिछड़े मुसलमानों की स्थिति सुधरेगी।
train,train-s11060,जबकि अभिनेत्री का आरोप है कि भंडारकर ने उसे फिल्म में लेने और उससे शादी करने का वादा करके १६ दफा उसका यौन उत्पीड़न किया ।,जबकि अभिनेत्री का आरोप है कि भंडारकर ने उसे फिल्म में लेने और उससे शादी करने का वादा करके १६ दफा उसका यौन उत्पीड़न किया।
train,train-s11065,उरी - मुजफ्फराबाद और सुचेतगढ़ - सियालकोट मार्ग खोले जाने के सवाल पर उन्होंने कहा कि सीमा पर सेना की कटौती नहीं होगी ।,उरी-मुजफ्फराबाद और सुचेतगढ़-सियालकोट मार्ग खोले जाने के सवाल पर उन्होंने कहा कि सीमा पर सेना की कटौती नहीं होगी।
train,train-s11071,रक्षा मंत्री ने सीमा पर तैनात भारतीय जवानों के साथ 'बड़ा खाना' खाया ।,रक्षा मंत्री ने सीमा पर तैनात भारतीय जवानों के साथ 'बड़ा खाना' खाया।
train,train-s11085,भाजपा प्रवक्ता यशवंत सिन्हा ने गोवा के राज्यपाल केदारनाथ साहनी को हटाए जाने के प्रयासों की कड़ी निंदा की ।,भाजपा प्रवक्ता यशवंत सिन्हा ने गोवा के राज्यपाल केदारनाथ साहनी को हटाए जाने के प्रयासों की कड़ी निंदा की।
train,train-s11089,अनपरा - ओबरा ४०० के. वी. पारेषण लाइन में आई गड़बड़ी के कारण अनपरा व ओबरा बिजलीघरों की ज्यादातर इकाइयां एकाएक बंद हो गई ।,अनपरा-ओबरा ४०० के. वी. पारेषण लाइन में आई गड़बड़ी के कारण अनपरा व ओबरा बिजलीघरों की ज्यादातर इकाइयां एकाएक बंद हो गई।
train,train-s11096,सवेरे नौ बजे से दोपहर ढाई बजे तक भी बिजली नहीं आई तो शक्ति भवन में फोन खड़कने शुरु हो गए ।,सवेरे नौ बजे से दोपहर ढाई बजे तक भी बिजली नहीं आई तो शक्ति भवन में फोन खड़कने शुरु हो गए।
train,train-s11097,तभी पता लगा कि दोपहर करीब १.२० बजे अनपरा - ओबरा ४०० के. वी. पारेषण लाइन के ओबरा छोर पर सर्किट ब्रेकर में गड़बड़ी होने से यह लाइन निष्क्रिय हो गई ।,तभी पता लगा कि दोपहर करीब १.२० बजे अनपरा-ओबरा ४०० के. वी. पारेषण लाइन के ओबरा छोर पर सर्किट ब्रेकर में गड़बड़ी होने से यह लाइन निष्क्रिय हो गई।
train,train-s11100,जिससे आपूर्ति व्यवस्था बुरी तरह लड़खड़ा गई ।,जिससे आपूर्ति व्यवस्था बुरी तरह लड़खड़ा गई।
train,train-s11101,"जिस समय गड़बड़ी हुई, उस समय बिजलीघरों में लगभग २,१०० मेगावाट उत्पादन हो रहा था जो एकाएक शून्य पर पहुँच गया ।","जिस समय गड़बड़ी हुई, उस समय बिजलीघरों में लगभग २,१०० मेगावाट उत्पादन हो रहा था जो एकाएक शून्य पर पहुँच गया।"
train,train-s11105,लखनऊ के नींबू पार्क और एसजीपीजीआई पारेषण उपकेंद्रों को छोड़कर पूरे प्रदेश में बिजली की आकस्मिक कटौती कर दी गई ।,लखनऊ के नींबू पार्क और एसजीपीजीआई पारेषण उपकेंद्रों को छोड़कर पूरे प्रदेश में बिजली की आकस्मिक कटौती कर दी गई।
train,train-s11109,शाम को अनपरा की २१० मेगावाट की एक तथा ओबरा की २०० मेगावाट की १३ नंबर इकाई को चालू भी कर दिया गया किंतु तकनीकी गड़बड़ी के कारण अनपरा की ५०० मेगावाट क्षमता की चार नंबर तथा २१० मेगावाट क्षमता की दो नंबर इकाई को फिलहाल चलाना संभव नहीं होगा ।,शाम को अनपरा की २१० मेगावाट की एक तथा ओबरा की २०० मेगावाट की १३ नंबर इकाई को चालू भी कर दिया गया किंतु तकनीकी गड़बड़ी के कारण अनपरा की ५०० मेगावाट क्षमता की चार नंबर तथा २१० मेगावाट क्षमता की दो नंबर इकाई को फिलहाल चलाना संभव नहीं होगा।
train,train-s11123,जनता दल (यू) ने कहा है कि भाजपा से कुछ मुद्दों पर मतभेद होने के बावजूद दोनों दलों के गठबंधन पर कोई असर नहीं पड़ेगा ।,जनता दल (यू) ने कहा है कि भाजपा से कुछ मुद्दों पर मतभेद होने के बावजूद दोनों दलों के गठबंधन पर कोई असर नहीं पड़ेगा।
train,train-s11126,"शरद यादव गैर सहायता प्राप्त शिक्षण संस्थानों में अनुसूचित जाति, अनुसूचित जनजाति और आर्थिक रूप से पिछड़े वर्गों को आरक्षण के लिए संविधान संशोधन और संसद से दागी मंत्रियों के निष्कासन को लेकर दोनों पार्टियों के बीच पैदा हुए मतभेद पर संवाददाताओं के सवालों का जवाब दे रहे थे ।","शरद यादव गैर सहायता प्राप्त शिक्षण संस्थानों में अनुसूचित जाति, अनुसूचित जनजाति और आर्थिक रूप से पिछड़े वर्गों को आरक्षण के लिए संविधान संशोधन और संसद से दागी मंत्रियों के निष्कासन को लेकर दोनों पार्टियों के बीच पैदा हुए मतभेद पर संवाददाताओं के सवालों का जवाब दे रहे थे।"
train,train-s11135,राज ने अपने चचेरे भाई व शिवसेना के कार्यकारी अध्यक्ष उद्घव ठाकरे से मतभेद के बाद पार्टी छोड़ दी थी ।,राज ने अपने चचेरे भाई व शिवसेना के कार्यकारी अध्यक्ष उद्घव ठाकरे से मतभेद के बाद पार्टी छोड़ दी थी।
train,train-s11140,मुलाकात के दौरान भाजपा के साथ किसी तरह के गठजोड़ पर चर्चा होने से उन्होंने इनकार किया ।,मुलाकात के दौरान भाजपा के साथ किसी तरह के गठजोड़ पर चर्चा होने से उन्होंने इनकार किया।
train,train-s11143,समाजवादी पार्टी के नेता अमर सिंह ने बृहस्पतिवार को कहा कि यदि कांग्रेस अध्यक्ष सोनिया गांधी द्वारा लोकसभा की सीट से दिया गया इस्तीफा त्याग है तो उन्हें दोबारा चुनाव नहीं लड़ना चाहिए ।,समाजवादी पार्टी के नेता अमर सिंह ने बृहस्पतिवार को कहा कि यदि कांग्रेस अध्यक्ष सोनिया गांधी द्वारा लोकसभा की सीट से दिया गया इस्तीफा त्याग है तो उन्हें दोबारा चुनाव नहीं लड़ना चाहिए।
train,train-s11159,तंजानिया के मूल निवासी इस आतंकी के सिर पर केन्या और तंजानिया के अमेरिकी दूतावासों में बम विस्फोट करने के आरोप में ढाई करोड़ डॉलर का इनाम घोषित था ।,तंजानिया के मूल निवासी इस आतंकी के सिर पर केन्या और तंजानिया के अमेरिकी दूतावासों में बम विस्फोट करने के आरोप में ढाई करोड़ डॉलर का इनाम घोषित था।
train,train-s11160,अल - कायदा आतंकी को पकड़े जाने की जानकारी पाकिस्तानी राष्ट्रपति परवेज मुशर्रफ ने दी है ।,अल-कायदा आतंकी को पकड़े जाने की जानकारी पाकिस्तानी राष्ट्रपति परवेज मुशर्रफ ने दी है।
train,train-s11161,राष्ट्रपति मुशर्रफ के हवाले से एक पाकिस्तानी दैनिक में प्रकाशित रिपोर्ट के मुताबिक इस कट्टर आतंकी को पिछले रविवार को 15 घंटे की मुठभेड़ के बाद गिरफ्तार किया जा सका ।,राष्ट्रपति मुशर्रफ के हवाले से एक पाकिस्तानी दैनिक में प्रकाशित रिपोर्ट के मुताबिक इस कट्टर आतंकी को पिछले रविवार को 15 घंटे की मुठभेड़ के बाद गिरफ्तार किया जा सका।
train,train-s11162,इस अभियान में आतंकी की उजबेक पत्नी और उसके परिवार के अन्य सदस्यों के अलावा दो दक्षिण अफ्रीकी नागरिक भी पकड़े गए हैं ।,इस अभियान में आतंकी की उजबेक पत्नी और उसके परिवार के अन्य सदस्यों के अलावा दो दक्षिण अफ्रीकी नागरिक भी पकड़े गए हैं।
train,train-s11164,राष्ट्रपति मुशर्रफ ने पकड़े गए आतंकी का नाम नहीं बताया लेकिन 'द पाकिस्तान अब्जर्वर' नामक दैनिक ने एक अधिकारी के हवाले से लिखा है कि यह और कोई नहीं कुख्यात अहमद खलफान घैलानी है ।,राष्ट्रपति मुशर्रफ ने पकड़े गए आतंकी का नाम नहीं बताया लेकिन 'द पाकिस्तान अब्जर्वर' नामक दैनिक ने एक अधिकारी के हवाले से लिखा है कि यह और कोई नहीं कुख्यात अहमद खलफान घैलानी है।
train,train-s11167,पाकिस्तानी गृहमंत्री फैसल सालेह हयात ने पकड़े गए आतंकी की पहचान घैलानी के रूप में की है और कहा है कि यह अंतर्राष्ट्रीय आतंकवाद के खिलाफ लड़ाई में एक बड़ी जीत है ।,पाकिस्तानी गृहमंत्री फैसल सालेह हयात ने पकड़े गए आतंकी की पहचान घैलानी के रूप में की है और कहा है कि यह अंतर्राष्ट्रीय आतंकवाद के खिलाफ लड़ाई में एक बड़ी जीत है।
train,train-s11168,हयात ने कहा कि उससे पूछताछ कर यह पता किया जाएगा कि पाकिस्तान में उसके तार किन और आतंकियों से जुड़े हैं ।,हयात ने कहा कि उससे पूछताछ कर यह पता किया जाएगा कि पाकिस्तान में उसके तार किन और आतंकियों से जुड़े हैं।
train,train-s11170,घैलानी अमेरिकी खुफिया एजेंसी एफबीआई के मोस्ट वांटेड आतंकियों में से था और अमेरिकी सरकार ने उसके सिर पर ढाई करोड़ डॉलर का इनाम घोषित कर रखा था ।,घैलानी अमेरिकी खुफिया एजेंसी एफबीआई के मोस्ट वांटेड आतंकियों में से था और अमेरिकी सरकार ने उसके सिर पर ढाई करोड़ डॉलर का इनाम घोषित कर रखा था।
train,train-s11171,घैलानी मार्च 2003 में पकड़े गए खालिद शेख मोहम्मद के बाद पाकिस्तान में पकड़ा जाने वाला सबसे प्रमुख अल कायदा आतंकी है ।,घैलानी मार्च 2003 में पकड़े गए खालिद शेख मोहम्मद के बाद पाकिस्तान में पकड़ा जाने वाला सबसे प्रमुख अल कायदा आतंकी है।
train,train-s11172,घैलानी की उम्र 30 साल से कुछ ज्यादा है और उसे 'फूफी' व 'अहमद द तंजानियन' के नाम से भी जाना जाता है ।,घैलानी की उम्र 30 साल से कुछ ज्यादा है और उसे 'फूफी' व 'अहमद द तंजानियन' के नाम से भी जाना जाता है।
train,train-s11217,उन्होंने सिंगापुर की कंपनियों से भारत में बुनियादी ढांचा क्षेत्र में बढ़ - चढ़कर निवेश करने की अपील की है ।,उन्होंने सिंगापुर की कंपनियों से भारत में बुनियादी ढांचा क्षेत्र में बढ़-चढ़कर निवेश करने की अपील की है।
train,train-s11218,लूंग ने भारतीय नौकरशाही को आड़े हाथों लेते हुए कहा कि यह बहुत ही जटिल है और विदेशियों के लिए इसे समझने में बहुत समय लगता है ।,लूंग ने भारतीय नौकरशाही को आड़े हाथों लेते हुए कहा कि यह बहुत ही जटिल है और विदेशियों के लिए इसे समझने में बहुत समय लगता है।
train,train-s11226,"उन्होंने कहा कि हमारी कंपनियां भी शहरी विकास, आवास और निर्माण क्षेत्रों से जुड़ी परियोजनाओं में सिंगापुर की कंपनियों के साथ साझेदारी के लिए तैयार हैं ।","उन्होंने कहा कि हमारी कंपनियां भी शहरी विकास, आवास और निर्माण क्षेत्रों से जुड़ी परियोजनाओं में सिंगापुर की कंपनियों के साथ साझेदारी के लिए तैयार हैं।"
train,train-s11239,"उन्होंने कहा कि आपदा प्रबंधन कार्यक्रम में सूचना प्रौद्योगिकी का इस्तेमाल जीआईएस, रिमोट सेंसिंग, उपग्रह संचार और इंटरनेट के रूप में बड़ी भूमिका निभा सकता है ।","उन्होंने कहा कि आपदा प्रबंधन कार्यक्रम में सूचना प्रौद्योगिकी का इस्तेमाल जीआईएस, रिमोट सेंसिंग, उपग्रह संचार और इंटरनेट के रूप में बड़ी भूमिका निभा सकता है।"
train,train-s11265,प्रतिष्ठित अंतर्राष्ट्रीय साप्ताहिक पत्रिका 'बिजनेस वीक' ने इससे संबंधित एक लेख प्रकाशित करते हुए कहा है कि मदर टेरेसा के मित्र और मुंबई के आर्कबिशप डिवॉन डॉयज भी इस पद के प्रबल उत्तराधिकारी हैं ।,प्रतिष्ठित अंतर्राष्ट्रीय साप्ताहिक पत्रिका 'बिजनेस वीक' ने इससे संबंधित एक लेख प्रकाशित करते हुए कहा है कि मदर टेरेसा के मित्र और मुंबई के आर्कबिशप डिवॉन डॉयज भी इस पद के प्रबल उत्तराधिकारी हैं।
train,train-s11267,इस संबंध में जब मुंबई में डॉयज के कार्यालय से टिथी मांगी गई तो उसने इस लेख को 'बकवास' कहकर खारिज कर दिया ।,इस संबंध में जब मुंबई में डॉयज के कार्यालय से टिथी मांगी गई तो उसने इस लेख को 'बकवास' कहकर खारिज कर दिया।
train,train-s11269,पत्रिका के मुताबिक जॉन पॉल के देहावसान होने की स्थिति में 'द कॉलेज ऑफ कॉर्डिनल्स' पोप का चुनाव करेगा ।,पत्रिका के मुताबिक जॉन पॉल के देहावसान होने की स्थिति में 'द कॉलेज ऑफ कॉर्डिनल्स' पोप का चुनाव करेगा।
train,train-s11273,एक अन्य समाचार पत्र 'द ऑस्ट्रेलियन' ने इस प्रकरण पर अपनी टिथी में कहा है कि नए पोप के लिए भाषा और मीडिया की जानकारी भी महत्वपूर्ण बात होगी ।,एक अन्य समाचार पत्र 'द ऑस्ट्रेलियन' ने इस प्रकरण पर अपनी टिथी में कहा है कि नए पोप के लिए भाषा और मीडिया की जानकारी भी महत्वपूर्ण बात होगी।
train,train-s11281,"ताकि, उत्तर प्रदेश व उत्तरांचल में रहने वाले लोगों सहित करोड़ों धार्मिक व देशी - विदेशी पर्यटकों को परेशानी से उबारा जा सके ।","ताकि, उत्तर प्रदेश व उत्तरांचल में रहने वाले लोगों सहित करोड़ों धार्मिक व देशी-विदेशी पर्यटकों को परेशानी से उबारा जा सके।"
train,train-s11283,बढ़ते यातायात और सड़कों की खराब स्थिति की वजह से इन पर जाम लगा रहता है ।,बढ़ते यातायात और सड़कों की खराब स्थिति की वजह से इन पर जाम लगा रहता है।
train,train-s11284,"इसके चलते गंगोत्री, यमुनोत्री, केदारनाथ व हरिद्वार की यात्रा पर जाने वाले करोड़ों श्रद्धालुओं को कष्ट उठाना पड़ता है ।","इसके चलते गंगोत्री, यमुनोत्री, केदारनाथ व हरिद्वार की यात्रा पर जाने वाले करोड़ों श्रद्धालुओं को कष्ट उठाना पड़ता है।"
train,train-s11285,हरीश रावत ने कहा कि वर्ष में दो बार कांवड़ यात्रियों की वजह से राजमार्ग ५८ को पंद्रह - पंद्रह दिनों के लिए बंद करना पड़ता है ।,हरीश रावत ने कहा कि वर्ष में दो बार कांवड़ यात्रियों की वजह से राजमार्ग ५८ को पंद्रह-पंद्रह दिनों के लिए बंद करना पड़ता है।
train,train-s11286,राजमार्ग बंद होने से पश्चिमी उत्तर प्रदेश व उत्तरांचल के आर्थिक विकास की धड़कन भी बंद हो जाती हैं ।,राजमार्ग बंद होने से पश्चिमी उत्तर प्रदेश व उत्तरांचल के आर्थिक विकास की धड़कन भी बंद हो जाती हैं।
train,train-s11289,"इसके तहत दिल्ली, उत्तर प्रदेश, चंडीगढ़, मुंबई, कोलकाता, राजस्थान और चेन्नई समेत ५४ शहरों में करीब १९८ स्थानों पर छापे मारे गए ।","इसके तहत दिल्ली, उत्तर प्रदेश, चंडीगढ़, मुंबई, कोलकाता, राजस्थान और चेन्नई समेत ५४ शहरों में करीब १९८ स्थानों पर छापे मारे गए।"
train,train-s11290,जिसमें ८० लाख की नकदी बरामद हुई और अवैध रूप से अर्जित १४ करोड़ से अधिक की संपत्ति का पता चला ।,जिसमें ८० लाख की नकदी बरामद हुई और अवैध रूप से अर्जित १४ करोड़ से अधिक की संपत्ति का पता चला।
train,train-s11297,मीणा के घर से जयपुर में एक करोड़ के बंगले के अलावा पैडर रोड पर सवा करोड़ की कीमत के १८ फ्लैटों के कागजात मिले ।,मीणा के घर से जयपुर में एक करोड़ के बंगले के अलावा पैडर रोड पर सवा करोड़ की कीमत के १८ फ्लैटों के कागजात मिले।
train,train-s11304,कांग्रेस ने कहा है कि बिहार के पूर्व प्रदेश अध्यक्ष रामजतन सिन्हा के पार्टी छोड़ने से कोई असर नहीं पड़ेगा ।,कांग्रेस ने कहा है कि बिहार के पूर्व प्रदेश अध्यक्ष रामजतन सिन्हा के पार्टी छोड़ने से कोई असर नहीं पड़ेगा।
train,train-s11306,दोनों एक साथ मिलकर कई चुनाव लड़ चुके हैं ।,दोनों एक साथ मिलकर कई चुनाव लड़ चुके हैं।
train,train-s11310,कांग्रेस प्रवक्ता अभिषेक मनु सिंघवी ने कहा कि रामजतन सिन्हा के पार्टी छोड़ने से चुनाव परिणामों पर किसी तरह का असर नहीं पड़ेगा ।,कांग्रेस प्रवक्ता अभिषेक मनु सिंघवी ने कहा कि रामजतन सिन्हा के पार्टी छोड़ने से चुनाव परिणामों पर किसी तरह का असर नहीं पड़ेगा।
train,train-s11315,रालोद प्रमुख चौधरी अजित सिंह तो तेलंगाना के समर्थन में पहले से खड़े रहे हैं लेकिन यूपीए सरकार में मंत्री के. चंद्रशेखर राव ने मायावती को भी समर्थन में खुलकर आगे आने के लिए राजी कर लिया है ।,रालोद प्रमुख चौधरी अजित सिंह तो तेलंगाना के समर्थन में पहले से खड़े रहे हैं लेकिन यूपीए सरकार में मंत्री के. चंद्रशेखर राव ने मायावती को भी समर्थन में खुलकर आगे आने के लिए राजी कर लिया है।
train,train-s11317,तेलंगाना मुद्दे पर यूपीए के भीतर राष्ट्रवादी कांग्रेस पार्टी जैसे सहयोगी का दवाब झेल रही कांग्रेस के लिए चंद्रशेखर राव का यूपीए के बाहर गोलबंदी की कोशिश मुश्किल बढ़ा सकती है ।,तेलंगाना मुद्दे पर यूपीए के भीतर राष्ट्रवादी कांग्रेस पार्टी जैसे सहयोगी का दवाब झेल रही कांग्रेस के लिए चंद्रशेखर राव का यूपीए के बाहर गोलबंदी की कोशिश मुश्किल बढ़ा सकती है।
train,train-s11322,चंद्रशेखर राव ने अब यूपीए के बाहर भी तेलंगाना को लेकर गोलबंदी शुरू कर दी है जिससे यूपीए के भीतर बखेड़ा खड़ा हो सकता है ।,चंद्रशेखर राव ने अब यूपीए के बाहर भी तेलंगाना को लेकर गोलबंदी शुरू कर दी है जिससे यूपीए के भीतर बखेड़ा खड़ा हो सकता है।
train,train-s11323,सूत्रों के मुताबिक चंद्रशेखर राव ने बसपा प्रमुख मायावती से सोमवार की शाम उनके घर जाकर मुलाकात की और मायावती ने राव को साथ खड़े रहने का भरोसा दिया है ।,सूत्रों के मुताबिक चंद्रशेखर राव ने बसपा प्रमुख मायावती से सोमवार की शाम उनके घर जाकर मुलाकात की और मायावती ने राव को साथ खड़े रहने का भरोसा दिया है।
train,train-s11325,"अजित सिंह तो आज पवार के साथ मिलकर सीडी जारी करने आने वाले थे, लेकिन उन्हें किसी कार्यक्रम में भाग लेने मथुरा जाना पड़ा ।","अजित सिंह तो आज पवार के साथ मिलकर सीडी जारी करने आने वाले थे, लेकिन उन्हें किसी कार्यक्रम में भाग लेने मथुरा जाना पड़ा।"
train,train-s11327,बसपा और रालोद के इस तरह समर्थन में आगे आने से कांग्रेस के लिए इसलिए भी परेशानी बढ़ सकती है क्योंकि यूपीए के सहयोगी वाम दल छोटे राज्य के गठन के खिलाफ हैं ।,बसपा और रालोद के इस तरह समर्थन में आगे आने से कांग्रेस के लिए इसलिए भी परेशानी बढ़ सकती है क्योंकि यूपीए के सहयोगी वाम दल छोटे राज्य के गठन के खिलाफ हैं।
train,train-s11328,चंद्रशेखर राव पहले से वाम दलों के निशाने पर हैं और उनका इस तरह यूपीए के बाहर जाकर लामबंदी करना वामदलों की नाराजगी बढ़ा सकता है ।,चंद्रशेखर राव पहले से वाम दलों के निशाने पर हैं और उनका इस तरह यूपीए के बाहर जाकर लामबंदी करना वामदलों की नाराजगी बढ़ा सकता है।
train,train-s11329,दुनिया के ज्यादातर मुल्क भारतीय पर्यटकों की आवभगत में कोई कोर - कसर नहीं छोड़ना चाहते ।,दुनिया के ज्यादातर मुल्क भारतीय पर्यटकों की आवभगत में कोई कोर-कसर नहीं छोड़ना चाहते।
train,train-s11339,स्पष्ट रूप से उनका इशारा अपनी पत्नी एवं बिहार की पूर्व मुख्यमंत्री राबड़ी देवी की ओर है ।,स्पष्ट रूप से उनका इशारा अपनी पत्नी एवं बिहार की पूर्व मुख्यमंत्री राबड़ी देवी की ओर है।
train,train-s11343,"उन्होंने कहा कि यूपीए सहयोगी राजद, कांग्रेस और राकांपा चार अक्टूबर को न्यूनतम साझा कार्यक्रम 'सीएमपी' की घोषणा करेंगे और इसी के आधार पर चुनाव लड़ा जाएगा ।","उन्होंने कहा कि यूपीए सहयोगी राजद, कांग्रेस और राकांपा चार अक्टूबर को न्यूनतम साझा कार्यक्रम 'सीएमपी' की घोषणा करेंगे और इसी के आधार पर चुनाव लड़ा जाएगा।"
train,train-s11348,"लोजपा नेता रामविलास पासवान के इस आरोप पर कि वह सरकारी नौकरियों में दलित मुस्लिमों को आरक्षण दिलाने के हिमायती नहीं हैं, लालू ने कहा कि हम सीएमपी में इस मुद्दे पर अपना नज़रिया पेश करेंगे ।","लोजपा नेता रामविलास पासवान के इस आरोप पर कि वह सरकारी नौकरियों में दलित मुस्लिमों को आरक्षण दिलाने के हिमायती नहीं हैं, लालू ने कहा कि हम सीएमपी में इस मुद्दे पर अपना नज़रिया पेश करेंगे।"
train,train-s11353,हालांकि निजी तौर पर उन्होंने स्वीकार किया कि नालंदा सीट पर जनता दल (यू) प्रत्याशी श्रवण सिंह की पराजय सुनिश्चित करने की रणनीति के तहत यह सीट रामनरेश के लिए छोड़ी गई है ।,हालांकि निजी तौर पर उन्होंने स्वीकार किया कि नालंदा सीट पर जनता दल (यू) प्रत्याशी श्रवण सिंह की पराजय सुनिश्चित करने की रणनीति के तहत यह सीट रामनरेश के लिए छोड़ी गई है।
train,train-s11354,प्रधानमंत्री मनमोहन सिंह ने धार्मिक आधार पर देश के एक और विभाजन या सीमा फिर से तय करने की संभावना को दृढ़ता से खारिज कर दिया है ।,प्रधानमंत्री मनमोहन सिंह ने धार्मिक आधार पर देश के एक और विभाजन या सीमा फिर से तय करने की संभावना को दृढ़ता से खारिज कर दिया है।
train,train-s11359,"उन्होंने दोटूक कहा, मुझे सीमाओं के पुनर्निर्धारण पर बातचीत करने के लिए जनादेश नहीं मिला है और इन्हीं सीमाओं के अंतर्गत दोनों देशों को शांति प्रक्रिया को आगे बढ़ाने के लिए उचित माहौल बनाना होगा ।","उन्होंने दोटूक कहा, मुझे सीमाओं के पुनर्निर्धारण पर बातचीत करने के लिए जनादेश नहीं मिला है और इन्हीं सीमाओं के अंतर्गत दोनों देशों को शांति प्रक्रिया को आगे बढ़ाने के लिए उचित माहौल बनाना होगा।"
train,train-s11361,प्रधानमंत्री ने स्वीकार किया कि दोनों देशों के लोगों के बीच संपर्क बढ़ाकर बहुत कुछ किया जा सकता है ।,प्रधानमंत्री ने स्वीकार किया कि दोनों देशों के लोगों के बीच संपर्क बढ़ाकर बहुत कुछ किया जा सकता है।
train,train-s11362,प्रधानमंत्री ने यह भी कहा कि पाकिस्तान आतंकवादी शिविरों को उखाड़ने संबंधी अपनी प्रतिबद्धता को जल्द पूरा करे ।,प्रधानमंत्री ने यह भी कहा कि पाकिस्तान आतंकवादी शिविरों को उखाड़ने संबंधी अपनी प्रतिबद्धता को जल्द पूरा करे।
train,train-s11364,"प्रधानमंत्री ने कहा कि कश्मीर समस्या का समाधान पिछले ५७ वर्ष में नहीं हो पाया है, अतः इसके समाधान के लिए कोई समय सीमा निर्धारित करना 'अवास्तविक' होगा ।","प्रधानमंत्री ने कहा कि कश्मीर समस्या का समाधान पिछले ५७ वर्ष में नहीं हो पाया है, अतः इसके समाधान के लिए कोई समय सीमा निर्धारित करना 'अवास्तविक' होगा।"
train,train-s11365,करीब एक घंटे चले सवाल - जवाब में उन्होंने कहा कि दोनों देशों की शांति प्रक्रिया आगे बढ़ रही है ।,करीब एक घंटे चले सवाल-जवाब में उन्होंने कहा कि दोनों देशों की शांति प्रक्रिया आगे बढ़ रही है।
train,train-s11366,आज ऐसा सकारात्मक माहौल है कि 'मूल मसलों' पर विचार किया जा सकता है ।,आज ऐसा सकारात्मक माहौल है कि 'मूल मसलों' पर विचार किया जा सकता है।
train,train-s11367,"हम सभी मसलों पर विचार के लिए तैयार हैं, उन पर भी जिन्हें राष्ट्रपति मुशर्रफ जम्मू कश्मीर का 'मुख्य मुद्दा' कहते हैं ।","हम सभी मसलों पर विचार के लिए तैयार हैं, उन पर भी जिन्हें राष्ट्रपति मुशर्रफ जम्मू कश्मीर का 'मुख्य मुद्दा' कहते हैं।"
train,train-s11369,प्राथमिक सदस्यता से निलंबन के भाजपा के फैसले से तेजतर्रार साध्वी उमा भारती को तगड़ा झटका लगा है ।,प्राथमिक सदस्यता से निलंबन के भाजपा के फैसले से तेजतर्रार साध्वी उमा भारती को तगड़ा झटका लगा है।
train,train-s11371,'नई उमा' भाजपा अध्यक्ष लालकृष्ण आडवाणी और पूर्व प्रधानमंत्री अटल बिहारी वाजपेयी को पिता समान बता रही हैं ।,'नई उमा' भाजपा अध्यक्ष लालकृष्ण आडवाणी और पूर्व प्रधानमंत्री अटल बिहारी वाजपेयी को पिता समान बता रही हैं।
train,train-s11373,हालांकि उन्होंने बुधवार को भी भगवा ध्वज के साथ अयोध्या की 'राम - रोटी पदयात्रा' जारी रखी ।,हालांकि उन्होंने बुधवार को भी भगवा ध्वज के साथ अयोध्या की 'राम-रोटी पदयात्रा' जारी रखी।
train,train-s11374,"बकौल साध्वी, 'इस ध्वज को ऊंचा करने के लिए मैंने बहुत मेहनत की है और अब इसे भ्रष्ट लोगों के हाथ से छीनने के लिए दृढ़प्रतिज्ञ हूं","बकौल साध्वी, 'इस ध्वज को ऊंचा करने के लिए मैंने बहुत मेहनत की है और अब इसे भ्रष्ट लोगों के हाथ से छीनने के लिए दृढ़प्रतिज्ञ हूं"
train,train-s11375,साध्वी ने अपने निलंबन और नोटिस के बारे में प्रतिक्रिया व्यक्त करते हुए कहा कि 'व्यक्तिगत दुश्मनी' और गैर - जिम्मेदाराना बयानबाजी से ऊपर उठकर इस मुद्दे को सुलझाने की जरूरत है ।,साध्वी ने अपने निलंबन और नोटिस के बारे में प्रतिक्रिया व्यक्त करते हुए कहा कि 'व्यक्तिगत दुश्मनी' और गैर-जिम्मेदाराना बयानबाजी से ऊपर उठकर इस मुद्दे को सुलझाने की जरूरत है।
train,train-s11377,अयोध्या मार्च के दौरान पत्रकारों के सामने बड़ी सावधानी से लिखे अपने बयान को पढ़ते हुए उमा ने कहा कि दोनों पक्षों के बीच बातचीत की गुंजाइश है ।,अयोध्या मार्च के दौरान पत्रकारों के सामने बड़ी सावधानी से लिखे अपने बयान को पढ़ते हुए उमा ने कहा कि दोनों पक्षों के बीच बातचीत की गुंजाइश है।
train,train-s11380,"संघ के लोग विचारधारा, व्यवहार, सही कार्यप्रणाली और नई पीढ़ी को सत्ता हस्तांतरण की बात करते हैं, जिसका वे समर्थन करती हैं ।","संघ के लोग विचारधारा, व्यवहार, सही कार्यप्रणाली और नई पीढ़ी को सत्ता हस्तांतरण की बात करते हैं, जिसका वे समर्थन करती हैं।"
train,train-s11382,"'राम - रोटी पदयात्रा' के बाद नई पार्टी बनाने की बात से इनकार करते हुए उमा ने कहा कि यह गैर - राजनीतिक पदयात्रा है, जिसे वे और पार्टी महासचिव अरुण जेटली आंध्र प्रदेश के करीमनगर से शुरू करने वाले थे ।","'राम-रोटी पदयात्रा' के बाद नई पार्टी बनाने की बात से इनकार करते हुए उमा ने कहा कि यह गैर-राजनीतिक पदयात्रा है, जिसे वे और पार्टी महासचिव अरुण जेटली आंध्र प्रदेश के करीमनगर से शुरू करने वाले थे।"
train,train-s11384,"बकौल उमा, लेकिन आडवाणी ने मेरे खराब स्वास्थ्य पर 'एक पिता की तरह चिंता' जताते हुए यात्रा स्थगित कर दी थी ।","बकौल उमा, लेकिन आडवाणी ने मेरे खराब स्वास्थ्य पर 'एक पिता की तरह चिंता' जताते हुए यात्रा स्थगित कर दी थी।"
train,train-s11387,"पदयात्रा के दौरान पार्टी ध्वज का इस्तेमाल नहीं करने की भाजपा महासचिव प्रमोद महाजन की चेतावनी पर उमा ने कहा, 'यह कैसे हो सकता है ।","पदयात्रा के दौरान पार्टी ध्वज का इस्तेमाल नहीं करने की भाजपा महासचिव प्रमोद महाजन की चेतावनी पर उमा ने कहा, 'यह कैसे हो सकता है।"
train,train-s11392,"खासकर गुजरात के मुख्यमंत्री नरेंद्र मोदी को निशाना बनाया जाने की संभावना है, जिन्हें कांग्रेस ने सबसे बड़ा दागी करार दिया है ।","खासकर गुजरात के मुख्यमंत्री नरेंद्र मोदी को निशाना बनाया जाने की संभावना है, जिन्हें कांग्रेस ने सबसे बड़ा दागी करार दिया है।"
train,train-s11395,कांग्रेस के मुताबिक भाजपा ने पिछले सत्र में प्रधानमंत्री को मंत्रिपरिषद का परिचय नहीं कराने दे कर प्रजातांत्रिक परंपराओं को तोड़ा है ।,कांग्रेस के मुताबिक भाजपा ने पिछले सत्र में प्रधानमंत्री को मंत्रिपरिषद का परिचय नहीं कराने दे कर प्रजातांत्रिक परंपराओं को तोड़ा है।
train,train-s11397,दागी मंत्रियों के सवाल पर पिछले सत्र में भी सदन की कार्यवाही को बार - बार स्थगित करना पड़ा था ।,दागी मंत्रियों के सवाल पर पिछले सत्र में भी सदन की कार्यवाही को बार-बार स्थगित करना पड़ा था।
train,train-s11398,कांग्रेस प्रवक्ता आनंद शर्मा ने कहा कि प्रधानमंत्री को मंत्रिपरिषद का परिचय देने से वंचित किया गया और इस तरह भाजपा ने साबित कर दिया कि प्रजातंत्र से जुड़े सिद्धांतों में उसका कोई भरोसा नहीं है ।,कांग्रेस प्रवक्ता आनंद शर्मा ने कहा कि प्रधानमंत्री को मंत्रिपरिषद का परिचय देने से वंचित किया गया और इस तरह भाजपा ने साबित कर दिया कि प्रजातंत्र से जुड़े सिद्धांतों में उसका कोई भरोसा नहीं है।
train,train-s11482,इस बात पर भी भ्रम की स्थिति बनी हुई है कि करीब तीन करोड़ अंशधारकों के खाते में वर्ष २००३ - ०४ के लिए क्या ब्याज दर जमा होगी ।,इस बात पर भी भ्रम की स्थिति बनी हुई है कि करीब तीन करोड़ अंशधारकों के खाते में वर्ष २००३-०४ के लिए क्या ब्याज दर जमा होगी।
train,train-s11484,दरअसल करीब १८ लाख ऐसे अंशधारकों को इसी दर से ब्याज दिया जा चुका है जो या तो सेवानिवृत्त हुए हैं या फिर उनके साथ किसी हादसे के कारण ईपीएफ राशि का भुगतान करना पड़ा है ।,दरअसल करीब १८ लाख ऐसे अंशधारकों को इसी दर से ब्याज दिया जा चुका है जो या तो सेवानिवृत्त हुए हैं या फिर उनके साथ किसी हादसे के कारण ईपीएफ राशि का भुगतान करना पड़ा है।
train,train-s11492,अय्यर गैस की आपूर्ति के लिए भूमि के इस्तेमाल पर पाकिस्तान को दिए जाने वाले ट्रांजिट शुल्क सहित ट्रांजिट व्यवस्था की रूपरेखा तैयार करने के लिए मई के दूसरे पखवाड़े में पाकिस्तान का दौरा करेंगे ।,अय्यर गैस की आपूर्ति के लिए भूमि के इस्तेमाल पर पाकिस्तान को दिए जाने वाले ट्रांजिट शुल्क सहित ट्रांजिट व्यवस्था की रूपरेखा तैयार करने के लिए मई के दूसरे पखवाड़े में पाकिस्तान का दौरा करेंगे।
train,train-s11506,कारोबार में इजाफा करने के लिए मशहूर कंपनियां अपना 'ब्रांड एंबेसडर' बनाती रही हैं ।,कारोबार में इजाफा करने के लिए मशहूर कंपनियां अपना 'ब्रांड एंबेसडर' बनाती रही हैं।
train,train-s11507,इस दौड़ में अब केंद्रीय मंत्रालय भी शामिल हो गए हैं ।,इस दौड़ में अब केंद्रीय मंत्रालय भी शामिल हो गए हैं।
train,train-s11508,स्वास्थ्य एवं परिवार कल्याण मंत्रालय की मशहूर टेनिस खिलाड़ी सानिया मिर्जा को स्वास्थ्य से जुड़े विज्ञापनों में 'ब्रांड एंबेसडर' की तरह पेश करने के बाद केंद्रीय पर्यटन मंत्रालय भी 'ब्रांड एंबेसडर' की तलाश में जुट गया है ।,स्वास्थ्य एवं परिवार कल्याण मंत्रालय की मशहूर टेनिस खिलाड़ी सानिया मिर्जा को स्वास्थ्य से जुड़े विज्ञापनों में 'ब्रांड एंबेसडर' की तरह पेश करने के बाद केंद्रीय पर्यटन मंत्रालय भी 'ब्रांड एंबेसडर' की तलाश में जुट गया है।
train,train-s11509,"पर्यटन मंत्रालय की सबसे बड़ी मुश्किल यह है कि वह कोई ऐसा चेहरा तलाश नहीं कर पा रहा है, जिसे दुनिया के सामने संपूर्ण भारत की तस्वीर के रूप में पेश किया जा सके ।","पर्यटन मंत्रालय की सबसे बड़ी मुश्किल यह है कि वह कोई ऐसा चेहरा तलाश नहीं कर पा रहा है, जिसे दुनिया के सामने संपूर्ण भारत की तस्वीर के रूप में पेश किया जा सके।"
train,train-s11510,उनकी दलील है कि 'ब्रांड एंबेसडर' की नियुक्ति से देश में पर्यटन को बढ़ावा मिलेगा ।,उनकी दलील है कि 'ब्रांड एंबेसडर' की नियुक्ति से देश में पर्यटन को बढ़ावा मिलेगा।
train,train-s11513,'ब्रांड एंबेसडर' के लिए कई मशहूर फिल्मी सितारों के नाम पर विचार भी किया गया ।,'ब्रांड एंबेसडर' के लिए कई मशहूर फिल्मी सितारों के नाम पर विचार भी किया गया।
train,train-s11514,पर इन सितारों के किसी न किसी पार्टी के साथ जुड़े होने की वजह से मंत्रालय नाम तय करने में हिचक रहा है ।,पर इन सितारों के किसी न किसी पार्टी के साथ जुड़े होने की वजह से मंत्रालय नाम तय करने में हिचक रहा है।
train,train-s11515,पर्यटन उद्योग से जुड़े लोग भी फिल्मी सितारे को 'ब्रांड एंबेसडर' बनाने के हक में नहीं हैं ।,पर्यटन उद्योग से जुड़े लोग भी फिल्मी सितारे को 'ब्रांड एंबेसडर' बनाने के हक में नहीं हैं।
train,train-s11517,जबकि ज्यादातर फिल्मी सितारे किसी न किसी पार्टी से जुड़े हुए हैं ।,जबकि ज्यादातर फिल्मी सितारे किसी न किसी पार्टी से जुड़े हुए हैं।
train,train-s11518,खेल जगत की कई मशहूर हस्तियां भी ब्रांड एंबेसडर की दौड़ में शामिल हैं ।,खेल जगत की कई मशहूर हस्तियां भी ब्रांड एंबेसडर की दौड़ में शामिल हैं।
train,train-s11520,"हालांकि, पर्यटन उद्योग से जुड़े कई लोगों ने सचिन तेंदुलकर व शतरंज की दुनिया के बादशाह कहे जाने वाले विश्वनाथ आनंद सहित कई नाम सुझाए हैं ।","हालांकि, पर्यटन उद्योग से जुड़े कई लोगों ने सचिन तेंदुलकर व शतरंज की दुनिया के बादशाह कहे जाने वाले विश्वनाथ आनंद सहित कई नाम सुझाए हैं।"
train,train-s11522,पर्यटन मंत्रालय के वरिष्ठ अधिकारी का कहना है कि पर्यटन उद्योग को बढ़ावा देने के लिए 'ब्रांड एंबेसडर' बेहद जरूरी है ।,पर्यटन मंत्रालय के वरिष्ठ अधिकारी का कहना है कि पर्यटन उद्योग को बढ़ावा देने के लिए 'ब्रांड एंबेसडर' बेहद जरूरी है।
train,train-s11523,निजी कंपनियों के प्रोडक्ट की मार्केटिंग के लिए 'ब्रांड एंबेसडर' का फार्मूला बेहद कामयाब रहा है ।,निजी कंपनियों के प्रोडक्ट की मार्केटिंग के लिए 'ब्रांड एंबेसडर' का फार्मूला बेहद कामयाब रहा है।
train,train-s11524,इसीलिए लोगों में पर्यटन के प्रति जागरूकता लाने और देश में पर्यटन को बढ़ावा देने के लिए पर्यटन राज्य मंत्री ब्रांड एंबेसडर बनाना चाहती हैं ।,इसीलिए लोगों में पर्यटन के प्रति जागरूकता लाने और देश में पर्यटन को बढ़ावा देने के लिए पर्यटन राज्य मंत्री ब्रांड एंबेसडर बनाना चाहती हैं।
train,train-s11525,"बकौल उनके, पर्यटन के लिए ब्रांड एंबेसडर एक या विभिन्न क्षेत्रों से जुड़े ज्यादा लोग भी हो सकते हैं ।","बकौल उनके, पर्यटन के लिए ब्रांड एंबेसडर एक या विभिन्न क्षेत्रों से जुड़े ज्यादा लोग भी हो सकते हैं।"
train,train-s11528,"इनमें सेना की कुछ फाइलें भी हैं, जिन पर दुश्मन देशों की नजरें गड़ी रहती हैं ।","इनमें सेना की कुछ फाइलें भी हैं, जिन पर दुश्मन देशों की नजरें गड़ी रहती हैं।"
train,train-s11529,फाइलों के गायब होने से सैन्य अधिकारियों में हड़कंप मचा हुआ है ।,फाइलों के गायब होने से सैन्य अधिकारियों में हड़कंप मचा हुआ है।
train,train-s11534,जब बैठक के दौरान वरिष्ठ अधिकारियों ने फाइलों की बाबत जानकारी चाही तो ढूंढ़ने पर ये अपने स्थान पर नहीं मिलीं ।,जब बैठक के दौरान वरिष्ठ अधिकारियों ने फाइलों की बाबत जानकारी चाही तो ढूंढ़ने पर ये अपने स्थान पर नहीं मिलीं।
train,train-s11542,सेना के अधिकारियों ने एफआईआर में लिखवाया है कि मंगलवार की देर शाम किसी अज्ञात व्यक्ति ने सब एरिया के कार्यालय का शीशा तोड़कर चोरी की ।,सेना के अधिकारियों ने एफआईआर में लिखवाया है कि मंगलवार की देर शाम किसी अज्ञात व्यक्ति ने सब एरिया के कार्यालय का शीशा तोड़कर चोरी की।
train,train-s11563,प्रधानमंत्री ने मॉरिशस के एक प्रमुख दैनिक समाचार 'ली मारिसिशियन' को दिए गए साक्षात्कार में कहा कि जम्मू कश्मीर मामले पर हमें व्यवहारिक व यथार्थवादी नजरिया रखना होगा ।,प्रधानमंत्री ने मॉरिशस के एक प्रमुख दैनिक समाचार 'ली मारिसिशियन' को दिए गए साक्षात्कार में कहा कि जम्मू कश्मीर मामले पर हमें व्यवहारिक व यथार्थवादी नजरिया रखना होगा।
train,train-s11564,दोनों देशों के बीच राजनीतिक वातावरण और मनोबल बढ़ रहा है ।,दोनों देशों के बीच राजनीतिक वातावरण और मनोबल बढ़ रहा है।
train,train-s11568,दोनों देशों के लोग चाहते हैं कि हम आगे बढ़ें और दोस्ती को एक नया आयाम दें ।,दोनों देशों के लोग चाहते हैं कि हम आगे बढ़ें और दोस्ती को एक नया आयाम दें।
train,train-s11569,दोनों देशों के लोगों में आपसी मेलजोल को बढ़ावा दिए जाने की वकालत करते हुए मनमोहन ने कहा कि इस संबंध में कल उनकी पाकिस्तानी प्रधानमंत्री शुजात हुसैन से भी बातचीत हुई है ।,दोनों देशों के लोगों में आपसी मेलजोल को बढ़ावा दिए जाने की वकालत करते हुए मनमोहन ने कहा कि इस संबंध में कल उनकी पाकिस्तानी प्रधानमंत्री शुजात हुसैन से भी बातचीत हुई है।
train,train-s11576,लाहौर और फैसलाबाद में पटरी से उतरी रावलपिंडी एक्सप्रेस करांची में चल पड़ी है और पहले दो टेस्ट में रनों का अंबार लगाने वाले भारतीय महारथियों के सस्ते में निपट जाने से मुश्किलें और बढ़ा दी हैं ।,लाहौर और फैसलाबाद में पटरी से उतरी रावलपिंडी एक्सप्रेस करांची में चल पड़ी है और पहले दो टेस्ट में रनों का अंबार लगाने वाले भारतीय महारथियों के सस्ते में निपट जाने से मुश्किलें और बढ़ा दी हैं।
train,train-s11579,दूसरी पारी में पाक बल्लेबाजों ने जिम्मेदारी का परिचय दिया और मैच को लगभग अपनी पकड़ में कर लिया ।,दूसरी पारी में पाक बल्लेबाजों ने जिम्मेदारी का परिचय दिया और मैच को लगभग अपनी पकड़ में कर लिया।
train,train-s11583,धुरंधर धोनी भी बाहर जाती गेंद को छेड़ बैठे ।,धुरंधर धोनी भी बाहर जाती गेंद को छेड़ बैठे।
train,train-s11585,सात रन की बढ़त के साथ पाक बल्लेबाजों ने दूसरी पारी में संभलकर खेलना शुरू किया ।,सात रन की बढ़त के साथ पाक बल्लेबाजों ने दूसरी पारी में संभलकर खेलना शुरू किया।
train,train-s11587,पाक को अब तक १८० रनों की बढ़त मिल चुकी है ।,पाक को अब तक १८० रनों की बढ़त मिल चुकी है।
train,train-s11592,बोतलबाजी की घटना के बाद सोमवार को स्टेडियम में सुरक्षा और कड़ी कर दी गई ।,बोतलबाजी की घटना के बाद सोमवार को स्टेडियम में सुरक्षा और कड़ी कर दी गई।
train,train-s11593,खिलाड़ियों की सुरक्षा के लिए एटीएफ की दो अतिरिक्त कंपनियां ग्राउंड पर तैनात कर दी गई ।,खिलाड़ियों की सुरक्षा के लिए एटीएफ की दो अतिरिक्त कंपनियां ग्राउंड पर तैनात कर दी गई।
train,train-s11596,"भाजपा के भीतर नेतृत्व को लेकर दूसरी पीढ़ी का संघर्ष उस वक्त उजागर हो गया, जब भाजपा अध्यक्ष लालकृष्ण आडवाणी की टीम से ऐन आखिर में साध्वी उमा भारती का नाम गायब हो गया ।","भाजपा के भीतर नेतृत्व को लेकर दूसरी पीढ़ी का संघर्ष उस वक्त उजागर हो गया, जब भाजपा अध्यक्ष लालकृष्ण आडवाणी की टीम से ऐन आखिर में साध्वी उमा भारती का नाम गायब हो गया।"
train,train-s11603,"वरुण गांधी, लोकसभा चुनाव के समय भाजपा में शामिल होने वाली नजमा हेपतुल्ला, और पूर्व केंद्रीय मंत्री आरिफ मोहम्मद खान तथा 'ड्रीम गर्ल' हेमा मालिनी, 'तुलसी' स्मृति ईरानी और नवजोत सिंह सिद्धू को राष्ट्रीय कार्यकारिणी में विशेष आमंत्रित के रूप में शामिल किया गया है ।","वरुण गांधी, लोकसभा चुनाव के समय भाजपा में शामिल होने वाली नजमा हेपतुल्ला, और पूर्व केंद्रीय मंत्री आरिफ मोहम्मद खान तथा 'ड्रीम गर्ल' हेमा मालिनी, 'तुलसी' स्मृति ईरानी और नवजोत सिंह सिद्धू को राष्ट्रीय कार्यकारिणी में विशेष आमंत्रित के रूप में शामिल किया गया है।"
train,train-s11607,उमा भारती ने महासचिव का पद संभालने के लिए शर्तों की झड़ी लगा दी थी ।,उमा भारती ने महासचिव का पद संभालने के लिए शर्तों की झड़ी लगा दी थी।
train,train-s11610,उनका इससे भी बड़ा गुनाह है उमा भारती की तिरंगा यात्रा को महाराष्ट्र में तरजीह नहीं देना ।,उनका इससे भी बड़ा गुनाह है उमा भारती की तिरंगा यात्रा को महाराष्ट्र में तरजीह नहीं देना।
train,train-s11614,इसी तरह राजस्थान के राज्यपाल के पद से इस्तीफा देकर दिल्ली की 'सेवा' के लिए लौटे खुराना को पार्टी में उपाध्यक्ष का पद दिए जाने की संभावना व्यक्त की जा रही थी ।,इसी तरह राजस्थान के राज्यपाल के पद से इस्तीफा देकर दिल्ली की 'सेवा' के लिए लौटे खुराना को पार्टी में उपाध्यक्ष का पद दिए जाने की संभावना व्यक्त की जा रही थी।
train,train-s11615,पर उन्हें राष्ट्रीय कार्यकारिणी की सदस्यता से संतोष करना पड़ा है ।,पर उन्हें राष्ट्रीय कार्यकारिणी की सदस्यता से संतोष करना पड़ा है।
train,train-s11625,"मुख्तार अब्बास नक़वी ने कहा कि पार्टी की संसदीय समिति, केंद्रीय चुनाव समिति और अनुशासन समिति आदि का शीघ्र ही गठन कर लिया जाएगा ।","मुख्तार अब्बास नक़वी ने कहा कि पार्टी की संसदीय समिति, केंद्रीय चुनाव समिति और अनुशासन समिति आदि का शीघ्र ही गठन कर लिया जाएगा।"
train,train-s11626,गुप्तचर ब्यूरो को शनिवार दोपहर ही राजधानी के बाजारों में बम विस्फोट करने की साजिश का पता चल गया था लेकिन पुलिस लाखों की भीड़ में बम को तलाश नहीं पाई और शाम को दिल्ली धमाकों से दहल गई ।,गुप्तचर ब्यूरो को शनिवार दोपहर ही राजधानी के बाजारों में बम विस्फोट करने की साजिश का पता चल गया था लेकिन पुलिस लाखों की भीड़ में बम को तलाश नहीं पाई और शाम को दिल्ली धमाकों से दहल गई।
train,train-s11629,इंटरनेशनल कॉल आधुनिक तकनीक के जरिए हुई थी जिसमें आईएसडी की जगह एसटीडी नंबर खुफिया विभाग की पकड़ में आ गया था ।,इंटरनेशनल कॉल आधुनिक तकनीक के जरिए हुई थी जिसमें आईएसडी की जगह एसटीडी नंबर खुफिया विभाग की पकड़ में आ गया था।
train,train-s11631,धनतेरस की पूर्व संध्या और साप्ताहिक अवकाश के कारण बाजारों में भीड़ उमड़ी हुई थी ।,धनतेरस की पूर्व संध्या और साप्ताहिक अवकाश के कारण बाजारों में भीड़ उमड़ी हुई थी।
train,train-s11634,पहाड़गंज के मुख्य बाजार में धमाके के समय भी कुछ दूरी पर पुलिस डॉग स्क्वॉड की मदद से विस्फोटक तलाश रही थी ।,पहाड़गंज के मुख्य बाजार में धमाके के समय भी कुछ दूरी पर पुलिस डॉग स्क्वॉड की मदद से विस्फोटक तलाश रही थी।
train,train-s11646,इन बातों से अलग वे भारतीय सिनेमा की विदेशों में बढ़ती लोकप्रियता से काफी खुश हैं ।,इन बातों से अलग वे भारतीय सिनेमा की विदेशों में बढ़ती लोकप्रियता से काफी खुश हैं।
train,train-s11653,उन्होंने कहा कि शोले फिल्म 'द मैग्नीफिसेंट सेवन' फिल्म से प्रेरित थी और 'मैग्नीफिसेंट सेवन' 'समुराई' नामक फिल्म की रीमेक थी ।,उन्होंने कहा कि शोले फिल्म 'द मैग्नीफिसेंट सेवन' फिल्म से प्रेरित थी और 'मैग्नीफिसेंट सेवन' 'समुराई' नामक फिल्म की रीमेक थी।
train,train-s11661,उन्होंने आगाह किया है कि अगर बढ़ते वित्तीय घाटे पर जल्द काबू न पाया गया तो आर्थिक प्रगति प्रभावित हो सकती है ।,उन्होंने आगाह किया है कि अगर बढ़ते वित्तीय घाटे पर जल्द काबू न पाया गया तो आर्थिक प्रगति प्रभावित हो सकती है।
train,train-s11662,"बृहस्पतिवार को लखनऊ में एलआईसी 'बीमा गोल्ड' पॉलिसी की शुरुआत करते हुए प्रधानमंत्री ने कहा कि 'देश की वित्तीय हालत के बारे में मैं बहुत चिंतित हूं, क्योंकि केंद्र व राज्यों का सम्मिलित वित्तीय घाटा राष्ट्रीय आय का 9 - 10 प्रतिशत हो गया है' ।","बृहस्पतिवार को लखनऊ में एलआईसी 'बीमा गोल्ड' पॉलिसी की शुरुआत करते हुए प्रधानमंत्री ने कहा कि 'देश की वित्तीय हालत के बारे में मैं बहुत चिंतित हूं, क्योंकि केंद्र व राज्यों का सम्मिलित वित्तीय घाटा राष्ट्रीय आय का 9-10 प्रतिशत हो गया है'।"
train,train-s11666,मैं सभी भारतीयों से 'बड़ा' सोचने और अपनी रचनात्मक क्षमता का भरपूर उपयोग करने की अपील करता हूं,मैं सभी भारतीयों से 'बड़ा' सोचने और अपनी रचनात्मक क्षमता का भरपूर उपयोग करने की अपील करता हूं
train,train-s11668,इसके अलावा उन्होंने कुछ राज्य विद्युत बोर्ड में बढ़ते नुकसान पर भी चिंता जताई है ।,इसके अलावा उन्होंने कुछ राज्य विद्युत बोर्ड में बढ़ते नुकसान पर भी चिंता जताई है।
train,train-s11670,प्रधानमंत्री ने सभी राजनीतिक दलों से इस बात की अपील की है कि वे देश की बढ़ती ऊर्जा जरूरतों को पूरा करने के उपायों व साधनों के बारे में सोचें ।,प्रधानमंत्री ने सभी राजनीतिक दलों से इस बात की अपील की है कि वे देश की बढ़ती ऊर्जा जरूरतों को पूरा करने के उपायों व साधनों के बारे में सोचें।
train,train-s11671,"उन्होंने कहा, ""कुछ राज्यों में विद्युत बोर्ड ठीक से काम नहीं कर रहे हैं ।","उन्होंने कहा, ""कुछ राज्यों में विद्युत बोर्ड ठीक से काम नहीं कर रहे हैं।"
train,train-s11672,प्रत्येक वर्ष 25 से 30 हजार करोड़ रुपये का नुकसान हो रहा है ।,प्रत्येक वर्ष 25 से 30 हजार करोड़ रुपये का नुकसान हो रहा है।
train,train-s11674,प्रधानमंत्री ने कहा कि अगर देश को प्रगति करनी है तो राज्य विद्युत बोर्ड की कार्यप्रणाली में सुधार करना पड़ेगा और पारेषण व वितरण घाटे को रोकना पड़ेगा ।,प्रधानमंत्री ने कहा कि अगर देश को प्रगति करनी है तो राज्य विद्युत बोर्ड की कार्यप्रणाली में सुधार करना पड़ेगा और पारेषण व वितरण घाटे को रोकना पड़ेगा।
train,train-s11675,"उन्होंने कहा कि गरीब किसानों को मुफ्त बिजली दी जा सकती है, लेकिन वित्तीय घाटा अगर इसी तरह बढ़ता रहा तो संकट उत्पन्न हो सकता है ।","उन्होंने कहा कि गरीब किसानों को मुफ्त बिजली दी जा सकती है, लेकिन वित्तीय घाटा अगर इसी तरह बढ़ता रहा तो संकट उत्पन्न हो सकता है।"
train,train-s11677,"उन्होंने बताया कि इस संदर्भ में सरकार ने 'भारत निर्माण' ग्रामीण ढांचागत सुविधा विकास कार्यक्रम तैयार किया है, जिस पर अगले चार सालों में एक लाख 74 हजार करोड़ रुपये खर्च किए जाएंगे ।","उन्होंने बताया कि इस संदर्भ में सरकार ने 'भारत निर्माण' ग्रामीण ढांचागत सुविधा विकास कार्यक्रम तैयार किया है, जिस पर अगले चार सालों में एक लाख 74 हजार करोड़ रुपये खर्च किए जाएंगे।"
train,train-s11678,"पूर्व प्रधानमंत्री अटल बिहारी वाजपेयी ने द्रमुक संस्थापक अन्नादुरई का जन्मदिवस देश भर में मनाए जाने की बात क्या कही, एम. करुणानिधि ने उनकी तारीफ में कसीदे पढ़ने शुरू कर दिए हैं ।","पूर्व प्रधानमंत्री अटल बिहारी वाजपेयी ने द्रमुक संस्थापक अन्नादुरई का जन्मदिवस देश भर में मनाए जाने की बात क्या कही, एम. करुणानिधि ने उनकी तारीफ में कसीदे पढ़ने शुरू कर दिए हैं।"
train,train-s11681,"तीन साल पहले जब हम एक ही प्लेटफार्म पर थे, तब भी उन्होंने द्रविड़ आंदोलन और अन्नादुरई के योगदान के बारे में बहुत कुछ कहा था ।","तीन साल पहले जब हम एक ही प्लेटफार्म पर थे, तब भी उन्होंने द्रविड़ आंदोलन और अन्नादुरई के योगदान के बारे में बहुत कुछ कहा था।"
train,train-s11684,नववर्ष की पूर्व संध्या और आमिर की किरण राव से शादी के कारण पार्टी में दावत उड़ाने आए मेहमान कुछ ज्यादा ही खुश नजर आ रहे थे ।,नववर्ष की पूर्व संध्या और आमिर की किरण राव से शादी के कारण पार्टी में दावत उड़ाने आए मेहमान कुछ ज्यादा ही खुश नजर आ रहे थे।
train,train-s11693,"जिस बंगले में पार्टी चल रही थी, उसके आसपास सुरक्षा व्यवस्था कड़ी रखी गई थी ।","जिस बंगले में पार्टी चल रही थी, उसके आसपास सुरक्षा व्यवस्था कड़ी रखी गई थी।"
train,train-s11701,अभी 29 दिसंबर को ही प्लॉजो होटल के बाहर उनके सुरक्षाकर्मियों और मीडियाकर्मियों के बीच झड़प हो गई ।,अभी 29 दिसंबर को ही प्लॉजो होटल के बाहर उनके सुरक्षाकर्मियों और मीडियाकर्मियों के बीच झड़प हो गई।
train,train-s11704,इस शादी में कल तब रंग में भंग पड़ा जब स्वागत समारोह स्थल पर एक मजदूर पेड़ से गिर गया और बुरी तरह घायल हो गया ।,इस शादी में कल तब रंग में भंग पड़ा जब स्वागत समारोह स्थल पर एक मजदूर पेड़ से गिर गया और बुरी तरह घायल हो गया।
train,train-s11711,सौरमंडल के दूसरे सबसे बड़े ग्रह शनि के रहस्यों का पता लगाने के लिए प्रक्षेपित किया गया अमेरिकी - यूरोपीयन कैसिनी - हूयजेंस अंतरिक्ष यान शनि की कक्षा में पहुंच गया है ।,सौरमंडल के दूसरे सबसे बड़े ग्रह शनि के रहस्यों का पता लगाने के लिए प्रक्षेपित किया गया अमेरिकी-यूरोपीयन कैसिनी-हूयजेंस अंतरिक्ष यान शनि की कक्षा में पहुंच गया है।
train,train-s11715,अधिकारी ने बताया कि यह संकेत मिलते ही मिशन के सूचना नियंत्रण में लगे दर्जनों इंजीनियर खुशी से उछल पड़े और कैसिनी की इस सफलता के लिए एक - दूसरे को बधाई दी ।,अधिकारी ने बताया कि यह संकेत मिलते ही मिशन के सूचना नियंत्रण में लगे दर्जनों इंजीनियर खुशी से उछल पड़े और कैसिनी की इस सफलता के लिए एक-दूसरे को बधाई दी।
train,train-s11718,कैसिनी पहली मानव निर्मित वस्तु है जो सौरमंडल के दूसरे सबसे बड़े ग्रह की कक्षा में चक्कर लगाएगा ।,कैसिनी पहली मानव निर्मित वस्तु है जो सौरमंडल के दूसरे सबसे बड़े ग्रह की कक्षा में चक्कर लगाएगा।
train,train-s11719,सौरमंडल का सबसे बड़ा ग्रह बृहस्पति है ।,सौरमंडल का सबसे बड़ा ग्रह बृहस्पति है।
train,train-s11728,इसमें 'स्टार ट्रैक द नेक्स्ट जेनेरेशन' के अभिनेता पैट्रिक स्टीवर्ट और चक नोरिस के हस्ताक्षर भी शामिल हैं ।,इसमें 'स्टार ट्रैक द नेक्स्ट जेनेरेशन' के अभिनेता पैट्रिक स्टीवर्ट और चक नोरिस के हस्ताक्षर भी शामिल हैं।
train,train-s11729,पाकिस्तान के प्रधानमंत्री शौकत अज़ीज़ ने शनिवार को 'इस्लाम के पुनर्जागरण' के लिए मुस्लिम देशों में सहयोग का आह्वान किया है ।,पाकिस्तान के प्रधानमंत्री शौकत अज़ीज़ ने शनिवार को 'इस्लाम के पुनर्जागरण' के लिए मुस्लिम देशों में सहयोग का आह्वान किया है।
train,train-s11731,अज़ीज़ पहले इस्लामिक आर्थिक मंच को संबोधित कर रहे थे ।,अज़ीज़ पहले इस्लामिक आर्थिक मंच को संबोधित कर रहे थे।
train,train-s11732,उन्होंने कहा कि मुस्लिम देशों में आगे बढ़ने की पर्याप्त क्षमता है ।,उन्होंने कहा कि मुस्लिम देशों में आगे बढ़ने की पर्याप्त क्षमता है।
train,train-s11735,इस्लाम को आतंकवाद से जोड़कर देखा जाना मौजूदा दौर में हमारे लिए बड़ी चुनौती है ।,इस्लाम को आतंकवाद से जोड़कर देखा जाना मौजूदा दौर में हमारे लिए बड़ी चुनौती है।
train,train-s11736,दो दिवसीय सम्मेलन के उद्घाटन के अवसर पर अज़ीज़ ४४ देशों के प्रतिनिधियों को संबोधित कर रहे थे ।,दो दिवसीय सम्मेलन के उद्घाटन के अवसर पर अज़ीज़ ४४ देशों के प्रतिनिधियों को संबोधित कर रहे थे।
train,train-s11738,"अज़ीज़ ने इस मौके पर कहा, हमें कट्टरपंथी और उग्रवादी समझा जा रहा है ।","अज़ीज़ ने इस मौके पर कहा, हमें कट्टरपंथी और उग्रवादी समझा जा रहा है।"
train,train-s11741,"अज़ीज़ ने कहा, मुस्लिम जगत फिलस्तीन और कश्मीर जैसे विवादों का सामना कर रहा है ।","अज़ीज़ ने कहा, मुस्लिम जगत फिलस्तीन और कश्मीर जैसे विवादों का सामना कर रहा है।"
train,train-s11743,"इनमें इन देशों के बीच एकता को बढ़ावा देना, जनता की भागीदारी से बेहतर शासन व्यवस्था, उदारीकरण व निजीकरण, स्वास्थ्य व शिक्षा पर जोर, अंतर्राष्ट्रीय पूंजी को बढ़ावा देने के लिए विश्व स्तर के पूंजी बाजार का निर्माण, सार्वजनिक व निजी क्षेत्र के बीच साझेदारी, इस्लामिक विकास बैंक के पुनर्गठन, ओआईसी के पुनर्गठन और इस्लाम के पुनर्जागरण के लिए ज़रूरी बौद्धिक वातावरण का निर्माण शामिल है ।","इनमें इन देशों के बीच एकता को बढ़ावा देना, जनता की भागीदारी से बेहतर शासन व्यवस्था, उदारीकरण व निजीकरण, स्वास्थ्य व शिक्षा पर जोर, अंतर्राष्ट्रीय पूंजी को बढ़ावा देने के लिए विश्व स्तर के पूंजी बाजार का निर्माण, सार्वजनिक व निजी क्षेत्र के बीच साझेदारी, इस्लामिक विकास बैंक के पुनर्गठन, ओआईसी के पुनर्गठन और इस्लाम के पुनर्जागरण के लिए ज़रूरी बौद्धिक वातावरण का निर्माण शामिल है।"
train,train-s11756,केंद्र सरकार ने ग्लोबल ट्रस्ट बैंक में गड़बड़ी की संयुक्त संसदीय कमेटी (जेपीसी) से जांच कराने से बुधवार को लोकसभा में इनकार कर दिया ।,केंद्र सरकार ने ग्लोबल ट्रस्ट बैंक में गड़बड़ी की संयुक्त संसदीय कमेटी (जेपीसी) से जांच कराने से बुधवार को लोकसभा में इनकार कर दिया।
train,train-s11757,हालांकि यह भी कहा कि इस माह के आखिर तक एक आपराधिक मामला दर्ज कराया जा रहा है और इसमें लिप्त एक भी व्यक्ति को छोड़ा नहीं जाएगा ।,हालांकि यह भी कहा कि इस माह के आखिर तक एक आपराधिक मामला दर्ज कराया जा रहा है और इसमें लिप्त एक भी व्यक्ति को छोड़ा नहीं जाएगा।
train,train-s11771,सिक्किम की डेमोक्रेटिक फ्रंट सरकार की प्रशंसा करने के कारण केंद्रीय पंचायती राज मंत्री मणि शंकर अय्यर को शनिवार को अपनी ही पार्टी के कार्यकर्ताओं के आक्रोश का सामना करना पड़ा ।,सिक्किम की डेमोक्रेटिक फ्रंट सरकार की प्रशंसा करने के कारण केंद्रीय पंचायती राज मंत्री मणि शंकर अय्यर को शनिवार को अपनी ही पार्टी के कार्यकर्ताओं के आक्रोश का सामना करना पड़ा।
train,train-s11777,"बहरहाल, ग्यात्सो ने कहा कि 'अय्यर के बयान से हम वाकई बहुत आहत हैं क्योंकि हम जमीनी हकीकत को जानते हैं ।","बहरहाल, ग्यात्सो ने कहा कि 'अय्यर के बयान से हम वाकई बहुत आहत हैं क्योंकि हम जमीनी हकीकत को जानते हैं।"
train,train-s11779,उन्होंने आगे कहा कि 'सत्तारूढ़ सिक्किम डेमोक्रेटिक फ्रंट की तारीफ करने का मतलब उन कांग्रेसी कार्यकर्ताओं का मजाक उड़ाना है जो सत्ता में वापस आने के लिए कठोर परिश्रम कर रहे हैं ।,उन्होंने आगे कहा कि 'सत्तारूढ़ सिक्किम डेमोक्रेटिक फ्रंट की तारीफ करने का मतलब उन कांग्रेसी कार्यकर्ताओं का मजाक उड़ाना है जो सत्ता में वापस आने के लिए कठोर परिश्रम कर रहे हैं।
train,train-s11782,"कन्नड़ साहित्यकार यू. आर. अनंतमूर्ति, राजस्थानी कथाकार विजयदान देथा व रूस के हिंदी लेखक प्रो. ई. पी. चेलिशेव सहित छह रचनाकारों को अकादमी की नई फेलोशिप प्रदान की गई ।","कन्नड़ साहित्यकार यू. आर. अनंतमूर्ति, राजस्थानी कथाकार विजयदान देथा व रूस के हिंदी लेखक प्रो. ई. पी. चेलिशेव सहित छह रचनाकारों को अकादमी की नई फेलोशिप प्रदान की गई।"
train,train-s11785,उन्होंने अकादमी की स्वर्ण जयंती को देश के सांस्कृतिक इतिहास का अहम पड़ाव बताया ।,उन्होंने अकादमी की स्वर्ण जयंती को देश के सांस्कृतिक इतिहास का अहम पड़ाव बताया।
train,train-s11794,"पुरस्कार पाने वालों में बांग्ला रचनाकार मंदाक्रांता सेन, अंग्रेजी रचनाकार रणजीत होस्केटे, हिंदी लेखिका नीलाक्षी सिंह, कन्नड़ रचनाकार अब्दुल रशीद व मलयालम साहित्यकार एस. सितारा शामिल हैं ।","पुरस्कार पाने वालों में बांग्ला रचनाकार मंदाक्रांता सेन, अंग्रेजी रचनाकार रणजीत होस्केटे, हिंदी लेखिका नीलाक्षी सिंह, कन्नड़ रचनाकार अब्दुल रशीद व मलयालम साहित्यकार एस. सितारा शामिल हैं।"
train,train-s11805,कुछ परीक्षा केंद्र खाड़ी देशों में भी बनाए गए हैं ।,कुछ परीक्षा केंद्र खाड़ी देशों में भी बनाए गए हैं।
train,train-s11806,नकल रोकने के लिए बोर्ड ने कई उड़न दस्तों का गठन किया है ।,नकल रोकने के लिए बोर्ड ने कई उड़न दस्तों का गठन किया है।
train,train-s11874,इस मैदान में बड़े पैमाने पर सुधार किया जा रहा है और पाक बोर्ड को अप्रैल में एक दिवसीय मैच के आयोजन तक मैदान के तैयार होने में संदेह है ।,इस मैदान में बड़े पैमाने पर सुधार किया जा रहा है और पाक बोर्ड को अप्रैल में एक दिवसीय मैच के आयोजन तक मैदान के तैयार होने में संदेह है।
train,train-s11886,उन्होंने जोर देकर कहा कि पाकिस्तान द्वारा प्रस्तावित बदलाव मामूली हैं और इससे कार्यक्रम पर कोई असर नहीं पड़ेगा ।,उन्होंने जोर देकर कहा कि पाकिस्तान द्वारा प्रस्तावित बदलाव मामूली हैं और इससे कार्यक्रम पर कोई असर नहीं पड़ेगा।
train,train-s11890,दूसरी ओर आज कुछ खबरों में कहा गया है कि रिलायंस एनर्जी के अध्यक्ष एवं प्रबंध निदेशक अनिल अंबानी ने विभिन्न विद्युत परियोजनाओं में १४००० करोड़ रुपये के निवेश के बारे में रिलायंस इंडस्ट्रीज को पिछले वित्तीय वर्ष में सूचित किया था ।,दूसरी ओर आज कुछ खबरों में कहा गया है कि रिलायंस एनर्जी के अध्यक्ष एवं प्रबंध निदेशक अनिल अंबानी ने विभिन्न विद्युत परियोजनाओं में १४००० करोड़ रुपये के निवेश के बारे में रिलायंस इंडस्ट्रीज को पिछले वित्तीय वर्ष में सूचित किया था।
train,train-s11894,गौरतलब है कि ऐसी खबरें थीं कि उत्तर प्रदेश में ११००० करोड़ रुपये की दादरी बिजली परियोजना के लिए रिलायंस एनर्जी ने मुकेश को भरोसे में लिए बगैर घोषणा कर दी थी ।,गौरतलब है कि ऐसी खबरें थीं कि उत्तर प्रदेश में ११००० करोड़ रुपये की दादरी बिजली परियोजना के लिए रिलायंस एनर्जी ने मुकेश को भरोसे में लिए बगैर घोषणा कर दी थी।
train,train-s11896,"आज बताया गया कि रिलायंस एनर्जी में परिवर्तित होने से पहले २९ जनवरी, २००४ को बीएसईएस ने रिलायंस इंडस्ट्रीज के समक्ष १४००० करोड़ रुपये की निवेश योजना पेश की थी ।","आज बताया गया कि रिलायंस एनर्जी में परिवर्तित होने से पहले २९ जनवरी, २००४ को बीएसईएस ने रिलायंस इंडस्ट्रीज के समक्ष १४००० करोड़ रुपये की निवेश योजना पेश की थी।"
train,train-s11899,इसमें बीएसईएस और रिलायंस दिल्ली पॉवर प्राइवेट लिमिटेड को मुकेश ने रिलायंस इंडस्ट्रीज से ५००० करोड़ रुपये निवेश / कर्ज का प्रस्ताव किया था ।,इसमें बीएसईएस और रिलायंस दिल्ली पॉवर प्राइवेट लिमिटेड को मुकेश ने रिलायंस इंडस्ट्रीज से ५००० करोड़ रुपये निवेश / कर्ज का प्रस्ताव किया था।
train,train-s11900,पूरे विश्व में इंटरनेट से जुड़े कंप्यूटरों पर नए तरह का एक बैगल वायरस काफी तेजी से फैल रहा है ।,पूरे विश्व में इंटरनेट से जुड़े कंप्यूटरों पर नए तरह का एक बैगल वायरस काफी तेजी से फैल रहा है।
train,train-s11902,"नया वायरस बैगल, एआई खुद को संक्रमित कंप्यूटर के ई - मेल से जोड़ लेता है और उसके ऐड्रस बुक में दर्ज सभी ई - मेल पतों पर पहुंच जाता है ।","नया वायरस बैगल, एआई खुद को संक्रमित कंप्यूटर के ई-मेल से जोड़ लेता है और उसके ऐड्रस बुक में दर्ज सभी ई-मेल पतों पर पहुंच जाता है।"
train,train-s11907,"अपने कंप्यूटर को इस वायरस से संक्रमित होने से बचाने का सबसे बढ़िया तरीका है कि आप तब तक अपना ई - मेल अटैचमेंट न खोलें, जब तक कि आपको अच्छी तरह से यह पता नहीं हो कि इसे किसने भेजा है और अटैचमेंट में क्या है?","अपने कंप्यूटर को इस वायरस से संक्रमित होने से बचाने का सबसे बढ़िया तरीका है कि आप तब तक अपना ई-मेल अटैचमेंट न खोलें, जब तक कि आपको अच्छी तरह से यह पता नहीं हो कि इसे किसने भेजा है और अटैचमेंट में क्या है?"
train,train-s11934,"उन्होंने वैसे मामलों का उदाहरण दिया, जहां ऐसे कानूनों के क्रियान्वयन से लोगों को खासकर मुस्लिम युवतियों को प्रताड़ित किया गया ।","उन्होंने वैसे मामलों का उदाहरण दिया, जहां ऐसे कानूनों के क्रियान्वयन से लोगों को खासकर मुस्लिम युवतियों को प्रताड़ित किया गया।"
train,train-s11935,उन्होंने कहा कि कई लोगों का मानना है कि इस तरह की प्रताड़ना से प्रभावित व्यक्तियों व उनसे संबंधित लोगों में कट्टरवाद की प्रवृति बढ़ सकती है ।,उन्होंने कहा कि कई लोगों का मानना है कि इस तरह की प्रताड़ना से प्रभावित व्यक्तियों व उनसे संबंधित लोगों में कट्टरवाद की प्रवृति बढ़ सकती है।
train,train-s11946,बिहार के राज्यपाल बूटा सिंह ने बृहस्पतिवार को मुजफ्फरपुर जिले के बाढ़ प्रभावित इलाकों में अनुपस्थित चिकित्सकों को तुरंत निलंबित करने के आदेश दिए हैं और जिलाधिकारी को बिना चिकित्सक वाले स्वास्थ्य केंद्रों में निजी चिकित्सकों को नियुक्त करने को कहा है ।,बिहार के राज्यपाल बूटा सिंह ने बृहस्पतिवार को मुजफ्फरपुर जिले के बाढ़ प्रभावित इलाकों में अनुपस्थित चिकित्सकों को तुरंत निलंबित करने के आदेश दिए हैं और जिलाधिकारी को बिना चिकित्सक वाले स्वास्थ्य केंद्रों में निजी चिकित्सकों को नियुक्त करने को कहा है।
train,train-s11947,राज्यपाल ने जिलाधिकारी एस. के. मिश्रा को प्रभावित इलाकों में युद्धस्तर पर राहत कार्य शुरू करने के निर्देश दिए हैं और बुधवार को सीतामढ़ी जिले में नौका हादसे में मारे गए व्यक्ति के नजदीकी रिश्तेदार को ५०००० मुआवजा देने की घोषणा की ।,राज्यपाल ने जिलाधिकारी एस. के. मिश्रा को प्रभावित इलाकों में युद्धस्तर पर राहत कार्य शुरू करने के निर्देश दिए हैं और बुधवार को सीतामढ़ी जिले में नौका हादसे में मारे गए व्यक्ति के नजदीकी रिश्तेदार को ५०००० मुआवजा देने की घोषणा की।
train,train-s11948,सीतामढ़ी जिले में बागमती नदी में नौका डूब जाने से पांच लोग मारे गए थे ।,सीतामढ़ी जिले में बागमती नदी में नौका डूब जाने से पांच लोग मारे गए थे।
train,train-s11952,सूत्रों के मुताबिक खुफिया जानकारी के आधार पर ५२वीं राष्ट्रीय राइफल के जवान और स्पेशल ऑपरेशन ग्रुप के पुलिसकर्मियों ने छनखन - सोपोर गांव की एक मस्जिद में छिपे आतंकियों को पकड़ने के लिए पूरे गांव को घेर लिया ।,सूत्रों के मुताबिक खुफिया जानकारी के आधार पर ५२वीं राष्ट्रीय राइफल के जवान और स्पेशल ऑपरेशन ग्रुप के पुलिसकर्मियों ने छनखन-सोपोर गांव की एक मस्जिद में छिपे आतंकियों को पकड़ने के लिए पूरे गांव को घेर लिया।
train,train-s11956,अभी तक तो विज्ञानियों को इस सवाल का नकारात्मक ही जवाब मिला है लेकिन दो ग्रहों की ताजा खोज ने विज्ञानियों की उम्मीदें बढ़ा दी हैं ।,अभी तक तो विज्ञानियों को इस सवाल का नकारात्मक ही जवाब मिला है लेकिन दो ग्रहों की ताजा खोज ने विज्ञानियों की उम्मीदें बढ़ा दी हैं।
train,train-s11958,ये दोनों ग्रह पृथ्वी से १५ - २० गुना ज्यादा बड़े हैं ।,ये दोनों ग्रह पृथ्वी से १५-२० गुना ज्यादा बड़े हैं।
train,train-s11973,विज्ञानियों का अंदाजा है कि तारों की ओर पड़ने वाले इन ग्रहों के हिस्से का तापमान ३७७ सेल्सियस होगा ।,विज्ञानियों का अंदाजा है कि तारों की ओर पड़ने वाले इन ग्रहों के हिस्से का तापमान ३७७ सेल्सियस होगा।
train,train-s11978,श्रीनगर से लेह तक के दुरूह रास्ते में ऑप्टिकल फाइबर बिछाने का काम बीएसएनएल ने सेना और सीमा सड़क संगठन के साथ मिल कर पूरा किया है ।,श्रीनगर से लेह तक के दुरूह रास्ते में ऑप्टिकल फाइबर बिछाने का काम बीएसएनएल ने सेना और सीमा सड़क संगठन के साथ मिल कर पूरा किया है।
train,train-s11986,उन्होंने कहा कि राजग विपक्ष की भूमिका प्रभावशाली तरीके से नहीं निभा पाया है और यही वजह है कि यूपीए गठबंधन को बाहर से समर्थन दे रहे वाम दलों को सरकार को जन विरोधी नीति से रोकने के लिए पहल करनी पड़ी ।,उन्होंने कहा कि राजग विपक्ष की भूमिका प्रभावशाली तरीके से नहीं निभा पाया है और यही वजह है कि यूपीए गठबंधन को बाहर से समर्थन दे रहे वाम दलों को सरकार को जन विरोधी नीति से रोकने के लिए पहल करनी पड़ी।
train,train-s11987,२९ सितंबर को कई बड़े कर्मचारी संगठनों की ओर से प्रस्तावित राष्ट्रव्यापी हड़ताल को पूरा समर्थन जताते हुए येचुरी ने कहा कि भोजन और रोजगार के मुद्दे पर जल्द ही सभी राज्यों में एक बड़ा अभियान छेड़ा जाएगा ।,२९ सितंबर को कई बड़े कर्मचारी संगठनों की ओर से प्रस्तावित राष्ट्रव्यापी हड़ताल को पूरा समर्थन जताते हुए येचुरी ने कहा कि भोजन और रोजगार के मुद्दे पर जल्द ही सभी राज्यों में एक बड़ा अभियान छेड़ा जाएगा।
train,train-s11988,बिहार में विधानसभा चुनावों के बारे में उन्होंने कहा कि राजद और कांग्रेस दो बड़ी धर्मनिरपेक्ष ताकतें हैं और इसलिए यह सुनिश्चित करना उनकी जिम्मेदारी है कि सांप्रदायिक ताकतों के फायदे में धर्मनिरपेक्ष वोट बंटे नहीं ।,बिहार में विधानसभा चुनावों के बारे में उन्होंने कहा कि राजद और कांग्रेस दो बड़ी धर्मनिरपेक्ष ताकतें हैं और इसलिए यह सुनिश्चित करना उनकी जिम्मेदारी है कि सांप्रदायिक ताकतों के फायदे में धर्मनिरपेक्ष वोट बंटे नहीं।
train,train-s11991,उन्होंने कहा कि यह सभी लोगों को महसूस करना होगा कि बिहार में लालू प्रसाद की पार्टी सबसे बड़ा धर्मनिरपेक्ष दल है ।,उन्होंने कहा कि यह सभी लोगों को महसूस करना होगा कि बिहार में लालू प्रसाद की पार्टी सबसे बड़ा धर्मनिरपेक्ष दल है।
train,train-s12005,इसमें से ज्यादातर घुसपैठ उत्तर कश्मीर के कुपवाड़ा इलाके से हुई ।,इसमें से ज्यादातर घुसपैठ उत्तर कश्मीर के कुपवाड़ा इलाके से हुई।
train,train-s12009,बर्फबारी से सीमा पर लगी बाड़ ढक गई थी इस वजह से इसमें प्रवाहित किया जाने वाला करंट रोक दिया गया था ।,बर्फबारी से सीमा पर लगी बाड़ ढक गई थी इस वजह से इसमें प्रवाहित किया जाने वाला करंट रोक दिया गया था।
train,train-s12016,माकपा का कहना है कि अगर तय तिथि तक केंद्रीय मंत्री रामविलास पासवान यूपीए के बैनर तले चुनाव लड़ने का ऐलान नहीं करते तो उन्हें केंद्रीय मंत्रिमंडल से अलग कर दिया जाना चाहिए ।,माकपा का कहना है कि अगर तय तिथि तक केंद्रीय मंत्री रामविलास पासवान यूपीए के बैनर तले चुनाव लड़ने का ऐलान नहीं करते तो उन्हें केंद्रीय मंत्रिमंडल से अलग कर दिया जाना चाहिए।
train,train-s12023,कांग्रेस अध्यक्ष सोनिया गांधी अगस्त के अंत तक ही गठबंधन के बारे में फैसला चाहती थी पर केंद्रीय मंत्री पासवान के कहने पर इस समय सीमा को दस दिन के लिए बढ़ाया गया है ।,कांग्रेस अध्यक्ष सोनिया गांधी अगस्त के अंत तक ही गठबंधन के बारे में फैसला चाहती थी पर केंद्रीय मंत्री पासवान के कहने पर इस समय सीमा को दस दिन के लिए बढ़ाया गया है।
train,train-s12024,सूत्रों के मुताबिक पासवान को यूपीए के साथ चुनाव लड़ने की सूरत में केंद्रीय मंत्रिमंडल में उनका कद बढ़ाने की भी पेशकश की गई ।,सूत्रों के मुताबिक पासवान को यूपीए के साथ चुनाव लड़ने की सूरत में केंद्रीय मंत्रिमंडल में उनका कद बढ़ाने की भी पेशकश की गई।
train,train-s12028,"मुस्लिम मुख्यमंत्री की शर्त पर अड़कर अगर पासवान यूपीए से अलग विधानसभा चुनाव में उतरते हैं, तो वामदलों का सरकार पर रामविलास पासवान को हटाने का दबाव बढ़ जाएगा ।","मुस्लिम मुख्यमंत्री की शर्त पर अड़कर अगर पासवान यूपीए से अलग विधानसभा चुनाव में उतरते हैं, तो वामदलों का सरकार पर रामविलास पासवान को हटाने का दबाव बढ़ जाएगा।"
train,train-s12037,मुशर्रफ ने कहा कि पाकिस्तान सुरक्षा से जुड़े मुद्दों पर कोई समझौता नहीं करेगा ।,मुशर्रफ ने कहा कि पाकिस्तान सुरक्षा से जुड़े मुद्दों पर कोई समझौता नहीं करेगा।
train,train-s12039,संसदीय समिति द्वारा हलके लड़ाकू विमान (एलसीए) जैसी महत्वपूर्ण परियोजनाओं की खामियों का पता लगाने के लिए डीआरडीओ के प्रदर्शन के परीक्षण पर जोर दिए जाने के मद्देनजर रक्षा मंत्री प्रणव मुखर्जी ने मंगलवार को कहा कि जरूरतों के आधार पर एलसीए तेजस को बेड़े में शामिल करने के सभी प्रयास किए जा रहे हैं ।,संसदीय समिति द्वारा हलके लड़ाकू विमान (एलसीए) जैसी महत्वपूर्ण परियोजनाओं की खामियों का पता लगाने के लिए डीआरडीओ के प्रदर्शन के परीक्षण पर जोर दिए जाने के मद्देनजर रक्षा मंत्री प्रणव मुखर्जी ने मंगलवार को कहा कि जरूरतों के आधार पर एलसीए तेजस को बेड़े में शामिल करने के सभी प्रयास किए जा रहे हैं।
train,train-s12040,मुखर्जी ने कहा कि एलसीए का गहन परीक्षण जारी है और ये परीक्षण सेना द्वारा बताए गए कड़े मानकों को पूरा करने के उद्देश्य से किए जा रहे हैं ।,मुखर्जी ने कहा कि एलसीए का गहन परीक्षण जारी है और ये परीक्षण सेना द्वारा बताए गए कड़े मानकों को पूरा करने के उद्देश्य से किए जा रहे हैं।
train,train-s12041,अपने मंत्रालय से जुड़ी संसदीय सलाहकार समिति को संबोधित करते हुए मुखर्जी ने आश्वासन दिया कि देसी लड़ाकू विमान को विकसित करने की प्रक्रिया जारी है और इस पर सही तरीके से काम चल रहा है ।,अपने मंत्रालय से जुड़ी संसदीय सलाहकार समिति को संबोधित करते हुए मुखर्जी ने आश्वासन दिया कि देसी लड़ाकू विमान को विकसित करने की प्रक्रिया जारी है और इस पर सही तरीके से काम चल रहा है।
train,train-s12043,"भारतीय वायुसेना ने सरकार से कहा है कि उसके लिए १२६ बहुउपयोगी लड़ाकू विमानों को बेड़े में शामिल करना बहुत ही जरूरी है, क्योंकि वर्ष २००६ - ०७ तक मिग - २१ को चरणबद्ध तरीके से बेड़े से बाहर करना है ।","भारतीय वायुसेना ने सरकार से कहा है कि उसके लिए १२६ बहुउपयोगी लड़ाकू विमानों को बेड़े में शामिल करना बहुत ही जरूरी है, क्योंकि वर्ष २००६-०७ तक मिग-२१ को चरणबद्ध तरीके से बेड़े से बाहर करना है।"
train,train-s12047,रक्षा मंत्री का यह बयान रक्षा से जुड़ी संसदीय समिति द्वारा एलसीए जैसी परियोजनाओं की खांमियों का पता लगाने के लिए डीआरडीओ के प्रदर्शन का आंकलन कराने की अपील करने के एक दिन बाद आया है ।,रक्षा मंत्री का यह बयान रक्षा से जुड़ी संसदीय समिति द्वारा एलसीए जैसी परियोजनाओं की खांमियों का पता लगाने के लिए डीआरडीओ के प्रदर्शन का आंकलन कराने की अपील करने के एक दिन बाद आया है।
train,train-s12060,अमेरिका द्वारा भारत को एफ - १६ और एफ - १८ लड़ाकू विमान देने की पेशकश पर प्रतिक्रिया व्यक्त करते हुए अधिकारी ने कहा कि भारत सरकार दूसरे देशों से मिले प्रस्ताव पर भी विचार - विमर्श कर रही है ।,अमेरिका द्वारा भारत को एफ-१६ और एफ-१८ लड़ाकू विमान देने की पेशकश पर प्रतिक्रिया व्यक्त करते हुए अधिकारी ने कहा कि भारत सरकार दूसरे देशों से मिले प्रस्ताव पर भी विचार-विमर्श कर रही है।
train,train-s12061,"भारत को स्वीडन, फ्रांस और रूस ने अत्याधुनिक लड़ाकू विमान बेचने की पेशकश की है ।","भारत को स्वीडन, फ्रांस और रूस ने अत्याधुनिक लड़ाकू विमान बेचने की पेशकश की है।"
train,train-s12063,भारत सरकार ऐसे किसी भी मुद्दे पर लड़ाकू विमानों के निर्माण संबंधी तकनीकी के हस्तांतरण और सह - उत्पादन पर विशेष जोर देगी ।,भारत सरकार ऐसे किसी भी मुद्दे पर लड़ाकू विमानों के निर्माण संबंधी तकनीकी के हस्तांतरण और सह-उत्पादन पर विशेष जोर देगी।
train,train-s12065,राजधानी बगदाद में विद्रोहियों ने तेल मंत्रालय के एक वरिष्ठ अधिकारी को उड़ा दिया ।,राजधानी बगदाद में विद्रोहियों ने तेल मंत्रालय के एक वरिष्ठ अधिकारी को उड़ा दिया।
train,train-s12069,हालांकि अपहर्ताओं ने उनके साथ पकड़े दो इराकी गार्ड को मुक्त कर दिया है ।,हालांकि अपहर्ताओं ने उनके साथ पकड़े दो इराकी गार्ड को मुक्त कर दिया है।
train,train-s12071,"अमेरिकी अधिकारियों के अनुसार, फालुजा पर अल कायदा से जुड़े विद्रोही नेता अबु मुसाब अल जरकावी की मजबूत पकड़ है और कार बम धमाके व विदेशी नागरिकों के अपहरण में उनकी ही भूमिका होती है ।","अमेरिकी अधिकारियों के अनुसार, फालुजा पर अल कायदा से जुड़े विद्रोही नेता अबु मुसाब अल जरकावी की मजबूत पकड़ है और कार बम धमाके व विदेशी नागरिकों के अपहरण में उनकी ही भूमिका होती है।"
train,train-s12079,सुनामी पीड़ितों की मदद में जुटे फिल्म अभिनेता विवेक ओबेरॉय कुड्डालोर के देवनामपट्टिनम गाँव को 'प्रोजेक्ट होप' के जरिए संवारने के बाद वह अब पॉंडिचेरी के कराईकल गांव को सजाएंगे ।,सुनामी पीड़ितों की मदद में जुटे फिल्म अभिनेता विवेक ओबेरॉय कुड्डालोर के देवनामपट्टिनम गाँव को 'प्रोजेक्ट होप' के जरिए संवारने के बाद वह अब पॉंडिचेरी के कराईकल गांव को सजाएंगे।
train,train-s12080,सुनामी पीड़ितों को उबारने में दो बड़े प्रस्ताव व तीन फिल्में खोने के बाद हालांकि अब विवेक ने अपने फिल्म निर्माताओं को राहत की सांस देते हुए फिल्मों की शूटिंग १५ अप्रैल से शुरू करने का ऐलान किया है ।,सुनामी पीड़ितों को उबारने में दो बड़े प्रस्ताव व तीन फिल्में खोने के बाद हालांकि अब विवेक ने अपने फिल्म निर्माताओं को राहत की सांस देते हुए फिल्मों की शूटिंग १५ अप्रैल से शुरू करने का ऐलान किया है।
train,train-s12084,उन्होंने कहा कि देवनामपट्टिनम के निर्माण कार्य में दानकर्ताओं के पीछे हटने और जमीन आवंटित होने में हुई देरी के कारण पिछले तीन महीनों में उन्हें दो बड़े फिल्म प्रस्तावों को छोड़ना पड़ा ।,उन्होंने कहा कि देवनामपट्टिनम के निर्माण कार्य में दानकर्ताओं के पीछे हटने और जमीन आवंटित होने में हुई देरी के कारण पिछले तीन महीनों में उन्हें दो बड़े फिल्म प्रस्तावों को छोड़ना पड़ा।
train,train-s12085,हालांकि विवेक का कहना है कि दो बड़े फिल्म प्रस्ताव व तीन फिल्में गंवाने के बाद अब वह अपने फिल्म निर्माताओं को आश्वस्त करना चाहते हैं ।,हालांकि विवेक का कहना है कि दो बड़े फिल्म प्रस्ताव व तीन फिल्में गंवाने के बाद अब वह अपने फिल्म निर्माताओं को आश्वस्त करना चाहते हैं।
train,train-s12088,"२६ दिसंबर को सुनामी से उजड़े इस गांव को पॉंडिचेरी प्रशासन, खासकर लेफ्टिनेंट गवर्नर एम. एम. लखेड़ा व प्रोजेक्ट होप के संयुक्त प्रयासों से आधुनिक बनाने की कवायद शुरू हो गई है ।","२६ दिसंबर को सुनामी से उजड़े इस गांव को पॉंडिचेरी प्रशासन, खासकर लेफ्टिनेंट गवर्नर एम. एम. लखेड़ा व प्रोजेक्ट होप के संयुक्त प्रयासों से आधुनिक बनाने की कवायद शुरू हो गई है।"
train,train-s12089,१० से ११ करोड़ की लागत वाली इस परियोजना में सरकार ने २५ एकड़ की भूमि चिन्हित कर ली है ।,१० से ११ करोड़ की लागत वाली इस परियोजना में सरकार ने २५ एकड़ की भूमि चिन्हित कर ली है।
train,train-s12098,पुलिस प्रवक्ता के मुताबिक शनिवार तड़के पुलवामा जिले के जैनापोरा के निकट सीआरपीएफ और स्थानीय पुलिस के संयुक्त दल ने धमाके के सरगना हिज्ब आतंकी आदिल पठान को मार गिराया ।,पुलिस प्रवक्ता के मुताबिक शनिवार तड़के पुलवामा जिले के जैनापोरा के निकट सीआरपीएफ और स्थानीय पुलिस के संयुक्त दल ने धमाके के सरगना हिज्ब आतंकी आदिल पठान को मार गिराया।
train,train-s12103,"वहीं, डोडा जिले में किशतवाड़ के डछान क्षेत्र में डुंग - डूरु और सौरबाठी के बीच आतंकियों ने लोगों के समूह पर अंधाधुंध गोलियां बरसाईं ।","वहीं, डोडा जिले में किशतवाड़ के डछान क्षेत्र में डुंग-डूरु और सौरबाठी के बीच आतंकियों ने लोगों के समूह पर अंधाधुंध गोलियां बरसाईं।"
train,train-s12106,केंद्र सरकार द्वारा १९८४ के दंगा पीड़ितों को हाल में दिए गए मुआवजे को भाजपा अध्यक्ष राजनाथ सिंह ने 'ऊंट के मुंह में जीरा' करार दिया ।,केंद्र सरकार द्वारा १९८४ के दंगा पीड़ितों को हाल में दिए गए मुआवजे को भाजपा अध्यक्ष राजनाथ सिंह ने 'ऊंट के मुंह में जीरा' करार दिया।
train,train-s12107,उन्होंने कहा कि केंद्र की यूपीए सरकार का रवैया दंगा पीड़ित सिख परिवारों के प्रति ठीक नहीं है ।,उन्होंने कहा कि केंद्र की यूपीए सरकार का रवैया दंगा पीड़ित सिख परिवारों के प्रति ठीक नहीं है।
train,train-s12108,वह उनके जख्मों को बड़े हल्के में ले रही है ।,वह उनके जख्मों को बड़े हल्के में ले रही है।
train,train-s12109,किसानों ने भी लगे हाथों उन्हें भरोसा दिलाया कि हम भी इस बार आपकी सरकार बनाने का 'जुगाड़' करेंगे ।,किसानों ने भी लगे हाथों उन्हें भरोसा दिलाया कि हम भी इस बार आपकी सरकार बनाने का 'जुगाड़' करेंगे।
train,train-s12111,रविवार को गुरुद्वारा बंगला साहिब में संवाददाताओं से बातचीत में राजनाथ सिंह ने कहा कि १९८४ के दंगा पीड़ितों को ७१५ करोड़ रुपये का मुआवजा दिया जाना समुद्र में एक बूंद गिराने के जैसा है और इससे स्पष्ट होता है कि सरकार पीड़ित सिख परिवारों के दुखों के प्रति गंभीर नहीं है ।,रविवार को गुरुद्वारा बंगला साहिब में संवाददाताओं से बातचीत में राजनाथ सिंह ने कहा कि १९८४ के दंगा पीड़ितों को ७१५ करोड़ रुपये का मुआवजा दिया जाना समुद्र में एक बूंद गिराने के जैसा है और इससे स्पष्ट होता है कि सरकार पीड़ित सिख परिवारों के दुखों के प्रति गंभीर नहीं है।
train,train-s12114,सरकार को चाहिए कि वह पीड़ित परिवारों को नौकरी भी दे ।,सरकार को चाहिए कि वह पीड़ित परिवारों को नौकरी भी दे।
train,train-s12118,सीमा पार से घुसपैठ की कोशिश का मुंहतोड़ जवाब देते हुए सुरक्षा बलों ने शनिवार को तड़के हुई मुठभेड़ में छह आतंकियों को मार गिराया ।,सीमा पार से घुसपैठ की कोशिश का मुंहतोड़ जवाब देते हुए सुरक्षा बलों ने शनिवार को तड़के हुई मुठभेड़ में छह आतंकियों को मार गिराया।
train,train-s12119,इस मुठभेड़ में सुरक्षा बलों के तीन जवान भी शहीद हो गए ।,इस मुठभेड़ में सुरक्षा बलों के तीन जवान भी शहीद हो गए।
train,train-s12121,सूत्रों के अनुसार कुपवाड़ा जिले के मचियाल सेक्टर में सेना ने घुसपैठ की कोशिश को नाक़ाम कर दिया ।,सूत्रों के अनुसार कुपवाड़ा जिले के मचियाल सेक्टर में सेना ने घुसपैठ की कोशिश को नाक़ाम कर दिया।
train,train-s12122,शुक्रवार रात से चल रही इस मुठभेड़ में सेना ने कल रात तीन आतंकियों को मार गिराया था ।,शुक्रवार रात से चल रही इस मुठभेड़ में सेना ने कल रात तीन आतंकियों को मार गिराया था।
train,train-s12123,आज तड़के और तीन आतंकी हलाल कर दिए गए ।,आज तड़के और तीन आतंकी हलाल कर दिए गए।
train,train-s12125,कुपवाड़ा के अलावा बारामुला जिले के बांदीपोरा इलाके के रिशिपोरा में भी सेना ने तीन आतंकियों को मार गिराया ।,कुपवाड़ा के अलावा बारामुला जिले के बांदीपोरा इलाके के रिशिपोरा में भी सेना ने तीन आतंकियों को मार गिराया।
train,train-s12126,आज सुबह सेना के तलाशी अभियान के दौरान हुई इस मुठभेड़ में सेना के तीन जवान भी शहीद हो गए ।,आज सुबह सेना के तलाशी अभियान के दौरान हुई इस मुठभेड़ में सेना के तीन जवान भी शहीद हो गए।
train,train-s12128,सूत्रों के अनुसार अनंतनाग के दियालगाम इलाके में आज सुबह हिज्बुल मुजाहिद्दीन के आतंकी मोहम्मद मक़बूल वागे उर्फ यासिर का शव बरामद किया गया ।,सूत्रों के अनुसार अनंतनाग के दियालगाम इलाके में आज सुबह हिज्बुल मुजाहिद्दीन के आतंकी मोहम्मद मक़बूल वागे उर्फ यासिर का शव बरामद किया गया।
train,train-s12129,जबकि आतंकियों ने अनंतनाग के कुलगाम इलाक़े में स्पेशल पुलिस अफसर बिलाल अहमद की उनके घर में घुसकर हत्या कर दी ।,जबकि आतंकियों ने अनंतनाग के कुलगाम इलाक़े में स्पेशल पुलिस अफसर बिलाल अहमद की उनके घर में घुसकर हत्या कर दी।
train,train-s12130,कुलगाम इलाके के कटरासू में आतंकियों ने एक लड़की को घर में घुसकर मार डाला ।,कुलगाम इलाके के कटरासू में आतंकियों ने एक लड़की को घर में घुसकर मार डाला।
train,train-s12131,यह विस्फोट जम्मू - कश्मीर बैंक के कॉरपोरेट कार्यालय के बाहर मुख्य सड़क पर सुबह सवा नौ बजे हुआ ।,यह विस्फोट जम्मू-कश्मीर बैंक के कॉरपोरेट कार्यालय के बाहर मुख्य सड़क पर सुबह सवा नौ बजे हुआ।
train,train-s12133,घटना के बाद सुरक्षा बलों ने इलाक़े को घेर लिया और आतंकियों को ढूंढने के लिए सघन तलाशी अभियान चलाया लेकिन कोई कामयाबी नहीं मिली ।,घटना के बाद सुरक्षा बलों ने इलाक़े को घेर लिया और आतंकियों को ढूंढने के लिए सघन तलाशी अभियान चलाया लेकिन कोई कामयाबी नहीं मिली।
train,train-s12134,फंडों की ज़बरदस्त लिवाली के चलते मुंबई स्टॉक एक्सचेंज (बीएसई) का संवेदी सूचकांक ९८ अंक की भारी बढ़ोतरी दर्ज कर ६७८५ अंक के नए रिकॉर्ड स्तर पर बंद हुआ ।,फंडों की ज़बरदस्त लिवाली के चलते मुंबई स्टॉक एक्सचेंज (बीएसई) का संवेदी सूचकांक ९८ अंक की भारी बढ़ोतरी दर्ज कर ६७८५ अंक के नए रिकॉर्ड स्तर पर बंद हुआ।
train,train-s12135,निफ्टी सूचकांक ३६ अंक बढ़कर २१२९ अंक पर बंद हुआ ।,निफ्टी सूचकांक ३६ अंक बढ़कर २१२९ अंक पर बंद हुआ।
train,train-s12136,जानकारों के मुताबिक़ बजट पेश होने से पहले तक कई घरेलू फंड इसके प्रावधानों को लेकर सशंकित थे ।,जानकारों के मुताबिक़ बजट पेश होने से पहले तक कई घरेलू फंड इसके प्रावधानों को लेकर सशंकित थे।
train,train-s12137,"लेकिन, बजट पेश होने पर स्पष्ट हो गया है कि कम से कम शेयर बाज़ार के दृष्टिकोण से इसमें कोई विशेष नकारात्मक प्रावधान नहीं है ।","लेकिन, बजट पेश होने पर स्पष्ट हो गया है कि कम से कम शेयर बाज़ार के दृष्टिकोण से इसमें कोई विशेष नकारात्मक प्रावधान नहीं है।"
train,train-s12138,इसके मद्देनज़र बाजार से हफ्तों तक दूर रहने वाले घरेलू व विदेशी फंड शेयरों में भारी निवेश कर रहे हैं ।,इसके मद्देनज़र बाजार से हफ्तों तक दूर रहने वाले घरेलू व विदेशी फंड शेयरों में भारी निवेश कर रहे हैं।
train,train-s12139,इसी वजह से शेयर बाज़ारों में लगातार तेजी दर्ज की जा रही है ।,इसी वजह से शेयर बाज़ारों में लगातार तेजी दर्ज की जा रही है।
train,train-s12140,घरेलू व विदेशी फंडों का रुख भांपते हुए छोटे निवेशकों ने भी ख़रीदारी बढ़ा दी ।,घरेलू व विदेशी फंडों का रुख भांपते हुए छोटे निवेशकों ने भी ख़रीदारी बढ़ा दी।
train,train-s12141,चौतरफा लिवाली के चलते तक़रीबन सभी क्षेत्रों के शेयरों में बढ़ोतरी देखी गई ।,चौतरफा लिवाली के चलते तक़रीबन सभी क्षेत्रों के शेयरों में बढ़ोतरी देखी गई।
train,train-s12142,अपनी विवादास्पद टिथी के मद्देनज़र भाजपा उपाध्यक्ष मुख्तार अब्बास नक़वी ने मंगलवार को पार्टी अध्यक्ष लाल कृष्ण आडवाणी से मुलाक़ात की और टिथी से उपजी भ्रांतियों को दूर करने का प्रयास किया ।,अपनी विवादास्पद टिथी के मद्देनज़र भाजपा उपाध्यक्ष मुख्तार अब्बास नक़वी ने मंगलवार को पार्टी अध्यक्ष लाल कृष्ण आडवाणी से मुलाक़ात की और टिथी से उपजी भ्रांतियों को दूर करने का प्रयास किया।
train,train-s12143,आडवाणी ने नक़वी को विवादास्पद बयानों से बचने की सख्त नसीहत दी है ।,आडवाणी ने नक़वी को विवादास्पद बयानों से बचने की सख्त नसीहत दी है।
train,train-s12145,उल्लेखनीय है कि नक़वी ने शुक्रवार को रामपुर में कहा था कि अगले चुनावों में भाजपा का नेतृत्व दूसरी पंक्ति का कोई नेता करेगा ।,उल्लेखनीय है कि नक़वी ने शुक्रवार को रामपुर में कहा था कि अगले चुनावों में भाजपा का नेतृत्व दूसरी पंक्ति का कोई नेता करेगा।
train,train-s12146,"बहरहाल, पार्टी सूत्रों के मुताबिक़, समझा जाता है कि लगभग आधे घंटे की मुलाक़ात में नक़वी ने आडवाणी को इस बात से अवगत कराने का प्रयास किया कि वह अपनी टिथी से 'कोई विवाद अथवा भ्रांति पैदा नहीं करना' चाहते थे 'और जो कुछ भी हुआ वह बहुत ही दुर्भाग्यपूर्ण है ।","बहरहाल, पार्टी सूत्रों के मुताबिक़, समझा जाता है कि लगभग आधे घंटे की मुलाक़ात में नक़वी ने आडवाणी को इस बात से अवगत कराने का प्रयास किया कि वह अपनी टिथी से 'कोई विवाद अथवा भ्रांति पैदा नहीं करना' चाहते थे 'और जो कुछ भी हुआ वह बहुत ही दुर्भाग्यपूर्ण है।"
train,train-s12147,'नक़वी ने आडवाणी के नेतृत्व में अपना पूरा विश्वास जताया है ।,'नक़वी ने आडवाणी के नेतृत्व में अपना पूरा विश्वास जताया है।
train,train-s12148,उनके एक क़रीबी सहयोगी ने बताया कि 'ऐसा लगता था कि नक़वी की टिथी से आडवाणी खुश नहीं थे ।,उनके एक क़रीबी सहयोगी ने बताया कि 'ऐसा लगता था कि नक़वी की टिथी से आडवाणी खुश नहीं थे।
train,train-s12149,इसीलिए सभी मुद्दों को रफा - दफा करने के लिए नक़वी आडवाणी से आमने - सामने मिलना चाहते थे ।,इसीलिए सभी मुद्दों को रफा-दफा करने के लिए नक़वी आडवाणी से आमने-सामने मिलना चाहते थे।
train,train-s12152,भारत के इस फैसले के बाद यह सुविधा पाने वाले पाक के बच्चों की संख्या बढ़कर ६० हो जाएगी ।,भारत के इस फैसले के बाद यह सुविधा पाने वाले पाक के बच्चों की संख्या बढ़कर ६० हो जाएगी।
train,train-s12156,भारत की ओर से पाकिस्तान के साथ विश्वास क़ायम करने के उपायों के तहत यह योजना इस्लामाबाद स्थित भारतीय उच्चायोग के माध्यम से लागू की जा रही है ।,भारत की ओर से पाकिस्तान के साथ विश्वास क़ायम करने के उपायों के तहत यह योजना इस्लामाबाद स्थित भारतीय उच्चायोग के माध्यम से लागू की जा रही है।
train,train-s12162,उनके स्थान पर बहादुरगढ़ (झज्जर) के डीएसपी अरुण नेहरा को गोहाना भेजा गया है ।,उनके स्थान पर बहादुरगढ़ (झज्जर) के डीएसपी अरुण नेहरा को गोहाना भेजा गया है।
train,train-s12163,सीआईडी के डीएसपी रिसाल सिंह को अरुण नेहरा के स्थान पर बहादुरगढ़ का डीएसपी लगाया गया है ।,सीआईडी के डीएसपी रिसाल सिंह को अरुण नेहरा के स्थान पर बहादुरगढ़ का डीएसपी लगाया गया है।
train,train-s12169,इस बीच सोनीपत के पुलिस अधीक्षक (निवर्तमान) अनिल राव ने बताया कि वाल्मीकि बस्ती में आग लगाने व लूटपाट करने के आरोप में नामजद रामपाल पुत्र धूप सिंह निवासी नूरन खेड़ा तथा राजेश पुत्र दयानंद निवासी छतेहरा को गिरफ्तार कर उपमंडल न्यायिक दंडाधिकारी की अदालत में पेश किया गया ।,इस बीच सोनीपत के पुलिस अधीक्षक (निवर्तमान) अनिल राव ने बताया कि वाल्मीकि बस्ती में आग लगाने व लूटपाट करने के आरोप में नामजद रामपाल पुत्र धूप सिंह निवासी नूरन खेड़ा तथा राजेश पुत्र दयानंद निवासी छतेहरा को गिरफ्तार कर उपमंडल न्यायिक दंडाधिकारी की अदालत में पेश किया गया।
train,train-s12174,बिहार में १८ अक्तूबर से चार चरणों में विधानसभा चुनाव कराने की चुनाव आयोग की घोषणा का स्वागत करते हुए राजद सुप्रीमो लालू प्रसाद यादव ने कहा कि उनकी पार्टी 'जंग के लिए तैयार है,बिहार में १८ अक्तूबर से चार चरणों में विधानसभा चुनाव कराने की चुनाव आयोग की घोषणा का स्वागत करते हुए राजद सुप्रीमो लालू प्रसाद यादव ने कहा कि उनकी पार्टी 'जंग के लिए तैयार है
train,train-s12177,"बहरहाल, लालू ने यह भी कहा कि बेहतर होता यदि चुनाव की तारीखों की घोषणा करने से पहले चार अक्तूबर से शुरू हो रहे रमज़ान के पवित्र माह का भी ध्यान रखा जाता ।","बहरहाल, लालू ने यह भी कहा कि बेहतर होता यदि चुनाव की तारीखों की घोषणा करने से पहले चार अक्तूबर से शुरू हो रहे रमज़ान के पवित्र माह का भी ध्यान रखा जाता।"
train,train-s12178,उन्होंने कहा कि रमज़ान के दौरान प्रशासन कानून - व्यवस्था जैसे मसलों में व्यस्त रहता है ।,उन्होंने कहा कि रमज़ान के दौरान प्रशासन कानून-व्यवस्था जैसे मसलों में व्यस्त रहता है।
train,train-s12181,हिमाचल प्रदेश और कश्मीर के ऊंचाई वाले क्षेत्रों में भारी बर्फबारी की वजह से उत्तरी भारत के अधिकांश हिस्सों में कड़ाके की ठंड पड़ रही है वहीं पंजाब और हरियाणा के मैदानी भागों में बारिश होने से जनजीवन अस्त - व्यस्त हो गया ।,हिमाचल प्रदेश और कश्मीर के ऊंचाई वाले क्षेत्रों में भारी बर्फबारी की वजह से उत्तरी भारत के अधिकांश हिस्सों में कड़ाके की ठंड पड़ रही है वहीं पंजाब और हरियाणा के मैदानी भागों में बारिश होने से जनजीवन अस्त-व्यस्त हो गया।
train,train-s12182,कड़ाके की सर्दी की वजह से भटिंडा और अमृतसर में दो लोगों की मौत हो गई ।,कड़ाके की सर्दी की वजह से भटिंडा और अमृतसर में दो लोगों की मौत हो गई।
train,train-s12184,जम्मू - श्रीनगर राष्ट्रीय राजमार्ग पर बर्फ को हटाकर आज दोपहर बाद से सड़क यातायात व्यवस्था आंशिक रूप से बहाल कर दी गई ।,जम्मू-श्रीनगर राष्ट्रीय राजमार्ग पर बर्फ को हटाकर आज दोपहर बाद से सड़क यातायात व्यवस्था आंशिक रूप से बहाल कर दी गई।
train,train-s12186,लेकिन पिछली रात बारिश होने से दिल्लीवासियों को घने कोहरे का कहर झेलना पड़ा ।,लेकिन पिछली रात बारिश होने से दिल्लीवासियों को घने कोहरे का कहर झेलना पड़ा।
train,train-s12188,इसके कारण हवाई यातायात पर कोई असर नहीं पड़ा लेकिन कई ट्रेनों के परिचालन को रद्द करना पड़ा या उन्हें देरी से रवाना किया गया ।,इसके कारण हवाई यातायात पर कोई असर नहीं पड़ा लेकिन कई ट्रेनों के परिचालन को रद्द करना पड़ा या उन्हें देरी से रवाना किया गया।
train,train-s12191,चंडीगढ़ में ४.७ एमएम बारिश रिकॉर्ड की गई हालांकि न्यूनतम तापमान सामान्य से ४ डिग्री बढ़कर ११ डिग्री सेल्सियस हो गया ।,चंडीगढ़ में ४.७ एमएम बारिश रिकॉर्ड की गई हालांकि न्यूनतम तापमान सामान्य से ४ डिग्री बढ़कर ११ डिग्री सेल्सियस हो गया।
train,train-s12192,भटिंडा से मिली रिपोर्ट के अनुसार शहर के उधम सिंह मार्केट में मंगलवार को सुखबीर सिंह नाम के एक व्यक्ति का शव पड़ा मिला ।,भटिंडा से मिली रिपोर्ट के अनुसार शहर के उधम सिंह मार्केट में मंगलवार को सुखबीर सिंह नाम के एक व्यक्ति का शव पड़ा मिला।
train,train-s12196,सूत्रों के मुताबिक जम्मू - श्रीनगर राष्ट्रीय राजमार्ग पर फंसे ६० से अधिक वाहनों को सड़क पर फिसलन की वजह से धीरे - धीरे जाने की इजाजत दी गई है ।,सूत्रों के मुताबिक जम्मू-श्रीनगर राष्ट्रीय राजमार्ग पर फंसे ६० से अधिक वाहनों को सड़क पर फिसलन की वजह से धीरे-धीरे जाने की इजाजत दी गई है।
train,train-s12197,सुप्रीम कोर्ट ने भूकंप से बचाव की व्यवस्था के बग़ैर शहरों में बन रही तमाम ऊंची बहुमंजिला इमारतों से खतरे के संबंध में एक जनहित याचिका पर केंद्र सरकार को दो सप्ताह में शपथ पर विस्तृत रिपोर्ट पेश करने को कहा ।,सुप्रीम कोर्ट ने भूकंप से बचाव की व्यवस्था के बग़ैर शहरों में बन रही तमाम ऊंची बहुमंजिला इमारतों से खतरे के संबंध में एक जनहित याचिका पर केंद्र सरकार को दो सप्ताह में शपथ पर विस्तृत रिपोर्ट पेश करने को कहा।
train,train-s12201,"१८ फरवरी २००५ को न्यायालय ने जनहित याचिका पर शहरी विकास मंत्रालय, मानव संसाधन विकास मंत्रालय, दिल्ली विकास प्राधिकरण और भारतीय मानक ब्यूरो सहित कई तक़नीकी संस्थाओं को कारण बताओ नोटिस जारी किया गया था ।","१८ फरवरी २००५ को न्यायालय ने जनहित याचिका पर शहरी विकास मंत्रालय, मानव संसाधन विकास मंत्रालय, दिल्ली विकास प्राधिकरण और भारतीय मानक ब्यूरो सहित कई तक़नीकी संस्थाओं को कारण बताओ नोटिस जारी किया गया था।"
train,train-s12203,जनहित याचिका से मांग की गई है कि भूकंप रोधी व्यवस्था के बग़ैर बन रही बहुमंजिला इमारतों के निर्माण को रोका जाए क्योंकि ये मानव जीवन के लिए असुरक्षित हैं ।,जनहित याचिका से मांग की गई है कि भूकंप रोधी व्यवस्था के बग़ैर बन रही बहुमंजिला इमारतों के निर्माण को रोका जाए क्योंकि ये मानव जीवन के लिए असुरक्षित हैं।
train,train-s12219,दूसरा आयोग धार्मिक और भाषाई स्तर पर अल्पसंख्यकों के सामाजिक व आर्थिक रूप से पिछड़े तबके के कल्याण के लिए होगा ।,दूसरा आयोग धार्मिक और भाषाई स्तर पर अल्पसंख्यकों के सामाजिक व आर्थिक रूप से पिछड़े तबके के कल्याण के लिए होगा।
train,train-s12220,इसका उद्देश्य इस तबके को शिक्षा और रोज़गार में आरक्षण के जरिये लाभान्वित करना होगा ।,इसका उद्देश्य इस तबके को शिक्षा और रोज़गार में आरक्षण के जरिये लाभान्वित करना होगा।
train,train-s12221,प्रधानमंत्री ने राष्ट्रीय अल्पसंख्यक विकास एवं वित्त निगम के काम - काज को सुचारू रूप से आगे बढ़ाने के लिए उसे आवंटित की जाने वाली धनराशि को बढ़ाने की घोषणा की ।,प्रधानमंत्री ने राष्ट्रीय अल्पसंख्यक विकास एवं वित्त निगम के काम-काज को सुचारू रूप से आगे बढ़ाने के लिए उसे आवंटित की जाने वाली धनराशि को बढ़ाने की घोषणा की।
train,train-s12222,"वहीं, उर्दू को बढ़ावा देने की प्रतिबद्धता भी जताई ।","वहीं, उर्दू को बढ़ावा देने की प्रतिबद्धता भी जताई।"
train,train-s12224,"वहीं, अर्जुन सिंह ने अपने पूर्ववर्ती मुरली मनोहर जोशी का नाम तो नहीं लिया पर उनकी नीतियों को निशाना बनाने में कोई कसर नहीं छोड़ी ।","वहीं, अर्जुन सिंह ने अपने पूर्ववर्ती मुरली मनोहर जोशी का नाम तो नहीं लिया पर उनकी नीतियों को निशाना बनाने में कोई कसर नहीं छोड़ी।"
train,train-s12225,उन्होंने इस सिलसिले में एक अल्पसंख्यक शैक्षणिक संस्थान को डीम्ड यूनिवर्सिटी का दर्जा देने के मसले को दो साल तक लटकाए रखे जाने का ज़िक्र किया ।,उन्होंने इस सिलसिले में एक अल्पसंख्यक शैक्षणिक संस्थान को डीम्ड यूनिवर्सिटी का दर्जा देने के मसले को दो साल तक लटकाए रखे जाने का ज़िक्र किया।
train,train-s12226,अर्जुन सिंह ने कहा कि अब अल्पसंख्यक शिक्षण संस्थानों को इस तरह अलग - थलग पड़ने का खतरा नहीं रहेगा ।,अर्जुन सिंह ने कहा कि अब अल्पसंख्यक शिक्षण संस्थानों को इस तरह अलग-थलग पड़ने का खतरा नहीं रहेगा।
train,train-s12229,मौसम विभाग ने शनिवार को कहा कि स्थितियाँ अगले तीन - चार दिनों में मानसून के दिल्ली और उत्तरी - पश्चिमी भारत के अन्य हिस्सों की ओर बढ़ने में सहायक हैं ।,मौसम विभाग ने शनिवार को कहा कि स्थितियाँ अगले तीन-चार दिनों में मानसून के दिल्ली और उत्तरी-पश्चिमी भारत के अन्य हिस्सों की ओर बढ़ने में सहायक हैं।
train,train-s12230,"भारतीय मौसम कार्यालय (आईएमडी) के अधिकारी बी. पी. यादव ने बताया कि पिछले १५ दिन से मानसून कमजोर पड़ गया था, लेकिन इसके प्रवाह में बदलाव से इसके मजबूत होने के संकेत मिल रहे हैं ।","भारतीय मौसम कार्यालय (आईएमडी) के अधिकारी बी. पी. यादव ने बताया कि पिछले १५ दिन से मानसून कमजोर पड़ गया था, लेकिन इसके प्रवाह में बदलाव से इसके मजबूत होने के संकेत मिल रहे हैं।"
train,train-s12231,उन्होंने कहा कि इस समय मानसून सामान्य दिशा में सामान्य गति से आगे बढ़ रहा है और यदि सब कुछ इसी तरह चलता रहा तो अगले तीन - चार दिनों में दिल्ली और उत्तरी - पश्चिमी भारत के अन्य इलाकों में मानसून पहुंच जाएगा ।,उन्होंने कहा कि इस समय मानसून सामान्य दिशा में सामान्य गति से आगे बढ़ रहा है और यदि सब कुछ इसी तरह चलता रहा तो अगले तीन-चार दिनों में दिल्ली और उत्तरी-पश्चिमी भारत के अन्य इलाकों में मानसून पहुंच जाएगा।
train,train-s12233,"आईएमडी के सफदरजंग कार्यालय के डॉक्टर आर. डी. सिंह ने बताया कि दिल्ली, हरियाणा, पंजाब, पश्चिमी उत्तर प्रदेश और राजस्थान के कुछ हिस्सों को छोड़कर देश के अन्य हिस्सों में मानसून पहुंच चुका है ।","आईएमडी के सफदरजंग कार्यालय के डॉक्टर आर. डी. सिंह ने बताया कि दिल्ली, हरियाणा, पंजाब, पश्चिमी उत्तर प्रदेश और राजस्थान के कुछ हिस्सों को छोड़कर देश के अन्य हिस्सों में मानसून पहुंच चुका है।"
train,train-s12234,सिंह ने बताया कि बंगाल की खाड़ी के उत्तरी - पश्चिमी हिस्से में कम दबाव का क्षेत्र बन गया है और इसके उत्तर - पश्चिम दिशा में बढ़ने की उम्मीद है ।,सिंह ने बताया कि बंगाल की खाड़ी के उत्तरी-पश्चिमी हिस्से में कम दबाव का क्षेत्र बन गया है और इसके उत्तर-पश्चिम दिशा में बढ़ने की उम्मीद है।
train,train-s12238,दूसरा सकारात्मक संकेत यह है कि हिमालय के पहाड़ी इलाकों की ओर बढ़ा मौसमी मानसून दक्षिण की ओर मुड़ गया है ।,दूसरा सकारात्मक संकेत यह है कि हिमालय के पहाड़ी इलाकों की ओर बढ़ा मौसमी मानसून दक्षिण की ओर मुड़ गया है।
train,train-s12239,"उन्होंने बताया कि उत्तरी - पश्चिमी भारत में अधिकांश बारिश बंगाल की खाड़ी के उत्तरी हिस्से में बने हवा के कम दबाव के क्षेत्र के कारण हुई है, लेकिन पिछले दो साल से इस तरह का कम दबाव का क्षेत्र नहीं देखा गया ।","उन्होंने बताया कि उत्तरी-पश्चिमी भारत में अधिकांश बारिश बंगाल की खाड़ी के उत्तरी हिस्से में बने हवा के कम दबाव के क्षेत्र के कारण हुई है, लेकिन पिछले दो साल से इस तरह का कम दबाव का क्षेत्र नहीं देखा गया।"
train,train-s12240,"बहरहाल, इस समय बंगाल की खाड़ी के उत्तरी - पश्चिमी हिस्से में कम दबाव का क्षेत्र बन गया है और इसके उत्तरी - पश्चिमी दिशा में बढ़ने की उम्मीद है ।","बहरहाल, इस समय बंगाल की खाड़ी के उत्तरी-पश्चिमी हिस्से में कम दबाव का क्षेत्र बन गया है और इसके उत्तरी-पश्चिमी दिशा में बढ़ने की उम्मीद है।"
train,train-s12241,"इसके प्रभाव से पूर्वी और मध्य भारत के बिहार, झारखंड, उड़ीसा और छत्तीसगढ़ में अगले दो दिन में बारिश होने की संभावना है ।","इसके प्रभाव से पूर्वी और मध्य भारत के बिहार, झारखंड, उड़ीसा और छत्तीसगढ़ में अगले दो दिन में बारिश होने की संभावना है।"
train,train-s12249,"क्योंकि, उन्हें यह अहसास हो गया कि इराक के मुद्दे पर डेमोक्रेट उम्मीदवार जॉन केरी ने उन्हें कटघरे में खड़ा करने में कोई कमी नहीं छोड़ी ।","क्योंकि, उन्हें यह अहसास हो गया कि इराक के मुद्दे पर डेमोक्रेट उम्मीदवार जॉन केरी ने उन्हें कटघरे में खड़ा करने में कोई कमी नहीं छोड़ी।"
train,train-s12260,अमेरिकी राष्ट्रपति चुनाव में जॉर्ज डब्लू बुश की जीत से भारत और अमेरिका के संबंधों को बदलने की जरूरत नहीं पड़ेगी ।,अमेरिकी राष्ट्रपति चुनाव में जॉर्ज डब्लू बुश की जीत से भारत और अमेरिका के संबंधों को बदलने की जरूरत नहीं पड़ेगी।
train,train-s12271,अमर उजाला को मिले एक समाचार में कार्यालय को बम से उड़ाने और संपादक को जान से मारने की धमकी दी गई है ।,अमर उजाला को मिले एक समाचार में कार्यालय को बम से उड़ाने और संपादक को जान से मारने की धमकी दी गई है।
train,train-s12274,समाचार में कहा गया है कि अगर सानिया मिर्जा मुजफ्फरनगर आई तो उसको भी उड़ा दिया जाएगा ।,समाचार में कहा गया है कि अगर सानिया मिर्जा मुजफ्फरनगर आई तो उसको भी उड़ा दिया जाएगा।
train,train-s12281,मुजफ्फरनगर में सानिया मिर्जा आई तो बम से उड़ा दी जाएगी ।,मुजफ्फरनगर में सानिया मिर्जा आई तो बम से उड़ा दी जाएगी।
train,train-s12282,अगर तुमने माफी नहीं मांगी तो दिल्ली बम धमाकों की तरह मुजफ्फरनगर की बस्तियां उड़ेंगी ।,अगर तुमने माफी नहीं मांगी तो दिल्ली बम धमाकों की तरह मुजफ्फरनगर की बस्तियां उड़ेंगी।
train,train-s12293,जिनसे माहौल में कड़वाहट पैदा हो ।,जिनसे माहौल में कड़वाहट पैदा हो।
train,train-s12294,मुफ़ती एहसान अमर उजाला की तरक्की के लिए दुआ करते है ।,मुफ़ती एहसान अमर उजाला की तरक्की के लिए दुआ करते है।
train,train-s12300,एसएसपी और एसपी सिटी ने भी अमर उजाला कार्यालय आकर पूरे मामले की पड़ताल की और सुरक्षा इंतजाम किए ।,एसएसपी और एसपी सिटी ने भी अमर उजाला कार्यालय आकर पूरे मामले की पड़ताल की और सुरक्षा इंतजाम किए।
train,train-s12301,कोहरे के कारण अब रेलगाड़ियां लेट नहीं होंगी ।,कोहरे के कारण अब रेलगाड़ियां लेट नहीं होंगी।
train,train-s12303,इससे ड्राइवरों को आगे के सिग्नल देखने की मशक्कत नहीं करनी पड़ेगी ।,इससे ड्राइवरों को आगे के सिग्नल देखने की मशक्कत नहीं करनी पड़ेगी।
train,train-s12305,उन्होंने कहा कि देश में बुलेट रेलगाड़ियां जल्द पटरियों पर दौड़ती नजर आएंगी ।,उन्होंने कहा कि देश में बुलेट रेलगाड़ियां जल्द पटरियों पर दौड़ती नजर आएंगी।
train,train-s12310,वेलू ने कहा कि आरडीएसओ को मंत्रालय से मिलने वाली सुविधाओं तथा आधुनिकीकरण के लिए इस वर्ष ६० करोड़ रुपए का बजट पास किया गया है ।,वेलू ने कहा कि आरडीएसओ को मंत्रालय से मिलने वाली सुविधाओं तथा आधुनिकीकरण के लिए इस वर्ष ६० करोड़ रुपए का बजट पास किया गया है।
train,train-s12316,उन्होंने रेलवे की अन्य योजनाओं के बारे में कहा कि जैट्रोफा के ईधन से दिल्ली से चंडीगढ़ व लखनऊ से इलाहाबाद मार्गों पर ट्रेन चलाना बड़ी उपलब्धि है ।,उन्होंने रेलवे की अन्य योजनाओं के बारे में कहा कि जैट्रोफा के ईधन से दिल्ली से चंडीगढ़ व लखनऊ से इलाहाबाद मार्गों पर ट्रेन चलाना बड़ी उपलब्धि है।
train,train-s12317,वेलू ने कहा कि रेलगाड़ियों की ब्रेक प्रणाली में भी बड़ा बदलाव करने की योजना बनाई जा चुकी है ।,वेलू ने कहा कि रेलगाड़ियों की ब्रेक प्रणाली में भी बड़ा बदलाव करने की योजना बनाई जा चुकी है।
train,train-s12319,बड़े परदे पर अपने अभिनय की धमक छोड़ चुके शोले के वीरू अब एक मुसीबत में घिर गए हैं ।,बड़े परदे पर अपने अभिनय की धमक छोड़ चुके शोले के वीरू अब एक मुसीबत में घिर गए हैं।
train,train-s12320,भाजपा के बैनर से बीकानेर के सांसद पद पर पहुंचे धर्मेद्र की वादाखिलाफी पर यहां के छात्र भड़क उठे हैं ।,भाजपा के बैनर से बीकानेर के सांसद पद पर पहुंचे धर्मेद्र की वादाखिलाफी पर यहां के छात्र भड़क उठे हैं।
train,train-s12322,छात्रों का कहना है कि धर्मेंद्र ने लोकसभा के चुनाव के दौरान बीकानेर यूनिवर्सिटी को ढ़ाई करोड़ रुपये देने के साथ - साथ फीस में बढ़ोत्तरी को कम करने का वादा किया था ।,छात्रों का कहना है कि धर्मेंद्र ने लोकसभा के चुनाव के दौरान बीकानेर यूनिवर्सिटी को ढ़ाई करोड़ रुपये देने के साथ-साथ फीस में बढ़ोत्तरी को कम करने का वादा किया था।
train,train-s12325,अपनी इस मांग को लेकर सड़कों पर उतर चुके विश्वविद्यालय के छात्रों ने अपने नेता के द्वारा किए गये इन वायदों को याद दिलाने के लिए चिट्ठी भी लिखी थी जिसमें छात्रों ने आंदोलन करने की धमकी भी दी थी ।,अपनी इस मांग को लेकर सड़कों पर उतर चुके विश्वविद्यालय के छात्रों ने अपने नेता के द्वारा किए गये इन वायदों को याद दिलाने के लिए चिट्ठी भी लिखी थी जिसमें छात्रों ने आंदोलन करने की धमकी भी दी थी।
train,train-s12327,धर्मेद्र ने यूनिवर्सिटी को आर्थिक मदद देने की बात को मनगढ़ंत बताया ।,धर्मेद्र ने यूनिवर्सिटी को आर्थिक मदद देने की बात को मनगढ़ंत बताया।
train,train-s12330,अगर कोई सिनेमाघर इस के खिलाफ उनकी फिल्मों का प्रदर्शन करेगा तो तोड़ - फोड़ करेंगे ।,अगर कोई सिनेमाघर इस के खिलाफ उनकी फिल्मों का प्रदर्शन करेगा तो तोड़-फोड़ करेंगे।
train,train-s12337,मेरठ में बृहस्पतिवार रात एक विवाह समारोह के दौरान छेड़छाड़ को लेकर हुए विवाद ने विकराल रूप ले लिया ।,मेरठ में बृहस्पतिवार रात एक विवाह समारोह के दौरान छेड़छाड़ को लेकर हुए विवाद ने विकराल रूप ले लिया।
train,train-s12339,हालात पर काबू पाने को पुलिस ने आंसू गैस के गोले छोड़े और फायरिंग की ।,हालात पर काबू पाने को पुलिस ने आंसू गैस के गोले छोड़े और फायरिंग की।
train,train-s12342,उग्र भीड़ ने तीन रोडवेज बस फूंकने के साथ ही दो दर्जन से भी ज्यादा गाड़ियां तोड़ डालीं और रेलवे यातायात ठप कर दिया ।,उग्र भीड़ ने तीन रोडवेज बस फूंकने के साथ ही दो दर्जन से भी ज्यादा गाड़ियां तोड़ डालीं और रेलवे यातायात ठप कर दिया।
train,train-s12343,भीड़ पर काबू पाने के लिए पुलिस को लाठीचार्ज और हवाई फायरिंग करनी पड़ी ।,भीड़ पर काबू पाने के लिए पुलिस को लाठीचार्ज और हवाई फायरिंग करनी पड़ी।
train,train-s12348,मेरठ के पौदीवाड़ा - महमूदनगर में बाल्मीकि समुदाय की बारात में छेड़छाड़ को लेकर बृहस्पतिवार रात पथराव और फायरिंग से शुरू हुए बवाल की आंच ने शुक्रवार को पूरे दिन शहर की कानून - व्यवस्था चौपट कर दी ।,मेरठ के पौदीवाड़ा-महमूदनगर में बाल्मीकि समुदाय की बारात में छेड़छाड़ को लेकर बृहस्पतिवार रात पथराव और फायरिंग से शुरू हुए बवाल की आंच ने शुक्रवार को पूरे दिन शहर की कानून-व्यवस्था चौपट कर दी।
train,train-s12350,"इस पर आरोपी पक्ष ने दुस्साहसिक तरीके से मुंह पर कपड़ा बांधकर एसएसपी समेत भारी पुलिसबल की मौजूदगी में फायरिंग कर दी, जिसमें दो लोग घायल हो गए ।","इस पर आरोपी पक्ष ने दुस्साहसिक तरीके से मुंह पर कपड़ा बांधकर एसएसपी समेत भारी पुलिसबल की मौजूदगी में फायरिंग कर दी, जिसमें दो लोग घायल हो गए।"
train,train-s12351,पुलिस ने आंसू गैस छोड़ी और फायरिंग की ।,पुलिस ने आंसू गैस छोड़ी और फायरिंग की।
train,train-s12355,मालूम हो कि महमूदनगर - पौदीवाड़ा में बृहस्पतिवार रात केला देवी की बेटी सीमा की शादी ज्वालापुर हरिद्वार के सनी बाल्मीकि के साथ थी ।,मालूम हो कि महमूदनगर-पौदीवाड़ा में बृहस्पतिवार रात केला देवी की बेटी सीमा की शादी ज्वालापुर हरिद्वार के सनी बाल्मीकि के साथ थी।
train,train-s12356,चढ़त के दौरान छेड़छाड़ एवं दूल्हे के हार से नोट खींचने को लेकर विवाद हो गया था ।,चढ़त के दौरान छेड़छाड़ एवं दूल्हे के हार से नोट खींचने को लेकर विवाद हो गया था।
train,train-s12357,वरमाला के दौरान सशस्त्र हमलावरों ने बारात पर धावा बोल दिया था और जमकर तोड़फोड़ एवं लूटपाट की थी ।,वरमाला के दौरान सशस्त्र हमलावरों ने बारात पर धावा बोल दिया था और जमकर तोड़फोड़ एवं लूटपाट की थी।
train,train-s12358,घंटों चले हंगामे के बाद देर रात मामला शांत होने पर खुद एसएसपी ने अपने सामने फेरों की रस्म अदा कराई थी और सुबह करीब सात बजे दुल्हन समेत बारात की बस को पुलिस सुरक्षा में जिले की सीमा से बाहर छुड़वाया गया ।,घंटों चले हंगामे के बाद देर रात मामला शांत होने पर खुद एसएसपी ने अपने सामने फेरों की रस्म अदा कराई थी और सुबह करीब सात बजे दुल्हन समेत बारात की बस को पुलिस सुरक्षा में जिले की सीमा से बाहर छुड़वाया गया।
train,train-s12360,दोनों के पिता चचेरे भाई हैं और बढ़ई का काम करते हैं ।,दोनों के पिता चचेरे भाई हैं और बढ़ई का काम करते हैं।
train,train-s12361,राकेश विश्वकर्मा का आठ वर्षीय बेटा राजेश और सुरेश विश्वकर्मा का सात साल का पुत्र संतोष बृहस्पतिवार शाम लगभग साढ़े पांच बजे घर के पास खेल रहे थे ।,राकेश विश्वकर्मा का आठ वर्षीय बेटा राजेश और सुरेश विश्वकर्मा का सात साल का पुत्र संतोष बृहस्पतिवार शाम लगभग साढ़े पांच बजे घर के पास खेल रहे थे।
train,train-s12366,एसडीएम हंडिया अंजनी कुमार सिंह ने जब सख्ती से पेश आने की कोशिश की तो ग्रामीण भड़क उठे ।,एसडीएम हंडिया अंजनी कुमार सिंह ने जब सख्ती से पेश आने की कोशिश की तो ग्रामीण भड़क उठे।
train,train-s12367,भीड़ बेकाबू हो उठी और जाम में खड़ी गाड़ियों पर पथराव शुरू कर दिया ।,भीड़ बेकाबू हो उठी और जाम में खड़ी गाड़ियों पर पथराव शुरू कर दिया।
train,train-s12368,पीएसी ने रोकने की कोशिश की तो उसे खदेड़ दिया ।,पीएसी ने रोकने की कोशिश की तो उसे खदेड़ दिया।
train,train-s12370,तभी भीड़ ने क्रासिंग से कुछ दूरी पर जाम में फंसी सरकारी बसों पर हमला बोल दिया ।,तभी भीड़ ने क्रासिंग से कुछ दूरी पर जाम में फंसी सरकारी बसों पर हमला बोल दिया।
train,train-s12372,नई दिल्ली से गुवाहाटी जा रही ब्रह्मपुत्र मेल में कथित दुष्कर्म और छेड़खानी के एक मामले ने खासा तूल पकड़ लिया ।,नई दिल्ली से गुवाहाटी जा रही ब्रह्मपुत्र मेल में कथित दुष्कर्म और छेड़खानी के एक मामले ने खासा तूल पकड़ लिया।
train,train-s12373,हरियाणा पुलिस के जवानों और ऑल बोडो स्टूडेंट्स यूनियन (आबसू) से जुड़े छात्र - छात्राओं के बीच विवाद को लेकर भड़की हिंसा में चार लोगों की मौत हो गई और तीन अन्य घायल हो गए ।,हरियाणा पुलिस के जवानों और ऑल बोडो स्टूडेंट्स यूनियन (आबसू) से जुड़े छात्र-छात्राओं के बीच विवाद को लेकर भड़की हिंसा में चार लोगों की मौत हो गई और तीन अन्य घायल हो गए।
train,train-s12375,हरियाणा पुलिस के जवानों पर छात्राओं से दुष्कर्म और छेड़खानी का आरोप लगाया जिसके बाद मामला गरमा गया ।,हरियाणा पुलिस के जवानों पर छात्राओं से दुष्कर्म और छेड़खानी का आरोप लगाया जिसके बाद मामला गरमा गया।
train,train-s12376,इसके बाद भड़की हिंसा में हरियाणा पुलिस की इंडिया रिजर्व बटालियन के जवानों की गोली से आबसू के तीन कार्यकर्ताओं की मौत हो गई ।,इसके बाद भड़की हिंसा में हरियाणा पुलिस की इंडिया रिजर्व बटालियन के जवानों की गोली से आबसू के तीन कार्यकर्ताओं की मौत हो गई।
train,train-s12378,नतीजतन बचाव में उन्हें गोलियां चलानी पड़ी ।,नतीजतन बचाव में उन्हें गोलियां चलानी पड़ी।
train,train-s12379,वहीं हरियाणा के एडीजीपी ने कहा कि कुछ लड़कों को छेड़छाड़ से रोकने के मामले के तूल पकड़ने से वारदात हुई ।,वहीं हरियाणा के एडीजीपी ने कहा कि कुछ लड़कों को छेड़छाड़ से रोकने के मामले के तूल पकड़ने से वारदात हुई।
train,train-s12381,कोकराझार के पुलिस अघीक्षक बी. के. भुयान ने बताया कि दिल्ली - गुवाहाटी ब्रह्मपुत्र मेल में गोसाई गांव से कुछ लड़कियां सवार हुई ।,कोकराझार के पुलिस अघीक्षक बी. के. भुयान ने बताया कि दिल्ली-गुवाहाटी ब्रह्मपुत्र मेल में गोसाई गांव से कुछ लड़कियां सवार हुई।
train,train-s12383,लेकिन चलती ट्रेन में ही जवानों ने कुछ लड़कियों से कथित तौर पर दुष्कर्म और छेड़छाड़ की ।,लेकिन चलती ट्रेन में ही जवानों ने कुछ लड़कियों से कथित तौर पर दुष्कर्म और छेड़छाड़ की।
train,train-s12385,इस घटना के बाद लड़कियों ने मोबाइल फोन से कोकराझार में अपने साथियों को जानकारी दी ।,इस घटना के बाद लड़कियों ने मोबाइल फोन से कोकराझार में अपने साथियों को जानकारी दी।
train,train-s12387,लेकिन गाड़ी वहां नहीं रुकी ।,लेकिन गाड़ी वहां नहीं रुकी।
train,train-s12388,इसके बाद वहां से ९ किलोमीटर दूर सालाकाटी में कार्यकर्ताओं ने रेलवे ट्रैक पर अवरोध खड़ा कर गाड़ी को जबरन रोक लिया और जवानों को बाहर निकालने की मांग करने लगे ।,इसके बाद वहां से ९ किलोमीटर दूर सालाकाटी में कार्यकर्ताओं ने रेलवे ट्रैक पर अवरोध खड़ा कर गाड़ी को जबरन रोक लिया और जवानों को बाहर निकालने की मांग करने लगे।
train,train-s12389,लेकिन जवानों ने ट्रेन के दरवाजे और खिड़कियों को बंद कर लिया ।,लेकिन जवानों ने ट्रेन के दरवाजे और खिड़कियों को बंद कर लिया।
train,train-s12390,इसके आधे घंटे बाद लगभग दस बजे जवानों ने दरवाजा खोलकर स्टेशन पर खड़े कार्यकर्ताओं पर गोली चला दी ।,इसके आधे घंटे बाद लगभग दस बजे जवानों ने दरवाजा खोलकर स्टेशन पर खड़े कार्यकर्ताओं पर गोली चला दी।
train,train-s12391,जिससे दो की मौत घटनास्थल पर हो गई और एक कार्यकर्ता ने अस्पताल में दम तोड़ दिया ।,जिससे दो की मौत घटनास्थल पर हो गई और एक कार्यकर्ता ने अस्पताल में दम तोड़ दिया।
train,train-s12392,पुलिस अधीक्षक ने बताया कि इसके बाद कार्यकर्ताओं की भीड़ ने तीन जवानों को ट्रेन से खींच लिया ।,पुलिस अधीक्षक ने बताया कि इसके बाद कार्यकर्ताओं की भीड़ ने तीन जवानों को ट्रेन से खींच लिया।
train,train-s12396,वहीं हरियाणा के अतिरिक्त पुलिस महानिदेशक डॉ. जॉन वी. जॉर्ज ने बताया कि आईआरबी भौंडसी (गुड़गांव) की बटालियन में से २०० जवानों को असम राइफल्स के पास ट्रेनिंग के लिए भेजा गया था ।,वहीं हरियाणा के अतिरिक्त पुलिस महानिदेशक डॉ. जॉन वी. जॉर्ज ने बताया कि आईआरबी भौंडसी (गुड़गांव) की बटालियन में से २०० जवानों को असम राइफल्स के पास ट्रेनिंग के लिए भेजा गया था।
train,train-s12397,शुक्रवार को जैसे ही गाड़ी असम के कोकराझार जिले के एक स्टेशन पर पहुंची तो तीन - चार लड़कियां और तीन - चार लड़के जवानों की बोगी में घुस गए ।,शुक्रवार को जैसे ही गाड़ी असम के कोकराझार जिले के एक स्टेशन पर पहुंची तो तीन-चार लड़कियां और तीन-चार लड़के जवानों की बोगी में घुस गए।
train,train-s12398,लड़के एक लड़की के साथ छेड़छाड़ करने लगे ।,लड़के एक लड़की के साथ छेड़छाड़ करने लगे।
train,train-s12400,अगले स्टेशन पर गाड़ी के रुकने के बाद करीब २०० लोग पहुंच गए और हरियाणा पुलिस के जवानों पर पथराव और गोलियां चलानी शुरू कर दी ।,अगले स्टेशन पर गाड़ी के रुकने के बाद करीब २०० लोग पहुंच गए और हरियाणा पुलिस के जवानों पर पथराव और गोलियां चलानी शुरू कर दी।
train,train-s12404,"छह दिसंबर को मनमोहन सिंह और रूस के राष्ट्रपति ब्लादीमिर पुतिन आतंकवाद के खिलाफ वैश्विक लड़ाई, द्विपक्षीय मुद्दे और अंतर्राष्ट्रीय विकास के मसले पर बातचीत करेंगे ।","छह दिसंबर को मनमोहन सिंह और रूस के राष्ट्रपति ब्लादीमिर पुतिन आतंकवाद के खिलाफ वैश्विक लड़ाई, द्विपक्षीय मुद्दे और अंतर्राष्ट्रीय विकास के मसले पर बातचीत करेंगे।"
train,train-s12406,इनमें से एक करार रक्षा क्षेत्र में बौद्धिक संपदा अधिकार से जुड़ा होगा ।,इनमें से एक करार रक्षा क्षेत्र में बौद्धिक संपदा अधिकार से जुड़ा होगा।
train,train-s12407,दूसरा समझौता संयुक्त रूप से उपग्रह पर आधारित एक संचार प्रणाली के विकास से जुड़ा होगा ।,दूसरा समझौता संयुक्त रूप से उपग्रह पर आधारित एक संचार प्रणाली के विकास से जुड़ा होगा।
train,train-s12409,इस बात के साफ संकेत मिले हैं कि भारत रक्षा के क्षेत्र में खरीदारी की घोषणा नहीं करेगा लेकिन यह बात जगजाहिर है कि भारत पांचवी पीढ़ी के लड़ाकू विमान विकसित करना चाहता है ।,इस बात के साफ संकेत मिले हैं कि भारत रक्षा के क्षेत्र में खरीदारी की घोषणा नहीं करेगा लेकिन यह बात जगजाहिर है कि भारत पांचवी पीढ़ी के लड़ाकू विमान विकसित करना चाहता है।
train,train-s12410,विदेश सचिव श्याम सरन ने शनिवार को कहा कि हम लोग मध्यम दूरी के लड़ाकू विमान और पांचवीं पीढ़ी के लड़ाकू विमान की खरीदारी पर विचार विमर्श कर रहे हैं ।,विदेश सचिव श्याम सरन ने शनिवार को कहा कि हम लोग मध्यम दूरी के लड़ाकू विमान और पांचवीं पीढ़ी के लड़ाकू विमान की खरीदारी पर विचार विमर्श कर रहे हैं।
train,train-s12425,लेकिन अमेरिका का मानना है कि थोरियम संवर्धन तक़नीक के हस्तांतरण से भारत ऊर्जा के क्षेत्र में कमी की भरपाई कर सकता है ।,लेकिन अमेरिका का मानना है कि थोरियम संवर्धन तक़नीक के हस्तांतरण से भारत ऊर्जा के क्षेत्र में कमी की भरपाई कर सकता है।
train,train-s12426,अधिकारियों ने बताया कि वाशिंगटन ने संकेत दिए हैं कि वह भारत को ऊर्जा की उसकी बढ़ती जरूरतों से निपटने के लिए परमाणु ऊर्जा प्रौद्योगिकी देने का इच्छुक है ।,अधिकारियों ने बताया कि वाशिंगटन ने संकेत दिए हैं कि वह भारत को ऊर्जा की उसकी बढ़ती जरूरतों से निपटने के लिए परमाणु ऊर्जा प्रौद्योगिकी देने का इच्छुक है।
train,train-s12427,अधिकारियों के मुताबिक़ इसके बदले अमेरिका चाहता है कि भारत ईरान के साथ व्यावसायिक संबंध न रखे ।,अधिकारियों के मुताबिक़ इसके बदले अमेरिका चाहता है कि भारत ईरान के साथ व्यावसायिक संबंध न रखे।
train,train-s12430,गैस पाइप लाइन परियोजना भारत - पाक शांति प्रक्रिया की ही एक कड़ी होगी ।,गैस पाइप लाइन परियोजना भारत-पाक शांति प्रक्रिया की ही एक कड़ी होगी।
train,train-s12433,"अय्यर पाकिस्तान से अजरबैजान, ईरान और क़तर के लिए रवाना हो जाएंगे ।","अय्यर पाकिस्तान से अजरबैजान, ईरान और क़तर के लिए रवाना हो जाएंगे।"
train,train-s12434,"उनकी इस यात्रा का उद्देश्य अजरबैजान, ईरान और क़तर से हाइड्रोकार्बन क्षेत्र में सहयोग पर चर्चा करना होगा ।","उनकी इस यात्रा का उद्देश्य अजरबैजान, ईरान और क़तर से हाइड्रोकार्बन क्षेत्र में सहयोग पर चर्चा करना होगा।"
train,train-s12435,महानगर में कई दिन तक होने वाली भारी बारिश के बाद उपनगरीय रेलगाड़ियों की आवा - जाही कम होने से आक्रोशित लोगों ने लगातार दूसरे दिन रेल रोको अभियान जारी रखा ।,महानगर में कई दिन तक होने वाली भारी बारिश के बाद उपनगरीय रेलगाड़ियों की आवा-जाही कम होने से आक्रोशित लोगों ने लगातार दूसरे दिन रेल रोको अभियान जारी रखा।
train,train-s12437,मध्य रेलवे के सूत्रों के मुताबिक़ व्यस्त समय के दौरान कम रेलगाड़ियों के परिचालन के खिलाफ लोगों ने जमकर पत्थरबाजी की ।,मध्य रेलवे के सूत्रों के मुताबिक़ व्यस्त समय के दौरान कम रेलगाड़ियों के परिचालन के खिलाफ लोगों ने जमकर पत्थरबाजी की।
train,train-s12438,ठाणे रेलवे स्टेशन पर ज़बरदस्त भीड़ होने के कारण ट्रेन में नहीं चढ़ पाने वाले सैकड़ों यात्रियों ने उपनगरीय रेलगाड़ियों पर पत्थर फेंके ।,ठाणे रेलवे स्टेशन पर ज़बरदस्त भीड़ होने के कारण ट्रेन में नहीं चढ़ पाने वाले सैकड़ों यात्रियों ने उपनगरीय रेलगाड़ियों पर पत्थर फेंके।
train,train-s12439,मुंबई पुलिस और रेलवे पुलिस ने स्टेशन से भीड़ को हटाने के लिए बृहस्पतिवार सुबह ११ बजकर ३० मिनट तक सभी अप और डाउन रेलगाड़ियों के परिचालन पर रोक लगा दी ।,मुंबई पुलिस और रेलवे पुलिस ने स्टेशन से भीड़ को हटाने के लिए बृहस्पतिवार सुबह ११ बजकर ३० मिनट तक सभी अप और डाउन रेलगाड़ियों के परिचालन पर रोक लगा दी।
train,train-s12444,पुणे होकर दक्षिण की ओर जाने वाली पांच रेलगाड़ियों को रवाना किया गया ।,पुणे होकर दक्षिण की ओर जाने वाली पांच रेलगाड़ियों को रवाना किया गया।
train,train-s12445,पश्चिमी रेलवे सेक्शन पर विरार और वसई होकर उत्तर की ओर जाने वाली दो रेलगाड़ियों को भी रवाना किया गया ।,पश्चिमी रेलवे सेक्शन पर विरार और वसई होकर उत्तर की ओर जाने वाली दो रेलगाड़ियों को भी रवाना किया गया।
train,train-s12446,बुधवार को मध्य रेलवे सेक्शन के मुंब्रा रेलवे स्टेशन पर २००० लोगों ने रेलगाड़ियों को पांच घंटे से अधिक समय तक रोके रखा जिससे रेल सेवा बाधित हुई ।,बुधवार को मध्य रेलवे सेक्शन के मुंब्रा रेलवे स्टेशन पर २००० लोगों ने रेलगाड़ियों को पांच घंटे से अधिक समय तक रोके रखा जिससे रेल सेवा बाधित हुई।
train,train-s12451,राष्ट्रीय उपभोक्ता आयोग (एनसीसी) ने परिपक्वता की अवधि से पहले पॉलिसी बंद करने वाले बीमा धारकों के हक़ में फैसला सुनाते हुए डाक विभाग को ग्राहकों की पूरी रक़म लौटाने का आदेश दिया है ।,राष्ट्रीय उपभोक्ता आयोग (एनसीसी) ने परिपक्वता की अवधि से पहले पॉलिसी बंद करने वाले बीमा धारकों के हक़ में फैसला सुनाते हुए डाक विभाग को ग्राहकों की पूरी रक़म लौटाने का आदेश दिया है।
train,train-s12452,दरअसल डाक विभाग ने महाराष्ट्र के तीन बीमा धारकों को यह कहते हुए पूरी रक़म लौटाने से इनकार कर दिया था कि उन लोगों ने पूरी अवधि तक बीमा की रक़म जमा नहीं की और समय से पहले ही पॉलिसी को बंद कर दिया ।,दरअसल डाक विभाग ने महाराष्ट्र के तीन बीमा धारकों को यह कहते हुए पूरी रक़म लौटाने से इनकार कर दिया था कि उन लोगों ने पूरी अवधि तक बीमा की रक़म जमा नहीं की और समय से पहले ही पॉलिसी को बंद कर दिया।
train,train-s12456,खंडपीठ डाक विभाग के इस तर्क से सहमत नहीं था कि समय से पहले पॉलिसी बंद करने के कारण तीनों ग्राहक पूरी रक़म के हक़दार नहीं हैं ।,खंडपीठ डाक विभाग के इस तर्क से सहमत नहीं था कि समय से पहले पॉलिसी बंद करने के कारण तीनों ग्राहक पूरी रक़म के हक़दार नहीं हैं।
train,train-s12457,खंडपीठ ने कहा कि अब हम लोगों को उम्मीद है कि भविष्य में पॉलिसी देने से पहले डाक विभाग प्रत्येक बीमा धारकों को इस बात की जानकारी देगा कि कितने वक्त तक पॉलिसी चलाने पर उन्हें कितनी रक़म वापस की जाएगी ।,खंडपीठ ने कहा कि अब हम लोगों को उम्मीद है कि भविष्य में पॉलिसी देने से पहले डाक विभाग प्रत्येक बीमा धारकों को इस बात की जानकारी देगा कि कितने वक्त तक पॉलिसी चलाने पर उन्हें कितनी रक़म वापस की जाएगी।
train,train-s12459,इससे पहले राज्य उपभोक्ता आयोग ने भी तीनों ग्राहकों की रक़म लौटाने के आदेश दिए थे ।,इससे पहले राज्य उपभोक्ता आयोग ने भी तीनों ग्राहकों की रक़म लौटाने के आदेश दिए थे।
train,train-s12467,इस बारे में जानकारी देते हुए उन्होंने बताया कि जून से जुलाई के पहले हफ्ते तक सेना ने घुसपैठ की १२ कोशिशों को नाक़ाम किया है ।,इस बारे में जानकारी देते हुए उन्होंने बताया कि जून से जुलाई के पहले हफ्ते तक सेना ने घुसपैठ की १२ कोशिशों को नाक़ाम किया है।
train,train-s12470,उन्होंने कहा कि नियंत्रण रेखा पर ६० किलोमीटर अतिरिक्त क्षेत्र में बाड़ लगाई जाएगी ।,उन्होंने कहा कि नियंत्रण रेखा पर ६० किलोमीटर अतिरिक्त क्षेत्र में बाड़ लगाई जाएगी।
train,train-s12471,इन क्षेत्रों को पहले बाड़ लगाने से छोड़ दिया गया था ।,इन क्षेत्रों को पहले बाड़ लगाने से छोड़ दिया गया था।
train,train-s12472,जनरल विज ने कहा कि नियंत्रण रेखा पर चिनाब नदी से कारगिल तक ६०० किलोमीटर क्षेत्र में बाड़ लगाने का काम पूरा हो गया है ।,जनरल विज ने कहा कि नियंत्रण रेखा पर चिनाब नदी से कारगिल तक ६०० किलोमीटर क्षेत्र में बाड़ लगाने का काम पूरा हो गया है।
train,train-s12473,सेना में सेवा शर्तों को बढ़ाए जाने के लिए बग्गा समिति की रिपोर्ट लागू किए जाने के संबंध में जनरल विज ने कहा कि नए रक्षा मंत्री को इस सिफारिश के बारे में जानकारी दे दी गई है ।,सेना में सेवा शर्तों को बढ़ाए जाने के लिए बग्गा समिति की रिपोर्ट लागू किए जाने के संबंध में जनरल विज ने कहा कि नए रक्षा मंत्री को इस सिफारिश के बारे में जानकारी दे दी गई है।
train,train-s12474,"केंद्र सरकार ने माफिया सरगना दाऊद इब्राहिम के एक दर्जन से अधिक ऐसे सहयोगियों की नई सूची तैयार कर ली है, जो मुंबई बम विस्फोट कांड के भगोड़े आरोपी हैं ।","केंद्र सरकार ने माफिया सरगना दाऊद इब्राहिम के एक दर्जन से अधिक ऐसे सहयोगियों की नई सूची तैयार कर ली है, जो मुंबई बम विस्फोट कांड के भगोड़े आरोपी हैं।"
train,train-s12476,उम्मीद है कि इनकी गिरफ्तारी के लिए भारत सरकार पाकिस्तान के साथ ही खाड़ी और पश्चिमी एशिया के देशों की सरकारों से बातचीत करेगी ।,उम्मीद है कि इनकी गिरफ्तारी के लिए भारत सरकार पाकिस्तान के साथ ही खाड़ी और पश्चिमी एशिया के देशों की सरकारों से बातचीत करेगी।
train,train-s12481,"इनमें दाऊद इब्राहिम, जैश - ए - मोहम्मद प्रमुख मौलाना मसूद अज़हर और इंडियन एयर लाइन्स के अपहृत विमान के यात्रियों की रिहाई के बदले में छोड़े गए तीन अन्य आतंकी शामिल हैं ।","इनमें दाऊद इब्राहिम, जैश-ए-मोहम्मद प्रमुख मौलाना मसूद अज़हर और इंडियन एयर लाइन्स के अपहृत विमान के यात्रियों की रिहाई के बदले में छोड़े गए तीन अन्य आतंकी शामिल हैं।"
train,train-s12486,"'साऊथ एशिया ट्रिब्यून' में प्रकाशित खबर के अनुसार आतंकियों की नई सूची में शामिल दाऊद के अन्य सहयोगियों में ताहेर मोहम्मद मर्चेंट, शेख करीमुल्लाह, क्षत्री रियाज, फिरोज अब्दुल राशिद, सलीम अब्दुल गनी गाज़ी, याकूब वली मोहम्मद खान, अनवर अहमद हाजी, अब्दुल राशिद मोहम्मद खान, शबीर सईद इस्माईल क़ादरी, सईद आरिफ और इस्माईल हाज़ी अहमद इब्राहिम शामिल हैं ।","'साऊथ एशिया ट्रिब्यून' में प्रकाशित खबर के अनुसार आतंकियों की नई सूची में शामिल दाऊद के अन्य सहयोगियों में ताहेर मोहम्मद मर्चेंट, शेख करीमुल्लाह, क्षत्री रियाज, फिरोज अब्दुल राशिद, सलीम अब्दुल गनी गाज़ी, याकूब वली मोहम्मद खान, अनवर अहमद हाजी, अब्दुल राशिद मोहम्मद खान, शबीर सईद इस्माईल क़ादरी, सईद आरिफ और इस्माईल हाज़ी अहमद इब्राहिम शामिल हैं।"
train,train-s12488,शिरोमणि अकाली दल (दिल्ली) के अध्यक्ष परमजीत सिंह सरना ने यहां पत्रकारों से कहा कि पाकिस्तान की पंजाब प्रांत की सरकार और वक्फ बोर्ड ने हमें लाहौर स्थित चूना मंडी में गुरुद्वारा रामदास की मरम्मत और इसके साथ ही गुरुद्वारा ननकाना साहिब से जुड़े कॉलेज में तीर्थ यात्रियों के लिए यात्री निवास बनाने की अनुमति दे दी है ।,शिरोमणि अकाली दल (दिल्ली) के अध्यक्ष परमजीत सिंह सरना ने यहां पत्रकारों से कहा कि पाकिस्तान की पंजाब प्रांत की सरकार और वक्फ बोर्ड ने हमें लाहौर स्थित चूना मंडी में गुरुद्वारा रामदास की मरम्मत और इसके साथ ही गुरुद्वारा ननकाना साहिब से जुड़े कॉलेज में तीर्थ यात्रियों के लिए यात्री निवास बनाने की अनुमति दे दी है।
train,train-s12491,उन्होंने कहा कि पाक सरकार के इस फैसले से दोनों देशों के संबंधों में इज़ाफा होगा ।,उन्होंने कहा कि पाक सरकार के इस फैसले से दोनों देशों के संबंधों में इज़ाफा होगा।
train,train-s12493,"उन्होंने कहा कि हमने वक्फ बोर्ड के अध्यक्ष लेफ्टिनेंट जनरल नईम अक़बर खान, संयुक्त सचिव एजार - उल - हसन और पाक गुरुद्वारा बोर्ड के अध्यक्ष श्याम सिंह से मुलाक़ात की और उनके साथ मरम्मत के काम से जुड़ी जानकारियों को अंतिम रूप दिया ।","उन्होंने कहा कि हमने वक्फ बोर्ड के अध्यक्ष लेफ्टिनेंट जनरल नईम अक़बर खान, संयुक्त सचिव एजार-उल-हसन और पाक गुरुद्वारा बोर्ड के अध्यक्ष श्याम सिंह से मुलाक़ात की और उनके साथ मरम्मत के काम से जुड़ी जानकारियों को अंतिम रूप दिया।"
train,train-s12497,उन्होंने कहा कि गुरुद्वारे में रामदास का डिज़ाइन और वास्तु - शिल्प बरक़रार रखा जाएगा ।,उन्होंने कहा कि गुरुद्वारे में रामदास का डिज़ाइन और वास्तु-शिल्प बरक़रार रखा जाएगा।
train,train-s12498,अदालत मानती है कि बिहार में सत्ताधारी राजद के चर्चित सांसद पप्पू यादव के बेउर जेल में 'शाही अंदाज' से आंख खुल जानी चाहिए ।,अदालत मानती है कि बिहार में सत्ताधारी राजद के चर्चित सांसद पप्पू यादव के बेउर जेल में 'शाही अंदाज' से आंख खुल जानी चाहिए।
train,train-s12507,न्यायमूर्ति एन. संतोष हेगड़े और न्यायमूर्ति एस. बी. सिन्हा की पीठ ने बेउर जेल में पप्पू यादव के दरबार और ७ दिसंबर को मारे गए छापे में उनके पास बरामद सेल फोन को देखते हुए जैमर लगाने का महत्वपूर्ण निर्देश जारी कर दिया ।,न्यायमूर्ति एन. संतोष हेगड़े और न्यायमूर्ति एस. बी. सिन्हा की पीठ ने बेउर जेल में पप्पू यादव के दरबार और ७ दिसंबर को मारे गए छापे में उनके पास बरामद सेल फोन को देखते हुए जैमर लगाने का महत्वपूर्ण निर्देश जारी कर दिया।
train,train-s12515,इंजन से निकला धुआं केबिन में भर जाने के बाद बृहस्पतिवार को एक यात्री विमान को उत्तरी इंग्लैंड के हवाई अड्डे पर इमरजेंसी लैंडिंग करनी पड़ी ।,इंजन से निकला धुआं केबिन में भर जाने के बाद बृहस्पतिवार को एक यात्री विमान को उत्तरी इंग्लैंड के हवाई अड्डे पर इमरजेंसी लैंडिंग करनी पड़ी।
train,train-s12516,उड़ान अधिकारियों ने बताया कि विमान में सवार सभी ६० यात्री सुरक्षित हैं ।,उड़ान अधिकारियों ने बताया कि विमान में सवार सभी ६० यात्री सुरक्षित हैं।
train,train-s12517,बर्मिंघम से एडिनबर्ग जा रहे इस विमान को लीड्स ब्रैडफोर्ड हवाई अड्डे पर उतरना पड़ा ।,बर्मिंघम से एडिनबर्ग जा रहे इस विमान को लीड्स ब्रैडफोर्ड हवाई अड्डे पर उतरना पड़ा।
train,train-s12539,अमेरिकी नेवी के कमांडर जेफ बेंडर ने अपने लिखित जवाब में कहा है कि इन तस्वीरों से इराकी कैदियों और बंधकों के साथ हुए बरताव से जुड़े अनेक सवाल पैदा होते हैं ।,अमेरिकी नेवी के कमांडर जेफ बेंडर ने अपने लिखित जवाब में कहा है कि इन तस्वीरों से इराकी कैदियों और बंधकों के साथ हुए बरताव से जुड़े अनेक सवाल पैदा होते हैं।
train,train-s12543,ये विशेषज्ञ इस बात का पता लगाएंगे कि २६ दिसंबर को आई प्रलयंकारी लहरों से इस खूबसूरत द्वीप के भूगोल पर किस तरह का असर पड़ा?,ये विशेषज्ञ इस बात का पता लगाएंगे कि २६ दिसंबर को आई प्रलयंकारी लहरों से इस खूबसूरत द्वीप के भूगोल पर किस तरह का असर पड़ा?
train,train-s12555,"लेकिन, हमें इससे भी बड़ा अंदेशा तटीय इलाकों की उवर्रता को लेकर है ।","लेकिन, हमें इससे भी बड़ा अंदेशा तटीय इलाकों की उवर्रता को लेकर है।"
train,train-s12559,उन्होंने कहा कि इससे तट पर आकर घरौंदा बनाने वाले कछुओं और मगरमच्छों की जिंदगी खतरे में पड़ सकती है ।,उन्होंने कहा कि इससे तट पर आकर घरौंदा बनाने वाले कछुओं और मगरमच्छों की जिंदगी खतरे में पड़ सकती है।
train,train-s12574,वामपंथी नेता उन्हें 'चतुर वित्तमंत्री' तक की उपाधि से भी नवाज़ चुके हैं ।,वामपंथी नेता उन्हें 'चतुर वित्तमंत्री' तक की उपाधि से भी नवाज़ चुके हैं।
train,train-s12601,तय हुआ कि 'जापान अंतर्राष्ट्रीय सहयोग एजेंसी' इस परियोजना की व्यावहारिकता का अध्ययन करेगी ।,तय हुआ कि 'जापान अंतर्राष्ट्रीय सहयोग एजेंसी' इस परियोजना की व्यावहारिकता का अध्ययन करेगी।
train,train-s12654,सुरक्षा परिषद में वह 'दूसरे दर्जे' के सदस्य के तौर पर नहीं रखा जा सकता ।,सुरक्षा परिषद में वह 'दूसरे दर्जे' के सदस्य के तौर पर नहीं रखा जा सकता।
train,train-s12665,इस नई कंपनी की उत्पादन क्षमता एक करोड़ टन होगी ।,इस नई कंपनी की उत्पादन क्षमता एक करोड़ टन होगी।
train,train-s12667,कंपनी प्रति वर्ष ५.१ करोड़ टन स्टील का उत्पादन करती है ।,कंपनी प्रति वर्ष ५.१ करोड़ टन स्टील का उत्पादन करती है।
train,train-s12668,'फोर्ड ब्रांड १०० सालों के बाद आज भी मौजूद है और यह पेशेवर ढंग से चलने वाली कंपनी है ।,'फोर्ड ब्रांड १०० सालों के बाद आज भी मौजूद है और यह पेशेवर ढंग से चलने वाली कंपनी है।
train,train-s12670,"लंदन से प्रकाशित 'दि संडे टाइम्स' में छपी खबर के मुताबिक, स्टील प्लांट खोलने के लिए बातचीत जारी है, लेकिन सूत्रों के मुताबिक मित्तल का टाटा समेत स्थानीय कंपनियों से कड़ा मुकाबला है ।","लंदन से प्रकाशित 'दि संडे टाइम्स' में छपी खबर के मुताबिक, स्टील प्लांट खोलने के लिए बातचीत जारी है, लेकिन सूत्रों के मुताबिक मित्तल का टाटा समेत स्थानीय कंपनियों से कड़ा मुकाबला है।"
train,train-s12674,"उन्होंने कहा, 'इससे पहले स्टील उद्योग ने उत्पादन में कटौती के बारे में कभी नहीं सोचा था, लेकिन उसे कटौती करनी पड़ी ।","उन्होंने कहा, 'इससे पहले स्टील उद्योग ने उत्पादन में कटौती के बारे में कभी नहीं सोचा था, लेकिन उसे कटौती करनी पड़ी।"
train,train-s12692,उनके पास आए उम्मीदवारों की कुंडली पढ़कर भट्ट द्वारा दी गई जानकारी सही रही है और ऐसे कर्मी काम के साथ लगातार प्रगति कर रहे हैं ।,उनके पास आए उम्मीदवारों की कुंडली पढ़कर भट्ट द्वारा दी गई जानकारी सही रही है और ऐसे कर्मी काम के साथ लगातार प्रगति कर रहे हैं।
train,train-s12702,फार्मा कंपनियों के शेयरों में कोई खास बढ़त नहीं हुई है ।,फार्मा कंपनियों के शेयरों में कोई खास बढ़त नहीं हुई है।
train,train-s12705,"बुल्स ऐंड बियर्स के प्रेसीडेंट रमेश सक्सेना के अनुसार जब सेंसेक्स काफी ऊंचाई पर हो तो 'डे ट्रेडिंग' से भरपूर कमाई की जा सकती है क्योंकि क्रमिक अंतराल पर, यहां तक कि दिन में कई बार मुनाफा वसूली और खरीदारी का दौर देखने को मिलता है ।","बुल्स ऐंड बियर्स के प्रेसीडेंट रमेश सक्सेना के अनुसार जब सेंसेक्स काफी ऊंचाई पर हो तो 'डे ट्रेडिंग' से भरपूर कमाई की जा सकती है क्योंकि क्रमिक अंतराल पर, यहां तक कि दिन में कई बार मुनाफा वसूली और खरीदारी का दौर देखने को मिलता है।"
train,train-s12711,यूटीआई म्यूचुअल फंड के चीफ मैनेजर जितेंद्र गब्र्याल कहते हैं - 'फंड का चयन करते समय पोर्टफोलियो पर एक नजर अवश्य डालिए ।,यूटीआई म्यूचुअल फंड के चीफ मैनेजर जितेंद्र गब्र्याल कहते हैं-'फंड का चयन करते समय पोर्टफोलियो पर एक नजर अवश्य डालिए।
train,train-s12713,'सेंसेक्स में उछाल आते ही कुछ म्यूचुअल फंड लाभांश संबंधी घोषणाओं की झड़ी लगा देते हैं ।,'सेंसेक्स में उछाल आते ही कुछ म्यूचुअल फंड लाभांश संबंधी घोषणाओं की झड़ी लगा देते हैं।
train,train-s12721,अब तक मौसम विभाग सामान्य बारिश होने की अपनी भविष्यवाणी पर अड़ा हुआ था लेकिन अब यह दावा पूरी तरह से खारिज हो गया है ।,अब तक मौसम विभाग सामान्य बारिश होने की अपनी भविष्यवाणी पर अड़ा हुआ था लेकिन अब यह दावा पूरी तरह से खारिज हो गया है।
train,train-s12724,मौसम विशेषज्ञों ने माना कि यदि अगला साल भी सूखा रहा तो देश के कई हिस्सों को सूखाग्रस्त घोषित करना पड़ सकता है ।,मौसम विशेषज्ञों ने माना कि यदि अगला साल भी सूखा रहा तो देश के कई हिस्सों को सूखाग्रस्त घोषित करना पड़ सकता है।
train,train-s12728,पिछले हफ्ते इसमें तीन फीसदी की कमी थी लेकिन बीते पूरे सप्ताह बारिश न होने के कारण इसमें तीन फीसदी की और बढ़ोत्तरी हुई है ।,पिछले हफ्ते इसमें तीन फीसदी की कमी थी लेकिन बीते पूरे सप्ताह बारिश न होने के कारण इसमें तीन फीसदी की और बढ़ोत्तरी हुई है।
train,train-s12729,"उत्तर प्रदेश, हिमाचल, राजस्थान, उत्तरांचल, पंजाब, जम्मू कश्मीर, बिहार, झारखंड, छत्तीसगढ़ तथा पूर्वोत्तर के कुछ राज्यों में औसत से कम बारिश हुई है ।","उत्तर प्रदेश, हिमाचल, राजस्थान, उत्तरांचल, पंजाब, जम्मू कश्मीर, बिहार, झारखंड, छत्तीसगढ़ तथा पूर्वोत्तर के कुछ राज्यों में औसत से कम बारिश हुई है।"
train,train-s12736,पिछले दो हफ्तों के दौरान पूर्वी उत्तर प्रदेश की स्थिति थोड़ी सुधरी है ।,पिछले दो हफ्तों के दौरान पूर्वी उत्तर प्रदेश की स्थिति थोड़ी सुधरी है।
train,train-s12752,मौसम विभाग ने उम्मीद जताई कि अगले एक - दो दिन तापमान ऐसा ही रहा तो बारिश होने की संभावना बढ़ जाएगी ।,मौसम विभाग ने उम्मीद जताई कि अगले एक-दो दिन तापमान ऐसा ही रहा तो बारिश होने की संभावना बढ़ जाएगी।
train,train-s12753,हरियाणा विद्यालय शिक्षा बोर्ड की दसवीं की परीक्षा में लड़कियों ने फिर अपना झंडा बुलंद किया है ।,हरियाणा विद्यालय शिक्षा बोर्ड की दसवीं की परीक्षा में लड़कियों ने फिर अपना झंडा बुलंद किया है।
train,train-s12755,लड़कियां ५९.४४ फीसदी और लड़के ५६.६३ फीसदी पास हुए हैं ।,लड़कियां ५९.४४ फीसदी और लड़के ५६.६३ फीसदी पास हुए हैं।
train,train-s12762,एक लाख ७५ हजार ५७४ लड़कों में से ९९ हजार ४३३ लड़के उत्तीर्ण हो पाए ।,एक लाख ७५ हजार ५७४ लड़कों में से ९९ हजार ४३३ लड़के उत्तीर्ण हो पाए।
train,train-s12769,यह फैसला भारत में बड़ी संख्या में मौजूद गैर सरकारी और धर्मार्थ संगठनों को ध्यान में रख कर किया गया है ।,यह फैसला भारत में बड़ी संख्या में मौजूद गैर सरकारी और धर्मार्थ संगठनों को ध्यान में रख कर किया गया है।
train,train-s12770,डॉट ओआरजी नाम वाली वेबसाइटों का रजिस्ट्रेशन करने वाली अंतर्राष्ट्रीय संस्था 'पब्लिक इंट्रेस्ट रजिस्ट्री' (पीआईआर) ने तय किया है कि अब भारत ही उसकी गतिविधियों का मुख्य अड्डा होगा ।,डॉट ओआरजी नाम वाली वेबसाइटों का रजिस्ट्रेशन करने वाली अंतर्राष्ट्रीय संस्था 'पब्लिक इंट्रेस्ट रजिस्ट्री' (पीआईआर) ने तय किया है कि अब भारत ही उसकी गतिविधियों का मुख्य अड्डा होगा।
train,train-s12776,उनके मुताबिक इस फैसले से जहां डॉट ओआरजी साइट पर आने वाला ढांचागत खर्च कम होगा वहीं भारत में रोजगार के मौके भी बढ़ेंगे ।,उनके मुताबिक इस फैसले से जहां डॉट ओआरजी साइट पर आने वाला ढांचागत खर्च कम होगा वहीं भारत में रोजगार के मौके भी बढ़ेंगे।
train,train-s12784,जबकि उनके बसंतकुंज स्थित आवास पर सुरक्षा व्यवस्था कड़ी कर दी गई है ।,जबकि उनके बसंतकुंज स्थित आवास पर सुरक्षा व्यवस्था कड़ी कर दी गई है।
train,train-s12788,"उस पत्रिका के पत्रकार ने जो वादा किया था, उसे उसने और उसके समूह ने तोड़ा है ।","उस पत्रिका के पत्रकार ने जो वादा किया था, उसे उसने और उसके समूह ने तोड़ा है।"
train,train-s12798,उनके आवास पर सुरक्षा व्यवस्था बढ़ाए जाने की बाबत दिल्ली पुलिस के संयुक्त आयुक्त राजेश कुमार ने बताया कि मथेरानी की मां और परिवार के अन्य सदस्य बसंतकुंज वाले आवास में रह रहे हैं ।,उनके आवास पर सुरक्षा व्यवस्था बढ़ाए जाने की बाबत दिल्ली पुलिस के संयुक्त आयुक्त राजेश कुमार ने बताया कि मथेरानी की मां और परिवार के अन्य सदस्य बसंतकुंज वाले आवास में रह रहे हैं।
train,train-s12799,इसलिए सुरक्षा बढ़ाई गई है ।,इसलिए सुरक्षा बढ़ाई गई है।
train,train-s12801,प्रवर्तन निदेशालय के प्रमुख सुधीर नाथ ने कहा कि एक पत्रिका में मथेरानी के साक्षात्कार के सभी तथ्यों पर जांच - पड़ताल की जाएगी ।,प्रवर्तन निदेशालय के प्रमुख सुधीर नाथ ने कहा कि एक पत्रिका में मथेरानी के साक्षात्कार के सभी तथ्यों पर जांच-पड़ताल की जाएगी।
train,train-s12813,पलवल के पृथला में पुलिस ने लाठियां भांज कर जाम लगा रहे लोगों को खदेड़ दिया ।,पलवल के पृथला में पुलिस ने लाठियां भांज कर जाम लगा रहे लोगों को खदेड़ दिया।
train,train-s12815,इस बीच बिजली कटौती से गुस्साए लोगों ने बुधवार रात भिवानी के जैन चौक स्थित बिजली सबस्टेशन में जमकर तोड़फोड़ की तथा निगम व पुलिस कर्मचारियों के साथ हाथापाई की ।,इस बीच बिजली कटौती से गुस्साए लोगों ने बुधवार रात भिवानी के जैन चौक स्थित बिजली सबस्टेशन में जमकर तोड़फोड़ की तथा निगम व पुलिस कर्मचारियों के साथ हाथापाई की।
train,train-s12829,इस पर पुलिस व गुस्साए लोगों के बीच मामूली झड़प भी हुई ।,इस पर पुलिस व गुस्साए लोगों के बीच मामूली झड़प भी हुई।
train,train-s12830,प्रदर्शनकारी महिलाएं लाठी - डंडे लेकर बीच सड़क में खड़ी हो गईं ।,प्रदर्शनकारी महिलाएं लाठी-डंडे लेकर बीच सड़क में खड़ी हो गईं।
train,train-s12834,बिजली विभाग के अधीक्षण अभियंता एस. सी. अरोड़ा मौके पर पहुंचे और १५ अगस्त तक बिजली की सुचारु व्यवस्था करने का आश्वासन दिया ।,बिजली विभाग के अधीक्षण अभियंता एस. सी. अरोड़ा मौके पर पहुंचे और १५ अगस्त तक बिजली की सुचारु व्यवस्था करने का आश्वासन दिया।
train,train-s12835,इस बीच बिजली कटौती से गुस्साए लोगों ने बुधवार रात १२ बजे भिवानी के जैन चौक स्थित ११ केवी इंडोर बिजली सबस्टेशन में जमकर तोड़फोड़ की तथा निगम व पुलिस कर्मचारियों के साथ हाथापाई की ।,इस बीच बिजली कटौती से गुस्साए लोगों ने बुधवार रात १२ बजे भिवानी के जैन चौक स्थित ११ केवी इंडोर बिजली सबस्टेशन में जमकर तोड़फोड़ की तथा निगम व पुलिस कर्मचारियों के साथ हाथापाई की।
train,train-s12836,भीड़ ने सबस्टेशन के दरवाजे के शीशे व कूलर को क्षतिग्रस्त कर दिया ।,भीड़ ने सबस्टेशन के दरवाजे के शीशे व कूलर को क्षतिग्रस्त कर दिया।
train,train-s12838,"पुलिस ने मौके पर पहुंचकर भीड़ को काबू करने का प्रयास किया, लेकिन गुस्साए लोगों ने पुलिस कर्मचारियों के साथ भी हाथापाई की ।","पुलिस ने मौके पर पहुंचकर भीड़ को काबू करने का प्रयास किया, लेकिन गुस्साए लोगों ने पुलिस कर्मचारियों के साथ भी हाथापाई की।"
train,train-s12852,"दासगुप्ता ने बताया कि ३१ दिसंबर, १८८१ में अंडमान निकोबार द्वीप समूह के नीचे आए भूकंप से उत्पन्न हुई सुनामी लहरें बंगाल की खाड़ी में ०.८ मीटर की अधिकतम ऊंचाई के साथ दर्ज की गई थीं ।","दासगुप्ता ने बताया कि ३१ दिसंबर, १८८१ में अंडमान निकोबार द्वीप समूह के नीचे आए भूकंप से उत्पन्न हुई सुनामी लहरें बंगाल की खाड़ी में ०.८ मीटर की अधिकतम ऊंचाई के साथ दर्ज की गई थीं।"
train,train-s12855,"अगर जीएसआई का आकंलन सही है तो २०८० में पूर्वी तटों की चट्टानों से सुनामी लहरें दोबारा टकरा सकती हैं, तो उन्होंने कहा कि यह बात बंगाल व उड़ीसा दोनों के लिए संभव है ।","अगर जीएसआई का आकंलन सही है तो २०८० में पूर्वी तटों की चट्टानों से सुनामी लहरें दोबारा टकरा सकती हैं, तो उन्होंने कहा कि यह बात बंगाल व उड़ीसा दोनों के लिए संभव है।"
train,train-s12862,इसका असली गढ़ प्रशांत महासागर क्षेत्र है ।,इसका असली गढ़ प्रशांत महासागर क्षेत्र है।
train,train-s12863,जम्मू - कश्मीर पुलिस द्वारा भेजी गई अश्लील सीडी में जो लड़की है वह पूर्व मिस जम्मू अनारा गुप्ता नहीं है ।,जम्मू-कश्मीर पुलिस द्वारा भेजी गई अश्लील सीडी में जो लड़की है वह पूर्व मिस जम्मू अनारा गुप्ता नहीं है।
train,train-s12865,आंध्र प्रदेश फोरेंसिक लेबोरेटरी (एपीएफएल) के निदेशक के. पी. सी. गांधी ने संवाददाताओं को बताया कि हमने जम्मू - कश्मीर पुलिस द्वारा भेजी गई सामग्री की जांच की और इस नतीजे पर पहुंचे कि सीडी में दिखाई गई लड़की अनारा गुप्ता नहीं है ।,आंध्र प्रदेश फोरेंसिक लेबोरेटरी (एपीएफएल) के निदेशक के. पी. सी. गांधी ने संवाददाताओं को बताया कि हमने जम्मू-कश्मीर पुलिस द्वारा भेजी गई सामग्री की जांच की और इस नतीजे पर पहुंचे कि सीडी में दिखाई गई लड़की अनारा गुप्ता नहीं है।
train,train-s12873,अनारा ने राष्ट्रीय मानवाधिकार आयोग और राष्ट्रीय महिला आयोग से पुलिस उत्पीड़न और अवैध तरीके से गिरफ्तार करने की शिकायत करने के लिए दिल्ली जाने की इजाजत मांगी थी ।,अनारा ने राष्ट्रीय मानवाधिकार आयोग और राष्ट्रीय महिला आयोग से पुलिस उत्पीड़न और अवैध तरीके से गिरफ्तार करने की शिकायत करने के लिए दिल्ली जाने की इजाजत मांगी थी।
train,train-s12884,पार्टी की राष्ट्रीय कार्यकारिणी अपनी स्थापना की स्वर्ण जयंती मनाने के लिए आज दिल्ली के अम्बेडकर स्टेडियम के 'दीन दयाल नगर' में मिली ।,पार्टी की राष्ट्रीय कार्यकारिणी अपनी स्थापना की स्वर्ण जयंती मनाने के लिए आज दिल्ली के अम्बेडकर स्टेडियम के 'दीन दयाल नगर' में मिली।
train,train-s12887,इसमें विचारधारा से जुड़े मुद्दों का कोई जिक्र नहीं है ।,इसमें विचारधारा से जुड़े मुद्दों का कोई जिक्र नहीं है।
train,train-s12888,पार्टी का सारा ध्यान शासन से जुड़े मुद्दों पर है ।,पार्टी का सारा ध्यान शासन से जुड़े मुद्दों पर है।
train,train-s12890,अपने पच्चीस साल के जश्न पर पार्टी ने पीछे मुड़कर देखने की जरूरत नहीं समझी ।,अपने पच्चीस साल के जश्न पर पार्टी ने पीछे मुड़कर देखने की जरूरत नहीं समझी।
train,train-s12892,सत्ता में रहते हुए उसके अपने वैचारिक परिवार के संगठनों से दूरी लगातार बढ़ती गई ।,सत्ता में रहते हुए उसके अपने वैचारिक परिवार के संगठनों से दूरी लगातार बढ़ती गई।
train,train-s12899,पार्टी की रजत जयंती मनाने के प्रस्ताव में इस बात का जिक्र है कि देश की राजनीति में भाजपा एक विशिष्ट वैचारिक ध्रुव के रूप में खड़ी रही ।,पार्टी की रजत जयंती मनाने के प्रस्ताव में इस बात का जिक्र है कि देश की राजनीति में भाजपा एक विशिष्ट वैचारिक ध्रुव के रूप में खड़ी रही।
train,train-s12901,"रजत जयंती मनाने वाले और राजनीतिक प्रस्ताव में इस बात का कोई जिक्र नहीं है कि पार्टी ने पच्चीस साल पहले जिस रास्ते पर चलने का संकल्प लिया था, वह रास्ता क्या वही है जिस पर वह आज खड़ी है ।","रजत जयंती मनाने वाले और राजनीतिक प्रस्ताव में इस बात का कोई जिक्र नहीं है कि पार्टी ने पच्चीस साल पहले जिस रास्ते पर चलने का संकल्प लिया था, वह रास्ता क्या वही है जिस पर वह आज खड़ी है।"
train,train-s12904,जिस विचारधारा पर पार्टी गर्व करने की बात कर रही है उस पर वह आज कहाँ खड़ी है?,जिस विचारधारा पर पार्टी गर्व करने की बात कर रही है उस पर वह आज कहाँ खड़ी है?
train,train-s12909,गंगा में प्रदूषण के वैसे बहुत से कारण हैं पर सबसे बड़ी वजह इसमें सीवेज और कारखानों से निकलने वाले अवशिष्ट का गिरना है ।,गंगा में प्रदूषण के वैसे बहुत से कारण हैं पर सबसे बड़ी वजह इसमें सीवेज और कारखानों से निकलने वाले अवशिष्ट का गिरना है।
train,train-s12911,राष्ट्रीय नदी संरक्षण कार्यक्रम के अंतर्गत होने वाले इस कार्य के लिए जापान बैंक फॉर इंटरनेशनल कोऑपरेशन (जेबीआईसी) से ऋण के रूप में भारत सरकार को रक़म उपलब्ध कराई जाएगी ।,राष्ट्रीय नदी संरक्षण कार्यक्रम के अंतर्गत होने वाले इस कार्य के लिए जापान बैंक फॉर इंटरनेशनल कोऑपरेशन (जेबीआईसी) से ऋण के रूप में भारत सरकार को रक़म उपलब्ध कराई जाएगी।
train,train-s12912,"इस काम पर जितनी रक़म खर्च होगी, उसका ८५ प्रतिशत भारत सरकार जापान से लिए गए कर्ज से अनुदान के रूप में राज्य सरकार को देगी जबकि शेष १५ प्रतिशत अंश प्रदेश सरकार को देय होगा ।","इस काम पर जितनी रक़म खर्च होगी, उसका ८५ प्रतिशत भारत सरकार जापान से लिए गए कर्ज से अनुदान के रूप में राज्य सरकार को देगी जबकि शेष १५ प्रतिशत अंश प्रदेश सरकार को देय होगा।"
train,train-s12921,इन दिनों इंटरनेट के जरिए मनमोहक खुशबू भेजने का चलन बढ़ रहा है ।,इन दिनों इंटरनेट के जरिए मनमोहक खुशबू भेजने का चलन बढ़ रहा है।
train,train-s12923,साफ्टवेयर कंपनी ने 'मल्टीफ्रेगरेंस' किट बाजार में उतारी है ।,साफ्टवेयर कंपनी ने 'मल्टीफ्रेगरेंस' किट बाजार में उतारी है।
train,train-s12925,इसके जरिए सुदूर बैठकर भी कोई व्यक्ति अपने घर में मौजूद छोटी बच्ची से लेकर अपनी पत्नी या प्रेमिका को नेट के जरिए मनचाही सुगंध सैकड़ों में बिना किसी खर्च के भेज सकता है ।,इसके जरिए सुदूर बैठकर भी कोई व्यक्ति अपने घर में मौजूद छोटी बच्ची से लेकर अपनी पत्नी या प्रेमिका को नेट के जरिए मनचाही सुगंध सैकड़ों में बिना किसी खर्च के भेज सकता है।
train,train-s12926,"इस साफ्टवेयर के कारण स्क्रीन पर दिखाए जाने वाले फूलों की खुशबू महसूस करने की बातें अब कागज़ी नहीं रह गई हैं, बल्कि इनको हक़ीकत में बदल दिया गया है ।","इस साफ्टवेयर के कारण स्क्रीन पर दिखाए जाने वाले फूलों की खुशबू महसूस करने की बातें अब कागज़ी नहीं रह गई हैं, बल्कि इनको हक़ीकत में बदल दिया गया है।"
train,train-s12927,कंप्यूटर साफ्टवेयर कंपनियों ने 'मल्टीफ्रेगरेंस' किट बाजार में उतारी हैं ।,कंप्यूटर साफ्टवेयर कंपनियों ने 'मल्टीफ्रेगरेंस' किट बाजार में उतारी हैं।
train,train-s12928,"इस किट में कई खुशबू और साफ्टवेयर दिया जाता है, हालांकि यह किट अभी बड़े शहरों में ही आई है ।","इस किट में कई खुशबू और साफ्टवेयर दिया जाता है, हालांकि यह किट अभी बड़े शहरों में ही आई है।"
train,train-s12939,६ फरवरी को आयोजित होने वाले मैट का आवेदन 'एआईएमए सीएमएस' के पक्ष में नई दिल्ली में देय ५९० रुपये का डिमांड ड्राफ्ट देने पर दिया जाता है ।,६ फरवरी को आयोजित होने वाले मैट का आवेदन 'एआईएमए सीएमएस' के पक्ष में नई दिल्ली में देय ५९० रुपये का डिमांड ड्राफ्ट देने पर दिया जाता है।
train,train-s12941,मुक़ाबला मोहन बागान और डेंपो के बीच था ।,मुक़ाबला मोहन बागान और डेंपो के बीच था।
train,train-s12943,उन्हें मैदान पर ही चिकित्सा दी गई लेकिन इस होनहार खिलाड़ी की जान नहीं बचाई जा सकी ।,उन्हें मैदान पर ही चिकित्सा दी गई लेकिन इस होनहार खिलाड़ी की जान नहीं बचाई जा सकी।
train,train-s12957,इसके साथ ही केंद्र सरकार ने यह भी माना कि वह परमाणु हथियार से हमले की ऐसी किसी कोशिश को नाक़ाम करने के लिए स्वतंत्र प्रतिरोधक क्षमता बनाने में अब नहीं चूकेगी ।,इसके साथ ही केंद्र सरकार ने यह भी माना कि वह परमाणु हथियार से हमले की ऐसी किसी कोशिश को नाक़ाम करने के लिए स्वतंत्र प्रतिरोधक क्षमता बनाने में अब नहीं चूकेगी।
train,train-s12962,पाकिस्तान के साथ परस्पर विश्वास बढ़ाने के प्रयासों के तहत भारतीय सेना ने जम्मू - कश्मीर में तैनात अपने पंद्रह हजार जवानों को अग्रिम मोर्चों से वापस बुला लिया है ।,पाकिस्तान के साथ परस्पर विश्वास बढ़ाने के प्रयासों के तहत भारतीय सेना ने जम्मू-कश्मीर में तैनात अपने पंद्रह हजार जवानों को अग्रिम मोर्चों से वापस बुला लिया है।
train,train-s12963,सेना के उच्च पदस्थ सूत्रों ने रविवार को इसकी जानकारी देते हुए बताया कि वहाँ से एक ब्रिगेड और टुकड़ी वापस बुलाने के साथ - साथ कुछ ठिकानों के भी स्थान परिवर्तित किए गए हैं ।,सेना के उच्च पदस्थ सूत्रों ने रविवार को इसकी जानकारी देते हुए बताया कि वहाँ से एक ब्रिगेड और टुकड़ी वापस बुलाने के साथ-साथ कुछ ठिकानों के भी स्थान परिवर्तित किए गए हैं।
train,train-s12964,इन ठिकानों को १९९९ में 'ऑपरेशन विजय' के समय से ही बनाया गया था और अब उन्हें पूर्व तैनाती स्थल पर भेजा जा रहा है ।,इन ठिकानों को १९९९ में 'ऑपरेशन विजय' के समय से ही बनाया गया था और अब उन्हें पूर्व तैनाती स्थल पर भेजा जा रहा है।
train,train-s12967,उधर पाकिस्तानी दर्शकों का भी चंडीगढ़ पहुँचना शुरू हो गया है ।,उधर पाकिस्तानी दर्शकों का भी चंडीगढ़ पहुँचना शुरू हो गया है।
train,train-s12968,आज क़रीब तीन हजार पाकिस्तानी दर्शक चंडीगढ़ पहुँचे ।,आज क़रीब तीन हजार पाकिस्तानी दर्शक चंडीगढ़ पहुँचे।
train,train-s12971,भारतीय टीम के अधिकांश सदस्य शनिवार को ही चंडीगढ़ पहुँच चुके हैं ।,भारतीय टीम के अधिकांश सदस्य शनिवार को ही चंडीगढ़ पहुँच चुके हैं।
train,train-s12972,दोनों ही टीमें चंडीगढ़ के होटल माउंटव्यू में ठहरी हुई हैं ।,दोनों ही टीमें चंडीगढ़ के होटल माउंटव्यू में ठहरी हुई हैं।
train,train-s12974,पाकिस्तानी दर्शक विशेष रेलगाड़ियों द्वारा अटारी रेलवे स्टेशन तथा वाघा सीमा पार कर चंडीगढ़ पहुँच रहे हैं ।,पाकिस्तानी दर्शक विशेष रेलगाड़ियों द्वारा अटारी रेलवे स्टेशन तथा वाघा सीमा पार कर चंडीगढ़ पहुँच रहे हैं।
train,train-s12975,इन जगहों से पाकिस्तानी दर्शकों को चंडीगढ़ लाने के लिए भारतीय रेलवे द्वारा विशेष ट्रेनें चलाई जा रही हैं ।,इन जगहों से पाकिस्तानी दर्शकों को चंडीगढ़ लाने के लिए भारतीय रेलवे द्वारा विशेष ट्रेनें चलाई जा रही हैं।
train,train-s12979,इसके अलावा चंडीगढ़ के विभिन्न लोग भी पाकिस्तानी दर्शकों को अपने यहां ठहरा रहे हैं ।,इसके अलावा चंडीगढ़ के विभिन्न लोग भी पाकिस्तानी दर्शकों को अपने यहां ठहरा रहे हैं।
train,train-s12980,उल्लेखीय है कि चंडीगढ़ के टैक्सी और ऑटो रिक्शा चालकों ने भी पाकिस्तानी दर्शकों को मोहाली स्टेडियम पहुंचाने के लिए विशेष व्यवस्था की है ।,उल्लेखीय है कि चंडीगढ़ के टैक्सी और ऑटो रिक्शा चालकों ने भी पाकिस्तानी दर्शकों को मोहाली स्टेडियम पहुंचाने के लिए विशेष व्यवस्था की है।
train,train-s12981,इस महत्वपूर्ण क्रिकेट मैच को देखते हुए चंडीगढ़ और मोहाली में कड़ी सुरक्षा - व्यवस्था की गयी है ।,इस महत्वपूर्ण क्रिकेट मैच को देखते हुए चंडीगढ़ और मोहाली में कड़ी सुरक्षा-व्यवस्था की गयी है।
train,train-s12987,उन्हें इराक और उसके पड़ोसी मुल्कों के हालात की गहरी जानकारी है ।,उन्हें इराक और उसके पड़ोसी मुल्कों के हालात की गहरी जानकारी है।
train,train-s12992,पाकिस्तान के निर्वासित पूर्व प्रधानमंत्री नवाज़ शरीफ ने राष्ट्रपति परवेज़ मुशर्रफ के साथ किसी तरह की बातचीत या सौदेबाजी से साफ इन्कार किया है ।,पाकिस्तान के निर्वासित पूर्व प्रधानमंत्री नवाज़ शरीफ ने राष्ट्रपति परवेज़ मुशर्रफ के साथ किसी तरह की बातचीत या सौदेबाजी से साफ इन्कार किया है।
train,train-s13003,पूर्व प्रधानमंत्री ने कहा कि उनके और पीएमएल - एन के लिए एक लोकतांत्रिक पाकिस्तान के लिए पूरा संघर्ष तानाशाह के साथ समझौता करके फिज़ूल साबित होगा ।,पूर्व प्रधानमंत्री ने कहा कि उनके और पीएमएल-एन के लिए एक लोकतांत्रिक पाकिस्तान के लिए पूरा संघर्ष तानाशाह के साथ समझौता करके फिज़ूल साबित होगा।
train,train-s13011,गौरतलब है कि संयुक्त राष्ट्र महासभा में जी - ४ के प्रस्ताव को दो - तिहाई बहुमत हासिल करने के लिए १२८ देशों के समर्थन की जरूरत पड़ेगी ।,गौरतलब है कि संयुक्त राष्ट्र महासभा में जी-४ के प्रस्ताव को दो-तिहाई बहुमत हासिल करने के लिए १२८ देशों के समर्थन की जरूरत पड़ेगी।
train,train-s13059,उत्तर प्रदेश में बहुजन समाज पार्टी के अभियान और महाराष्ट्र में अंबेडकर के प्रभाव ने 'बौद्ध आबादी' की प्रेरणा का काम किया ।,उत्तर प्रदेश में बहुजन समाज पार्टी के अभियान और महाराष्ट्र में अंबेडकर के प्रभाव ने 'बौद्ध आबादी' की प्रेरणा का काम किया।
train,train-s13081,"उन्होंने आरएसएस कार्य - कर्ताओं को उन 'वोट - भूखे' नेताओं से चौकस रहने का उपदेश दिया, जो पूरे देश को कुछ नहीं समझते हैं ।","उन्होंने आरएसएस कार्य-कर्ताओं को उन 'वोट-भूखे' नेताओं से चौकस रहने का उपदेश दिया, जो पूरे देश को कुछ नहीं समझते हैं।"
train,train-s13084,भाजपा अध्यक्ष ने अपनी टिथी में पाकिस्तान के जनक मोहम्मद अली जिन्ना की छवि को 'धर्मनिरपेक्ष' और 'इतिहास निर्माता' बताकर सबको हैरान कर दिया ।,भाजपा अध्यक्ष ने अपनी टिथी में पाकिस्तान के जनक मोहम्मद अली जिन्ना की छवि को 'धर्मनिरपेक्ष' और 'इतिहास निर्माता' बताकर सबको हैरान कर दिया।
train,train-s13120,कैग ने कहा कि खरीद में देरी से 'ऑपरेशन पराक्रम' के दौरान सेना के जवानों का जीवन खतरे में पड़ गया था ।,कैग ने कहा कि खरीद में देरी से 'ऑपरेशन पराक्रम' के दौरान सेना के जवानों का जीवन खतरे में पड़ गया था।
train,train-s13136,भारत और पाकिस्तान के लिए अड़ियल मानसिकता में बदलाव लाने की जरूरत पर बल देते हुए पाकिस्तान के प्रधानमंत्री शौकत अज़ीज़ ने द्विपक्षीय संबंधों को आगे बढ़ाने के लिए 'रणनीतिक पुनर्विचार' और 'मजबूत' फैसलों की वकालत की है ।,भारत और पाकिस्तान के लिए अड़ियल मानसिकता में बदलाव लाने की जरूरत पर बल देते हुए पाकिस्तान के प्रधानमंत्री शौकत अज़ीज़ ने द्विपक्षीय संबंधों को आगे बढ़ाने के लिए 'रणनीतिक पुनर्विचार' और 'मजबूत' फैसलों की वकालत की है।
train,train-s13137,'साउथ एशियन जर्नल' में प्रकाशित एक आलेख में अज़ीज़ ने कहा है कि भारत और पाकिस्तान के रिश्ते स्थायी रूप से प्रतिकूल होने के लिए अभिशप्त नहीं हैं ।,'साउथ एशियन जर्नल' में प्रकाशित एक आलेख में अज़ीज़ ने कहा है कि भारत और पाकिस्तान के रिश्ते स्थायी रूप से प्रतिकूल होने के लिए अभिशप्त नहीं हैं।
train,train-s13141,उन्होंने कहा कि भारत और पाकिस्तान को अच्छे पड़ोसी रिश्ते को बढ़ावा देने की जरूरत है ।,उन्होंने कहा कि भारत और पाकिस्तान को अच्छे पड़ोसी रिश्ते को बढ़ावा देने की जरूरत है।
train,train-s13142,अज़ीज़ ने कहा कि हमें एक दूसरे की संप्रभुता और क्षेत्रीय अखंडता को आदर देना होगा और आपसी संबंधों को संप्रभुता व बराबरी के आधार पर देखना होगा ।,अज़ीज़ ने कहा कि हमें एक दूसरे की संप्रभुता और क्षेत्रीय अखंडता को आदर देना होगा और आपसी संबंधों को संप्रभुता व बराबरी के आधार पर देखना होगा।
train,train-s13145,"नवंबर की अपनी नई दिल्ली यात्रा को उपयोगी और भारतीय नेताओं के साथ वार्ता को काफी रचनात्मक बताते हुए अज़ीज़ ने कहा कि रिश्तों में सुधार के लिए मजबूत फैसले लेने का हौसला हम में है और पुरानी मानसिकता से हटकर सोचना होगा, वर्ना वर्तमान मौका आसानी से चूक जाएगा ।","नवंबर की अपनी नई दिल्ली यात्रा को उपयोगी और भारतीय नेताओं के साथ वार्ता को काफी रचनात्मक बताते हुए अज़ीज़ ने कहा कि रिश्तों में सुधार के लिए मजबूत फैसले लेने का हौसला हम में है और पुरानी मानसिकता से हटकर सोचना होगा, वर्ना वर्तमान मौका आसानी से चूक जाएगा।"
train,train-s13147,अगर भारत एक कदम आगे बढ़ता है तो पाकिस्तान दो कदम आगे बढ़ाएगा ।,अगर भारत एक कदम आगे बढ़ता है तो पाकिस्तान दो कदम आगे बढ़ाएगा।
train,train-s13148,"पाकिस्तान से होकर गुज़रने वाली भारत - ईरान गैस पाइप लाइन के बारे में उन्होंने कहा कि आपसी भरोसा बढ़ाने में यह एक बड़ा कदम हो सकता है और आपसी सहयोग से हम पर्यटन, व्यापार और कई अन्य क्षेत्रों को बढ़ावा दे सकते हैं ।","पाकिस्तान से होकर गुज़रने वाली भारत-ईरान गैस पाइप लाइन के बारे में उन्होंने कहा कि आपसी भरोसा बढ़ाने में यह एक बड़ा कदम हो सकता है और आपसी सहयोग से हम पर्यटन, व्यापार और कई अन्य क्षेत्रों को बढ़ावा दे सकते हैं।"
train,train-s13149,जापान ने बृहस्पतिवार को कहा कि वह सुनामी चेतावनी प्रणाली शीघ्र स्थापित करने के लिए भारत को तक़नीक हस्तांतरित करने और अपने अनुभवों को बांटने के लिए तैयार है ।,जापान ने बृहस्पतिवार को कहा कि वह सुनामी चेतावनी प्रणाली शीघ्र स्थापित करने के लिए भारत को तक़नीक हस्तांतरित करने और अपने अनुभवों को बांटने के लिए तैयार है।
train,train-s13152,इनोकी ने दीर्घावधि उपायों के लिए एक क्षेत्रीय ढाँचा तैयार करने की सलाह देते हुए कहा कि इस प्रस्ताव से भारत सरकार की स्थिति में कोई अड़चन नहीं है ।,इनोकी ने दीर्घावधि उपायों के लिए एक क्षेत्रीय ढाँचा तैयार करने की सलाह देते हुए कहा कि इस प्रस्ताव से भारत सरकार की स्थिति में कोई अड़चन नहीं है।
train,train-s13156,इनोकी ने कहा कि दोनों देशों के बीच उच्च स्तरीय बातचीत के तहत जापान के तीन मंत्री द्विपक्षीय संबंधों को बढ़ावा देने के उद्देश्य से इस सप्ताह भारत आ रहे हैं ।,इनोकी ने कहा कि दोनों देशों के बीच उच्च स्तरीय बातचीत के तहत जापान के तीन मंत्री द्विपक्षीय संबंधों को बढ़ावा देने के उद्देश्य से इस सप्ताह भारत आ रहे हैं।
train,train-s13162,अगले छह महीनों में इन दोनों नेताओं की अन्य अंतर्राष्ट्रीय मंच पर मुलाक़ात की संभावना है ।,अगले छह महीनों में इन दोनों नेताओं की अन्य अंतर्राष्ट्रीय मंच पर मुलाक़ात की संभावना है।
train,train-s13163,उत्तरांचल के चमोली जिले में बादल फटने के बाद आई बाढ़ व भूस्खलन से बद्रीनाथ धाम के आस - पास करीब ५००० तीर्थ - यात्री फंस गए हैं ।,उत्तरांचल के चमोली जिले में बादल फटने के बाद आई बाढ़ व भूस्खलन से बद्रीनाथ धाम के आस-पास करीब ५००० तीर्थ-यात्री फंस गए हैं।
train,train-s13164,गोविंदघाट - बद्रीनाथ राजमार्ग का काफी बड़ा हिस्सा बह गया है ।,गोविंदघाट-बद्रीनाथ राजमार्ग का काफी बड़ा हिस्सा बह गया है।
train,train-s13167,टोलिया ने बताया कि बद्रीनाथ धाम के आस - पास क़रीब ५००० तीर्थ - यात्री फंस गए हैं ।,टोलिया ने बताया कि बद्रीनाथ धाम के आस-पास क़रीब ५००० तीर्थ-यात्री फंस गए हैं।
train,train-s13168,सीमा सड़क संगठन की सलाह पर यात्रा २० दिन के लिए रोक दी गई है ।,सीमा सड़क संगठन की सलाह पर यात्रा २० दिन के लिए रोक दी गई है।
train,train-s13169,उन्होंने बताया कि जान - माल के किसी नुक़सान की फिलहाल कोई खबर नहीं है ।,उन्होंने बताया कि जान-माल के किसी नुक़सान की फिलहाल कोई खबर नहीं है।
train,train-s13179,लेकिन फिलहाल मंत्रालय इस सत्र में मौजूदा किताबों के ही कुछ अंशों को हटाकर पढ़ाने का विकल्प भी खुला रखने पर विचार कर रहा है ।,लेकिन फिलहाल मंत्रालय इस सत्र में मौजूदा किताबों के ही कुछ अंशों को हटाकर पढ़ाने का विकल्प भी खुला रखने पर विचार कर रहा है।
train,train-s13180,ऐसा होने की स्थिति में शिक्षकों के लिए पाठ्य - पुस्तकों के कुछ अंश न पढ़ाने और कुछ अलग से पढ़ाने जैसे दिशा - निर्देश भी जारी किए जा सकते हैं ।,ऐसा होने की स्थिति में शिक्षकों के लिए पाठ्य-पुस्तकों के कुछ अंश न पढ़ाने और कुछ अलग से पढ़ाने जैसे दिशा-निर्देश भी जारी किए जा सकते हैं।
train,train-s13186,चोट के कारण ऑस्ट्रेलिया के खिलाफ टेस्ट सिरीज़ के दो मैचों से बाहर रहे सौरव गांगुली पाकिस्तान के खिलाफ़ १३ नवंबर को कोलकाता में होने वाले डे - नाइट मैच की कप्तानी करेंगे ।,चोट के कारण ऑस्ट्रेलिया के खिलाफ टेस्ट सिरीज़ के दो मैचों से बाहर रहे सौरव गांगुली पाकिस्तान के खिलाफ़ १३ नवंबर को कोलकाता में होने वाले डे-नाइट मैच की कप्तानी करेंगे।
train,train-s13191,"टीम इस प्रकार है - सौरव गांगुली (कप्तान), राहुल द्रविड़ (उप - कप्तान), वीरेन्द्र सहवाग, सचिन तेंदुलकर, वी. वी. एस. लक्ष्मण, युवराज सिंह, मोहम्मद कैफ़, श्रीधरन श्रीराम, हरभजन सिंह, अनिल कुंबले, ज़हीर खान, इरफ़ान पठान, आशीष नेहरा, अजीत अगरकर, दिनेश कार्तिक (विकेट कीपर) ।","टीम इस प्रकार है-सौरव गांगुली (कप्तान), राहुल द्रविड़ (उप-कप्तान), वीरेन्द्र सहवाग, सचिन तेंदुलकर, वी. वी. एस. लक्ष्मण, युवराज सिंह, मोहम्मद कैफ़, श्रीधरन श्रीराम, हरभजन सिंह, अनिल कुंबले, ज़हीर खान, इरफ़ान पठान, आशीष नेहरा, अजीत अगरकर, दिनेश कार्तिक (विकेट कीपर)।"
train,train-s13192,अंबानी बंधुओं के बीच छिड़ी कॉरपोरेट जंग के बाद अब लंदन स्थित स्टील महारथी लक्ष्मी मित्तल और उनके भाई प्रमोद मित्तल के बीच पश्चिम अफ्रीका में लौह अयस्क उद्योग को लेकर अप्रत्यक्ष रूप से विवाद शुरू हो गया है ।,अंबानी बंधुओं के बीच छिड़ी कॉरपोरेट जंग के बाद अब लंदन स्थित स्टील महारथी लक्ष्मी मित्तल और उनके भाई प्रमोद मित्तल के बीच पश्चिम अफ्रीका में लौह अयस्क उद्योग को लेकर अप्रत्यक्ष रूप से विवाद शुरू हो गया है।
train,train-s13193,बड़े भाई लक्ष्मी की 'मित्तल स्टील' का दावा है कि उसे लाइबेरिया स्थित दिवालिया हो चुके लौह अयस्क उद्योग को फिर से पटरी पर लाने के लिए विशेषाधिकार दिया गया है ।,बड़े भाई लक्ष्मी की 'मित्तल स्टील' का दावा है कि उसे लाइबेरिया स्थित दिवालिया हो चुके लौह अयस्क उद्योग को फिर से पटरी पर लाने के लिए विशेषाधिकार दिया गया है।
train,train-s13194,लेकिन प्रतिद्वंद्वी स्टील कंपनी ग्लोबल इंफ्रास्ट्रक्चर होल्डिंग लिमिटेड (जीआईएचएल) द्वारा लाइबेरिया सरकार के खिलाफ़ कानूनी चुनौती पेश करने से परियोजना में विलंब हो रहा है ।,लेकिन प्रतिद्वंद्वी स्टील कंपनी ग्लोबल इंफ्रास्ट्रक्चर होल्डिंग लिमिटेड (जीआईएचएल) द्वारा लाइबेरिया सरकार के खिलाफ़ कानूनी चुनौती पेश करने से परियोजना में विलंब हो रहा है।
train,train-s13197,विश्व के सबसे बड़े स्टील निर्माता मित्तल स्टील तथा जीआईएचल अंतर्राष्ट्रीय स्तर पर लौह अयस्क की कीमतें बढ़ने की संभावना के मद्देनज़र किसी भी हालत में इस परियोजना को हथियाना चाहते हैं ।,विश्व के सबसे बड़े स्टील निर्माता मित्तल स्टील तथा जीआईएचल अंतर्राष्ट्रीय स्तर पर लौह अयस्क की कीमतें बढ़ने की संभावना के मद्देनज़र किसी भी हालत में इस परियोजना को हथियाना चाहते हैं।
train,train-s13199,रिपोर्टों में कहा गया है कि अदालत में मामला जाने की वजह से लाखों डॉलर की इस परियोजना में संभावित निवेश के लिए बातचीत आगे नहीं बढ़ पा रही है ।,रिपोर्टों में कहा गया है कि अदालत में मामला जाने की वजह से लाखों डॉलर की इस परियोजना में संभावित निवेश के लिए बातचीत आगे नहीं बढ़ पा रही है।
train,train-s13200,प्रमोद मित्तल और उनकी सहयोगी कंपनी प्रोवाइडर लिमिटेड का दावा है कि नवंबर २००३ में लिमिन्को (लाइबेरियन माइनिंग कॉरपोरेशन) के साथ समझौते पर हस्ताक्षर होने के बाद इस परियोजना पर उनका हक़ बनता है ।,प्रमोद मित्तल और उनकी सहयोगी कंपनी प्रोवाइडर लिमिटेड का दावा है कि नवंबर २००३ में लिमिन्को (लाइबेरियन माइनिंग कॉरपोरेशन) के साथ समझौते पर हस्ताक्षर होने के बाद इस परियोजना पर उनका हक़ बनता है।
train,train-s13202,मित्तल स्टील की एक प्रवक्ता ने बताया कि लक्ष्मी मित्तल के खिलाफ़ फिलहाल कोई अदालती मामला नहीं है ।,मित्तल स्टील की एक प्रवक्ता ने बताया कि लक्ष्मी मित्तल के खिलाफ़ फिलहाल कोई अदालती मामला नहीं है।
train,train-s13204,केंद्रीय मंत्री के. नटवर सिंह ने मंगलवार को संसद में यह पूरी तरह से स्पष्ट कर दिया कि 'राष्ट्रीय जन भावना' और 'जमीनी हालात' के मद्देनज़र इराक़ में सैनिक भेजने का कोई सवाल ही नहीं उठता ।,केंद्रीय मंत्री के. नटवर सिंह ने मंगलवार को संसद में यह पूरी तरह से स्पष्ट कर दिया कि 'राष्ट्रीय जन भावना' और 'जमीनी हालात' के मद्देनज़र इराक़ में सैनिक भेजने का कोई सवाल ही नहीं उठता।
train,train-s13207,अगर कभी इराक़ में सेना भेजने की माँग की भी जाएगी तो भारत इसका जवाब नहीं में देगा ।,अगर कभी इराक़ में सेना भेजने की माँग की भी जाएगी तो भारत इसका जवाब नहीं में देगा।
train,train-s13208,"बहरहाल, हाल ही में अमेरिकी विदेश सचिव कॅलिन पॅवेल से वाशिंगटन में एक मुलाक़ात के दौरान दी गई टिथी के संबंध में उन्होंने कहा कि 'मैं इस मुद्दे पर समझौता करूंगा, यह सोचना मेरी कल्पना से परे है ।","बहरहाल, हाल ही में अमेरिकी विदेश सचिव कॅलिन पॅवेल से वाशिंगटन में एक मुलाक़ात के दौरान दी गई टिथी के संबंध में उन्होंने कहा कि 'मैं इस मुद्दे पर समझौता करूंगा, यह सोचना मेरी कल्पना से परे है।"
train,train-s13210,"बहरहाल, अय्यर ने कहा कि पिछले कुछ महीनों में बदलते हालातों के बावजूद भारत और इराक़ के संबंधों पर कोई प्रभाव नहीं पड़ा है ।","बहरहाल, अय्यर ने कहा कि पिछले कुछ महीनों में बदलते हालातों के बावजूद भारत और इराक़ के संबंधों पर कोई प्रभाव नहीं पड़ा है।"
train,train-s13211,उन्होंने कहा कि दक्षिण इराक़ के बसरा क्षेत्र के आस - पास के इलाकों में दोनों देशों द्वारा संयुक्त रूप से तेल भंडार का पता लगाया जाएगा ।,उन्होंने कहा कि दक्षिण इराक़ के बसरा क्षेत्र के आस-पास के इलाकों में दोनों देशों द्वारा संयुक्त रूप से तेल भंडार का पता लगाया जाएगा।
train,train-s13212,"इराक के मौजूदा सूरत - ए - हाल के संबंध में भाकपा के पी. के. वासुदेवन नायर ने कहा कि हालाँकि अमेरिका ने इराक़ में 'कठपुतली - सरकार' की स्थापना कर दी है, पर गठबंधन सैनिक अभी भी वहाँ डटे हैं और यह चिंता का विषय है ।","इराक के मौजूदा सूरत-ए-हाल के संबंध में भाकपा के पी. के. वासुदेवन नायर ने कहा कि हालाँकि अमेरिका ने इराक़ में 'कठपुतली-सरकार' की स्थापना कर दी है, पर गठबंधन सैनिक अभी भी वहाँ डटे हैं और यह चिंता का विषय है।"
train,train-s13213,उन्होंने कहा कि यह शर्म की बात है कि २१वीं सदी में इराक़ में प्रताड़ना का दौर चल रहा है ।,उन्होंने कहा कि यह शर्म की बात है कि २१वीं सदी में इराक़ में प्रताड़ना का दौर चल रहा है।
train,train-s13214,उन्होंने कहा कि 'बुश हिटलर की नकल कर रहे हैं ।,उन्होंने कहा कि 'बुश हिटलर की नकल कर रहे हैं।
train,train-s13216,भाकपा नेता ने कहा कि भारत को इराक़ के लोगों से सहानुभूति रखनी चाहिए ।,भाकपा नेता ने कहा कि भारत को इराक़ के लोगों से सहानुभूति रखनी चाहिए।
train,train-s13217,अमेरिका पर स्वार्थ - सिद्धि का आरोप लगाते हुए नायर ने कहा कि उसकी नज़र विश्व के दूसरे सबसे बड़े तेल उत्पादक देश की प्रचुर तेल संपदा पर है ।,अमेरिका पर स्वार्थ-सिद्धि का आरोप लगाते हुए नायर ने कहा कि उसकी नज़र विश्व के दूसरे सबसे बड़े तेल उत्पादक देश की प्रचुर तेल संपदा पर है।
train,train-s13219,इराक़ में सामूहिक विनाश के हथियारों का हौवा खड़ा कर बिना पूरी जानकारी के अमेरिका ने उस पर कहर बरपाया ।,इराक़ में सामूहिक विनाश के हथियारों का हौवा खड़ा कर बिना पूरी जानकारी के अमेरिका ने उस पर कहर बरपाया।
train,train-s13220,पर अब तक इराक़ की जनता खुद को अमेरिकी आतंक से मुक्त नहीं मानती है ।,पर अब तक इराक़ की जनता खुद को अमेरिकी आतंक से मुक्त नहीं मानती है।
train,train-s13223,वोल्कर ने कहा कि उन्हें यह पता नहीं था कि १८ महीने लंबी जाँच से इस विश्वस्तरीय संस्था का घोटाला कहाँ तक खुलेगा और वह इसके नेता महासचिव कोफी अन्नान की कुर्सी हिलाने के इतने नज़दीक पहुँच जाएंगे ।,वोल्कर ने कहा कि उन्हें यह पता नहीं था कि १८ महीने लंबी जाँच से इस विश्वस्तरीय संस्था का घोटाला कहाँ तक खुलेगा और वह इसके नेता महासचिव कोफी अन्नान की कुर्सी हिलाने के इतने नज़दीक पहुँच जाएंगे।
train,train-s13224,'लॉस एंजिल्स टाइम्स' को दिए गए इंटरव्यू में वोल्कर ने कहा कि हालाँकि इसमें शुरुआत से ही इतना दम था ।,'लॉस एंजिल्स टाइम्स' को दिए गए इंटरव्यू में वोल्कर ने कहा कि हालाँकि इसमें शुरुआत से ही इतना दम था।
train,train-s13227,इस अख़बार के मुताबिक़ सितंबर २००५ में इस रिपोर्ट के मसविदे के प्रकाशन से चंद घंटे पहले कोफी अन्नान और उनके वकील ने वोल्कर से कहा कि वह कोजो अन्नान के कारोबार पर रिपोर्ट में प्रयोग की गई भाषा को बदलें ।,इस अख़बार के मुताबिक़ सितंबर २००५ में इस रिपोर्ट के मसविदे के प्रकाशन से चंद घंटे पहले कोफी अन्नान और उनके वकील ने वोल्कर से कहा कि वह कोजो अन्नान के कारोबार पर रिपोर्ट में प्रयोग की गई भाषा को बदलें।
train,train-s13228,"क्योंकि कोफी और उनके वकील का मानना था कि रिपोर्ट में जिस भाषा का इस्तेमाल किया गया है, उससे संयुक्त राष्ट्र महासचिव को बाध्य होकर इस्तीफा देना पड़ेगा ।","क्योंकि कोफी और उनके वकील का मानना था कि रिपोर्ट में जिस भाषा का इस्तेमाल किया गया है, उससे संयुक्त राष्ट्र महासचिव को बाध्य होकर इस्तीफा देना पड़ेगा।"
train,train-s13240,यद्यपि उन्हें इस बात पर शक़ था कि अन्नान 'कोटेसना' की निविदा के बारे में वाकई नहीं जानते लेकिन वोल्कर इस बात से सहमत थे कि अन्नान ने कोटेसना की निविदा पास कराने के लिए किसी प्रभाव का इस्तेमाल नहीं किया ।,यद्यपि उन्हें इस बात पर शक़ था कि अन्नान 'कोटेसना' की निविदा के बारे में वाकई नहीं जानते लेकिन वोल्कर इस बात से सहमत थे कि अन्नान ने कोटेसना की निविदा पास कराने के लिए किसी प्रभाव का इस्तेमाल नहीं किया।
train,train-s13241,किसी संयुक्त राष्ट्र महासचिव को कुर्सी से गिराने का कोई तुक़ भी नहीं था ।,किसी संयुक्त राष्ट्र महासचिव को कुर्सी से गिराने का कोई तुक़ भी नहीं था।
train,train-s13245,पैलेस ऑन व्हील्स की तर्ज पर उन्होंने 'विलेज ऑन व्हील्स' चलाने का ऐलान किया है ।,पैलेस ऑन व्हील्स की तर्ज पर उन्होंने 'विलेज ऑन व्हील्स' चलाने का ऐलान किया है।
train,train-s13246,"इस ट्रेन में पैलेस ऑन व्हील्स की तरह शानो - शौकत भरे सफ़र का अहसास तो नहीं होगा लेकिन, आप कम खर्च में भारत दर्शन के साथ - साथ चारों धाम की यात्रा के सपने को साकार कर सकते हैं ।","इस ट्रेन में पैलेस ऑन व्हील्स की तरह शानो-शौकत भरे सफ़र का अहसास तो नहीं होगा लेकिन, आप कम खर्च में भारत दर्शन के साथ-साथ चारों धाम की यात्रा के सपने को साकार कर सकते हैं।"
train,train-s13249,सामान्य शयनयान श्रेणी के डिब्बों वाली यह टूरिस्ट स्पेशल ट्रेन 'पैलेस ऑन व्हील्स' की तरह ही चलाई जाएगी ।,सामान्य शयनयान श्रेणी के डिब्बों वाली यह टूरिस्ट स्पेशल ट्रेन 'पैलेस ऑन व्हील्स' की तरह ही चलाई जाएगी।
train,train-s13252,"ताकि, पर्यटन के दौरान उन्हें किसी तरह की परेशानी का सामना न करना पड़े ।","ताकि, पर्यटन के दौरान उन्हें किसी तरह की परेशानी का सामना न करना पड़े।"
train,train-s13257,ईरान और उत्तरी कोरिया को परमाणु तक़नीक हासिल कराने में पाकिस्तानी वैज्ञानिक ए. क्यू. खान के नेटवर्क की खास भूमिका रही है ।,ईरान और उत्तरी कोरिया को परमाणु तक़नीक हासिल कराने में पाकिस्तानी वैज्ञानिक ए. क्यू. खान के नेटवर्क की खास भूमिका रही है।
train,train-s13258,"यह कहना है अमेरिका का, जो सऊदी अरब और अन्य अरब देशों को परमाणु तक़नीक बेचने में खान नेटवर्क की भूमिका का पता लगा रहा है ।","यह कहना है अमेरिका का, जो सऊदी अरब और अन्य अरब देशों को परमाणु तक़नीक बेचने में खान नेटवर्क की भूमिका का पता लगा रहा है।"
train,train-s13262,"पत्रिका के अनुसार खान की इन यात्राओं का उद्देश्य अभी तक स्पष्ट नहीं है, लेकिन खुफिया अधिकारियों का मानना है कि सऊदी अरब और मिस्र परमाणु तक़नीक की तलाश में हैं और कई अफ्रीकी देश कच्चे यूरेनियम संपन्न हैं ।","पत्रिका के अनुसार खान की इन यात्राओं का उद्देश्य अभी तक स्पष्ट नहीं है, लेकिन खुफिया अधिकारियों का मानना है कि सऊदी अरब और मिस्र परमाणु तक़नीक की तलाश में हैं और कई अफ्रीकी देश कच्चे यूरेनियम संपन्न हैं।"
train,train-s13265,पत्रिका ने सूत्रों का हवाला देते हुए कहा कि पिछले वर्ष दिसंबर में व्हाइट हाउस में एक बैठक के दौरान राष्ट्रपति जॉर्ज बुश ने पाकिस्तानी राष्ट्रपति परवेज़ मुशर्रफ से कहा था कि उनका मानना है कि खान ने अपने सभी घृणित सौदों को स्वीकार नहीं किया है ।,पत्रिका ने सूत्रों का हवाला देते हुए कहा कि पिछले वर्ष दिसंबर में व्हाइट हाउस में एक बैठक के दौरान राष्ट्रपति जॉर्ज बुश ने पाकिस्तानी राष्ट्रपति परवेज़ मुशर्रफ से कहा था कि उनका मानना है कि खान ने अपने सभी घृणित सौदों को स्वीकार नहीं किया है।
train,train-s13266,"मुशर्रफ ने इस पर सहमति जताई थी, लेकिन किसी भी ग़ैर पाकिस्तानी को खान से पूछताछ की अनुमति देने से इन्कार कर दिया था ।","मुशर्रफ ने इस पर सहमति जताई थी, लेकिन किसी भी ग़ैर पाकिस्तानी को खान से पूछताछ की अनुमति देने से इन्कार कर दिया था।"
train,train-s13271,पासवान ने बृहस्पतिवार को उनके कमांडो वापस लेने के राज्य प्रशासन के प्रस्ताव पर कड़ी नाराजगी जताई थी और चुनावों में डीजीपी की भूमिका संदिग्ध होने का आरोप लगाया था ।,पासवान ने बृहस्पतिवार को उनके कमांडो वापस लेने के राज्य प्रशासन के प्रस्ताव पर कड़ी नाराजगी जताई थी और चुनावों में डीजीपी की भूमिका संदिग्ध होने का आरोप लगाया था।
train,train-s13280,कांग्रेस ने गांधी के साथ अपने रिश्ते को मजबूत करने में कोई कसर नहीं छोड़ी ।,कांग्रेस ने गांधी के साथ अपने रिश्ते को मजबूत करने में कोई कसर नहीं छोड़ी।
train,train-s13283,पार्टी कार्यकर्ताओं और नेताओं ने गुटबाजी को भुला कर इस कार्यक्रम में बढ़ - चढ़कर हिस्सा लिया ।,पार्टी कार्यकर्ताओं और नेताओं ने गुटबाजी को भुला कर इस कार्यक्रम में बढ़-चढ़कर हिस्सा लिया।
train,train-s13294,वे नयी दिल्ली में 'चीनी सांस्कृतिक माह' का भी उद्घाटन करेंगे ।,वे नयी दिल्ली में 'चीनी सांस्कृतिक माह' का भी उद्घाटन करेंगे।
train,train-s13297,दलाई लामा ने कहा कि मैं तिब्बती समस्या का सार्थक और मान्य हल ढूंढ़ने की कोशिश में हूं ।,दलाई लामा ने कहा कि मैं तिब्बती समस्या का सार्थक और मान्य हल ढूंढ़ने की कोशिश में हूं।
train,train-s13303,इन दोनों देशों के बीच रिश्ते में सुधार से करोड़ों लोगों का भला होगा ।,इन दोनों देशों के बीच रिश्ते में सुधार से करोड़ों लोगों का भला होगा।
dev,dev-s86,यहाँ जाते समय पैरों के नीचे यत्र - तत्र हिम राशि खिसकती दिखाई पड़ती है ।,यहाँ जाते समय पैरों के नीचे यत्र-तत्र हिम राशि खिसकती दिखाई पड़ती है।
dev,dev-s88,इनके समाप्त होने पर हरी बुग्याल 'दूब' मिलती है ।,इनके समाप्त होने पर हरी बुग्याल 'दूब' मिलती है।
dev,dev-s89,इसके पश्चात केदारनाथ का हिमनद और उससे निकलने वाली मंदाकिनी अपने में असंख्य पाषाण खंडों को फोड़कर निकले झरनों और फव्वारों के जल को समेटे उद्दाम गति से प्रवाहित होती दिखाई देती है ।,इसके पश्चात केदारनाथ का हिमनद और उससे निकलने वाली मंदाकिनी अपने में असंख्य पाषाण खंडों को फोड़कर निकले झरनों और फव्वारों के जल को समेटे उद्दाम गति से प्रवाहित होती दिखाई देती है।
dev,dev-s91,"ऋषिकेश से केदारनाथ की दूरी 223 किमी है, जिसमें अंतिम दस किमी का अंश जो गौरीकुंड से केदारनाथ है वह पैदल, घोड़े या पालकी से जाना पड़ता है ।","ऋषिकेश से केदारनाथ की दूरी 223 किमी है, जिसमें अंतिम दस किमी का अंश जो गौरीकुंड से केदारनाथ है वह पैदल, घोड़े या पालकी से जाना पड़ता है।"
dev,dev-s92,"यह उत्तराखंड का सबसे विशाल शिव मंदिर है, जो कटवाँ पत्थरों के विशाल शिलाखंडों को जोड़कर बनाया गया है ।","यह उत्तराखंड का सबसे विशाल शिव मंदिर है, जो कटवाँ पत्थरों के विशाल शिलाखंडों को जोड़कर बनाया गया है।"
dev,dev-s95,"मंदिर के गर्भगृह में अर्धा के पास चारों कोनों पर चार सुदृढ़ पाषाण स्तंभ हैं, जहाँ से होकर प्रदक्षिणा होती है ।","मंदिर के गर्भगृह में अर्धा के पास चारों कोनों पर चार सुदृढ़ पाषाण स्तंभ हैं, जहाँ से होकर प्रदक्षिणा होती है।"
dev,dev-s105,केदारनाथ में अनेक नाकविहीन मूर्तियों के विग्रह बिखरे पड़े हैं ।,केदारनाथ में अनेक नाकविहीन मूर्तियों के विग्रह बिखरे पड़े हैं।
dev,dev-s132,"परमाचार्य के दिसंबर १९९३ में मुक्ति प्राप्त करने के बाद से हर वर्ष आराधना समारोह आयोजित किया जाता है, जिसमें बड़ी संख्या में श्रद्धालु हिस्सा लेते हैं ।","परमाचार्य के दिसंबर १९९३ में मुक्ति प्राप्त करने के बाद से हर वर्ष आराधना समारोह आयोजित किया जाता है, जिसमें बड़ी संख्या में श्रद्धालु हिस्सा लेते हैं।"
dev,dev-s136,संसदीय कमेटी ने बजट पर बढ़ती निर्भरता के लिए रेलवे की निंदा की है ।,संसदीय कमेटी ने बजट पर बढ़ती निर्भरता के लिए रेलवे की निंदा की है।
dev,dev-s137,कमेटी का सुझाव है कि देश के सबसे बड़े सार्वजनिक क्षेत्र के उपक्रम रेलवे को अपने रुख में बदलाव करते हुए उपभोक्ता के लिए सरल और बाजारोन्मुखी बनना होगा ।,कमेटी का सुझाव है कि देश के सबसे बड़े सार्वजनिक क्षेत्र के उपक्रम रेलवे को अपने रुख में बदलाव करते हुए उपभोक्ता के लिए सरल और बाजारोन्मुखी बनना होगा।
dev,dev-s143,"दसवीं योजना के दौरान सरकार रेलवे को २७,६०० करोड़ रुपये की बजटीय सहायता को मंजूरी दे चुकी है ।","दसवीं योजना के दौरान सरकार रेलवे को २७,६०० करोड़ रुपये की बजटीय सहायता को मंजूरी दे चुकी है।"
dev,dev-s153,इसके बजाय भारत को अब धीरे - धीरे स्वपोषित वाणिज्यिक प्रणाली की ओर बढ़ना चाहिए ।,इसके बजाय भारत को अब धीरे-धीरे स्वपोषित वाणिज्यिक प्रणाली की ओर बढ़ना चाहिए।
dev,dev-s155,खुफिया ब्यूरो के निदेशक पद की दौड़ में शामिल वरिष्ठ अधिकारी एन. सी. पाधी को सचिव (सुरक्षा) नियुक्त किया गया है ।,खुफिया ब्यूरो के निदेशक पद की दौड़ में शामिल वरिष्ठ अधिकारी एन. सी. पाधी को सचिव (सुरक्षा) नियुक्त किया गया है।
dev,dev-s175,भारद्वाज के मुताबिक 'प्रणव मुखर्जी की कमेटी ने उस समय भी प्रधानमंत्री को लोकपाल के दायरे से बाहर रखने का सुझाव दिया था ।,भारद्वाज के मुताबिक 'प्रणव मुखर्जी की कमेटी ने उस समय भी प्रधानमंत्री को लोकपाल के दायरे से बाहर रखने का सुझाव दिया था।
dev,dev-s187,भारतीय दूरसंचार नियामक प्राधिकरण (ट्राई) ने टाटा टेलीसर्विस लिमिटेड और रिलायंस इंफोकॉम लिमिटेड द्वारा फिक्सड वायरलेस फोन को वॉकी और अनलिमिटेड कार्डलेस फोन बताने पर कड़ा रुख अपनाया है ।,भारतीय दूरसंचार नियामक प्राधिकरण (ट्राई) ने टाटा टेलीसर्विस लिमिटेड और रिलायंस इंफोकॉम लिमिटेड द्वारा फिक्सड वायरलेस फोन को वॉकी और अनलिमिटेड कार्डलेस फोन बताने पर कड़ा रुख अपनाया है।
dev,dev-s188,प्राधिकरण ने दोनों कंपनियों से फिक्सड वायरलेस फोन के 'वॉकी' और 'अनलिमिटेड कार्डलेस' फोन की तरह प्रचारित करने वाले विज्ञापनों को हटाने को कहा है ।,प्राधिकरण ने दोनों कंपनियों से फिक्सड वायरलेस फोन के 'वॉकी' और 'अनलिमिटेड कार्डलेस' फोन की तरह प्रचारित करने वाले विज्ञापनों को हटाने को कहा है।
dev,dev-s192,गौरतलब है कि लोकल फिक्सड फोन पर एडीसी नहीं देनी पड़ती है ।,गौरतलब है कि लोकल फिक्सड फोन पर एडीसी नहीं देनी पड़ती है।
dev,dev-s198,मोबाइल फोन की स्क्रीन पर फ्लैश होने वाले 'अनबिलिवेबल' और 'ऐस' नाम के ये वायरस आपके हैंडसेट को क्षति पहुंचा सकते हैं ।,मोबाइल फोन की स्क्रीन पर फ्लैश होने वाले 'अनबिलिवेबल' और 'ऐस' नाम के ये वायरस आपके हैंडसेट को क्षति पहुंचा सकते हैं।
dev,dev-s202,मोहम्मद अली जिन्ना पर की गई टिथी से उठे विवाद में भाजपा पूरी तरह लालकृष्ण आडवाणी के साथ खड़ी है ।,मोहम्मद अली जिन्ना पर की गई टिथी से उठे विवाद में भाजपा पूरी तरह लालकृष्ण आडवाणी के साथ खड़ी है।
dev,dev-s210,"आडवाणी को मनाने उनके आवास पर पहुंचे भाजपा नेता साहिब सिंह वर्मा ने कहा, विहिप नेता प्रवीण तोगड़िया के बयान से अध्यक्ष जी आहत हैं ।","आडवाणी को मनाने उनके आवास पर पहुंचे भाजपा नेता साहिब सिंह वर्मा ने कहा, विहिप नेता प्रवीण तोगड़िया के बयान से अध्यक्ष जी आहत हैं।"
dev,dev-s212,मैं चाहता हूं कि संघ परिवार दबाव बनाकर प्रवीण तोगड़िया का बयान वापस कराए या फिर उन्हें विहिप से बाहर कर दिया जाए ।,मैं चाहता हूं कि संघ परिवार दबाव बनाकर प्रवीण तोगड़िया का बयान वापस कराए या फिर उन्हें विहिप से बाहर कर दिया जाए।
dev,dev-s213,दूसरी ओर भाजपा की तेजतर्रार नेता उमा भारती ने कहा कि आडवाणी के इस्तीफे और पाकिस्तान में की गई उनकी टिप्पणियों से जुड़े मुद्दे पर बहस की जरूरत है ।,दूसरी ओर भाजपा की तेजतर्रार नेता उमा भारती ने कहा कि आडवाणी के इस्तीफे और पाकिस्तान में की गई उनकी टिप्पणियों से जुड़े मुद्दे पर बहस की जरूरत है।
dev,dev-s218,दूसरी ओर केंद्र में सत्तारूढ़ यूपीए के एक प्रमुख घटक राजद और उसे बाहर से समर्थन दे रहे माकपा ने इसे एकतरफा करार दिया है ।,दूसरी ओर केंद्र में सत्तारूढ़ यूपीए के एक प्रमुख घटक राजद और उसे बाहर से समर्थन दे रहे माकपा ने इसे एकतरफा करार दिया है।
dev,dev-s221,सीटों के इस विवाद से राज्य में सत्तारूढ़ भाजपा के खिलाफ एक मजबूत गठबंधन खड़ा करने की कोशिशों पर पानी फिर गया है ।,सीटों के इस विवाद से राज्य में सत्तारूढ़ भाजपा के खिलाफ एक मजबूत गठबंधन खड़ा करने की कोशिशों पर पानी फिर गया है।
dev,dev-s222,हालांकि कांग्रेस प्रवक्ता अभिषेक मनु सिंघवी के मुताबिक 'यूपीए एक ठोस गठबंधन है और राज्य की मौजूदा सरकार को सत्ता से बाहर करने में कोई संदेह नहीं है,हालांकि कांग्रेस प्रवक्ता अभिषेक मनु सिंघवी के मुताबिक 'यूपीए एक ठोस गठबंधन है और राज्य की मौजूदा सरकार को सत्ता से बाहर करने में कोई संदेह नहीं है
dev,dev-s226,कांग्रेस और झामुमो ने राज्य की बाकी १३ सीटें राजद और वाम दलों के लिए छोड़ी हैं ।,कांग्रेस और झामुमो ने राज्य की बाकी १३ सीटें राजद और वाम दलों के लिए छोड़ी हैं।
dev,dev-s243,"अदालत का मानना है कि ऐसे लोगों के आने से पेशे में पवित्रता, ईमानदारी और पारदर्शिता बढ़ेगी, क्योंकि कानूनी पेशे को ऐसे लोगों की जरूरत है, जो पूरी निष्ठा और निस्वार्थ भाव से दबे कुचले लोगों और पर्यावरण संरक्षण के मसले उठाएं ।","अदालत का मानना है कि ऐसे लोगों के आने से पेशे में पवित्रता, ईमानदारी और पारदर्शिता बढ़ेगी, क्योंकि कानूनी पेशे को ऐसे लोगों की जरूरत है, जो पूरी निष्ठा और निस्वार्थ भाव से दबे कुचले लोगों और पर्यावरण संरक्षण के मसले उठाएं।"
dev,dev-s249,इसलिए उन्हें किसी पेशे से जुड़ा नहीं माना जा सकता ।,इसलिए उन्हें किसी पेशे से जुड़ा नहीं माना जा सकता।
dev,dev-s255,मेरे जैसे दूसरे पादरी और ननों को भी वकालत के पेशे से जुड़ने का मौका मिलेगा ।,मेरे जैसे दूसरे पादरी और ननों को भी वकालत के पेशे से जुड़ने का मौका मिलेगा।
dev,dev-s263,मालूम हो कि वोल्कर रिपोर्ट से संबंधित तथ्यों व आंकड़ों को जमा करने के लिए सरकार ने रविवार शाम को ही संयुक्त राष्ट्र में पूर्व अवर सचिव वीरेंद्र दयाल की अध्यक्षता में समिति का गठन किया था ।,मालूम हो कि वोल्कर रिपोर्ट से संबंधित तथ्यों व आंकड़ों को जमा करने के लिए सरकार ने रविवार शाम को ही संयुक्त राष्ट्र में पूर्व अवर सचिव वीरेंद्र दयाल की अध्यक्षता में समिति का गठन किया था।
dev,dev-s264,तेल दलाली मामले में दो - दो जांच आदेश के बाद नटवर सिंह पर इस्तीफा देने का दबाव बढ़ गया था ।,तेल दलाली मामले में दो-दो जांच आदेश के बाद नटवर सिंह पर इस्तीफा देने का दबाव बढ़ गया था।
dev,dev-s271,लेकिन नटवर की जिद को देखते हुए प्रधानमंत्री को यह रास्ता निकालना पड़ा ।,लेकिन नटवर की जिद को देखते हुए प्रधानमंत्री को यह रास्ता निकालना पड़ा।
dev,dev-s278,जरूरत पड़ने पर नटवर सिंह से भी पूछताछ की जा सकती है ।,जरूरत पड़ने पर नटवर सिंह से भी पूछताछ की जा सकती है।
dev,dev-s279,"बारू के मुताबिक, वीरेंद्र दयाल समिति वोल्कर रिपोर्ट से संबंधित तथ्यों और आंकड़ों को एकत्र करने के लिए संयुक्त राष्ट्र व अन्य सदस्य देशों की यात्रा करेगी ।","बारू के मुताबिक, वीरेंद्र दयाल समिति वोल्कर रिपोर्ट से संबंधित तथ्यों और आंकड़ों को एकत्र करने के लिए संयुक्त राष्ट्र व अन्य सदस्य देशों की यात्रा करेगी।"
dev,dev-s291,मंगलवार को अदालत में पेश किए गए नितीश कुमार सरकार के ताजा हलफनामे में कहा कि वह राबड़ी देवी शासन से इतर तस्लीमुद्दीन के खिलाफ मुकदमा जारी रखना चाहते हैं ।,मंगलवार को अदालत में पेश किए गए नितीश कुमार सरकार के ताजा हलफनामे में कहा कि वह राबड़ी देवी शासन से इतर तस्लीमुद्दीन के खिलाफ मुकदमा जारी रखना चाहते हैं।
dev,dev-s293,उल्लेखनीय है कि राबड़ी देवी सरकार ने २००४ में तस्लीमुद्दीन के खिलाफ मामले को वापस लेने का हलफनामा भरा था ।,उल्लेखनीय है कि राबड़ी देवी सरकार ने २००४ में तस्लीमुद्दीन के खिलाफ मामले को वापस लेने का हलफनामा भरा था।
dev,dev-s297,विकास की उच्च दर को हासिल करने और सामाजिक कल्याण को बढ़ावा देने के लिए इन बुनियादी क्षेत्रों का विकास जरूरी है ।,विकास की उच्च दर को हासिल करने और सामाजिक कल्याण को बढ़ावा देने के लिए इन बुनियादी क्षेत्रों का विकास जरूरी है।
dev,dev-s298,गरीबी की जड़ अशिक्षा है और यदि २००७ तक गरीबी में ५ फीसदी की कमी लानी है तो शिक्षा और स्वास्थ्य पर निवेश में बढ़ोतरी करनी होगी ।,गरीबी की जड़ अशिक्षा है और यदि २००७ तक गरीबी में ५ फीसदी की कमी लानी है तो शिक्षा और स्वास्थ्य पर निवेश में बढ़ोतरी करनी होगी।
dev,dev-s299,सर्वेक्षण में कहा गया है कि न्यूनतम साझा कार्यक्रम के अनुरूप शिक्षा पर व्यय को चरणबद्ध तरीके से बढ़ाकर जीडीपी का ६ फीसदी करने से सामाजिक क्षेत्र की काफी मुश्किलों का हल निकल आएगा ।,सर्वेक्षण में कहा गया है कि न्यूनतम साझा कार्यक्रम के अनुरूप शिक्षा पर व्यय को चरणबद्ध तरीके से बढ़ाकर जीडीपी का ६ फीसदी करने से सामाजिक क्षेत्र की काफी मुश्किलों का हल निकल आएगा।
dev,dev-s300,इसलिए सरकार का विचार है कि राष्ट्रीय स्वास्थ्य नीति २००२ के तहत जन स्वास्थ्य में निवेश को जीडीपी के ०.९ फीसदी से बढ़ाकर २०१० तक जीडीपी के २.० फीसदी तक लाया जाए ।,इसलिए सरकार का विचार है कि राष्ट्रीय स्वास्थ्य नीति २००२ के तहत जन स्वास्थ्य में निवेश को जीडीपी के ०.९ फीसदी से बढ़ाकर २०१० तक जीडीपी के २.० फीसदी तक लाया जाए।
dev,dev-s306,साक्षरता की वृद्धि दर १९५१ के १८.३ फीसदी से नाटकीय रूप से बढ़कर २००१ में ६४.८ फीसदी हो गई ।,साक्षरता की वृद्धि दर १९५१ के १८.३ फीसदी से नाटकीय रूप से बढ़कर २००१ में ६४.८ फीसदी हो गई।
dev,dev-s307,वर्ष १९९१ - २००० के दौरान साक्षर लोगों की संख्या में ५९ फीसदी की दर से वृद्धि हुई जबकि इसी अवधि के दौरान साक्षरता में १२.६ फीसदी की रफ्तार से बढ़त हुई ।,वर्ष १९९१-२००० के दौरान साक्षर लोगों की संख्या में ५९ फीसदी की दर से वृद्धि हुई जबकि इसी अवधि के दौरान साक्षरता में १२.६ फीसदी की रफ्तार से बढ़त हुई।
dev,dev-s310,आर्थिक सर्वेक्षण २००३ - ०४ में कहा गया है कि प्राथमिक कक्षा में नामांकन के मामले में लड़कियां लड़कों से आगे रही है ।,आर्थिक सर्वेक्षण २००३-०४ में कहा गया है कि प्राथमिक कक्षा में नामांकन के मामले में लड़कियां लड़कों से आगे रही है।
dev,dev-s311,स्कूली शिक्षा के प्रत्येक स्तर पर लड़कियों की भागीदारी बढ़ी है ।,स्कूली शिक्षा के प्रत्येक स्तर पर लड़कियों की भागीदारी बढ़ी है।
dev,dev-s312,उत्तर पूर्व के राज्य लड़कियों की प्राथमिक शिक्षा के मामले में काफी आगे रहे हैं ।,उत्तर पूर्व के राज्य लड़कियों की प्राथमिक शिक्षा के मामले में काफी आगे रहे हैं।
dev,dev-s313,उच्च शिक्षा में विद्यार्थियों की संख्या बढ़ी है और १९९७ - ९८ के ७.२६ मिलियन से बढ़कर २००२ - ०३ में ९.२ मिलियन हो गई ।,उच्च शिक्षा में विद्यार्थियों की संख्या बढ़ी है और १९९७-९८ के ७.२६ मिलियन से बढ़कर २००२-०३ में ९.२ मिलियन हो गई।
dev,dev-s314,इस दौरान उच्च शिक्षा में महिलाओं की भागीदारी बढ़ कर ४० फीसदी हो गई ।,इस दौरान उच्च शिक्षा में महिलाओं की भागीदारी बढ़ कर ४० फीसदी हो गई।
dev,dev-s318,मनमोहन सिंह सरकार में दागी मंत्रियों पर विपक्ष के विरोध से क्षुब्ध लालू ने राष्ट्रीय जनतांत्रिक गठबंधन पर 'दोहरे मानक' अपनाने का आरोप लगाया ।,मनमोहन सिंह सरकार में दागी मंत्रियों पर विपक्ष के विरोध से क्षुब्ध लालू ने राष्ट्रीय जनतांत्रिक गठबंधन पर 'दोहरे मानक' अपनाने का आरोप लगाया।
dev,dev-s323,उन्होंने कहा कि विपक्ष उनका मनोबल तोड़ना चाहता है ।,उन्होंने कहा कि विपक्ष उनका मनोबल तोड़ना चाहता है।
dev,dev-s330,"वहीं राज्यसभा में वाजपेयी ने कहा, 'मंत्री नियुक्त करना मेरी जिम्मेदारी है और प्रधानमंत्री के नाते त्यागपत्र लेना भी मेरी जिम्मेदारी है ।","वहीं राज्यसभा में वाजपेयी ने कहा, 'मंत्री नियुक्त करना मेरी जिम्मेदारी है और प्रधानमंत्री के नाते त्यागपत्र लेना भी मेरी जिम्मेदारी है।"
dev,dev-s340,लड़ाई के दिनों को याद करते हुए ब्रिगेडियर सिंह ने कहा कि टाइगर हिल और तोलोलिंग पर हमले के दौरान पाकिस्तानी सैनिकों ने प्वाइंट ५३५३ से हमारी सेना पर काफी गोलीबारी की थी ।,लड़ाई के दिनों को याद करते हुए ब्रिगेडियर सिंह ने कहा कि टाइगर हिल और तोलोलिंग पर हमले के दौरान पाकिस्तानी सैनिकों ने प्वाइंट ५३५३ से हमारी सेना पर काफी गोलीबारी की थी।
dev,dev-s344,वह उस हैलीपेड को भी निहारना नहीं भूलीं जिसकी यादें उनके पापा यानि राजीव गांधी से जुड़ी हैं ।,वह उस हैलीपेड को भी निहारना नहीं भूलीं जिसकी यादें उनके पापा यानि राजीव गांधी से जुड़ी हैं।
dev,dev-s353,वह उस हेलीपैड को निहारना भी नहीं भूलीं जिसकी यादें उनके पिता के शौक से जुड़ी हैं ।,वह उस हेलीपैड को निहारना भी नहीं भूलीं जिसकी यादें उनके पिता के शौक से जुड़ी हैं।
dev,dev-s354,बताते हैं कि विमान उड़ाने के शौकीन राजीव की पहल पर ही हेलीपैड के दिन बहुतेरे थे ।,बताते हैं कि विमान उड़ाने के शौकीन राजीव की पहल पर ही हेलीपैड के दिन बहुतेरे थे।
dev,dev-s356,इस हेलीपैड पर प्रियंका के पिता उड़ान भी भर चुके हैं ।,इस हेलीपैड पर प्रियंका के पिता उड़ान भी भर चुके हैं।
dev,dev-s362,इन्हीं का प्रभाव था कि आज होटल से जुड़े सूत्रों ने प्रियंका के कार्यक्रम को लेकर मुंह नहीं खोले ।,इन्हीं का प्रभाव था कि आज होटल से जुड़े सूत्रों ने प्रियंका के कार्यक्रम को लेकर मुंह नहीं खोले।
dev,dev-s367,हालांकि चर्चाएं तो ये भी थीं कि मुख्यमंत्री व पीसीसी चीफ वढ़ेरा दंपत्ति को भोज की दावत दे सकते हैं ।,हालांकि चर्चाएं तो ये भी थीं कि मुख्यमंत्री व पीसीसी चीफ वढ़ेरा दंपत्ति को भोज की दावत दे सकते हैं।
dev,dev-s376,प्राप्त सूत्रों के अनुसार घाटी के ऊंचे क्षेत्रों में ड्रिलबु पीक व संमजोतर पीक में हल्का हिमपात होने से घाटी के तापमान पर काफी गिरावट दर्ज की गई जिससे घाटी के लोगों ने पुनः गर्म कपड़ों को पहनना शुरू कर दिया ।,प्राप्त सूत्रों के अनुसार घाटी के ऊंचे क्षेत्रों में ड्रिलबु पीक व संमजोतर पीक में हल्का हिमपात होने से घाटी के तापमान पर काफी गिरावट दर्ज की गई जिससे घाटी के लोगों ने पुनः गर्म कपड़ों को पहनना शुरू कर दिया।
dev,dev-s401,सम्मेलन में अयोध्या प्रकरण से जुड़े सभी पक्षों को आमंत्रित किया जाएगा ।,सम्मेलन में अयोध्या प्रकरण से जुड़े सभी पक्षों को आमंत्रित किया जाएगा।
dev,dev-s410,मीडियम टर्म फिस्कल पॉलिसी स्टेटमेंट के तहत मुख्य वित्तीय मानकों के लिए तीन साल का 'रोलिंग टॉरगेट' तय किया जाएगा ।,मीडियम टर्म फिस्कल पॉलिसी स्टेटमेंट के तहत मुख्य वित्तीय मानकों के लिए तीन साल का 'रोलिंग टॉरगेट' तय किया जाएगा।
dev,dev-s412,सूत्रों ने बताया कि वित्तीय जिम्मेदारी और बजट प्रबंधन कानून 2003 'एफआरबीएम' की शर्तो के मुताबिक वित्तीय घाटे को सकल घरेलू उत्पाद के 4.3 फीसदी से कम रखने का उपाय किया जा सकता है ।,सूत्रों ने बताया कि वित्तीय जिम्मेदारी और बजट प्रबंधन कानून 2003 'एफआरबीएम' की शर्तो के मुताबिक वित्तीय घाटे को सकल घरेलू उत्पाद के 4.3 फीसदी से कम रखने का उपाय किया जा सकता है।
dev,dev-s416,सूत्रों ने बताया कि वैश्विक स्तर पर ब्याज दरों में उछाल आने तथा पिछले कुछ हफ्तों में मुद्रास्फीती बढ़ने के मद्देनजर बजट में लघु बचत दरों को 8 - 8.5 फीसदी ही रखे जाने की उम्मीद है ।,सूत्रों ने बताया कि वैश्विक स्तर पर ब्याज दरों में उछाल आने तथा पिछले कुछ हफ्तों में मुद्रास्फीती बढ़ने के मद्देनजर बजट में लघु बचत दरों को 8-8.5 फीसदी ही रखे जाने की उम्मीद है।
dev,dev-s426,गौरतलब है कि रिलायंस समूह में स्वामित्व विवाद के निपटारे के लिए किसी फॉर्मूले पर अमल की बात चल रही है और ताजा घटनाक्रम को इससे जोड़कर भी देखा जा रहा है ।,गौरतलब है कि रिलायंस समूह में स्वामित्व विवाद के निपटारे के लिए किसी फॉर्मूले पर अमल की बात चल रही है और ताजा घटनाक्रम को इससे जोड़कर भी देखा जा रहा है।
dev,dev-s436,पूर्वी दिल्ली जिला पुलिस कार्यालय परिसर से सटे भोलानाथ नगर स्थित तिमंजिला हौज़री फैक्टरी में आग लगने से 12 कारीगर काल के गाल में समा गए ।,पूर्वी दिल्ली जिला पुलिस कार्यालय परिसर से सटे भोलानाथ नगर स्थित तिमंजिला हौज़री फैक्टरी में आग लगने से 12 कारीगर काल के गाल में समा गए।
dev,dev-s441,आग पर काबू पाने के लिए दमकल की करीब तीन दर्जन गाड़ियां भेजी गई और लगभग 75 से अधिक दमकलकर्मियों को चार घंटे तक जूझना पड़ा ।,आग पर काबू पाने के लिए दमकल की करीब तीन दर्जन गाड़ियां भेजी गई और लगभग 75 से अधिक दमकलकर्मियों को चार घंटे तक जूझना पड़ा।
dev,dev-s446,आग की घटना बुधवार सुबह करीब साढ़े दस बजे भोलानाथ नगर गली नंबर - 16 स्थित फैक्टरी नंबर 25ए - 16 विश्वास नगर में हुई ।,आग की घटना बुधवार सुबह करीब साढ़े दस बजे भोलानाथ नगर गली नंबर-16 स्थित फैक्टरी नंबर 25ए-16 विश्वास नगर में हुई।
dev,dev-s448,फैक्टरी मालिक राकेश ग्रोवर हैं जिनका ग्रोवर एंड संस के नाम से काफी बड़ा कारोबार है ।,फैक्टरी मालिक राकेश ग्रोवर हैं जिनका ग्रोवर एंड संस के नाम से काफी बड़ा कारोबार है।
dev,dev-s450,फैक्टरी की पहली मंजिल तथा दूसरी मंजिल पर फोम तथा अन्य हौज़री का सामान रखा था ।,फैक्टरी की पहली मंजिल तथा दूसरी मंजिल पर फोम तथा अन्य हौज़री का सामान रखा था।
dev,dev-s451,एक कारीगर थिनर से कपड़े साफ कर रहा था कि अचानक एक मशीन में स्पार्क हो गया और आग लग गई ।,एक कारीगर थिनर से कपड़े साफ कर रहा था कि अचानक एक मशीन में स्पार्क हो गया और आग लग गई।
dev,dev-s452,फोम तथा कपड़ों में लगी आग ने चंद ही मिनटों में उग्र रूप ले लिया ।,फोम तथा कपड़ों में लगी आग ने चंद ही मिनटों में उग्र रूप ले लिया।
dev,dev-s487,मुशर्रफ ने इस छात्रा को लिखकर आश्वस्त किया है कि दोनों पड़ोसी देशों के बीच मधुर संबंध होने के उसके सपनों को साकार किया जाएगा ।,मुशर्रफ ने इस छात्रा को लिखकर आश्वस्त किया है कि दोनों पड़ोसी देशों के बीच मधुर संबंध होने के उसके सपनों को साकार किया जाएगा।
dev,dev-s488,केंद्रीय विद्यालय की १०वीं की छात्रा सृष्टि कृष्णमूर्ति के पिता और स्कूल के प्रधानाचार्य ने बताया कि सृष्टि ने भारत - पाक क्रिकेट सीरीज़ के बाद 'सिंबायोसिस' शीर्षक से एक कविता लिखकर मुशर्रफ को भेजी थी ।,केंद्रीय विद्यालय की १०वीं की छात्रा सृष्टि कृष्णमूर्ति के पिता और स्कूल के प्रधानाचार्य ने बताया कि सृष्टि ने भारत-पाक क्रिकेट सीरीज़ के बाद 'सिंबायोसिस' शीर्षक से एक कविता लिखकर मुशर्रफ को भेजी थी।
dev,dev-s493,बजट पूर्व आर्थिक सर्वेक्षण में सरकार से सिफारिश की गई है कि इंटरनेट से ज्यादा से ज्यादा लोगों को जोड़ने के उपाय किए जाएं ।,बजट पूर्व आर्थिक सर्वेक्षण में सरकार से सिफारिश की गई है कि इंटरनेट से ज्यादा से ज्यादा लोगों को जोड़ने के उपाय किए जाएं।
dev,dev-s494,"सर्वे के मुताबिक ब्रॉडबैंड सुविधा में विकास कई देशों में सबसे बड़ी समस्या बनी हुई है, वहीं दक्षिण कोरिया जैसे कुछ देशों में ब्रॉडबैंड के जरिए इंटरनेट ने घरों में पहुंच बना ली है ।","सर्वे के मुताबिक ब्रॉडबैंड सुविधा में विकास कई देशों में सबसे बड़ी समस्या बनी हुई है, वहीं दक्षिण कोरिया जैसे कुछ देशों में ब्रॉडबैंड के जरिए इंटरनेट ने घरों में पहुंच बना ली है।"
dev,dev-s495,वर्ष २००३ - ०४ में टेलीफोन कनेक्शन में तकरीबन ४० फीसदी वृद्धि दर्ज करने के बाद सर्वे में यह उम्मीद जताई गई है कि वर्ष २००४ - ०५ में यदि इसी गति से बढ़ोतरी हुई तो वर्ष २००५ - ०६ के अंत तक ग्राहकों की संख्या १५ करोड़ तक पहुंच जाएगी ।,वर्ष २००३-०४ में टेलीफोन कनेक्शन में तकरीबन ४० फीसदी वृद्धि दर्ज करने के बाद सर्वे में यह उम्मीद जताई गई है कि वर्ष २००४-०५ में यदि इसी गति से बढ़ोतरी हुई तो वर्ष २००५-०६ के अंत तक ग्राहकों की संख्या १५ करोड़ तक पहुंच जाएगी।
dev,dev-s498,मार्च २००४ तक इंटरनेट इस्तेमाल करने वालों की संख्या ३६ लाख से बढ़कर ४२ लाख हो गई है ।,मार्च २००४ तक इंटरनेट इस्तेमाल करने वालों की संख्या ३६ लाख से बढ़कर ४२ लाख हो गई है।
dev,dev-s503,हालांकि मोबाइल फोन के मामले में सार्वजनिक क्षेत्र के ग्राहकों की संख्या २६.४ लाख से बढ़कर ६० लाख हो गई है ।,हालांकि मोबाइल फोन के मामले में सार्वजनिक क्षेत्र के ग्राहकों की संख्या २६.४ लाख से बढ़कर ६० लाख हो गई है।
dev,dev-s507,अगरकर को बाहर करने के अलावा टीम में कोई बड़ा परिवर्तन नहीं किया गया है ।,अगरकर को बाहर करने के अलावा टीम में कोई बड़ा परिवर्तन नहीं किया गया है।
dev,dev-s508,राष्ट्रीय चयनकर्ताओं ने पाकिस्तान के खिलाफ हालिया सिरीज में सफलता हासिल करने वाले भारतीय दल के अधिकांश खिलाड़ियों को टीम में बरकरार रखा है ।,राष्ट्रीय चयनकर्ताओं ने पाकिस्तान के खिलाफ हालिया सिरीज में सफलता हासिल करने वाले भारतीय दल के अधिकांश खिलाड़ियों को टीम में बरकरार रखा है।
dev,dev-s512,"एशिया कप के लिए घोषित २० संभावित खिलाड़ियों में से अगरकर के अलावा रोहन गावस्कर, हेमांग बदानी, रमेश पवार, अमित भंडारी और मुरली कार्तिक टीम में जगह नहीं पा सके ।","एशिया कप के लिए घोषित २० संभावित खिलाड़ियों में से अगरकर के अलावा रोहन गावस्कर, हेमांग बदानी, रमेश पवार, अमित भंडारी और मुरली कार्तिक टीम में जगह नहीं पा सके।"
dev,dev-s513,"टीम सौरव गांगुली (कप्तान), राहुल द्रविड़, सचिन तेंदुलकर, युवराज सिंह, वीवीएस लक्ष्मण, वीरेंद्र सहवाग, मोहम्मद कैफ, पार्थिव पटेल, अनिल कुंबले, हरभजन सिंह, जहीर खान, आशीष नेहरा, इरफान पठान व लक्ष्मीपति बालाजी ।","टीम सौरव गांगुली (कप्तान), राहुल द्रविड़, सचिन तेंदुलकर, युवराज सिंह, वीवीएस लक्ष्मण, वीरेंद्र सहवाग, मोहम्मद कैफ, पार्थिव पटेल, अनिल कुंबले, हरभजन सिंह, जहीर खान, आशीष नेहरा, इरफान पठान व लक्ष्मीपति बालाजी।"
dev,dev-s514,"पंजाब, हरियाणा और चंडीगढ़ में बुधवार सुबह हुई हल्की बारिश से लोगों के चेहरे खुशी से जरूर खिल उठे लेकिन मानसून के लिए अभी उन्हें कुछ दिन और इंतजार करना होगा ।","पंजाब, हरियाणा और चंडीगढ़ में बुधवार सुबह हुई हल्की बारिश से लोगों के चेहरे खुशी से जरूर खिल उठे लेकिन मानसून के लिए अभी उन्हें कुछ दिन और इंतजार करना होगा।"
dev,dev-s516,लोगों को इसके लिए कुछ और दिन इंतजार करना पड़ेगा ।,लोगों को इसके लिए कुछ और दिन इंतजार करना पड़ेगा।
dev,dev-s517,चंडीगढ़ व दिल्ली के सफदरजंग स्थित मौसम विभाग का कहना है कि इन राज्यों में मानसून के लिए स्थिति अनुकूल नहीं बन पाई है ।,चंडीगढ़ व दिल्ली के सफदरजंग स्थित मौसम विभाग का कहना है कि इन राज्यों में मानसून के लिए स्थिति अनुकूल नहीं बन पाई है।
dev,dev-s520,चंडीगढ़ में बुधवार सुबह से ही आकाश में काले घने बादल छाये हुए थे ।,चंडीगढ़ में बुधवार सुबह से ही आकाश में काले घने बादल छाये हुए थे।
dev,dev-s524,खासकर पेट्रोलियम पदार्थो की अंतर्राष्ट्रीय कीमतों में बढ़ोतरी रुझान को देखते हुए महंगाई और ब्याज दरों में तेजी आ सकती है ।,खासकर पेट्रोलियम पदार्थो की अंतर्राष्ट्रीय कीमतों में बढ़ोतरी रुझान को देखते हुए महंगाई और ब्याज दरों में तेजी आ सकती है।
dev,dev-s526,"खासकर, अंतर्राष्ट्रीय बाजार में तेल की बढ़ती कीमतों का देश की आर्थिक विकास दर पर पड़ने वाले असर को लेकर सर्वे काफी गंभीर है ।","खासकर, अंतर्राष्ट्रीय बाजार में तेल की बढ़ती कीमतों का देश की आर्थिक विकास दर पर पड़ने वाले असर को लेकर सर्वे काफी गंभीर है।"
dev,dev-s528,उद्योग जगत की ओर से ऋण की मांग में बढ़ोतरी और राजकोषी घाटे में वृद्धि के कारण निम्न ब्याज दरों के फायदे छूमंतर हो सकते हैं ।,उद्योग जगत की ओर से ऋण की मांग में बढ़ोतरी और राजकोषी घाटे में वृद्धि के कारण निम्न ब्याज दरों के फायदे छूमंतर हो सकते हैं।
dev,dev-s529,ब्याज दरों में तेजी से महंगाई भी बढ़ सकती है ।,ब्याज दरों में तेजी से महंगाई भी बढ़ सकती है।
dev,dev-s531,सर्वे में कहा गया है कि उच्च शिक्षा की फीस बढ़ाने की जरूरत है ।,सर्वे में कहा गया है कि उच्च शिक्षा की फीस बढ़ाने की जरूरत है।
dev,dev-s532,अच्छे मानसून के कारण खाद्यान्नों की पैदावार २००२ - ०३ के १७.४२ करोड़ टन से बढ़ कर २००३ - ०४ के २१.०८ करोड़ टन पहुंच गई ।,अच्छे मानसून के कारण खाद्यान्नों की पैदावार २००२-०३ के १७.४२ करोड़ टन से बढ़ कर २००३-०४ के २१.०८ करोड़ टन पहुंच गई।
dev,dev-s534,सामान्य मानसून की संभावना के मद्देनजर २००३ - ०४ में खाद्यान्नों की पैदावार बढ़ने की उम्मीद है ।,सामान्य मानसून की संभावना के मद्देनजर २००३-०४ में खाद्यान्नों की पैदावार बढ़ने की उम्मीद है।
dev,dev-s535,सर्वे में कहा गया है कि कृषि क्षेत्र में कार्य कर रहे अतिरिक्त श्रमिकों को उद्योग में रोजगार देने और इसके लिए कृषि प्रसंस्करण उद्योगों को बढ़ावा देने के लिए विशेष अभियान चलाया जाएगा ।,सर्वे में कहा गया है कि कृषि क्षेत्र में कार्य कर रहे अतिरिक्त श्रमिकों को उद्योग में रोजगार देने और इसके लिए कृषि प्रसंस्करण उद्योगों को बढ़ावा देने के लिए विशेष अभियान चलाया जाएगा।
dev,dev-s537,"केंद्र सरकार के अनुसार यद्यपि टेलीकॉम, सड़क और बंदरगाह जैसी सुविधाओं के क्षेत्र में मांग और पूर्ति का अंतर कम हुआ है, पर इन सुविधाओं के अभाव के कारण आर्थिक विकास में बाधा आ रही है ।","केंद्र सरकार के अनुसार यद्यपि टेलीकॉम, सड़क और बंदरगाह जैसी सुविधाओं के क्षेत्र में मांग और पूर्ति का अंतर कम हुआ है, पर इन सुविधाओं के अभाव के कारण आर्थिक विकास में बाधा आ रही है।"
dev,dev-s539,"नतीजतन, बजट अनुमान २००३ - ०४ में शिक्षा और स्वास्थ्य पर सार्वजनिक व्यय को बढ़ा कर जीडीपी का क्रमशः ६ फीसदी और २ - ३ फीसदी करने का निर्णय लिया गया है ।","नतीजतन, बजट अनुमान २००३-०४ में शिक्षा और स्वास्थ्य पर सार्वजनिक व्यय को बढ़ा कर जीडीपी का क्रमशः ६ फीसदी और २-३ फीसदी करने का निर्णय लिया गया है।"
dev,dev-s541,उद्योग और सेवा क्षेत्र में वृद्धि से भी जीडीपी की बढ़त को सहयोग मिला है ।,उद्योग और सेवा क्षेत्र में वृद्धि से भी जीडीपी की बढ़त को सहयोग मिला है।
dev,dev-s545,मूल्यों की बढ़त में निर्माण क्षेत्र का भारी योगदान रहा ।,मूल्यों की बढ़त में निर्माण क्षेत्र का भारी योगदान रहा।
dev,dev-s548,इन विमानों के लिए भारतीय वायु - सेना के ७५ पायलेटों को अगले साढ़े तीन साल में ब्रिटेन में प्रशिक्षित किया जाएगा ।,इन विमानों के लिए भारतीय वायु-सेना के ७५ पायलेटों को अगले साढ़े तीन साल में ब्रिटेन में प्रशिक्षित किया जाएगा।
dev,dev-s553,रक्षा मंत्री ने इस बात से इन्कार किया कि ब्रिटिश एरोस्पेस ने 'मैन - डिज़ाइन वर्क' के लिए पाँच करोड़ अमेरिकी डॉलर की माँग की है और इसे पूरा नहीं किए जाने पर सौदा रद्द करने की धमकी दी है ।,रक्षा मंत्री ने इस बात से इन्कार किया कि ब्रिटिश एरोस्पेस ने 'मैन-डिज़ाइन वर्क' के लिए पाँच करोड़ अमेरिकी डॉलर की माँग की है और इसे पूरा नहीं किए जाने पर सौदा रद्द करने की धमकी दी है।
dev,dev-s558,इसके आधार पर शैक्षणिक संस्थानों की भागीदारी से कुछ तक़नीकी पैकेज विकसित कर लिए गए हैं ।,इसके आधार पर शैक्षणिक संस्थानों की भागीदारी से कुछ तक़नीकी पैकेज विकसित कर लिए गए हैं।
dev,dev-s562,मगर तय शर्तो के अनुसार उन्होंने गरीब मरीज़ों का इलाज करने से इन्कार कर दिया ।,मगर तय शर्तो के अनुसार उन्होंने गरीब मरीज़ों का इलाज करने से इन्कार कर दिया।
dev,dev-s566,अदालत ने इसके आधार पर निर्देश दिया कि सस्ती दर पर भूमि प्राप्त करने वाले अस्पताल किसी भी मरीज़ को भर्ती करने के दौरान उससे आय संबंधी कोई भी दस्तावेज या फिर बीपीएल कार्ड इत्यादि नहीं माँगेगा ।,अदालत ने इसके आधार पर निर्देश दिया कि सस्ती दर पर भूमि प्राप्त करने वाले अस्पताल किसी भी मरीज़ को भर्ती करने के दौरान उससे आय संबंधी कोई भी दस्तावेज या फिर बीपीएल कार्ड इत्यादि नहीं माँगेगा।
dev,dev-s567,दाखिले के समय मरीज़ से फार्म भराकर कि उसकी आय दो हजार रुपये मासिक से ज्यादा नहीं है और इलाज शुरू कर दें ।,दाखिले के समय मरीज़ से फार्म भराकर कि उसकी आय दो हजार रुपये मासिक से ज्यादा नहीं है और इलाज शुरू कर दें।
dev,dev-s573,"कमेटी ने रिपोर्ट में कहा कि उन्होंने बत्रा, एस्कॉर्टस, जी. एम. मोदी, बिमला देवी, एमकेडब्ल्यू, दीपक मैमोरियल अस्पताल इत्यादि का दौरा किया और पाया कि किसी भी अस्पताल में गरीब मरीज़ के इलाज के लिए तय नियमों का पालन नहीं हुआ ।","कमेटी ने रिपोर्ट में कहा कि उन्होंने बत्रा, एस्कॉर्टस, जी. एम. मोदी, बिमला देवी, एमकेडब्ल्यू, दीपक मैमोरियल अस्पताल इत्यादि का दौरा किया और पाया कि किसी भी अस्पताल में गरीब मरीज़ के इलाज के लिए तय नियमों का पालन नहीं हुआ।"
dev,dev-s577,रेलमंत्री लालू प्रसाद यादव के नेतृत्व में एक प्रतिनिधिमंडल ने मंगलवार को प्रधानमंत्री मनमोहन सिंह से मुलाक़ात की ।,रेलमंत्री लालू प्रसाद यादव के नेतृत्व में एक प्रतिनिधिमंडल ने मंगलवार को प्रधानमंत्री मनमोहन सिंह से मुलाक़ात की।
dev,dev-s588,वहीं पर सादे कपड़ों में मौजूद दिल्ली पुलिस ने इस कार पर धावा बोल दिया ।,वहीं पर सादे कपड़ों में मौजूद दिल्ली पुलिस ने इस कार पर धावा बोल दिया।
dev,dev-s591,मार्केट की ओर भागे व्यक्ति को पुलिस ने दौड़ाकर उसकी कनपटी पर पिस्तौल लगाकर काबू कर लिया ।,मार्केट की ओर भागे व्यक्ति को पुलिस ने दौड़ाकर उसकी कनपटी पर पिस्तौल लगाकर काबू कर लिया।
dev,dev-s593,दिल्ली पुलिस दोनों को पकड़ने के बाद वहाँ से फौरन रवाना हो गई ।,दिल्ली पुलिस दोनों को पकड़ने के बाद वहाँ से फौरन रवाना हो गई।
dev,dev-s596,पंजाब पुलिस का कहना था कि उसके अधिकार क्षेत्र में हवारा को पकड़ने की कार्रवाई उसको जानकारी देने के बाद होनी चाहिए थी ।,पंजाब पुलिस का कहना था कि उसके अधिकार क्षेत्र में हवारा को पकड़ने की कार्रवाई उसको जानकारी देने के बाद होनी चाहिए थी।
dev,dev-s601,भारत के कंट्रोलर एंड ऑडिटर जनरल वी. एन. कॉल ने कहा है कि सार्वजनिक उपक्रमों के विनिवेश का लेखा ऑडिटरों के सामने एक नई चुनौती के रूप में खड़ा हुआ है ।,भारत के कंट्रोलर एंड ऑडिटर जनरल वी. एन. कॉल ने कहा है कि सार्वजनिक उपक्रमों के विनिवेश का लेखा ऑडिटरों के सामने एक नई चुनौती के रूप में खड़ा हुआ है।
dev,dev-s606,आर्थिक उदारवाद व भूमंडलीकरण के प्रभाव से आज सार्वजनिक उपक्रमों को प्रतिस्पर्धा का सामना करना पड़ रहा है ।,आर्थिक उदारवाद व भूमंडलीकरण के प्रभाव से आज सार्वजनिक उपक्रमों को प्रतिस्पर्धा का सामना करना पड़ रहा है।
dev,dev-s612,नितीश ने यूपीए सरकार से चुनाव आयोग जैसी संवैधानिक संस्था पर दोषारोपण करने के लिए राष्ट्रीय जनता दल के प्रमुख व केंद्रीय रेल मंत्री लालू यादव के खिलाफ़ भी कार्रवाई करने की माँग की है ।,नितीश ने यूपीए सरकार से चुनाव आयोग जैसी संवैधानिक संस्था पर दोषारोपण करने के लिए राष्ट्रीय जनता दल के प्रमुख व केंद्रीय रेल मंत्री लालू यादव के खिलाफ़ भी कार्रवाई करने की माँग की है।
dev,dev-s613,नितीश ने सप्तऋषि द्वारा उठाए मुद्दे को 'किसी से' प्रेरित बताया ।,नितीश ने सप्तऋषि द्वारा उठाए मुद्दे को 'किसी से' प्रेरित बताया।
dev,dev-s615,उन्होंने कहा कि लालू को संवैधानिक संगठनों की आलोचना करने की आदत सी पड़ गई है ।,उन्होंने कहा कि लालू को संवैधानिक संगठनों की आलोचना करने की आदत सी पड़ गई है।
dev,dev-s621,अफ्रीका की गरीबी और मौसम परिवर्तन पर चर्चा करने आए दुनिया के ८ सबसे धनी देश (जी - ८) आतंकवाद पर चर्चा करते नज़र आए ।,अफ्रीका की गरीबी और मौसम परिवर्तन पर चर्चा करने आए दुनिया के ८ सबसे धनी देश (जी-८) आतंकवाद पर चर्चा करते नज़र आए।
dev,dev-s622,"अंततः इन नेताओं को संशोधित घोषणा जारी करनी पड़ी, जिसमें आतंकवाद से लड़ने की चुनौती फेहरिस्त में सबसे ऊपर थी ।","अंततः इन नेताओं को संशोधित घोषणा जारी करनी पड़ी, जिसमें आतंकवाद से लड़ने की चुनौती फेहरिस्त में सबसे ऊपर थी।"
dev,dev-s626,"हालांकि, उनके प्रेस सचिव स्कॉट मैकक्लेलन ने बाद में जोर देकर कहा कि बुश ने आतंकवादी हमले के कारण बीच में शिखर बैठक नहीं छोड़ी थी ।","हालांकि, उनके प्रेस सचिव स्कॉट मैकक्लेलन ने बाद में जोर देकर कहा कि बुश ने आतंकवादी हमले के कारण बीच में शिखर बैठक नहीं छोड़ी थी।"
dev,dev-s632,फॉर्म सब्सिडी खत्म करने पर हालाँकि उन्हें अमेरिका और ब्रिटेन से चतुराई वाला समर्थन मिला लेकिन शिराक़ से हुई मुलाकात इसलिए खास है कि फ्रांस डब्लूटीओ में इस मुद्दे पर जंग छेड़े हुए है ।,फॉर्म सब्सिडी खत्म करने पर हालाँकि उन्हें अमेरिका और ब्रिटेन से चतुराई वाला समर्थन मिला लेकिन शिराक़ से हुई मुलाकात इसलिए खास है कि फ्रांस डब्लूटीओ में इस मुद्दे पर जंग छेड़े हुए है।
dev,dev-s633,जम्मू - कश्मीर के पुंछ जिले में शुक्रवार को सेना और आतंकियों के बीच हुई मुठभेड़ में लश्कर - ए - ताइबा के तीन आतंकी मारे गए ।,जम्मू-कश्मीर के पुंछ जिले में शुक्रवार को सेना और आतंकियों के बीच हुई मुठभेड़ में लश्कर-ए-ताइबा के तीन आतंकी मारे गए।
dev,dev-s635,इस मुठभेड़ में एक जेसीओ सहित सेना के चार जवान भी शहीद हो गए ।,इस मुठभेड़ में एक जेसीओ सहित सेना के चार जवान भी शहीद हो गए।
dev,dev-s636,सेना के प्रवक्ता लेफ्टिनेंट कर्नल वी. के. बत्रा ने कहा कि इस गुट का प्रमुख अनंतनाग जिले के कुलगाम का एक मज़हबी नेता था ।,सेना के प्रवक्ता लेफ्टिनेंट कर्नल वी. के. बत्रा ने कहा कि इस गुट का प्रमुख अनंतनाग जिले के कुलगाम का एक मज़हबी नेता था।
dev,dev-s637,पुंछ में हुई मुठभेड़ के बारे में एक सरकारी अधिकारी ने बताया कि १३वीं सिख लाईट इनफेंट्री द्वारा लश्कर - ए - ताइबा गुट के आतंकियों को नियंत्रण - रेखा पर चुनौती देने पर मुठभेड़ रात ११.४५ बजे शुरू हुई ।,पुंछ में हुई मुठभेड़ के बारे में एक सरकारी अधिकारी ने बताया कि १३वीं सिख लाईट इनफेंट्री द्वारा लश्कर-ए-ताइबा गुट के आतंकियों को नियंत्रण-रेखा पर चुनौती देने पर मुठभेड़ रात ११.४५ बजे शुरू हुई।
dev,dev-s641,मुठभेड़ में नायक सूबेदार अवतार सिंह सहित चार जवान भी शहीद हो गए ।,मुठभेड़ में नायक सूबेदार अवतार सिंह सहित चार जवान भी शहीद हो गए।
dev,dev-s642,"मुठभेड़ वाले स्थान से तीन एके एसॉल्ट राइफल, १७ मैगजीन, ८ ग्रेनेड, ४ आईइडी, एक रेडियो सेट, दो पिस्तौल व कुछ अन्य हथियार बरामद किए गए हैं ।","मुठभेड़ वाले स्थान से तीन एके एसॉल्ट राइफल, १७ मैगजीन, ८ ग्रेनेड, ४ आईइडी, एक रेडियो सेट, दो पिस्तौल व कुछ अन्य हथियार बरामद किए गए हैं।"
dev,dev-s647,इसके अलावा ऋण सीमा को ५० हजार रुपए से बढ़ाकर १.५ लाख किया जाना चाहिए और इस पर ७ फीसदी के हिसाब से ब्याज दर लागू होनी चाहिए ।,इसके अलावा ऋण सीमा को ५० हजार रुपए से बढ़ाकर १.५ लाख किया जाना चाहिए और इस पर ७ फीसदी के हिसाब से ब्याज दर लागू होनी चाहिए।
dev,dev-s662,यादव का कहना है कि कृषि में सबसे बड़ी समस्या निवेश ऋण पर लगने वाले ब्याज दर की है ।,यादव का कहना है कि कृषि में सबसे बड़ी समस्या निवेश ऋण पर लगने वाले ब्याज दर की है।
dev,dev-s670,एनआरआई डॉक्टरों से जुड़े दूसरे मसलों पर भी इन दोनों के बीच बातचीत हुई ।,एनआरआई डॉक्टरों से जुड़े दूसरे मसलों पर भी इन दोनों के बीच बातचीत हुई।
dev,dev-s678,शाह के मुताबिक रामदास ने दो जाने - माने आयुर्वेद विशेषज्ञों को अमेरिका में आयुर्वेद चिकित्सा पद्घति की पढ़ाई के लिए अमेरिका भेजने का वादा किया है ।,शाह के मुताबिक रामदास ने दो जाने-माने आयुर्वेद विशेषज्ञों को अमेरिका में आयुर्वेद चिकित्सा पद्घति की पढ़ाई के लिए अमेरिका भेजने का वादा किया है।
dev,dev-s680,"आज देश के कर्जदार हर १०० किसानों में से १० अनुसूचित जनजाति, १८ अनुसूचित जाति व ४४ अन्य पिछड़े वर्ग से हैं ।","आज देश के कर्जदार हर १०० किसानों में से १० अनुसूचित जनजाति, १८ अनुसूचित जाति व ४४ अन्य पिछड़े वर्ग से हैं।"
dev,dev-s682,"आंध्र प्रदेश के कर्जदार किसानों में ११ फीसदी अनुसूचित जनजाति, १७ फीसदी अनुसूचित जाति व ४७ फीसदी अन्य पिछड़े वर्ग से हैं ।","आंध्र प्रदेश के कर्जदार किसानों में ११ फीसदी अनुसूचित जनजाति, १७ फीसदी अनुसूचित जाति व ४७ फीसदी अन्य पिछड़े वर्ग से हैं।"
dev,dev-s683,"जबकि तमिलनाडु में यह अनुपात इस प्रकार से है ४ फीसदी अनुसूचित जनजाति, २२ फीसदी अनुसूचित जाति व ७३ फीसदी अन्य पिछड़े वर्ग से हैं ।","जबकि तमिलनाडु में यह अनुपात इस प्रकार से है ४ फीसदी अनुसूचित जनजाति, २२ फीसदी अनुसूचित जाति व ७३ फीसदी अन्य पिछड़े वर्ग से हैं।"
dev,dev-s693,अदालत ने चुनाव आयोग द्वारा बिहार विधानसभा चुनाव की घोषणा के मद्देनज़र सुनवाई की तारीख घटा दी है ।,अदालत ने चुनाव आयोग द्वारा बिहार विधानसभा चुनाव की घोषणा के मद्देनज़र सुनवाई की तारीख घटा दी है।
dev,dev-s695,इन तीनों ने एक मत से कहा कि राष्ट्रपति शासन को अवैध करार देने पर चुनाव आयोग को चुनाव प्रक्रिया रद्द करनी पड़ेगी ।,इन तीनों ने एक मत से कहा कि राष्ट्रपति शासन को अवैध करार देने पर चुनाव आयोग को चुनाव प्रक्रिया रद्द करनी पड़ेगी।
dev,dev-s696,"सशस्त्र बलों के आधुनिकीकरण में हो रही देरी को जड़ से मिटाने के लिए सरकार ने रक्षा बजट में २७ फीसदी की वृद्धि करते हुए ७७,००० करोड़ रुपये आवंटित किए हैं ।","सशस्त्र बलों के आधुनिकीकरण में हो रही देरी को जड़ से मिटाने के लिए सरकार ने रक्षा बजट में २७ फीसदी की वृद्धि करते हुए ७७,००० करोड़ रुपये आवंटित किए हैं।"
dev,dev-s697,"जबकि संशोधित अनुमान ६३,००० करोड़ रुपये था ।","जबकि संशोधित अनुमान ६३,००० करोड़ रुपये था।"
dev,dev-s698,वहीं पंजी प्रावधान के मामले में थल सेना की अनदेखी की गई है तो वायु और नौ सेना के आवंटन में मामूली बढ़ोतरी हुई है ।,वहीं पंजी प्रावधान के मामले में थल सेना की अनदेखी की गई है तो वायु और नौ सेना के आवंटन में मामूली बढ़ोतरी हुई है।
dev,dev-s700,"सरकार ने पिछले साल के १६,९०६ करोड़ रुपये के पूँजी प्रावधान को दोगुना करते हुए ३३,४८२ करोड़ रुपये किया है ।","सरकार ने पिछले साल के १६,९०६ करोड़ रुपये के पूँजी प्रावधान को दोगुना करते हुए ३३,४८२ करोड़ रुपये किया है।"
dev,dev-s701,केंद्रीय बजट २००४ - ०५ में रक्षा प्रावधान में वृद्धि करते हुए पी. चिदंबरम् ने कहा कि आधुनिक हथियारों के अधिग्रहण के लिए यह 'जरूरी' हो गया है कि इस साल आवंटन अधिक हो ।,केंद्रीय बजट २००४-०५ में रक्षा प्रावधान में वृद्धि करते हुए पी. चिदंबरम् ने कहा कि आधुनिक हथियारों के अधिग्रहण के लिए यह 'जरूरी' हो गया है कि इस साल आवंटन अधिक हो।
dev,dev-s702,"पूँजी प्रावधान को दोगुना किए जाने से संकेत मिलते हैं कि सरकार का फ्रांसीसी पनडुब्बी 'स्कॉर्पियो', मिग - २१ के स्थान पर १२५ बहुउद्देशीय लड़ाकू विमान और थल सेना की फायरपॉवर में इजाफा करने के लिए चार हजार करोड़ रुपये की योजना पर आगे बढ़ने का विचार है ।","पूँजी प्रावधान को दोगुना किए जाने से संकेत मिलते हैं कि सरकार का फ्रांसीसी पनडुब्बी 'स्कॉर्पियो', मिग-२१ के स्थान पर १२५ बहुउद्देशीय लड़ाकू विमान और थल सेना की फायरपॉवर में इजाफा करने के लिए चार हजार करोड़ रुपये की योजना पर आगे बढ़ने का विचार है।"
dev,dev-s705,अगर पूँजी प्रावधानों पर नजर दौड़ाई जाए तो थल सेना के लिए बजट अनुमान में कमी आई है जबकि वायु और नौ सेना के लिए मामूली वृद्धि की गई है ।,अगर पूँजी प्रावधानों पर नजर दौड़ाई जाए तो थल सेना के लिए बजट अनुमान में कमी आई है जबकि वायु और नौ सेना के लिए मामूली वृद्धि की गई है।
dev,dev-s706,"मौजूदा वर्ष में थल सेना के लिए आवंटन २७,८२८९९ करोड़ रुपये रखा गया है जबकि पिछले साल के संशोधित अनुमान में यह राशि २८,२७६ करोड़ रुपये रखी गई थी ।","मौजूदा वर्ष में थल सेना के लिए आवंटन २७,८२८९९ करोड़ रुपये रखा गया है जबकि पिछले साल के संशोधित अनुमान में यह राशि २८,२७६ करोड़ रुपये रखी गई थी।"
dev,dev-s707,"जबकि नौ सेना के लिए पिछले साल संशोधित अनुमान ४,९१० करोड़ रखा गया था जिसे मौजूदा वित्त वर्ष में बढ़ा कर ५,२९३ करोड़ रुपये कर दिया गया है ।","जबकि नौ सेना के लिए पिछले साल संशोधित अनुमान ४,९१० करोड़ रखा गया था जिसे मौजूदा वित्त वर्ष में बढ़ा कर ५,२९३ करोड़ रुपये कर दिया गया है।"
dev,dev-s708,"वहीं, वायु सेना के लिए ७८४७.२९ करोड़ रुपये को बढ़ाकर ८४६८.४० करोड़ रुपये कर दिया गया है ।","वहीं, वायु सेना के लिए ७८४७.२९ करोड़ रुपये को बढ़ाकर ८४६८.४० करोड़ रुपये कर दिया गया है।"
dev,dev-s709,वित्त मंत्री पी. चिदंबरम् और रक्षा मंत्री प्रणब मुखर्जी स्वदेशी रक्षा शोध को बढ़ावा देने पर जोर देते आए हैं लेकिन रक्षा शोध सेवा और विकास के लिए पिछले साल की अपेक्षा तीन सौ करोड़ रुपये की कटौती की गई है ।,वित्त मंत्री पी. चिदंबरम् और रक्षा मंत्री प्रणब मुखर्जी स्वदेशी रक्षा शोध को बढ़ावा देने पर जोर देते आए हैं लेकिन रक्षा शोध सेवा और विकास के लिए पिछले साल की अपेक्षा तीन सौ करोड़ रुपये की कटौती की गई है।
dev,dev-s710,डीआरडीओ को मौजूदा बजट में २३४३.१६ करोड़ रुपये आवंटित किए गए हैं जबकि पिछले साल के संशोधित अनुमान में २६९९.२० करोड़ रुपये की बात कही गई थी ।,डीआरडीओ को मौजूदा बजट में २३४३.१६ करोड़ रुपये आवंटित किए गए हैं जबकि पिछले साल के संशोधित अनुमान में २६९९.२० करोड़ रुपये की बात कही गई थी।
dev,dev-s715,रिपोर्ट के मुताबिक २००० - ०४ के दौरान रेलवे ने सड़क और ओवर बिज्र के निर्माण के लिए मिले फंड के इस्तेमाल में बेरुखी दिखाई ।,रिपोर्ट के मुताबिक २०००-०४ के दौरान रेलवे ने सड़क और ओवर बिज्र के निर्माण के लिए मिले फंड के इस्तेमाल में बेरुखी दिखाई।
dev,dev-s724,बल्कि कुछ कंपनियों ने तो दस महीने बाद ही कारों के दाम बढ़ा दिए ।,बल्कि कुछ कंपनियों ने तो दस महीने बाद ही कारों के दाम बढ़ा दिए।
dev,dev-s725,रिपोर्ट के मुताबिक पाँच कार निर्माता कंपनियों से सरकार को ३० सितंबर २००३ तक २४४४.११ करोड़ रुपये का राजस्व मिलना था ।,रिपोर्ट के मुताबिक पाँच कार निर्माता कंपनियों से सरकार को ३० सितंबर २००३ तक २४४४.११ करोड़ रुपये का राजस्व मिलना था।
dev,dev-s726,लेकिन इन कंपनियों ने इसमें से ९२७.३१ करोड़ रुपये अपने पास ही रख लिए ।,लेकिन इन कंपनियों ने इसमें से ९२७.३१ करोड़ रुपये अपने पास ही रख लिए।
dev,dev-s727,इमराना बलात्कार कांड का विवाद अभी ठंडा भी नहीं पड़ा था कि असम के नागौन जिले में १९ वर्षीय महिला का इमराना जैसा मामला सामने आया है ।,इमराना बलात्कार कांड का विवाद अभी ठंडा भी नहीं पड़ा था कि असम के नागौन जिले में १९ वर्षीय महिला का इमराना जैसा मामला सामने आया है।
dev,dev-s735,जबकि ससुर को कोई सजा तो दूर उसे 'आजादी' बख्श दी ।,जबकि ससुर को कोई सजा तो दूर उसे 'आजादी' बख्श दी।
dev,dev-s738,उन्होंने बताया कि पीड़िता का चिकित्सकीय परीक्षण करा कर मजिस्ट्रेट के समक्ष उसका बयान भी दर्ज कराया गया है ।,उन्होंने बताया कि पीड़िता का चिकित्सकीय परीक्षण करा कर मजिस्ट्रेट के समक्ष उसका बयान भी दर्ज कराया गया है।
dev,dev-s746,इस घटना पर शोक जताते हुए प्रधानमंत्री ने कहा कि संकट की इस घड़ी में भारतीय ब्रिटेन के साथ हैं ।,इस घटना पर शोक जताते हुए प्रधानमंत्री ने कहा कि संकट की इस घड़ी में भारतीय ब्रिटेन के साथ हैं।
dev,dev-s751,उत्तर प्रदेश पुलिस के साथ मुठभेड़ में मारे गये कुख्यात डकैत निर्भय गुर्जर की विधवा सीमा परिहार ने अपने दिवंगत पति के शव पर अपना दावा पेश किया है ।,उत्तर प्रदेश पुलिस के साथ मुठभेड़ में मारे गये कुख्यात डकैत निर्भय गुर्जर की विधवा सीमा परिहार ने अपने दिवंगत पति के शव पर अपना दावा पेश किया है।
dev,dev-s753,मंगलवार को इटावा में पत्रकारों के साथ बात - चीत में सीमा ने कहा कि 'निर्भय को अपने पापों की सजा मिल चुकी है ।,मंगलवार को इटावा में पत्रकारों के साथ बात-चीत में सीमा ने कहा कि 'निर्भय को अपने पापों की सजा मिल चुकी है।
dev,dev-s757,पुलिस महानिदेशक यशपाल सिंह ने कहा कि मुठभेड़ में निर्भय गुर्जर को मारकर एसटीएफ टीम ने अदम्य साहस का परिचय दिया है और वे प्रशंसा के पात्र हैं ।,पुलिस महानिदेशक यशपाल सिंह ने कहा कि मुठभेड़ में निर्भय गुर्जर को मारकर एसटीएफ टीम ने अदम्य साहस का परिचय दिया है और वे प्रशंसा के पात्र हैं।
dev,dev-s758,उन्होंने आगे कहा कि बहादुरी भरे कारनामों के मद्देनज़र पुलिसकर्मियों के लिए बारी से पहले प्रोन्नति देने का प्रावधान है ।,उन्होंने आगे कहा कि बहादुरी भरे कारनामों के मद्देनज़र पुलिसकर्मियों के लिए बारी से पहले प्रोन्नति देने का प्रावधान है।
dev,dev-s765,उन्होंने कहा कि अगर लोगों को बेहतर शिक्षा और अवसर मिले तो उनमें आत्म विश्वास बढ़ता है और वे जीवन में परिवार का समर्थन नहीं लेंगे ।,उन्होंने कहा कि अगर लोगों को बेहतर शिक्षा और अवसर मिले तो उनमें आत्म विश्वास बढ़ता है और वे जीवन में परिवार का समर्थन नहीं लेंगे।
dev,dev-s779,पासवान ने कहा कि उन्होंने अपने कार्यकर्ताओं से राज्य की सभी २४३ सीटों से चुनाव लड़ने के लिए तैयार रहने को कहा है ।,पासवान ने कहा कि उन्होंने अपने कार्यकर्ताओं से राज्य की सभी २४३ सीटों से चुनाव लड़ने के लिए तैयार रहने को कहा है।
dev,dev-s782,रिपोर्ट में कहा गया है कि आयोग को ऐसा कोई साक्ष्य नहीं मिला है जिससे यह सिद्ध किया जा सके कि गुरुद्वारा रकाबगंज में मौजूदगी के दौरान कमलनाथ ने उत्तेजित भीड़ को भड़काया ।,रिपोर्ट में कहा गया है कि आयोग को ऐसा कोई साक्ष्य नहीं मिला है जिससे यह सिद्ध किया जा सके कि गुरुद्वारा रकाबगंज में मौजूदगी के दौरान कमलनाथ ने उत्तेजित भीड़ को भड़काया।
dev,dev-s784,पत्रकार संजय सूरी ने अपने बयान में आयोग को बताया कि ३१ अक्टूबर ८४ को कमलनाथ गुरुद्वारा रकाबगंज में मौजूद थे तथा वह भीड़ को शांत करने का प्रयास कर रहे थे ।,पत्रकार संजय सूरी ने अपने बयान में आयोग को बताया कि ३१ अक्टूबर ८४ को कमलनाथ गुरुद्वारा रकाबगंज में मौजूद थे तथा वह भीड़ को शांत करने का प्रयास कर रहे थे।
dev,dev-s785,कमलनाथ ने अपने जवाब में भी कहा है कि वे कांग्रेस के एक जिम्मेदार नेता के रूप में वहां गये थे ताकि कानून व्यवस्था की स्थिति बिगड़ नहीं पाये ।,कमलनाथ ने अपने जवाब में भी कहा है कि वे कांग्रेस के एक जिम्मेदार नेता के रूप में वहां गये थे ताकि कानून व्यवस्था की स्थिति बिगड़ नहीं पाये।
dev,dev-s787,उन्होंने भीड़ को तितर - बितर होने और कानून अपने हाथ में नहीं लेने के लिए राजी किया ।,उन्होंने भीड़ को तितर-बितर होने और कानून अपने हाथ में नहीं लेने के लिए राजी किया।
dev,dev-s790,बहरहाल आयोग को दंगे भड़काने में भूमिका होने की बाबत उनके खिलाफ कोई साक्ष्य नहीं मिला है ।,बहरहाल आयोग को दंगे भड़काने में भूमिका होने की बाबत उनके खिलाफ कोई साक्ष्य नहीं मिला है।
dev,dev-s799,गौरतलब है कि दिल्ली पुलिस की विशेष सेल ने शनिवार रात राष्ट्रीय राजधानी में दो पाकिस्तानी आतंकियों समेत तीन को मुठभेड़ में ढेर कर दिया था और उनके दो साथी गिरफ्तार कर लिए गए थे ।,गौरतलब है कि दिल्ली पुलिस की विशेष सेल ने शनिवार रात राष्ट्रीय राजधानी में दो पाकिस्तानी आतंकियों समेत तीन को मुठभेड़ में ढेर कर दिया था और उनके दो साथी गिरफ्तार कर लिए गए थे।
dev,dev-s800,"इसी के बाद आईएमए, देहरादून और बंगलोर स्थित नामी सॉफ्टवेयर कंपनियों को उड़ाने की लश्कर की साजिश का भंडाफोड़ हुआ था ।","इसी के बाद आईएमए, देहरादून और बंगलोर स्थित नामी सॉफ्टवेयर कंपनियों को उड़ाने की लश्कर की साजिश का भंडाफोड़ हुआ था।"
dev,dev-s801,देहरादून के डॉलफिन इंस्टीटयूट ऑफ बायो मेडिकल ऐंड नेचुरल साइंस में पढ़ रहे मोहम्मद इफ्तखार अहसान मलिक को दिल्ली पुलिस ने सोमवार रात आईएमए से सटी प्रेम नगर कालोनी स्थित उसके घर से गिरफ्तार किया ।,देहरादून के डॉलफिन इंस्टीटयूट ऑफ बायो मेडिकल ऐंड नेचुरल साइंस में पढ़ रहे मोहम्मद इफ्तखार अहसान मलिक को दिल्ली पुलिस ने सोमवार रात आईएमए से सटी प्रेम नगर कालोनी स्थित उसके घर से गिरफ्तार किया।
dev,dev-s807,"दिल्ली पुलिस के सूत्रों के मुताबिक, मुठभेड़ में मारे गए पटना के आतंकी शख्स की डायरी में इफ्तखार के देहरादून स्थित बैंक खाते का नंबर का उल्लेख है, जिससे संदेह है कि इफ्तखार को आतंकी आर्थिक मदद भी दे रहे थे ।","दिल्ली पुलिस के सूत्रों के मुताबिक, मुठभेड़ में मारे गए पटना के आतंकी शख्स की डायरी में इफ्तखार के देहरादून स्थित बैंक खाते का नंबर का उल्लेख है, जिससे संदेह है कि इफ्तखार को आतंकी आर्थिक मदद भी दे रहे थे।"
dev,dev-s817,लंदन से प्रकाशित अंग्रेजी दैनिक 'गार्जियन' में छपी एक रिपोर्ट में इसकी जानकारी दी गई है ।,लंदन से प्रकाशित अंग्रेजी दैनिक 'गार्जियन' में छपी एक रिपोर्ट में इसकी जानकारी दी गई है।
dev,dev-s818,ब्रिटेन की आंतरिक खुफिया एजेंसी एमआई ५ द्वारा तैयार की गई सूची की लंबाई यह दर्शाती है कि हथियारों की खरीद - फरोख्त का बाजार सामान्य अनुमान के मुकाबले काफी बड़ा है ।,ब्रिटेन की आंतरिक खुफिया एजेंसी एमआई ५ द्वारा तैयार की गई सूची की लंबाई यह दर्शाती है कि हथियारों की खरीद-फरोख्त का बाजार सामान्य अनुमान के मुकाबले काफी बड़ा है।
dev,dev-s834,"किन्नौर के उपायुक्त अमनदीप गर्ग का कहना है कि लाशों के नाथपा - झाकड़ी के बांध में फंसे होने की संभावना है, इसलिए वहां जाल डालकर उन्हें ढूंढ़ने की कोशिश हो रही है ।","किन्नौर के उपायुक्त अमनदीप गर्ग का कहना है कि लाशों के नाथपा-झाकड़ी के बांध में फंसे होने की संभावना है, इसलिए वहां जाल डालकर उन्हें ढूंढ़ने की कोशिश हो रही है।"
dev,dev-s835,"उपायुक्त ने कहा कि सतलुज के पानी का वेग बहुत अधिक है और यह पहाड़ी चट्टानों से गुजरती है, इसलिए डूबे लोगों के बचने की संभावना नहीं के बराबर है ।","उपायुक्त ने कहा कि सतलुज के पानी का वेग बहुत अधिक है और यह पहाड़ी चट्टानों से गुजरती है, इसलिए डूबे लोगों के बचने की संभावना नहीं के बराबर है।"
dev,dev-s839,गौरतलब है कि सतलुज नदी में २६ जून को आई बाढ़ के कारण खारो व पोआरी में बने पुल बह गए थे ।,गौरतलब है कि सतलुज नदी में २६ जून को आई बाढ़ के कारण खारो व पोआरी में बने पुल बह गए थे।
dev,dev-s845,"खारो पुल की लंबाई दो सौ मीटर है, मगर टूटने के बाद इसका महज दस मीटर हिस्सा ही सड़क में दिखाई दे रहा है ।","खारो पुल की लंबाई दो सौ मीटर है, मगर टूटने के बाद इसका महज दस मीटर हिस्सा ही सड़क में दिखाई दे रहा है।"
dev,dev-s853,तीन बार सतलुज की बाढ़ इसे बहा ले गई तो एक बार यह क्षतिग्रस्त हो चुका है ।,तीन बार सतलुज की बाढ़ इसे बहा ले गई तो एक बार यह क्षतिग्रस्त हो चुका है।
dev,dev-s857,"इससे पहले लखनऊ स्थित हुसैनबाद ट्रस्ट ने अमेरिकी नेतृत्व वाली गठबंधन सेना द्वारा पवित्र स्थलों को अपवित्र करने और इराकियों पर अत्याचार करने के विरोध में बड़ा और छोटा इमामबाड़ा में अमेरिकी, ब्रिटिश और इस्राइली नागरिकों के प्रवेश पर रोक लगा दी थी ।","इससे पहले लखनऊ स्थित हुसैनबाद ट्रस्ट ने अमेरिकी नेतृत्व वाली गठबंधन सेना द्वारा पवित्र स्थलों को अपवित्र करने और इराकियों पर अत्याचार करने के विरोध में बड़ा और छोटा इमामबाड़ा में अमेरिकी, ब्रिटिश और इस्राइली नागरिकों के प्रवेश पर रोक लगा दी थी।"
dev,dev-s860,संभवतः इसीलिए इस ब्रिज को 'अमन सेतु' नाम दिया गया है ।,संभवतः इसीलिए इस ब्रिज को 'अमन सेतु' नाम दिया गया है।
dev,dev-s862,कमान पोस्ट के नजदीक सीमावर्ती गांव उरूसा के ७२ - वर्षीय मोहम्मद जमान ने बताया कि 'मेरा यह सपना था कि मेरे मरने से पहले यह सड़क खुल जाए और मेरा यह सपना साकार हो गया,कमान पोस्ट के नजदीक सीमावर्ती गांव उरूसा के ७२-वर्षीय मोहम्मद जमान ने बताया कि 'मेरा यह सपना था कि मेरे मरने से पहले यह सड़क खुल जाए और मेरा यह सपना साकार हो गया
dev,dev-s866,उन्होंने बताया कि 'मेरे गांव में एक भी घर ऐसा नहीं है जिसके परिजन नियंत्रण रेखा के उस पार नहीं हों,उन्होंने बताया कि 'मेरे गांव में एक भी घर ऐसा नहीं है जिसके परिजन नियंत्रण रेखा के उस पार नहीं हों
dev,dev-s868,"सुलेमान ने बताया कि 'यहां से सिर्फ एक घंटे का सफर है, लेकिन इस दूरी को पाटने में कई दशक लग गए","सुलेमान ने बताया कि 'यहां से सिर्फ एक घंटे का सफर है, लेकिन इस दूरी को पाटने में कई दशक लग गए"
dev,dev-s871,१९४७ की लड़ाई के बाद जब पाकिस्तानी सैनिक पलायन कर रहे थे तो उन्होंने इस ब्रिज को क्षतिग्रस्त कर दिया और पिछले महीने तक यह ब्रिज उसी अवस्था में था ।,१९४७ की लड़ाई के बाद जब पाकिस्तानी सैनिक पलायन कर रहे थे तो उन्होंने इस ब्रिज को क्षतिग्रस्त कर दिया और पिछले महीने तक यह ब्रिज उसी अवस्था में था।
dev,dev-s872,भारत और पाकिस्तान ने फरवरी में जब बस चलाने का निर्णय किया तो इसके बाद ही सीमा सड़क संगठन (बीआरओ) ने सड़क बनाने का काम शुरू किया और महज आठ घंटे में ही लकड़ी की जगह लोहे का कमान ब्रिज तैयार कर दिया गया ।,भारत और पाकिस्तान ने फरवरी में जब बस चलाने का निर्णय किया तो इसके बाद ही सीमा सड़क संगठन (बीआरओ) ने सड़क बनाने का काम शुरू किया और महज आठ घंटे में ही लकड़ी की जगह लोहे का कमान ब्रिज तैयार कर दिया गया।
dev,dev-s876,यह पंद्रह दिनों की कड़ी मेहनत का नतीजा है ।,यह पंद्रह दिनों की कड़ी मेहनत का नतीजा है।
dev,dev-s878,"उन्होंने कहा कि बीएसएनएल ने उरी शहर, कमान पोस्ट व सलामाबाद में मोबाइल सेवा शुरू करने के लिए भरसक कोशिश की लेकिन खराब मौसम के कारण यह योजना रद्द करनी पड़ी ।","उन्होंने कहा कि बीएसएनएल ने उरी शहर, कमान पोस्ट व सलामाबाद में मोबाइल सेवा शुरू करने के लिए भरसक कोशिश की लेकिन खराब मौसम के कारण यह योजना रद्द करनी पड़ी।"
dev,dev-s882,बीबीसी वर्ल्ड को दिए एक इंटरव्यू में वह भारत का नया नक्शा बनाकर दूसरे बंटवारे की बात छोड़कर पाकिस्तान के सुझाए सभी विकल्पों को सुनने को राजी हैं ।,बीबीसी वर्ल्ड को दिए एक इंटरव्यू में वह भारत का नया नक्शा बनाकर दूसरे बंटवारे की बात छोड़कर पाकिस्तान के सुझाए सभी विकल्पों को सुनने को राजी हैं।
dev,dev-s886,इसे बहुत ही सावधानीपूर्वक आगे बढ़ाना होगा और इस प्रक्रिया के लिए कोई त्वरित समाधान नहीं है ।,इसे बहुत ही सावधानीपूर्वक आगे बढ़ाना होगा और इस प्रक्रिया के लिए कोई त्वरित समाधान नहीं है।
dev,dev-s901,'पॉवर योगा' के तहत सूर्य नमस्कार को तेज गति से किया जाता है तो 'बीट योगा' के तहत पॉप म्यूजिक की धुन पर अंगों को लय में लहराया जाता है ।,'पॉवर योगा' के तहत सूर्य नमस्कार को तेज गति से किया जाता है तो 'बीट योगा' के तहत पॉप म्यूजिक की धुन पर अंगों को लय में लहराया जाता है।
dev,dev-s905,पर 'पॉवर योगा' के रूप में इसे केवल ३ मिनट में ही पूरा कर लिया जाता है ।,पर 'पॉवर योगा' के रूप में इसे केवल ३ मिनट में ही पूरा कर लिया जाता है।
dev,dev-s906,मॉर्निंग वॉक के लिए आपकी भले नींद नहीं खुलती हो पर यदि कोई 'आनंद योग' की बात करे तो आप जगे बिना नहीं रहेंगे ।,मॉर्निंग वॉक के लिए आपकी भले नींद नहीं खुलती हो पर यदि कोई 'आनंद योग' की बात करे तो आप जगे बिना नहीं रहेंगे।
dev,dev-s907,प्रातः भ्रमण को 'आनंद योग' के रूप में पेश किया जा रहा है ।,प्रातः भ्रमण को 'आनंद योग' के रूप में पेश किया जा रहा है।
dev,dev-s909,आरोग्य के नए मंदिर के रूप में पनप रहे स्पा और ब्यूटी सैलून योग को 'योगिलेट' की शक्ल में प्रस्तुत कर रहे हैं ।,आरोग्य के नए मंदिर के रूप में पनप रहे स्पा और ब्यूटी सैलून योग को 'योगिलेट' की शक्ल में प्रस्तुत कर रहे हैं।
dev,dev-s911,'ओजोन' के योग निदेशक कहते हैं - 'हम वही दे रहे हैं जो आप चाहते हैं ।,'ओजोन' के योग निदेशक कहते हैं-'हम वही दे रहे हैं जो आप चाहते हैं।
dev,dev-s912,वित्त मंत्री पी चिदंबरम ने अपने बजट को जनता के 'हितों का ध्यान रखने वाला तथा साहसी' करार दिया ।,वित्त मंत्री पी चिदंबरम ने अपने बजट को जनता के 'हितों का ध्यान रखने वाला तथा साहसी' करार दिया।
dev,dev-s913,"उन्होंने दूरसंचार, नागरिक उड्डयन और बीमा क्षेत्र में प्रत्यक्ष विदेशी निवेश की क्षेत्रवार सीमा बढ़ाने के फैसले पर पुनर्विचार करने की संभावना से इनकार किया है ।","उन्होंने दूरसंचार, नागरिक उड्डयन और बीमा क्षेत्र में प्रत्यक्ष विदेशी निवेश की क्षेत्रवार सीमा बढ़ाने के फैसले पर पुनर्विचार करने की संभावना से इनकार किया है।"
dev,dev-s917,उदारीकरण की राह में आगे कदम बढ़ाकर हमने साहसी फैसला लिया है ।,उदारीकरण की राह में आगे कदम बढ़ाकर हमने साहसी फैसला लिया है।
dev,dev-s922,"यह पूछने पर कि क्या उन्हें यह चिंता सता रही है कि एफडीआई की सीमा बढ़ाने से वामपंथी दल उन्हें निशाना बना सकते हैं, चिदंबरम ने कहा कि हमें हल्की आलोचना की उम्मीद है ।","यह पूछने पर कि क्या उन्हें यह चिंता सता रही है कि एफडीआई की सीमा बढ़ाने से वामपंथी दल उन्हें निशाना बना सकते हैं, चिदंबरम ने कहा कि हमें हल्की आलोचना की उम्मीद है।"
dev,dev-s925,"इस सवाल पर कि क्या एफडीआई सीमा बढ़ाने के फैसले पर पुनर्विचार करने की संभावना है, उन्होंने कहा कि काफी विचार - विमर्श के बाद यह फैसला किया गया है ।","इस सवाल पर कि क्या एफडीआई सीमा बढ़ाने के फैसले पर पुनर्विचार करने की संभावना है, उन्होंने कहा कि काफी विचार-विमर्श के बाद यह फैसला किया गया है।"
dev,dev-s929,प्राचीन 'ग्रेट अंडमानीज' आदिवासी सुनामी लहरों के कहर से बच गए ।,प्राचीन 'ग्रेट अंडमानीज' आदिवासी सुनामी लहरों के कहर से बच गए।
dev,dev-s930,उन्होंने पहाड़ी जंगलों में शरण लेकर अपनी जान बचाई ।,उन्होंने पहाड़ी जंगलों में शरण लेकर अपनी जान बचाई।
dev,dev-s931,केवल पचास रह गए इन आदिवासियों ने अपनी पुरानी परंपराओं को खुद ही खुशी - खुशी छोड़ दिया है ।,केवल पचास रह गए इन आदिवासियों ने अपनी पुरानी परंपराओं को खुद ही खुशी-खुशी छोड़ दिया है।
dev,dev-s938,इसके बाद हमें भूखे रहना पड़ा,इसके बाद हमें भूखे रहना पड़ा
dev,dev-s939,ग्रेट अंडमानीज किसी समय में क्षेत्र का सबसे बड़ा आदिवासी समूह था ।,ग्रेट अंडमानीज किसी समय में क्षेत्र का सबसे बड़ा आदिवासी समूह था।
dev,dev-s956,"ग्रेट अंडमानीज परंपरागत रूप से जड़ें, समुद्री भोज्य पदार्थ, कछुए व उनके अंडे खाते हैं ।","ग्रेट अंडमानीज परंपरागत रूप से जड़ें, समुद्री भोज्य पदार्थ, कछुए व उनके अंडे खाते हैं।"
dev,dev-s962,"उन्होंने कहा, 'मैं वापस जाना चाहती हूं ।","उन्होंने कहा, 'मैं वापस जाना चाहती हूं।"
dev,dev-s978,इसके थोड़ी देर बाद सुमात्रा के पश्चिमी तट पर ५.० की तीव्रता का भूकंप रिकॉर्ड किया गया ।,इसके थोड़ी देर बाद सुमात्रा के पश्चिमी तट पर ५.० की तीव्रता का भूकंप रिकॉर्ड किया गया।
dev,dev-s986,रिहायशी क्षेत्रों में भूतल पर जो दुकानें चल रही हैं उनको नहीं छेड़ा जाएगा लेकिन ऊपर के फ्लोर को सील किया जाएगा ।,रिहायशी क्षेत्रों में भूतल पर जो दुकानें चल रही हैं उनको नहीं छेड़ा जाएगा लेकिन ऊपर के फ्लोर को सील किया जाएगा।
dev,dev-s988,केंद्रीय शहरी विकास राज्य मंत्री अजय माकन ने अधिसूचना जारी करने के बाद मीडिया से बातचीत में कहा कि १९६२ के मास्टर प्लान में डेढ़ सौ व्यक्तियों के बीच एक दुकान का प्रावधान किया गया था ।,केंद्रीय शहरी विकास राज्य मंत्री अजय माकन ने अधिसूचना जारी करने के बाद मीडिया से बातचीत में कहा कि १९६२ के मास्टर प्लान में डेढ़ सौ व्यक्तियों के बीच एक दुकान का प्रावधान किया गया था।
dev,dev-s993,अधिसूचना से बड़े शोरूम को कोई राहत मिलती नजर नहीं आ रही है ।,अधिसूचना से बड़े शोरूम को कोई राहत मिलती नजर नहीं आ रही है।
dev,dev-s995,सिर्फ बड़ी दुकानों को ही बंद करने का आदेश दिया है ।,सिर्फ बड़ी दुकानों को ही बंद करने का आदेश दिया है।
dev,dev-s1000,"लेकिन व्यापारियों का आंदोलन तब तक जारी रहेगा, जब तक दिल्ली के पाँच लाख व्यापारियों और उनसे जुड़े सौ लाख से अधिक लोगों से भय का वातावरण समाप्त नहीं हो जाता ।","लेकिन व्यापारियों का आंदोलन तब तक जारी रहेगा, जब तक दिल्ली के पाँच लाख व्यापारियों और उनसे जुड़े सौ लाख से अधिक लोगों से भय का वातावरण समाप्त नहीं हो जाता।"
dev,dev-s1001,"सरकार ने वर्तमान वित्तीय वर्ष में लाभदायी सार्वजनिक क्षेत्र के उपक्रमों (पीएसयू) की ४,००० करोड़ रुपये तक के सीमित विनिवेश की घोषणा की है ।","सरकार ने वर्तमान वित्तीय वर्ष में लाभदायी सार्वजनिक क्षेत्र के उपक्रमों (पीएसयू) की ४,००० करोड़ रुपये तक के सीमित विनिवेश की घोषणा की है।"
dev,dev-s1002,"यूपीए सरकार ने पिछली राजग सरकार २००३ - ०४ के १४,५०० करोड़ के विनिवेश लक्ष्य में साढ़े दस हजार करोड़ की कटौती की है ।","यूपीए सरकार ने पिछली राजग सरकार २००३-०४ के १४,५०० करोड़ के विनिवेश लक्ष्य में साढ़े दस हजार करोड़ की कटौती की है।"
dev,dev-s1007,सरकार के हिस्से के शेयरों की कीमत वसूलने और मंदी के असर को कम करने के लिए सरकार एनटीपीसी के पब्लिक इश्यू पर अपनी पकड़ बनाए रखते हुए अपने शेयरों का पाँच फीसदी ही विनिवेश कर सकती है ।,सरकार के हिस्से के शेयरों की कीमत वसूलने और मंदी के असर को कम करने के लिए सरकार एनटीपीसी के पब्लिक इश्यू पर अपनी पकड़ बनाए रखते हुए अपने शेयरों का पाँच फीसदी ही विनिवेश कर सकती है।
dev,dev-s1008,"चिदंबरम ने कहा कि मौजूदा वित्तीय वर्ष में ये और जो अन्य मामले विचाराधीन हैं, उनसे ४,००० करोड़ रुपये की उगाही की उम्मीद है ।","चिदंबरम ने कहा कि मौजूदा वित्तीय वर्ष में ये और जो अन्य मामले विचाराधीन हैं, उनसे ४,००० करोड़ रुपये की उगाही की उम्मीद है।"
dev,dev-s1009,वित्त मंत्री ने कहा कि सीमित निजीकरण के बावजूद सरकार सार्वजनिक क्षेत्र के उपक्रमों पर अपना नियंत्रण रखने के प्रति दृढ़ है ।,वित्त मंत्री ने कहा कि सीमित निजीकरण के बावजूद सरकार सार्वजनिक क्षेत्र के उपक्रमों पर अपना नियंत्रण रखने के प्रति दृढ़ है।
dev,dev-s1010,उन्होंने कहा कि जहाँ तक पीएसयू पर सरकारी नियंत्रण क़ायम है और सार्वजनिक क्षेत्र की विशेषताओं पर कोई असर नहीं पड़ता ।,उन्होंने कहा कि जहाँ तक पीएसयू पर सरकारी नियंत्रण क़ायम है और सार्वजनिक क्षेत्र की विशेषताओं पर कोई असर नहीं पड़ता।
dev,dev-s1014,हिंदुस्तान एंटीबायोटिक्स को पुनर्गठन में वित्तीय सहायता दी जाएगी जबकि आईटीआई को बचाने के लिए ५०८ करोड़ रुपए की सहायता दी जाएगी ।,हिंदुस्तान एंटीबायोटिक्स को पुनर्गठन में वित्तीय सहायता दी जाएगी जबकि आईटीआई को बचाने के लिए ५०८ करोड़ रुपए की सहायता दी जाएगी।
dev,dev-s1015,"उन्होंने बताया कि ऊर्जा, दूरसंचार, रेलवे, सड़कें, पेट्रोलियम, कोयला और नागरिक उड्डयन के तहत आने वाले सार्वजनिक क्षेत्र के उपक्रमों के लिए भारी निवेश किए जाएंगे ।","उन्होंने बताया कि ऊर्जा, दूरसंचार, रेलवे, सड़कें, पेट्रोलियम, कोयला और नागरिक उड्डयन के तहत आने वाले सार्वजनिक क्षेत्र के उपक्रमों के लिए भारी निवेश किए जाएंगे।"
dev,dev-s1018,उन्होंने कहा है कि कृषि और औद्योगिक क्षेत्र को बढ़ावा देकर विकास की गति बढ़ाने पर जोर दिया गया है ।,उन्होंने कहा है कि कृषि और औद्योगिक क्षेत्र को बढ़ावा देकर विकास की गति बढ़ाने पर जोर दिया गया है।
dev,dev-s1020,उन्होंने कहा कि आयकर छूट की सीमा बढ़ाने से एक करोड़ से अधिक लोगों को फायदा होगा ।,उन्होंने कहा कि आयकर छूट की सीमा बढ़ाने से एक करोड़ से अधिक लोगों को फायदा होगा।
dev,dev-s1021,उन्होंने कहा कि देश के १५० सर्वाधिक पिछड़े जिलों में 'काम के बदले अनाज' कार्यक्रम लागू किया जाएगा ।,उन्होंने कहा कि देश के १५० सर्वाधिक पिछड़े जिलों में 'काम के बदले अनाज' कार्यक्रम लागू किया जाएगा।
dev,dev-s1022,"उन्होंने कहा कि योजनागत व्यय में १०,००० करोड़ रुपये की वृद्धि की गई है जिससे कि न्यूनतम साझा कार्यक्रम के लक्ष्य को हासिल करने में मदद मिलेगी ।","उन्होंने कहा कि योजनागत व्यय में १०,००० करोड़ रुपये की वृद्धि की गई है जिससे कि न्यूनतम साझा कार्यक्रम के लक्ष्य को हासिल करने में मदद मिलेगी।"
dev,dev-s1023,अगले साल तक राजकोषीय घाटा ४.४ फीसदी तक सीमित करने के लक्ष्य को 'तार्किक' करार देते हुए कहा कि सरकार पाँच साल में राजस्व घाटा समाप्त करने के लिए प्रतिबद्ध है ।,अगले साल तक राजकोषीय घाटा ४.४ फीसदी तक सीमित करने के लक्ष्य को 'तार्किक' करार देते हुए कहा कि सरकार पाँच साल में राजस्व घाटा समाप्त करने के लिए प्रतिबद्ध है।
dev,dev-s1024,उन्होंने कहा 'मेरा हमेशा से मानना है कि व्यवस्थित अर्थ - व्यवस्था और सामाजिक दायित्वों की पूर्ति के लिए राजस्व सुधार बहुत जरूरी है,उन्होंने कहा 'मेरा हमेशा से मानना है कि व्यवस्थित अर्थ-व्यवस्था और सामाजिक दायित्वों की पूर्ति के लिए राजस्व सुधार बहुत जरूरी है
dev,dev-s1027,उन्होंने कहा कि यूपीए सरकार के बजट में ग्रामीण ढाँचागत विकास फंड (आरआईडीएफ) के लिए बजट में ८००० करोड़ रुपये रखे गए हैं ।,उन्होंने कहा कि यूपीए सरकार के बजट में ग्रामीण ढाँचागत विकास फंड (आरआईडीएफ) के लिए बजट में ८००० करोड़ रुपये रखे गए हैं।
dev,dev-s1031,उन्होंने कहा कि कृषि ऋण व्यवस्था में कुछ खामियाँ हैं और यूपीए सरकार ने तय किया है कि तीन साल में कृषि ऋण बढ़ाया जाएगा ।,उन्होंने कहा कि कृषि ऋण व्यवस्था में कुछ खामियाँ हैं और यूपीए सरकार ने तय किया है कि तीन साल में कृषि ऋण बढ़ाया जाएगा।
dev,dev-s1032,सिंह ने कहा कि सहकारी बैंकिंग तंत्र में भी गड़बड़ियाँ हैं ।,सिंह ने कहा कि सहकारी बैंकिंग तंत्र में भी गड़बड़ियाँ हैं।
dev,dev-s1038,रासायनिक खादों से भूमि व मनुष्य को होने वाले नुकसान को दरकिनार करते हुए नार्मन ने कहा कि अगर केमिकल फर्टीलाईज़र न हों तो अन्न को लेकर दुनिया में अफरा - तफरी उत्पन्न हो जाएगी ।,रासायनिक खादों से भूमि व मनुष्य को होने वाले नुकसान को दरकिनार करते हुए नार्मन ने कहा कि अगर केमिकल फर्टीलाईज़र न हों तो अन्न को लेकर दुनिया में अफरा-तफरी उत्पन्न हो जाएगी।
dev,dev-s1039,अमादलपुर के प्रगतिशील किसान सुरेंद्र सिंह के हारा फार्म को देखने पहुंचे बोर्लेग ने शुक्रवार को 'अमर उजाला' से बात - चीत में कहा कि साठ - सत्तर के दशक में जब बाकी दुनिया हरित क्रांति से रूबरू हो रही थी तब भारत अन्न के लिए दूसरे देशों का मुँह ताकता था ।,अमादलपुर के प्रगतिशील किसान सुरेंद्र सिंह के हारा फार्म को देखने पहुंचे बोर्लेग ने शुक्रवार को 'अमर उजाला' से बात-चीत में कहा कि साठ-सत्तर के दशक में जब बाकी दुनिया हरित क्रांति से रूबरू हो रही थी तब भारत अन्न के लिए दूसरे देशों का मुँह ताकता था।
dev,dev-s1042,कृषि को उन्नत करने में डॉ. स्वामी नाथन समेत अन्य भारतीय कृषि वैज्ञानिकों का बड़ा योगदान रहा है ।,कृषि को उन्नत करने में डॉ. स्वामी नाथन समेत अन्य भारतीय कृषि वैज्ञानिकों का बड़ा योगदान रहा है।
dev,dev-s1043,"बकौल बोर्लेग, '९१ साल पहले जब मैं पैदा हुआ था, तब दुनिया में १.६ अरब लोग थे ।","बकौल बोर्लेग, '९१ साल पहले जब मैं पैदा हुआ था, तब दुनिया में १.६ अरब लोग थे।"
dev,dev-s1046,"हालांकि उन्होंने माना कि जैविक खाद बढ़िया है, लेकिन रासायनिक खादों की जगह नहीं ले सकती ।","हालांकि उन्होंने माना कि जैविक खाद बढ़िया है, लेकिन रासायनिक खादों की जगह नहीं ले सकती।"
dev,dev-s1047,अब तो एग्रो - फोरेस्टरी (कृषि - वानिकी) के क्षेत्र में भारत उल्लेखनीय प्रगति कर रहा है और क्रांति की ओर बढ़ रहा है ।,अब तो एग्रो-फोरेस्टरी (कृषि-वानिकी) के क्षेत्र में भारत उल्लेखनीय प्रगति कर रहा है और क्रांति की ओर बढ़ रहा है।
dev,dev-s1048,डॉ. बोर्लेग का मानना है कि एग्रो फोरेस्टरी रोजगार का बड़ा माध्यम बन रहा है ।,डॉ. बोर्लेग का मानना है कि एग्रो फोरेस्टरी रोजगार का बड़ा माध्यम बन रहा है।
dev,dev-s1051,अब एग्रो - फोरेस्टरी से आम लोगों की आर्थिक स्थिति बदलेगी और उनकी खरीद क्षमता बढ़ सकती है ।,अब एग्रो-फोरेस्टरी से आम लोगों की आर्थिक स्थिति बदलेगी और उनकी खरीद क्षमता बढ़ सकती है।
dev,dev-s1052,वर्ष १९७० में कृषि के क्षेत्र में पहला नोबेल पुरस्कार पाने वाले डॉ. बोर्लेग का कहना है कि इस पुरस्कार का श्रेय डॉ. स्वामीनाथन् समेत दुनिया भर के कृषि वैज्ञानिकों और हर छोटे - बड़े किसान को जाता है ।,वर्ष १९७० में कृषि के क्षेत्र में पहला नोबेल पुरस्कार पाने वाले डॉ. बोर्लेग का कहना है कि इस पुरस्कार का श्रेय डॉ. स्वामीनाथन् समेत दुनिया भर के कृषि वैज्ञानिकों और हर छोटे-बड़े किसान को जाता है।
dev,dev-s1054,"हारा ने बताया कि वे अपने खेतों से १० साल के चक्र में औसतन २० क्विंटल प्रति एकड़ लकड़ी की पैदावार कर रहे हैं, जो कि पश्चिमी देशों से भी ज्यादा है ।","हारा ने बताया कि वे अपने खेतों से १० साल के चक्र में औसतन २० क्विंटल प्रति एकड़ लकड़ी की पैदावार कर रहे हैं, जो कि पश्चिमी देशों से भी ज्यादा है।"
dev,dev-s1055,"उन्होंने कहा कि कृषि वानिकी में अपार संभावनाएं हैं, चूँकि भारत में हर साल ८ - ९ हजार करोड़ रुपये की लकड़ी आयात होती है ।","उन्होंने कहा कि कृषि वानिकी में अपार संभावनाएं हैं, चूँकि भारत में हर साल ८-९ हजार करोड़ रुपये की लकड़ी आयात होती है।"
dev,dev-s1056,यहाँ आए फूड ऐंड फोडर क्रॉप्स के असिस्टेंट डायरेक्टर डॉ. एस. एन. शुक्ला ने भी एग्रो फोरेस्टरी से जुड़े किसानों को हर मदद मुहैया करवाने की बात कही ।,यहाँ आए फूड ऐंड फोडर क्रॉप्स के असिस्टेंट डायरेक्टर डॉ. एस. एन. शुक्ला ने भी एग्रो फोरेस्टरी से जुड़े किसानों को हर मदद मुहैया करवाने की बात कही।
dev,dev-s1058,आयकर भवन में शुक्रवार की शाम को दो आतंकियों के दाखिल होने के बाद शुरू हुई मुठभेड़ २५ घंटे तक चलने के बाद शनिवार की शाम दूसरे आतंकी की मौत के साथ समाप्त हो गई ।,आयकर भवन में शुक्रवार की शाम को दो आतंकियों के दाखिल होने के बाद शुरू हुई मुठभेड़ २५ घंटे तक चलने के बाद शनिवार की शाम दूसरे आतंकी की मौत के साथ समाप्त हो गई।
dev,dev-s1060,"आज दूसरे दिन मुठभेड़ के दौरान एसओजी का एक जवान शहीद हो गया, जबकि तीन अन्य जवान जख्मी हो गए ।","आज दूसरे दिन मुठभेड़ के दौरान एसओजी का एक जवान शहीद हो गया, जबकि तीन अन्य जवान जख्मी हो गए।"
dev,dev-s1061,मुठभेड़ में कुल चार सुरक्षाकर्मी शहीद हुए व सात घायल हुए ।,मुठभेड़ में कुल चार सुरक्षाकर्मी शहीद हुए व सात घायल हुए।
dev,dev-s1064,"दोनों आतंकियों के पास से दो एसॉल्ट राइफलें, सात मैगज़ीन व अन्य विस्फोटक सामग्री मिली है ।","दोनों आतंकियों के पास से दो एसॉल्ट राइफलें, सात मैगज़ीन व अन्य विस्फोटक सामग्री मिली है।"
dev,dev-s1073,बाहर जवान पोजीशन लिए तैयार खड़े थे ।,बाहर जवान पोजीशन लिए तैयार खड़े थे।
dev,dev-s1075,डोडा में हुई मुठभेड़ में भी सेना का एक जवान शहीद हुआ है ।,डोडा में हुई मुठभेड़ में भी सेना का एक जवान शहीद हुआ है।
dev,dev-s1078,विद्रोहियों ने सरकार के दावे को खारिज करते हुए प्रभाकरन को महफूज़ बताया है ।,विद्रोहियों ने सरकार के दावे को खारिज करते हुए प्रभाकरन को महफूज़ बताया है।
dev,dev-s1081,'एशियन ट्रिब्यून' नामक अखबार ने सुनामी के कहर के दो दिन बाद ही प्रभाकरन के लापता होने का दावा किया था ।,'एशियन ट्रिब्यून' नामक अखबार ने सुनामी के कहर के दो दिन बाद ही प्रभाकरन के लापता होने का दावा किया था।
dev,dev-s1090,बयान में कहा गया है कि 'यह समय अफवाहें फैलाने या गलत मंशा से प्रचार करने का नहीं है,बयान में कहा गया है कि 'यह समय अफवाहें फैलाने या गलत मंशा से प्रचार करने का नहीं है
dev,dev-s1103,फूकन के खारगुली हिल स्थित आवास पर हुई बैठक के मद्देनज़र अगप की किस्मत बदलने की उम्मीद जताई जा रही है ।,फूकन के खारगुली हिल स्थित आवास पर हुई बैठक के मद्देनज़र अगप की किस्मत बदलने की उम्मीद जताई जा रही है।
dev,dev-s1115,सिंह का श्रीलंका दौरा ऐसे समय में हो रहा है जब सुनामी पुनर्निर्माण योजना में श्रीलंका को भारी अंतर्राष्ट्रीय ऋण का भी सामना करना पड़ रहा है ।,सिंह का श्रीलंका दौरा ऐसे समय में हो रहा है जब सुनामी पुनर्निर्माण योजना में श्रीलंका को भारी अंतर्राष्ट्रीय ऋण का भी सामना करना पड़ रहा है।
dev,dev-s1117,सत्तारूढ़ गठबंधन में शामिल जनता विमुक्ति पेरामुना ने धमकी दी है कि अगर इस योजना में तमिल टाईगर को शामिल किया गया तो वह सरकार से अलग हो जाएगी ।,सत्तारूढ़ गठबंधन में शामिल जनता विमुक्ति पेरामुना ने धमकी दी है कि अगर इस योजना में तमिल टाईगर को शामिल किया गया तो वह सरकार से अलग हो जाएगी।
dev,dev-s1120,श्रीलंका की सुनामी पुनर्निर्माण योजना के लिए भारत ने लगभग 3 करोड़ डॉलर की मदद का प्रस्ताव दिया है ।,श्रीलंका की सुनामी पुनर्निर्माण योजना के लिए भारत ने लगभग 3 करोड़ डॉलर की मदद का प्रस्ताव दिया है।
dev,dev-s1121,छत्तीसगढ़ में माओवादियों के कारण खतरे में पड़े आदिवासी समूहों के सर्वे पर प्रतिबंध लगाए जाने के बाद इसे रद्द कर दिया गया है ।,छत्तीसगढ़ में माओवादियों के कारण खतरे में पड़े आदिवासी समूहों के सर्वे पर प्रतिबंध लगाए जाने के बाद इसे रद्द कर दिया गया है।
dev,dev-s1124,सरकारी आंकड़ों के अनुसार इनका अस्तित्व खतरे में है ।,सरकारी आंकड़ों के अनुसार इनका अस्तित्व खतरे में है।
dev,dev-s1125,ये आदिवासी महाराष्ट्र से सटे छत्तीसगढ़ के जंगलों में रहते हैं ।,ये आदिवासी महाराष्ट्र से सटे छत्तीसगढ़ के जंगलों में रहते हैं।
dev,dev-s1128,यह जंगल अब माओवादियों का एक महत्वपूर्ण गढ़ बन गया है ।,यह जंगल अब माओवादियों का एक महत्वपूर्ण गढ़ बन गया है।
dev,dev-s1131,"देश में पंचायती राज संस्थाओं को मजबूत बनाने के लिए केंद्र सरकार ने अलग पंचायती राज मंत्रालय का गठन तो डेढ़ साल पहले कर दिया, लेकिन मंत्रालय के लिए सृजित 66 पदों में से 49 पद अभी तक रिक्त पड़े हैं ।","देश में पंचायती राज संस्थाओं को मजबूत बनाने के लिए केंद्र सरकार ने अलग पंचायती राज मंत्रालय का गठन तो डेढ़ साल पहले कर दिया, लेकिन मंत्रालय के लिए सृजित 66 पदों में से 49 पद अभी तक रिक्त पड़े हैं।"
dev,dev-s1132,इन डेढ़ सालों में सरकार महज 17 पदों पर नियुक्ति कर पाई जिसके चलते मंत्रालय की योजनाएं धरातल पर तो दूर कागजों में भी ठीक से नहीं बन पा रही हैं ।,इन डेढ़ सालों में सरकार महज 17 पदों पर नियुक्ति कर पाई जिसके चलते मंत्रालय की योजनाएं धरातल पर तो दूर कागजों में भी ठीक से नहीं बन पा रही हैं।
dev,dev-s1141,समिति ने खाली पड़े पदों पर नियुक्ति किए बिना मंत्रालय के गठन के उद्देश्य की पूर्ति में संदेह व्यक्त किया है ।,समिति ने खाली पड़े पदों पर नियुक्ति किए बिना मंत्रालय के गठन के उद्देश्य की पूर्ति में संदेह व्यक्त किया है।
dev,dev-s1144,भारत और पाकिस्तान के बीच आपसी विश्वास बढ़ाने की प्रक्रिया के तहत पाकिस्तान ने भारत से जम्मू कश्मीर में सैनिकों की कटौती करने के लिए कहा है ।,भारत और पाकिस्तान के बीच आपसी विश्वास बढ़ाने की प्रक्रिया के तहत पाकिस्तान ने भारत से जम्मू कश्मीर में सैनिकों की कटौती करने के लिए कहा है।
dev,dev-s1152,अखबार लिखता है कि कश्मीर घाटी से बड़ी तादाद में सैनिकों की कटौती के बाद ही कश्मीरी लोगों का विश्वास जीता जा सकता है ।,अखबार लिखता है कि कश्मीर घाटी से बड़ी तादाद में सैनिकों की कटौती के बाद ही कश्मीरी लोगों का विश्वास जीता जा सकता है।
dev,dev-s1156,भारत के इस रवैये के कारण पाकिस्तानी निर्यातकों को भारी वित्तीय नुक़सान हो रहा है ।,भारत के इस रवैये के कारण पाकिस्तानी निर्यातकों को भारी वित्तीय नुक़सान हो रहा है।
dev,dev-s1159,शिकायत के बाद कल शाम से बेउर जेल में एक कार्यकारी मजिस्ट्रेट को भीड़ से निपटने के लिए तैनात कर दिया गया है ।,शिकायत के बाद कल शाम से बेउर जेल में एक कार्यकारी मजिस्ट्रेट को भीड़ से निपटने के लिए तैनात कर दिया गया है।
dev,dev-s1168,कैदियों से मिलने आने वालों की भीड़ के कारण जेलकर्मियों को कठिनाइयों का सामना करना पड़ रहा था ।,कैदियों से मिलने आने वालों की भीड़ के कारण जेलकर्मियों को कठिनाइयों का सामना करना पड़ रहा था।
dev,dev-s1170,बताया जाता है कि इसके पूर्व मधेपुरा से राजद के सांसद पप्पू यादव की उनसे मिलने बड़ी संख्या में आने वाले अनाधिकृत मुलाकातियों को रोकने के मामले में जेल महानिरीक्षक से भी नोक - झोंक हो चुकी है ।,बताया जाता है कि इसके पूर्व मधेपुरा से राजद के सांसद पप्पू यादव की उनसे मिलने बड़ी संख्या में आने वाले अनाधिकृत मुलाकातियों को रोकने के मामले में जेल महानिरीक्षक से भी नोक-झोंक हो चुकी है।
dev,dev-s1179,इन मछुआरों ने बताया कि मछलियाँ यह क्षेत्र छोड़ कर दूसरे स्थानों पर जा चुकी हैं ।,इन मछुआरों ने बताया कि मछलियाँ यह क्षेत्र छोड़ कर दूसरे स्थानों पर जा चुकी हैं।
dev,dev-s1180,उन्होंने बताया कि आमतौर पर चक्रवात या बाढ़ आने पर मछुआरों को मछलियाँ ज्यादा मिलती हैं ।,उन्होंने बताया कि आमतौर पर चक्रवात या बाढ़ आने पर मछुआरों को मछलियाँ ज्यादा मिलती हैं।
dev,dev-s1182,"इसके अलावा जो एक और बड़ा परिवर्तन देखा गया, उसके मुताबिक दक्षिण भारतीय तटों की बीस मीटर की भूमि समुद्र में समा चुकी है ।","इसके अलावा जो एक और बड़ा परिवर्तन देखा गया, उसके मुताबिक दक्षिण भारतीय तटों की बीस मीटर की भूमि समुद्र में समा चुकी है।"
dev,dev-s1183,एक अध्ययन तुतिकोरिन स्थित फिशरीज़ कॉलेज एंड रिसर्च इंस्टीट्यूट करेगा ।,एक अध्ययन तुतिकोरिन स्थित फिशरीज़ कॉलेज एंड रिसर्च इंस्टीट्यूट करेगा।
dev,dev-s1190,सरना ने एक बयान में कहा कि नेपाल में चुनाव ऐसे समय में हुए जब बड़ी राजनीतिक पार्टियों ने उनकी गतिविधियों पर रोक लगाए जाने के कारण इसके बायकॉट का ऐलान किया था और इन पार्टियों के नेताओं की गिरफ्तारी और हिरासत में लिया जाना जारी है ।,सरना ने एक बयान में कहा कि नेपाल में चुनाव ऐसे समय में हुए जब बड़ी राजनीतिक पार्टियों ने उनकी गतिविधियों पर रोक लगाए जाने के कारण इसके बायकॉट का ऐलान किया था और इन पार्टियों के नेताओं की गिरफ्तारी और हिरासत में लिया जाना जारी है।
dev,dev-s1194,उसकी यह इच्छा है कि वहाँ जल्द शांति और स्थिरता बहाल हो और वह विकास के रास्ते पर आगे बढ़े ।,उसकी यह इच्छा है कि वहाँ जल्द शांति और स्थिरता बहाल हो और वह विकास के रास्ते पर आगे बढ़े।
dev,dev-s1200,रक्षा मंत्री प्रणब मुखर्जी ने बुधवार को राज्यसभा में कहा कि केंद्र सरकार जम्मू - कश्मीर में नियंत्रण - रेखा (एलओसी) पर एक और बाड़ लगाने पर विचार नहीं कर रही है ।,रक्षा मंत्री प्रणब मुखर्जी ने बुधवार को राज्यसभा में कहा कि केंद्र सरकार जम्मू-कश्मीर में नियंत्रण-रेखा (एलओसी) पर एक और बाड़ लगाने पर विचार नहीं कर रही है।
dev,dev-s1206,उन्होंने कहा कि सरकार तीन बड़ी परियोजनाओं पर ९५४१ करोड़ रुपये व्यय कर रही है ।,उन्होंने कहा कि सरकार तीन बड़ी परियोजनाओं पर ९५४१ करोड़ रुपये व्यय कर रही है।
dev,dev-s1217,आनंद बताते हैं कि नेपाल की जनजातियों व अल्पसंख्यकों ने अलग - अलग मोर्चे बनाकर अपनी स्वायत्तता के खिलाफ जनांदोलन छेड़ रखा है ।,आनंद बताते हैं कि नेपाल की जनजातियों व अल्पसंख्यकों ने अलग-अलग मोर्चे बनाकर अपनी स्वायत्तता के खिलाफ जनांदोलन छेड़ रखा है।
dev,dev-s1221,भारतीय वायुसेना का एक दल फ्रांसीसी वायु सेना के साथ दूसरे संयुक्त लड़ाकू अभ्यास गरूड़ - २ में हिस्सा लेने के लिए बृहस्पतिवार को फ्रांस के लिए रवाना हो गया ।,भारतीय वायुसेना का एक दल फ्रांसीसी वायु सेना के साथ दूसरे संयुक्त लड़ाकू अभ्यास गरूड़-२ में हिस्सा लेने के लिए बृहस्पतिवार को फ्रांस के लिए रवाना हो गया।
dev,dev-s1222,इस दल में छह एसयू - ३० के लड़ाकू विमान और एक आईएल - ७८ मिड एअर रीफ्यूलर शामिल हैं ।,इस दल में छह एसयू-३० के लड़ाकू विमान और एक आईएल-७८ मिड एअर रीफ्यूलर शामिल हैं।
dev,dev-s1224,इस मौके पर एअर मार्शल मलिक ने वायुसैनिकों से बेहतर अभ्यास कर भारतीय वायु सेना की प्रतिष्ठा बढ़ाने का आह्वान किया ।,इस मौके पर एअर मार्शल मलिक ने वायुसैनिकों से बेहतर अभ्यास कर भारतीय वायु सेना की प्रतिष्ठा बढ़ाने का आह्वान किया।
dev,dev-s1226,उन्होंने कहा कि इस अभ्यास से उन्हें एक अलग माहौल में उड़ान भरने की एक बड़ी चुनौती मिलेगी ।,उन्होंने कहा कि इस अभ्यास से उन्हें एक अलग माहौल में उड़ान भरने की एक बड़ी चुनौती मिलेगी।
dev,dev-s1227,अभ्यास के मकसद के बारे में पत्रकारों को जानकारी देते हुए उन्होंने कहा कि गरूड़ - २ वायु रक्षा तकनीकों पर केंद्रित होने के साथ - साथ भारतीय वायुसेना के बारे में भी जानकारी दे सकेगा ।,अभ्यास के मकसद के बारे में पत्रकारों को जानकारी देते हुए उन्होंने कहा कि गरूड़-२ वायु रक्षा तकनीकों पर केंद्रित होने के साथ-साथ भारतीय वायुसेना के बारे में भी जानकारी दे सकेगा।
dev,dev-s1228,जिसमें सुखोई विमानों को फ्रांस की वायुसेना के मिराज २००० - ५ लड़ाकू विमानों के साथ - साथ पुराने मिराज २००० सी संस्करण के साथ अभ्यास करने का मौका मिल सकेगा ।,जिसमें सुखोई विमानों को फ्रांस की वायुसेना के मिराज २०००-५ लड़ाकू विमानों के साथ-साथ पुराने मिराज २००० सी संस्करण के साथ अभ्यास करने का मौका मिल सकेगा।
dev,dev-s1230,एअर मार्शल मलिक ने कहा कि दोनों पक्ष लड़ाकू भूमिका में रहने के साथ - साथ समूहों में उड़ान भरेंगे ।,एअर मार्शल मलिक ने कहा कि दोनों पक्ष लड़ाकू भूमिका में रहने के साथ-साथ समूहों में उड़ान भरेंगे।
dev,dev-s1237,वर्ष २००२ में गुजरात के मुस्लिम विरोधी दंगों के दौरान नारायणन ने कानून व्यवस्था को लेकर तत्कालीन प्रधानमंत्री अटल बिहारी वाजपेयी के सामने कुछ कड़े विचार भी रखे थे ।,वर्ष २००२ में गुजरात के मुस्लिम विरोधी दंगों के दौरान नारायणन ने कानून व्यवस्था को लेकर तत्कालीन प्रधानमंत्री अटल बिहारी वाजपेयी के सामने कुछ कड़े विचार भी रखे थे।
dev,dev-s1240,जाति व्यवस्था के कारण उन्हें तमाम सामाजिक और आर्थिक दिक्कतों का सामना करना पड़ा ।,जाति व्यवस्था के कारण उन्हें तमाम सामाजिक और आर्थिक दिक्कतों का सामना करना पड़ा।
dev,dev-s1259,इस बार बजट में सेना की तीनों इकाइयों के लिए पूंजीगत खर्चों में बढ़ोतरी की गई है ।,इस बार बजट में सेना की तीनों इकाइयों के लिए पूंजीगत खर्चों में बढ़ोतरी की गई है।
dev,dev-s1261,"वर्तमान बजट में इसके लिए ७७,००० करोड़ रुपये का फंड रखा गया है ।","वर्तमान बजट में इसके लिए ७७,००० करोड़ रुपये का फंड रखा गया है।"
dev,dev-s1262,"पिछले बजट में यह राशि ६५,३०० करोड़ रुपये ही थी ।","पिछले बजट में यह राशि ६५,३०० करोड़ रुपये ही थी।"
dev,dev-s1263,"इस राशि में से केवल ६०,३०० करोड़ रुपये ही प्रयोग में लाये जा सकें ।","इस राशि में से केवल ६०,३०० करोड़ रुपये ही प्रयोग में लाये जा सकें।"
dev,dev-s1264,उच्च पदस्थ रक्षा सूत्रों ने स्पष्ट किया कि फंड में बढ़ोत्तरी होने से सेना के लिए कुछ नए संवेदनशील उपकरणों की खरीद - फरोख्त करने में मदद मिलेगी ।,उच्च पदस्थ रक्षा सूत्रों ने स्पष्ट किया कि फंड में बढ़ोत्तरी होने से सेना के लिए कुछ नए संवेदनशील उपकरणों की खरीद-फरोख्त करने में मदद मिलेगी।
dev,dev-s1267,सूत्रों का कहना है कि सरकार के पास इस वक्त कुछ और रक्षा सौदे बीच रास्ते में ही लटके पड़े हैं ।,सूत्रों का कहना है कि सरकार के पास इस वक्त कुछ और रक्षा सौदे बीच रास्ते में ही लटके पड़े हैं।
dev,dev-s1269,"पूरे रक्षा बजट में भारतीय वायु सेना के हिस्से में नए विमानों की खरीद के लिए १२,८२५ करोड़ रुपये रखे गए हैं ।","पूरे रक्षा बजट में भारतीय वायु सेना के हिस्से में नए विमानों की खरीद के लिए १२,८२५ करोड़ रुपये रखे गए हैं।"
dev,dev-s1270,इसके अलावा अन्य उपकरणों की खरीद के लिए १५०० करोड़ रुपयों का प्रावधान रखा गया है ।,इसके अलावा अन्य उपकरणों की खरीद के लिए १५०० करोड़ रुपयों का प्रावधान रखा गया है।
dev,dev-s1271,नए विमानों में मिग - २१ एस की जगह मिराज २००० - ५ लड़ाकू विमानों के खरीदे जाने की बात चल रही है ।,नए विमानों में मिग-२१ एस की जगह मिराज २०००-५ लड़ाकू विमानों के खरीदे जाने की बात चल रही है।
dev,dev-s1272,"भारतीय सेना को भी नए उपकरणों की खरीद के लिए ६,५२१ करोड़ रुपये दिए गए हैं ।","भारतीय सेना को भी नए उपकरणों की खरीद के लिए ६,५२१ करोड़ रुपये दिए गए हैं।"
dev,dev-s1273,रक्षा बजट में नौसेना के लिए भी ४४६० करोड़ रुपये का प्रस्ताव रखा गया है ।,रक्षा बजट में नौसेना के लिए भी ४४६० करोड़ रुपये का प्रस्ताव रखा गया है।
dev,dev-s1276,न्यूयॉर्क में कल सोना ५ डॉलर बढ़कर ४२४.५० डॉलर प्रति औंस पर बंद हुआ था ।,न्यूयॉर्क में कल सोना ५ डॉलर बढ़कर ४२४.५० डॉलर प्रति औंस पर बंद हुआ था।
dev,dev-s1286,लालू ने कहा कि विपक्ष को हर बात में सोनिया का नाम लेने की आदत पड़ गई है ।,लालू ने कहा कि विपक्ष को हर बात में सोनिया का नाम लेने की आदत पड़ गई है।
dev,dev-s1291,राष्ट्रपति के अभिभाषण पर धन्यवाद प्रस्ताव पर बहस की बजाय जॉर्ज ने ताबूत घोटाले की चर्चा छेड़ दी ।,राष्ट्रपति के अभिभाषण पर धन्यवाद प्रस्ताव पर बहस की बजाय जॉर्ज ने ताबूत घोटाले की चर्चा छेड़ दी।
dev,dev-s1295,जॉर्ज उस समय अचानक भड़क गए जब उनके भाषण में टोकाटाकी की जा रही थी और सत्ताधारी दल की ओर से ताबूत घोटाले और तहलका घोटाले की बातें उछाली जा रही थीं ।,जॉर्ज उस समय अचानक भड़क गए जब उनके भाषण में टोकाटाकी की जा रही थी और सत्ताधारी दल की ओर से ताबूत घोटाले और तहलका घोटाले की बातें उछाली जा रही थीं।
dev,dev-s1298,रामकृपाल यादव ने जॉर्ज के बारे में फिर आपत्तिजनक शब्द कहे जिन्हें लेकर भाजपा की बेंच से भी सदस्य उठ खड़े हुए ।,रामकृपाल यादव ने जॉर्ज के बारे में फिर आपत्तिजनक शब्द कहे जिन्हें लेकर भाजपा की बेंच से भी सदस्य उठ खड़े हुए।
dev,dev-s1307,इस सारे मामले में खास बात यह दिखाई पड़ी कि दो दिन पहले बिहार में राष्ट्रपति शासन के फैसले पर कैबिनेट बैठक का बहिष्कार करने वाले लालू प्रसाद यादव सोनिया गांधी का जमकर बचाव करते दिखाई दिए ।,इस सारे मामले में खास बात यह दिखाई पड़ी कि दो दिन पहले बिहार में राष्ट्रपति शासन के फैसले पर कैबिनेट बैठक का बहिष्कार करने वाले लालू प्रसाद यादव सोनिया गांधी का जमकर बचाव करते दिखाई दिए।
dev,dev-s1323,क्योंकि सीपीएम चुनाव में बड़े पैमाने पर धांधली और लोकतंत्र की हत्या कर बार - बार जीत रही है ।,क्योंकि सीपीएम चुनाव में बड़े पैमाने पर धांधली और लोकतंत्र की हत्या कर बार-बार जीत रही है।
dev,dev-s1325,पूरी चुनावी प्रक्रिया में सीपीएम की भूमिका को संदेह के घेरे में लेते हुए उन्होंने कहा कि मतदाता सूची और ईवीएम मशीनों में छेड़खानी कर और मतदान केंद्र लूट कर ही माकपा नेता पिछले कई सालों से पश्चिम बंगाल में सत्ता में बने हुए हैं ।,पूरी चुनावी प्रक्रिया में सीपीएम की भूमिका को संदेह के घेरे में लेते हुए उन्होंने कहा कि मतदाता सूची और ईवीएम मशीनों में छेड़खानी कर और मतदान केंद्र लूट कर ही माकपा नेता पिछले कई सालों से पश्चिम बंगाल में सत्ता में बने हुए हैं।
dev,dev-s1330,"67 वर्षीय अटवाल प्रधानमंत्री मनमोहन सिंह के बाद दूसरे ऐसे सिख नेता हैं, जो देश के किसी महत्वपूर्ण पद पर काब़िज़ हुए हैं ।","67 वर्षीय अटवाल प्रधानमंत्री मनमोहन सिंह के बाद दूसरे ऐसे सिख नेता हैं, जो देश के किसी महत्वपूर्ण पद पर काब़िज़ हुए हैं।"
dev,dev-s1338,विपक्ष के नेता लालकृष्ण आडवाणी अटवाल के नाम पर थोड़ा गड़बड़ाए और उन्होंने उन्हें सोहन सिंह कह दिया ।,विपक्ष के नेता लालकृष्ण आडवाणी अटवाल के नाम पर थोड़ा गड़बड़ाए और उन्होंने उन्हें सोहन सिंह कह दिया।
dev,dev-s1357,वह इसके खिलाफ कड़े कदम उठाएंगे ।,वह इसके खिलाफ कड़े कदम उठाएंगे।
dev,dev-s1364,"हालांकि, यादव यह कहने से नहीं चूके कि वह इसी कांग्रेस से काफी लंबी लड़ाई लड़ चुके हैं और संघर्ष के दौरान उन्हें जेल भी जाना पड़ा था ।","हालांकि, यादव यह कहने से नहीं चूके कि वह इसी कांग्रेस से काफी लंबी लड़ाई लड़ चुके हैं और संघर्ष के दौरान उन्हें जेल भी जाना पड़ा था।"
dev,dev-s1366,उन्होंने कहा कि अब जहां भी आपराधिक वारदातों में बढ़ोत्तरी होगी वहां जिम्मेदारी तय कर दोषी लोगों के खिलाफ कार्रवाई की जाएगी ।,उन्होंने कहा कि अब जहां भी आपराधिक वारदातों में बढ़ोत्तरी होगी वहां जिम्मेदारी तय कर दोषी लोगों के खिलाफ कार्रवाई की जाएगी।
dev,dev-s1367,"बीएड बेरोजगारों के मसले पर प्रदेश में बढ़ती नाराजगी के मसले पर मुख्यमंत्री ने साफ किया कि अभी पहली सूची ही जारी की गई है, जल्दी ही और सूची जारी होगी और प्रयास किया जाएगा कि सभी को समायोजित किया जा सके ।","बीएड बेरोजगारों के मसले पर प्रदेश में बढ़ती नाराजगी के मसले पर मुख्यमंत्री ने साफ किया कि अभी पहली सूची ही जारी की गई है, जल्दी ही और सूची जारी होगी और प्रयास किया जाएगा कि सभी को समायोजित किया जा सके।"
dev,dev-s1379,कारगिल के एक धर्मस्थल में धर्मग्रंथ के अपमान को लेकर दो संप्रदायों के बीच झड़पों के बाद लेह और इसके आसपास के इलाकों में कर्फ्यू लगा दिया गया है ।,कारगिल के एक धर्मस्थल में धर्मग्रंथ के अपमान को लेकर दो संप्रदायों के बीच झड़पों के बाद लेह और इसके आसपास के इलाकों में कर्फ्यू लगा दिया गया है।
dev,dev-s1382,कश्मीर रेंज के पुलिस महानिरीक्षक के. राजेंद्र ने लेह से बताया कि राज्य पुलिस ने झड़पों के सिलसिले में अभी तक ३१ लोगों को गिरफ्तार किया है ।,कश्मीर रेंज के पुलिस महानिरीक्षक के. राजेंद्र ने लेह से बताया कि राज्य पुलिस ने झड़पों के सिलसिले में अभी तक ३१ लोगों को गिरफ्तार किया है।
dev,dev-s1388,"प्राप्त सूचना के मुताबिक, गुस्साई भीड़ ने कारगिल में दो घरों और तीन वाहनों को भी क्षतिग्रस्त कर दिया ।","प्राप्त सूचना के मुताबिक, गुस्साई भीड़ ने कारगिल में दो घरों और तीन वाहनों को भी क्षतिग्रस्त कर दिया।"
dev,dev-s1429,इसके अलावा जेलों में पड़े विचाराधीन कैदियों की स्थिति के बारे में भी आयोग गंभीर है ।,इसके अलावा जेलों में पड़े विचाराधीन कैदियों की स्थिति के बारे में भी आयोग गंभीर है।
dev,dev-s1432,कई विचाराधीन कैदी तो वर्षों से जेल में पड़े हैं ।,कई विचाराधीन कैदी तो वर्षों से जेल में पड़े हैं।
dev,dev-s1449,छत्तीसगढ़ के दांतेवाड़ा जिले में नक्सलियों ने शुक्रवार को तड़के नेशनल मिनरल डेवलपमेंट कॉरपोरेशन के एक विस्फोटक डिपो पर हमला कर दिया ।,छत्तीसगढ़ के दांतेवाड़ा जिले में नक्सलियों ने शुक्रवार को तड़के नेशनल मिनरल डेवलपमेंट कॉरपोरेशन के एक विस्फोटक डिपो पर हमला कर दिया।
dev,dev-s1450,नक्सलियों से मुठभेड़ में केंद्रीय औद्योगिक सुरक्षा बल (सीआईएसएफ) के आठ जवान शहीद हो गए और नौ घायल हो गए ।,नक्सलियों से मुठभेड़ में केंद्रीय औद्योगिक सुरक्षा बल (सीआईएसएफ) के आठ जवान शहीद हो गए और नौ घायल हो गए।
dev,dev-s1451,नक्सली हमले के बाद उत्तर प्रदेश - छत्तीसगढ़ सीमा पर चौकसी बढ़ा दी गई है ।,नक्सली हमले के बाद उत्तर प्रदेश-छत्तीसगढ़ सीमा पर चौकसी बढ़ा दी गई है।
dev,dev-s1454,दांतेवाड़ा के पुलिस सूत्रों के मुताबिक हथियारों से लैस लगभग 400 नक्सली डिपो से भारी मात्रा में अमोनियम नाइट्रेट ले जाने में सफल रहे ।,दांतेवाड़ा के पुलिस सूत्रों के मुताबिक हथियारों से लैस लगभग 400 नक्सली डिपो से भारी मात्रा में अमोनियम नाइट्रेट ले जाने में सफल रहे।
dev,dev-s1458,"सूत्रों के मुताबिक नक्सलियों ने डिपो की बिजली आपूर्ति भी काट दी, जिससे वहां की संचार व्यवस्था ठप पड़ गई ।","सूत्रों के मुताबिक नक्सलियों ने डिपो की बिजली आपूर्ति भी काट दी, जिससे वहां की संचार व्यवस्था ठप पड़ गई।"
dev,dev-s1462,"ये जवान बिहार, कर्नाटक, छत्तीसगढ़, मध्यप्रदेश व महाराष्ट्र के रहने वाले थे ।","ये जवान बिहार, कर्नाटक, छत्तीसगढ़, मध्यप्रदेश व महाराष्ट्र के रहने वाले थे।"
dev,dev-s1464,स्थानीय आदिवासियों को आंदोलन में भाग लेने से हतोत्साहित करने के लिए नक्सलियों ने बारगढ़ में आदिवासियों के पांच मकानों को आग लगा दी ।,स्थानीय आदिवासियों को आंदोलन में भाग लेने से हतोत्साहित करने के लिए नक्सलियों ने बारगढ़ में आदिवासियों के पांच मकानों को आग लगा दी।
dev,dev-s1466,हाल के दिनों में राज्य में नक्सली हिंसा में बढ़ोतरी दर्ज की गई है ।,हाल के दिनों में राज्य में नक्सली हिंसा में बढ़ोतरी दर्ज की गई है।
dev,dev-s1467,सोमवार को नक्सलियों ने दांतेवाड़ा जिले के कोट्टाचेरू क्षेत्र में हमला कर नागा बटालियन के नौ जवानों की हत्या कर दी थी और नौ जवानों को घायल कर दिया था ।,सोमवार को नक्सलियों ने दांतेवाड़ा जिले के कोट्टाचेरू क्षेत्र में हमला कर नागा बटालियन के नौ जवानों की हत्या कर दी थी और नौ जवानों को घायल कर दिया था।
dev,dev-s1475,कांग्रेस के साथ अपने संबंधों के बारे में मुख्यमंत्री ने कहा कि इस प्रताड़ना के बावजूद भी उनकी पार्टी समर्थन दे रही है ।,कांग्रेस के साथ अपने संबंधों के बारे में मुख्यमंत्री ने कहा कि इस प्रताड़ना के बावजूद भी उनकी पार्टी समर्थन दे रही है।
dev,dev-s1487,उड़ीसा विधानसभा में बुधवार को उस समय जबरदस्त हंगामा हुआ जब विपक्ष ने सत्ता पक्ष के सदस्यों पर अपराधियों से सांठगांठ का आरोप लगाया ।,उड़ीसा विधानसभा में बुधवार को उस समय जबरदस्त हंगामा हुआ जब विपक्ष ने सत्ता पक्ष के सदस्यों पर अपराधियों से सांठगांठ का आरोप लगाया।
dev,dev-s1488,विधानसभा अध्यक्ष महेश्वर मोहंती को शोरशराबे के कारण विधानसभा की कार्यवाही को चार बार स्थगित करना पड़ा ।,विधानसभा अध्यक्ष महेश्वर मोहंती को शोरशराबे के कारण विधानसभा की कार्यवाही को चार बार स्थगित करना पड़ा।
dev,dev-s1489,विधानसभा की कार्यवाही शुरू होते ही कांग्रेस सदस्य तारा प्रसाद बाहिनीपति ने एक अखबार लहराते हुए कहा कि इसमें एक अपराधी के साथ सत्तारूढ़ पार्टी के एक सदस्य की तस्वीर छपी है ।,विधानसभा की कार्यवाही शुरू होते ही कांग्रेस सदस्य तारा प्रसाद बाहिनीपति ने एक अखबार लहराते हुए कहा कि इसमें एक अपराधी के साथ सत्तारूढ़ पार्टी के एक सदस्य की तस्वीर छपी है।
dev,dev-s1492,खाद्य पदार्थों में मिलावट को रोकने के लिए भारतीय मानक ब्यूरो यानि बीआईएस जल्द ही एक 'क्विक टेस्ट किट' को भारतीय उपभोक्ताओं के लिए लाने की योजना बना रहा है ।,खाद्य पदार्थों में मिलावट को रोकने के लिए भारतीय मानक ब्यूरो यानि बीआईएस जल्द ही एक 'क्विक टेस्ट किट' को भारतीय उपभोक्ताओं के लिए लाने की योजना बना रहा है।
dev,dev-s1501,आतंकियों द्वारा किसी विमान के अपहरण या आत्मघाती हमले को अंजाम देने की कोशिश किए जाने की खुफिया जानकारी पर देश भर के हवाई अड्डों पर सुरक्षा व्यवस्था कड़ी कर दी गई है ।,आतंकियों द्वारा किसी विमान के अपहरण या आत्मघाती हमले को अंजाम देने की कोशिश किए जाने की खुफिया जानकारी पर देश भर के हवाई अड्डों पर सुरक्षा व्यवस्था कड़ी कर दी गई है।
dev,dev-s1502,"केंद्रीय गृह मंत्रालय ने बुधवार देर रात 'सामान्य अलर्ट' जारी कर दिया, जिसमें खासतौर पर मुंबई एयरपोर्ट का जिक्र करते हुए सुरक्षा बलों से हवाई अड्डे आने वाले सभी वाहनों पर कड़ी निगरानी रखने को कहा गया है ।","केंद्रीय गृह मंत्रालय ने बुधवार देर रात 'सामान्य अलर्ट' जारी कर दिया, जिसमें खासतौर पर मुंबई एयरपोर्ट का जिक्र करते हुए सुरक्षा बलों से हवाई अड्डे आने वाले सभी वाहनों पर कड़ी निगरानी रखने को कहा गया है।"
dev,dev-s1504,अलर्ट के बाद हवाई अड्डों की सुरक्षा में तैनात केंद्रीय औद्योगिक सुरक्षा बल (सीआईएसएफ) के त्वरित कार्रवाई दलों को तैयार रहने को कहा गया और विभिन्न स्थानों पर अतिरिक्त बैरिकेड लगाकर सुरक्षा इंतजाम बढ़ा दिए गए ।,अलर्ट के बाद हवाई अड्डों की सुरक्षा में तैनात केंद्रीय औद्योगिक सुरक्षा बल (सीआईएसएफ) के त्वरित कार्रवाई दलों को तैयार रहने को कहा गया और विभिन्न स्थानों पर अतिरिक्त बैरिकेड लगाकर सुरक्षा इंतजाम बढ़ा दिए गए।
dev,dev-s1507,श्रीनगर और जम्मू में भी सीआरपीएफ जवानों ने एयरपोर्ट में गश्त बढ़ा दी है और आतंकी हमले को रोकने के लिए परिसर के चारों तरफ बहु - स्तरीय सुरक्षा व्यवस्था कर दी गई है ।,श्रीनगर और जम्मू में भी सीआरपीएफ जवानों ने एयरपोर्ट में गश्त बढ़ा दी है और आतंकी हमले को रोकने के लिए परिसर के चारों तरफ बहु-स्तरीय सुरक्षा व्यवस्था कर दी गई है।
dev,dev-s1508,कोलकाता स्थित नेताजी सुभाष चंद्र बोस अंतर्राष्ट्रीय हवाई अड्डे पर भी सुरक्षा कड़ी कर दी गई है ।,कोलकाता स्थित नेताजी सुभाष चंद्र बोस अंतर्राष्ट्रीय हवाई अड्डे पर भी सुरक्षा कड़ी कर दी गई है।
dev,dev-s1510,कोच्चि के समीप स्थित नेदुमबास्सेरी अंतर्राष्ट्रीय हवाई अड्डे पर सुरक्षा व्यवस्था कड़ी कर दी गई है ।,कोच्चि के समीप स्थित नेदुमबास्सेरी अंतर्राष्ट्रीय हवाई अड्डे पर सुरक्षा व्यवस्था कड़ी कर दी गई है।
dev,dev-s1515,पंजाब अधिकार मंच की ओर से मिली एक शिकायत के मद्देनजर सिंह ने लिखकर सिंघल से इस मुद्दे पर 'पक्का बयान' चाहा था ।,पंजाब अधिकार मंच की ओर से मिली एक शिकायत के मद्देनजर सिंह ने लिखकर सिंघल से इस मुद्दे पर 'पक्का बयान' चाहा था।
dev,dev-s1519,तीन दिन पहले लंदन में हुए ताबड़तोड़ धमाकों से खौफजदा ब्रिटेन अभी उबर भी नहीं पाया है कि शनिवार रात बर्मिंघम शहर में हमले की धमकी के बाद ३० हजार लोगों को सुरक्षित जगहों पर ले जाना पड़ा ।,तीन दिन पहले लंदन में हुए ताबड़तोड़ धमाकों से खौफजदा ब्रिटेन अभी उबर भी नहीं पाया है कि शनिवार रात बर्मिंघम शहर में हमले की धमकी के बाद ३० हजार लोगों को सुरक्षित जगहों पर ले जाना पड़ा।
dev,dev-s1521,"वहीं, मेट्रो और डबल डेकर बस पर हुए विस्फोटों में अलकायदा का हाथ सामने आने के बाद से मुस्लिमों के खिलाफ गुस्सा भड़क गया है ।","वहीं, मेट्रो और डबल डेकर बस पर हुए विस्फोटों में अलकायदा का हाथ सामने आने के बाद से मुस्लिमों के खिलाफ गुस्सा भड़क गया है।"
dev,dev-s1522,ब्रिटेन के बाद न्यूजीलैंड में चार इस्लामिक केंद्रों में गुस्साए लोगों ने तोड़फोड़ की ।,ब्रिटेन के बाद न्यूजीलैंड में चार इस्लामिक केंद्रों में गुस्साए लोगों ने तोड़फोड़ की।
dev,dev-s1527,इसके चलते हजारों लोगों को एस्टोन विश्वविद्यालय के कैंपस में रात गुजारनी पड़ी ।,इसके चलते हजारों लोगों को एस्टोन विश्वविद्यालय के कैंपस में रात गुजारनी पड़ी।
dev,dev-s1534,शनिवार रात आकलैंड स्थित न्यूजीलैंड मुस्लिम एसोसिएशन मस्जिद की खिड़कियां तोड़ दी गईं ।,शनिवार रात आकलैंड स्थित न्यूजीलैंड मुस्लिम एसोसिएशन मस्जिद की खिड़कियां तोड़ दी गईं।
dev,dev-s1535,इसके अलावा दो और मस्जिदों और अलफराक कल्चरल सेंटर में भी तोड़फोड़ की गई है ।,इसके अलावा दो और मस्जिदों और अलफराक कल्चरल सेंटर में भी तोड़फोड़ की गई है।
dev,dev-s1539,जिन्ना को सेक्यूलर बताने पर आडवाणी को राष्ट्रद्रोही बताने वाले विहिप नेता प्रवीण भाई तोगड़िया को निराशा हुई है ।,जिन्ना को सेक्यूलर बताने पर आडवाणी को राष्ट्रद्रोही बताने वाले विहिप नेता प्रवीण भाई तोगड़िया को निराशा हुई है।
dev,dev-s1540,विहिप नेता आचार्य गिरिराज किशोर और प्रवीण तोगड़िया ने आडवाणी के इस्तीफे की वापसी की आलोचना करते कहा कि आडवाणी की अध्यक्ष पद पर वापसी नहीं होनी चाहिए थी ।,विहिप नेता आचार्य गिरिराज किशोर और प्रवीण तोगड़िया ने आडवाणी के इस्तीफे की वापसी की आलोचना करते कहा कि आडवाणी की अध्यक्ष पद पर वापसी नहीं होनी चाहिए थी।
dev,dev-s1541,विहिप नेता तो पाकिस्तान की यात्रा के दौरान ही लाल कृष्ण आडवाणी द्वारा बाबरी मस्जिद विध्वंस पर खेद प्रकट करने और अखंड भारत की अवधारणा से पल्ला झाड़ने की आलोचना कर रहे थे ।,विहिप नेता तो पाकिस्तान की यात्रा के दौरान ही लाल कृष्ण आडवाणी द्वारा बाबरी मस्जिद विध्वंस पर खेद प्रकट करने और अखंड भारत की अवधारणा से पल्ला झाड़ने की आलोचना कर रहे थे।
dev,dev-s1543,इसके बाद विहिप नेता प्रवीन तोगड़िया ने आडवाणी को देशद्रोही कहा ।,इसके बाद विहिप नेता प्रवीन तोगड़िया ने आडवाणी को देशद्रोही कहा।
dev,dev-s1546,प्रवीण तोगड़िया के बाद संघ ने उनको भाषा संयम की सलाह भी दी ।,प्रवीण तोगड़िया के बाद संघ ने उनको भाषा संयम की सलाह भी दी।
dev,dev-s1606,पिछले वर्ष सीवान के तत्कालीन जिला अधिकारी सी. के. अनिल ने शहाबुद्दीन की आपराधिक पृष्ठभूमि और उन्हें लाइसेंस जारी किए जाने में बरती गईं अनियमितताओं के मद्देनज़र उनके शस्र लाइसेंस निरस्त किए थे ।,पिछले वर्ष सीवान के तत्कालीन जिला अधिकारी सी. के. अनिल ने शहाबुद्दीन की आपराधिक पृष्ठभूमि और उन्हें लाइसेंस जारी किए जाने में बरती गईं अनियमितताओं के मद्देनज़र उनके शस्र लाइसेंस निरस्त किए थे।
dev,dev-s1614,"प्रवासी भारतीय मामलों के मंत्री वायलार रवि ने संवाददाताओं को बताया कि पश्चिम एशिया, यूरोप, अमेरिका और दक्षिण पूर्व एशिया में खोले जाने वाले ये विशेष कार्यालय 'प्रवासी कल्याण केंद्र' कहलाएँगे ।","प्रवासी भारतीय मामलों के मंत्री वायलार रवि ने संवाददाताओं को बताया कि पश्चिम एशिया, यूरोप, अमेरिका और दक्षिण पूर्व एशिया में खोले जाने वाले ये विशेष कार्यालय 'प्रवासी कल्याण केंद्र' कहलाएँगे।"
dev,dev-s1617,यहां पर बड़ी तादाद में भारतीय रहते हैं ।,यहां पर बड़ी तादाद में भारतीय रहते हैं।
dev,dev-s1621,"कानून में संशोधन के जरिए विदेशों में रोज़गार, शिक्षा या अन्य कारणों से रह रहे भारतीय नागरिकों को भारत स्थित अपने वास्तविक निवास के आधार पर मतदाता सूची में अपना नाम डलवाने और मताधिकार प्रयोग का अधिकार होगा ।","कानून में संशोधन के जरिए विदेशों में रोज़गार, शिक्षा या अन्य कारणों से रह रहे भारतीय नागरिकों को भारत स्थित अपने वास्तविक निवास के आधार पर मतदाता सूची में अपना नाम डलवाने और मताधिकार प्रयोग का अधिकार होगा।"
dev,dev-s1624,इसमें सरकारी तथा ग़ैर सरकारी क्षेत्रों की भूमिका महत्वपूर्ण रही ।,इसमें सरकारी तथा ग़ैर सरकारी क्षेत्रों की भूमिका महत्वपूर्ण रही।
dev,dev-s1629,पुरस्कार स्वरूप एक लाख रुपये नक़द और प्रशस्ति पत्र प्रदान किये गये ।,पुरस्कार स्वरूप एक लाख रुपये नक़द और प्रशस्ति पत्र प्रदान किये गये।
dev,dev-s1635,अगर किसानों को लगातार बिजली मिले तो वे इसकी क़ीमत चुकाने को तैयार होंगे ।,अगर किसानों को लगातार बिजली मिले तो वे इसकी क़ीमत चुकाने को तैयार होंगे।
dev,dev-s1636,"इसी सिलसिले में उद्योग चैंबर सीआईआई की ओर से आयोजित सम्मेलन में मनमोहन सिंह ने कहा कि ग्रामीण व शहरी भारत के बीच अंतर लगातार बढ़ता जा रहा है, जो देश की सामाजिक व आर्थिक स्थिरता के लिए एक बड़ा खतरा है ।","इसी सिलसिले में उद्योग चैंबर सीआईआई की ओर से आयोजित सम्मेलन में मनमोहन सिंह ने कहा कि ग्रामीण व शहरी भारत के बीच अंतर लगातार बढ़ता जा रहा है, जो देश की सामाजिक व आर्थिक स्थिरता के लिए एक बड़ा खतरा है।"
dev,dev-s1638,इस अवसर पर अंग्रेजी के कवि ओलिवर गोल्डस्मिथ की कविता 'द डेजर्टेड विलेज' की याद दिलाते हुए प्रधानमंत्री ने कहा कि वंचित लोगों के विकास से ही देश का आर्थिक विकास संभव है ।,इस अवसर पर अंग्रेजी के कवि ओलिवर गोल्डस्मिथ की कविता 'द डेजर्टेड विलेज' की याद दिलाते हुए प्रधानमंत्री ने कहा कि वंचित लोगों के विकास से ही देश का आर्थिक विकास संभव है।
dev,dev-s1640,इसी वजह से भारत निर्माण कार्यक्रम के तहत एक करोड़ अतिरिक्त भूमि को सिंचित क्षेत्र बनाने का लक्ष्य रखा गया है ।,इसी वजह से भारत निर्माण कार्यक्रम के तहत एक करोड़ अतिरिक्त भूमि को सिंचित क्षेत्र बनाने का लक्ष्य रखा गया है।
dev,dev-s1641,कार्यक्रम के तहत 1000 से ज्यादा आबादी वाले सभी गाँवों को पक्की सड़कों से जोड़ा जाएगा ।,कार्यक्रम के तहत 1000 से ज्यादा आबादी वाले सभी गाँवों को पक्की सड़कों से जोड़ा जाएगा।
dev,dev-s1642,इसके अलावा पहाड़ी व आदिवासी क्षेत्रों के 500 से अधिक आबादी वाले गाँवों तक पक्की सड़कें पहुँचाई जाएँगी ।,इसके अलावा पहाड़ी व आदिवासी क्षेत्रों के 500 से अधिक आबादी वाले गाँवों तक पक्की सड़कें पहुँचाई जाएँगी।
dev,dev-s1643,मनमोहन ने कहा कि देश में फिलहाल करीब 1.5 करोड़ मकानों की कमी है ।,मनमोहन ने कहा कि देश में फिलहाल करीब 1.5 करोड़ मकानों की कमी है।
dev,dev-s1645,"उन्होंने कहा कि पिछले 25 वर्ष के दौरान 50 हजार करोड़ रुपये का निवेश होने के बावजूद अभी तक 55,000 गाँव ऐसे हैं, जहाँ पीने का साफ पानी उपलब्ध नहीं है ।","उन्होंने कहा कि पिछले 25 वर्ष के दौरान 50 हजार करोड़ रुपये का निवेश होने के बावजूद अभी तक 55,000 गाँव ऐसे हैं, जहाँ पीने का साफ पानी उपलब्ध नहीं है।"
dev,dev-s1649,अभिनेत्री प्रियंका चोपड़ा के पिता अशोक चोपड़ा के स्वास्थ्य में अब काफी सुधार है ।,अभिनेत्री प्रियंका चोपड़ा के पिता अशोक चोपड़ा के स्वास्थ्य में अब काफी सुधार है।
dev,dev-s1650,कैंसर पीड़ित चोपड़ा को पिछले दिनों मुंबई के लीलावती अस्पताल में भर्ती कराया गया था ।,कैंसर पीड़ित चोपड़ा को पिछले दिनों मुंबई के लीलावती अस्पताल में भर्ती कराया गया था।
dev,dev-s1652,प्रियंका के सेक्रेटरी चाँद मिश्रा के अनुसार सितंबर में अमेरिका में आयोजित प्रियंका के शो के दौरान अशोक चोपड़ा भी फाईनल चेकअप के लिए वहाँ जा सकते हैं ।,प्रियंका के सेक्रेटरी चाँद मिश्रा के अनुसार सितंबर में अमेरिका में आयोजित प्रियंका के शो के दौरान अशोक चोपड़ा भी फाईनल चेकअप के लिए वहाँ जा सकते हैं।
dev,dev-s1653,इसी १९ अगस्त को प्रियंका की फिल्म 'बरसात' रिलीज़ होने वाली है ।,इसी १९ अगस्त को प्रियंका की फिल्म 'बरसात' रिलीज़ होने वाली है।
dev,dev-s1654,"इसके अलावा वह 'कृश', 'ब्लफ मास्टर' और 'गॉड तुसी ग्रेट हो' आदि फिल्मों में भी काम कर रही हैं ।","इसके अलावा वह 'कृश', 'ब्लफ मास्टर' और 'गॉड तुसी ग्रेट हो' आदि फिल्मों में भी काम कर रही हैं।"
dev,dev-s1655,हाल ही में उन्होंने फिल्म 'डॉन' की रीमेक की जा रही इसी नाम की फिल्म साइन की है ।,हाल ही में उन्होंने फिल्म 'डॉन' की रीमेक की जा रही इसी नाम की फिल्म साइन की है।
dev,dev-s1656,फरहान अख्तर निर्देशित इस फिल्म में प्रियंका ज़ीनत अमान वाली भूमिका निभाएँगी ।,फरहान अख्तर निर्देशित इस फिल्म में प्रियंका ज़ीनत अमान वाली भूमिका निभाएँगी।
dev,dev-s1659,"मंगलवार को नक्सली संगठन पीपुल्स वार ग्रुप ने संघर्ष विराम, इसके लागू होने पर पड़ने वाले प्रभाव का अध्ययन करने के लिए कमेटी बनाने और इसके प्रतिनिधियों को वार्ता में भाग लेने के लिए सुरक्षा देने की माँग की थी ।","मंगलवार को नक्सली संगठन पीपुल्स वार ग्रुप ने संघर्ष विराम, इसके लागू होने पर पड़ने वाले प्रभाव का अध्ययन करने के लिए कमेटी बनाने और इसके प्रतिनिधियों को वार्ता में भाग लेने के लिए सुरक्षा देने की माँग की थी।"
test,test-s4,यह सोनप्रयाग से 5 किमी आगे और केदारनाथ में 6 किमी पहले (पैदल) पड़ने वाला एक अत्यंत महत्वपूर्ण तीर्थ एवं विश्राम स्थल है ।,यह सोनप्रयाग से 5 किमी आगे और केदारनाथ में 6 किमी पहले (पैदल) पड़ने वाला एक अत्यंत महत्वपूर्ण तीर्थ एवं विश्राम स्थल है।
test,test-s19,दीपावली महापर्व के दूसरे दिन (पड़वा) के दिन शीत ऋतु में मंदिर के द्वार बंद कर दिए जाते हैं ।,दीपावली महापर्व के दूसरे दिन (पड़वा) के दिन शीत ऋतु में मंदिर के द्वार बंद कर दिए जाते हैं।
test,test-s23,पुरोहित ससम्मान पट बंद कर भगवान के विग्रह एवं दंडी को 6 माह तक पहाड़ के नीचे ऊखीमठ में ले जाते हैं ।,पुरोहित ससम्मान पट बंद कर भगवान के विग्रह एवं दंडी को 6 माह तक पहाड़ के नीचे ऊखीमठ में ले जाते हैं।
test,test-s25,प्रायः 10 किमी पैदल यात्रा करनी पड़ती है ।,प्रायः 10 किमी पैदल यात्रा करनी पड़ती है।
test,test-s26,करोड़ों श्रद्धालुओं की आस्था के प्रतीक केदारनाथ के कपाट खुलने का समय भी मई माह में होता है ।,करोड़ों श्रद्धालुओं की आस्था के प्रतीक केदारनाथ के कपाट खुलने का समय भी मई माह में होता है।
test,test-s34,रानी राशमोनी में स्थित इस पौराणिक मंदिर में प्रवेश करने के लिए आपको उपस्थित भक्तजन की भीड़ का सामना करना पड़ेगा ।,रानी राशमोनी में स्थित इस पौराणिक मंदिर में प्रवेश करने के लिए आपको उपस्थित भक्तजन की भीड़ का सामना करना पड़ेगा।
test,test-s50,मंदिर के पट तड़के 3.00 से लेकर प्रातः 8.00 बजे तक खुले रहते हैं तथा प्रतिदिन प्रातः 10.00 से लेकर संध्या 5.00 बजे तक भक्तजन मंदिर में पूजा - अर्चना कर सकते हैं ।,मंदिर के पट तड़के 3.00 से लेकर प्रातः 8.00 बजे तक खुले रहते हैं तथा प्रतिदिन प्रातः 10.00 से लेकर संध्या 5.00 बजे तक भक्तजन मंदिर में पूजा-अर्चना कर सकते हैं।
test,test-s55,माँ को गहनों से सजाया जाता है तथा आरती के बाद माँ के चरणों में भोग चढ़ाया जाता है ।,माँ को गहनों से सजाया जाता है तथा आरती के बाद माँ के चरणों में भोग चढ़ाया जाता है।
test,test-s67,यह मंदिर 25 एकड़ क्षेत्र में स्थित है ।,यह मंदिर 25 एकड़ क्षेत्र में स्थित है।
test,test-s70,"भीतरी भाग में चाँदी से बनाए गए कमल के फूल जिसकी हजार पंखुड़ियाँ हैं, पर माँ काली शस्त्रों सहित भगवान शिव के ऊपर खड़ी हुई हैं ।","भीतरी भाग में चाँदी से बनाए गए कमल के फूल जिसकी हजार पंखुड़ियाँ हैं, पर माँ काली शस्त्रों सहित भगवान शिव के ऊपर खड़ी हुई हैं।"
test,test-s71,काली माँ का मंदिर नवरत्न की तरह निर्मित है और यह 46 फुट चौड़ा तथा 100 फुट ऊँचा है ।,काली माँ का मंदिर नवरत्न की तरह निर्मित है और यह 46 फुट चौड़ा तथा 100 फुट ऊँचा है।
test,test-s79,इसमें सीढ़ियों के माध्यम से प्रवेश कर सकते हैं ।,इसमें सीढ़ियों के माध्यम से प्रवेश कर सकते हैं।
test,test-s83,"मंदिर के भीतरी स्थल पर दक्षिणा माँ काली, भगवान शिव पर खड़ी हुई हैं ।","मंदिर के भीतरी स्थल पर दक्षिणा माँ काली, भगवान शिव पर खड़ी हुई हैं।"
test,test-s86,मुख्य मंदिर के पास अन्य तीर्थ स्थलों के दर्शन के लिए भक्तजन की भीड़ लगी रहती है ।,मुख्य मंदिर के पास अन्य तीर्थ स्थलों के दर्शन के लिए भक्तजन की भीड़ लगी रहती है।
test,test-s94,कोलकाता रेलमार्ग के माध्यम से भी सभी प्रमुख बड़े शहरों से जुड़ा हुआ है ।,कोलकाता रेलमार्ग के माध्यम से भी सभी प्रमुख बड़े शहरों से जुड़ा हुआ है।
test,test-s108,एक अन्य घटना में रामदी में बुधवार को सड़क किनारे हुए बम विस्फोट में एक पुलिस अधिकारी की मौत हो गई और दो अन्य घायल हो गए ।,एक अन्य घटना में रामदी में बुधवार को सड़क किनारे हुए बम विस्फोट में एक पुलिस अधिकारी की मौत हो गई और दो अन्य घायल हो गए।
test,test-s110,संभावना जताई जा रही है कि वह पाकिस्तान में पाँच दिन रहेंगे और इस दौरान वह राष्ट्रपति परवेज़ मुशर्रफ से दो बार मुलाक़ात कर सकते हैं ।,संभावना जताई जा रही है कि वह पाकिस्तान में पाँच दिन रहेंगे और इस दौरान वह राष्ट्रपति परवेज़ मुशर्रफ से दो बार मुलाक़ात कर सकते हैं।
test,test-s115,इस्लामाबाद में सिंह शुजात हुसैन के अलावा मनोनीत प्रधानमंत्री व वित्त मंत्री शौकत अजीज़ और अपने पाकिस्तानी समकक्ष खुर्शीद महमद कसूरी से भी व्यापक विचार - विमर्श करेंगे ।,इस्लामाबाद में सिंह शुजात हुसैन के अलावा मनोनीत प्रधानमंत्री व वित्त मंत्री शौकत अजीज़ और अपने पाकिस्तानी समकक्ष खुर्शीद महमद कसूरी से भी व्यापक विचार-विमर्श करेंगे।
test,test-s123,उन्होंने कहा कि वर्तमान समय में दो तीन सप्ताह के लिए ही दर्शन हो पाने के कारण कई बार तीर्थ - यात्रियों को निराश होकर लौटना पड़ता है और कम अवधि के कारण यात्रा में भीड़ अचानक बढ़ जाती है ।,उन्होंने कहा कि वर्तमान समय में दो तीन सप्ताह के लिए ही दर्शन हो पाने के कारण कई बार तीर्थ-यात्रियों को निराश होकर लौटना पड़ता है और कम अवधि के कारण यात्रा में भीड़ अचानक बढ़ जाती है।
test,test-s125,सिन्हा ने कहा कि उनकी योजना है कि केंद्र या राज्य सरकार की मदद के बिना हिमलिंग की संरक्षा और तीर्थ - यात्रियों की सुविधा पर २० करोड़ रुपये खर्च किए जाएँ ।,सिन्हा ने कहा कि उनकी योजना है कि केंद्र या राज्य सरकार की मदद के बिना हिमलिंग की संरक्षा और तीर्थ-यात्रियों की सुविधा पर २० करोड़ रुपये खर्च किए जाएँ।
test,test-s130,नासा से जुड़ने का मौका उन्हें तब मिला जब उन्होंने दो वर्ष पहले नासा के एक वैज्ञानिक अनिल भारद्वाज को ई - मेल किया ।,नासा से जुड़ने का मौका उन्हें तब मिला जब उन्होंने दो वर्ष पहले नासा के एक वैज्ञानिक अनिल भारद्वाज को ई-मेल किया।
test,test-s145,लेकिन वाजपेयी के 'बाउंसर' के बाद संघ अब रक्षात्मक मुद्रा में नज़र आ रहा है ।,लेकिन वाजपेयी के 'बाउंसर' के बाद संघ अब रक्षात्मक मुद्रा में नज़र आ रहा है।
test,test-s147,माना जा रहा है कि पार्टी पर वर्चस्व को लेकर नरमपंथियों और गरमपंथियों के बीच संग्राम छिड़ गया है ।,माना जा रहा है कि पार्टी पर वर्चस्व को लेकर नरमपंथियों और गरमपंथियों के बीच संग्राम छिड़ गया है।
test,test-s148,पार्टी हिंदुत्व की धारा पकड़े या फिर वाजपेयी की नरमपंथ की दिशा में आगे बढ़े ।,पार्टी हिंदुत्व की धारा पकड़े या फिर वाजपेयी की नरमपंथ की दिशा में आगे बढ़े।
test,test-s149,दोनों खेमे राष्ट्रीय कार्यकारिणी में दो - दो हाथ करने की तैयारी में लगे नज़र आ रहे हैं ।,दोनों खेमे राष्ट्रीय कार्यकारिणी में दो-दो हाथ करने की तैयारी में लगे नज़र आ रहे हैं।
test,test-s152,भाजपा प्रवक्ता मुख्तार अब्बास नक़वी ने फिर १६ जून को कहा कि गुजरात के मुद्दे पर अलग से बंद कमरे में चर्चा हो सकती है ।,भाजपा प्रवक्ता मुख्तार अब्बास नक़वी ने फिर १६ जून को कहा कि गुजरात के मुद्दे पर अलग से बंद कमरे में चर्चा हो सकती है।
test,test-s156,और मामला जब देश के सबसे बड़े औद्योगिक साम्राज्य का हो तो यह देखना दिलचस्प है कि आखिर सुलह के बाद दोनों अंबानी भाईयों के हिस्से में क्या आया ।,और मामला जब देश के सबसे बड़े औद्योगिक साम्राज्य का हो तो यह देखना दिलचस्प है कि आखिर सुलह के बाद दोनों अंबानी भाईयों के हिस्से में क्या आया।
test,test-s157,"बेशक़, माँ कोकिलाबेन के लिए मुकेश और अनिल बराबर हैं ।","बेशक़, माँ कोकिलाबेन के लिए मुकेश और अनिल बराबर हैं।"
test,test-s158,"लेकिन, कम से कम एक मामले में अनिल मुकेश को झुकाने में क़ामयाब रहे हैं ।","लेकिन, कम से कम एक मामले में अनिल मुकेश को झुकाने में क़ामयाब रहे हैं।"
test,test-s159,"यह वही आनंद जैन हैं, जिनकी मौजदूगी अनिल को बराबर खटकती रही और इसे सार्वजनिक करने से भी उन्होंने गुरेज़ नहीं किया ।","यह वही आनंद जैन हैं, जिनकी मौजदूगी अनिल को बराबर खटकती रही और इसे सार्वजनिक करने से भी उन्होंने गुरेज़ नहीं किया।"
test,test-s160,तो दूसरी ओर आनंद जैन को बचाने में नाक़ामयाब रहे मुकेश अपने इस मित्र की बेटी की शादी में शामिल होने के लिए गोवा रवाना हो गए हैं ।,तो दूसरी ओर आनंद जैन को बचाने में नाक़ामयाब रहे मुकेश अपने इस मित्र की बेटी की शादी में शामिल होने के लिए गोवा रवाना हो गए हैं।
test,test-s161,समझौते की क़ीमत बने आनंद जैन प्रतिक्रिया के लिए उपलब्ध नहीं थे ।,समझौते की क़ीमत बने आनंद जैन प्रतिक्रिया के लिए उपलब्ध नहीं थे।
test,test-s169,आनंद जैन को लेकर अनिल की कड़वाहट का अंदाजा उस पत्र से लगाया जा सकता है जो उन्होंने जनवरी में अपने बड़े भाई को लिखा था ।,आनंद जैन को लेकर अनिल की कड़वाहट का अंदाजा उस पत्र से लगाया जा सकता है जो उन्होंने जनवरी में अपने बड़े भाई को लिखा था।
test,test-s177,भाइयों के झगड़े में आनंद जैन को आईपीसीएल बोर्ड से जाना पड़ा ।,भाइयों के झगड़े में आनंद जैन को आईपीसीएल बोर्ड से जाना पड़ा।
test,test-s184,सरकारी सूत्रों ने बताया कि इराक के प्रधानमंत्री इयाद अलावी ने अमेरिका के नेतृत्व वाली गठबंधन सेना को संदिग्ध आतंकियों के खिलाफ हमले की इजाज़त दी थी और इसी के बाद कार्रवाई की गई ।,सरकारी सूत्रों ने बताया कि इराक के प्रधानमंत्री इयाद अलावी ने अमेरिका के नेतृत्व वाली गठबंधन सेना को संदिग्ध आतंकियों के खिलाफ हमले की इजाज़त दी थी और इसी के बाद कार्रवाई की गई।
test,test-s188,अमेरिकी वायु - सेना ने अल क़ायदा से संबद्ध आतंकी जरकावी को निशाना बना कर शनिवार रात अनेक हमले किए ।,अमेरिकी वायु-सेना ने अल क़ायदा से संबद्ध आतंकी जरकावी को निशाना बना कर शनिवार रात अनेक हमले किए।
test,test-s191,जरकावी के सिर पर ढाई करोड़ डॉलर का इनाम घोषित है ।,जरकावी के सिर पर ढाई करोड़ डॉलर का इनाम घोषित है।
test,test-s199,केंद्र सरकार अब 'कैप्टिव पॉवर प्लांट' लगाने के रास्ते की सारी बाधाओं को खत्म करने जा रही है ।,केंद्र सरकार अब 'कैप्टिव पॉवर प्लांट' लगाने के रास्ते की सारी बाधाओं को खत्म करने जा रही है।
test,test-s201,इसलिए सरकार अब 'कैप्टिव पॉवर प्लांट' को बढ़ावा देने जा रही है ।,इसलिए सरकार अब 'कैप्टिव पॉवर प्लांट' को बढ़ावा देने जा रही है।
test,test-s202,प्रस्तावित नई ऊर्जा नीति में 'कैप्टिव पॉवर' के उत्पादन को लाइसेंस मुक्त करने की योजना है ।,प्रस्तावित नई ऊर्जा नीति में 'कैप्टिव पॉवर' के उत्पादन को लाइसेंस मुक्त करने की योजना है।
test,test-s206,लेकिन कैप्टिव पॉवर को लेकर अभी सरकारी क़ायदे - कानूनों का इतना तगड़ा मकड़जाल है कि यह योजना लोकप्रिय नहीं हो पाई ।,लेकिन कैप्टिव पॉवर को लेकर अभी सरकारी क़ायदे-कानूनों का इतना तगड़ा मकड़जाल है कि यह योजना लोकप्रिय नहीं हो पाई।
test,test-s207,राज्य सरकारें भी इस योजना को बढ़ावा देने की बजाए इस पर टैक्स समेत कई तरह के अंकुश लगाती रहीं हैं ।,राज्य सरकारें भी इस योजना को बढ़ावा देने की बजाए इस पर टैक्स समेत कई तरह के अंकुश लगाती रहीं हैं।
test,test-s208,"हालांकि एनडीए सरकार के समय तैयार विद्युत अधिनियम - २००३ में भी कैप्टिव पॉवर को बढ़ावा दिए जाने का प्रावधान है, लेकिन वामदलों के दबाव में यह अधिनियम अब तक अधर में है ।","हालांकि एनडीए सरकार के समय तैयार विद्युत अधिनियम-२००३ में भी कैप्टिव पॉवर को बढ़ावा दिए जाने का प्रावधान है, लेकिन वामदलों के दबाव में यह अधिनियम अब तक अधर में है।"
test,test-s211,"ऐसा किए जाने से सीमेंट, स्टील, केमिकल, इलेक्ट्रॉनिक्स, इंजीनियरिंग, जूट, मैटल व मिनरल, कागज, चीनी व कपड़ा समेत तमाम उद्योगों में कैप्टिव पॉवर प्लांट लगाया जाना आसान हो जाएगा ।","ऐसा किए जाने से सीमेंट, स्टील, केमिकल, इलेक्ट्रॉनिक्स, इंजीनियरिंग, जूट, मैटल व मिनरल, कागज, चीनी व कपड़ा समेत तमाम उद्योगों में कैप्टिव पॉवर प्लांट लगाया जाना आसान हो जाएगा।"
test,test-s215,कैप्टिव पावर योजना को बढ़ावा मिलने से सरकार को उम्मीद है कि बिजली की मार से जूझ रहे उद्योगों को गुणवत्ता वाली जरूरतभर बिजली उपलब्ध हो जाएगी ।,कैप्टिव पावर योजना को बढ़ावा मिलने से सरकार को उम्मीद है कि बिजली की मार से जूझ रहे उद्योगों को गुणवत्ता वाली जरूरतभर बिजली उपलब्ध हो जाएगी।
test,test-s222,"यदि घुसपैठ में इजाफा होता है या स्थिति बिगड़ती है, तो बेशक़ इस फैसले की समीक्षा की जाएगी ।","यदि घुसपैठ में इजाफा होता है या स्थिति बिगड़ती है, तो बेशक़ इस फैसले की समीक्षा की जाएगी।"
test,test-s223,जम्मू - कश्मीर में हाल के आतंकवादी हमलों के बारे में रक्षा मंत्री ने कहा कि जरूरत पड़ने पर सरकार के जम्मू - कश्मीर में सेना में कटौती करने के फैसले की समीक्षा की जाएगी ।,जम्मू-कश्मीर में हाल के आतंकवादी हमलों के बारे में रक्षा मंत्री ने कहा कि जरूरत पड़ने पर सरकार के जम्मू-कश्मीर में सेना में कटौती करने के फैसले की समीक्षा की जाएगी।
test,test-s225,घुसपैठ के स्तर में कमी बताते हुए रक्षा मंत्री ने कहा कि आतंकवादी विश्व समुदाय का ध्यान आकर्षित करने के लिए हमेशा गणतंत्र दिवस या स्वतंत्रता दिवस जैसे बड़े राष्ट्रीय पर्व या किसी विदेशी राजनयिक के दौरों के मौकों की तलाश में रहते हैं ।,घुसपैठ के स्तर में कमी बताते हुए रक्षा मंत्री ने कहा कि आतंकवादी विश्व समुदाय का ध्यान आकर्षित करने के लिए हमेशा गणतंत्र दिवस या स्वतंत्रता दिवस जैसे बड़े राष्ट्रीय पर्व या किसी विदेशी राजनयिक के दौरों के मौकों की तलाश में रहते हैं।
test,test-s226,मुखर्जी ने कहा कि भारत लगातार इस बात पर जोर देता रहा है कि पाकिस्तान के राष्ट्रपति परवेज़ मुशर्रफ को भारत विरोधी गतिविधियों और आतंकवाद के लिए अपने देश का इस्तेमाल न करने देने के अपने वादे पर क़ायम रहना चाहिए ।,मुखर्जी ने कहा कि भारत लगातार इस बात पर जोर देता रहा है कि पाकिस्तान के राष्ट्रपति परवेज़ मुशर्रफ को भारत विरोधी गतिविधियों और आतंकवाद के लिए अपने देश का इस्तेमाल न करने देने के अपने वादे पर क़ायम रहना चाहिए।
test,test-s228,उन्होंने कहा कि सीमा पार से आतंकवादियों की घुसपैठ में हाल में कमी की वजह बाढ़ और सुरक्षा बलों द्वारा निगरानी का बढ़ाया जाना है ।,उन्होंने कहा कि सीमा पार से आतंकवादियों की घुसपैठ में हाल में कमी की वजह बाढ़ और सुरक्षा बलों द्वारा निगरानी का बढ़ाया जाना है।
test,test-s229,पाकिस्तान के साथ विश्वास क़ायम करने के उपायों के बारे में रक्षा मंत्री ने कहा कि यह दुर्भाग्यपूर्ण है कि पाकिस्तान द्वारा आतंकवादियों को अभी भी लगातार समर्थन दिया जा रहा है ।,पाकिस्तान के साथ विश्वास क़ायम करने के उपायों के बारे में रक्षा मंत्री ने कहा कि यह दुर्भाग्यपूर्ण है कि पाकिस्तान द्वारा आतंकवादियों को अभी भी लगातार समर्थन दिया जा रहा है।
test,test-s230,उन्होंने कहा कि भारत पाकिस्तान के साथ अच्छे संबंध क़ायम करना चाहता है और उसके साथ समग्र वार्ता प्रक्रिया के तहत विभिन्न स्तरों पर वार्ता चल रही है ।,उन्होंने कहा कि भारत पाकिस्तान के साथ अच्छे संबंध क़ायम करना चाहता है और उसके साथ समग्र वार्ता प्रक्रिया के तहत विभिन्न स्तरों पर वार्ता चल रही है।
test,test-s233,"उन्होंने कहा कि विध्वंस के समय पत्रकारों की पिटाई की गई थी और उन्हें घटना की तस्वीरें लेने से रोका गया, लेकिन भीड़ में लोगों की पहचान न हो सकने की वजह से किसी की गिरफ्तारी नहीं की गई ।","उन्होंने कहा कि विध्वंस के समय पत्रकारों की पिटाई की गई थी और उन्हें घटना की तस्वीरें लेने से रोका गया, लेकिन भीड़ में लोगों की पहचान न हो सकने की वजह से किसी की गिरफ्तारी नहीं की गई।"
test,test-s236,उन्होंने कहा कि ढ़ाँचे को गिराया जाना दुर्भाग्यपूर्ण था और पार्टी ढाँचे को किसी तरह का नुक़सान नहीं पहुँचाना चाहती थी ।,उन्होंने कहा कि ढ़ाँचे को गिराया जाना दुर्भाग्यपूर्ण था और पार्टी ढाँचे को किसी तरह का नुक़सान नहीं पहुँचाना चाहती थी।
test,test-s238,१९८९ के चुनावों में भाजपा ने कहा था कि वह विवादित ढाँचे को सम्मानपूर्वक किसी दूसरे नज़दीकी स्थान में स्थानांतरित करने के पक्ष में है ।,१९८९ के चुनावों में भाजपा ने कहा था कि वह विवादित ढाँचे को सम्मानपूर्वक किसी दूसरे नज़दीकी स्थान में स्थानांतरित करने के पक्ष में है।
test,test-s240,"जैन ने कहा कि भाजपा नेता बार - बार विवादित ढाँचे पर चढ़ने वाले लोगों से उतरने की अपील करते रहे, लेकिन लोगों ने इसकी अनदेखी कर दी ।","जैन ने कहा कि भाजपा नेता बार-बार विवादित ढाँचे पर चढ़ने वाले लोगों से उतरने की अपील करते रहे, लेकिन लोगों ने इसकी अनदेखी कर दी।"
test,test-s246,"हालांकि घटना के समय विवादित ढाँचे के पास १०० से अधिक पुलिसकर्मी तैनात थे, लेकिन भारी भीड़ की वजह से मीडियाकर्मियों पर हुई ज्यादतियों के लिए किसी को भी गिरफ्तार नहीं किया गया ।","हालांकि घटना के समय विवादित ढाँचे के पास १०० से अधिक पुलिसकर्मी तैनात थे, लेकिन भारी भीड़ की वजह से मीडियाकर्मियों पर हुई ज्यादतियों के लिए किसी को भी गिरफ्तार नहीं किया गया।"
test,test-s248,"बिहार व पूर्वोत्तर के असम, मेघालय व अरुणाचल प्रदेश में कई दिनों बाद भी बाढ़ की स्थिति चिंताजनक बनी हुई है ।","बिहार व पूर्वोत्तर के असम, मेघालय व अरुणाचल प्रदेश में कई दिनों बाद भी बाढ़ की स्थिति चिंताजनक बनी हुई है।"
test,test-s249,बिहार में बाढ़ के कारण मरने वालों की संख्या बढ़कर १२८ हो गई है ।,बिहार में बाढ़ के कारण मरने वालों की संख्या बढ़कर १२८ हो गई है।
test,test-s250,"राज्य के तीन जिले दरभंगा, सीतामढ़ी व शिवहर का संपर्क अब भी देश के अन्य भागों से कटा हुआ है ।","राज्य के तीन जिले दरभंगा, सीतामढ़ी व शिवहर का संपर्क अब भी देश के अन्य भागों से कटा हुआ है।"
test,test-s251,"दरभंगा, मुजफ्फरपुर और मधुबनी में नदियों के जल - स्तर में कमी हो रही है वहीं खगड़िया और समस्तीपुर में इसमें कोई सुधार नहीं हुआ है ।","दरभंगा, मुजफ्फरपुर और मधुबनी में नदियों के जल-स्तर में कमी हो रही है वहीं खगड़िया और समस्तीपुर में इसमें कोई सुधार नहीं हुआ है।"
test,test-s252,राज्य में बाढ़ का पानी कई जेलों में घुस जाने के कारण कैदियों को स्थानांतरित किया गया है ।,राज्य में बाढ़ का पानी कई जेलों में घुस जाने के कारण कैदियों को स्थानांतरित किया गया है।
test,test-s253,असम में ९० लाख से ज्यादा लोग बाढ़ से प्रभावित हुए हैं ।,असम में ९० लाख से ज्यादा लोग बाढ़ से प्रभावित हुए हैं।
test,test-s254,राज्य के २७ में से २६ जिले बाढ़ से प्रभावित हैं ।,राज्य के २७ में से २६ जिले बाढ़ से प्रभावित हैं।
test,test-s255,सरकारी सूत्रों ने बताया कि इन जेलों में बाढ़ का पानी घुस गया है ।,सरकारी सूत्रों ने बताया कि इन जेलों में बाढ़ का पानी घुस गया है।
test,test-s256,समस्तीपुर के कलेक्टर नरमदेश्वर लाल ने पत्रकारों को बताया कि रोसड़ा के जेल से ५२ कैदियों को शनिवार को मुजफ्फरपुर सेंट्रल जेल स्थानांतरित किया गया ।,समस्तीपुर के कलेक्टर नरमदेश्वर लाल ने पत्रकारों को बताया कि रोसड़ा के जेल से ५२ कैदियों को शनिवार को मुजफ्फरपुर सेंट्रल जेल स्थानांतरित किया गया।
test,test-s257,इसी आधार पर खगड़िया जेल के सौ कैदियों को भागलपुर जेल में स्थानांतरित किया गया है ।,इसी आधार पर खगड़िया जेल के सौ कैदियों को भागलपुर जेल में स्थानांतरित किया गया है।
test,test-s260,राज्य भर में रेल व सड़क यातायात अस्त - व्यस्त है ।,राज्य भर में रेल व सड़क यातायात अस्त-व्यस्त है।
test,test-s263,बाढ़ ग्रस्त क्षेत्रों में सरकार की ओर से चिकित्सा दल भेजे गए हैं ।,बाढ़ ग्रस्त क्षेत्रों में सरकार की ओर से चिकित्सा दल भेजे गए हैं।
test,test-s264,बाढ़ के कारण अरुणाचल और मेघालय की स्थिति भी चिंताजनक है ।,बाढ़ के कारण अरुणाचल और मेघालय की स्थिति भी चिंताजनक है।
test,test-s265,"मेघालय के गारोहिल्स इलाके में बाढ़ से सौ गाँव के ८०,००० से ज्यादा लोग प्रभावित हुए हैं ।","मेघालय के गारोहिल्स इलाके में बाढ़ से सौ गाँव के ८०,००० से ज्यादा लोग प्रभावित हुए हैं।"
test,test-s267,आयोग ने वायु सेना से पूछा है कि क्या सैन्य अदालत ने कार्य - स्थल पर यौन उत्पीड़न की जाँच के दौरान सुप्रीम कोर्ट द्वारा विशाखा मामले में दिए दिशा निर्देशों का पालन किया था ।,आयोग ने वायु सेना से पूछा है कि क्या सैन्य अदालत ने कार्य-स्थल पर यौन उत्पीड़न की जाँच के दौरान सुप्रीम कोर्ट द्वारा विशाखा मामले में दिए दिशा निर्देशों का पालन किया था।
test,test-s271,उसकी माँग थी कि उसके द्वारा अपने वरिष्ठ अधिकारियों पर लगाए गए यौन उत्पीड़न के आरोप की जाँच सुप्रीम कोर्ट द्वारा तय दिशा निर्देशों के तहत की जाए ।,उसकी माँग थी कि उसके द्वारा अपने वरिष्ठ अधिकारियों पर लगाए गए यौन उत्पीड़न के आरोप की जाँच सुप्रीम कोर्ट द्वारा तय दिशा निर्देशों के तहत की जाए।
test,test-s272,अंजलि ने अपने वरिष्ठ अधिकारियों पर यौन उत्पीड़न का आरोप लगाया था ।,अंजलि ने अपने वरिष्ठ अधिकारियों पर यौन उत्पीड़न का आरोप लगाया था।
test,test-s274,"आयोग में की अपनी शिकायत में गुप्ता ने कहा था कि जब वह बेंगलोर में नियुक्त थी तब कुछ वरिष्ठ अधिकारियों ने उसका यौन उत्पीड़न किया, लेकिन उन पर तो कोई कार्रवाई नहीं हुई अलबत्ता उसे जरूर बर्खास्त कर दिया गया ।","आयोग में की अपनी शिकायत में गुप्ता ने कहा था कि जब वह बेंगलोर में नियुक्त थी तब कुछ वरिष्ठ अधिकारियों ने उसका यौन उत्पीड़न किया, लेकिन उन पर तो कोई कार्रवाई नहीं हुई अलबत्ता उसे जरूर बर्खास्त कर दिया गया।"
test,test-s275,उसने यह भी आरोप लगाया कि सैन्य अदालत ने कार्य - स्थल पर यौन उत्पीड़न की जाँच के दौरान सुप्रीम कोर्ट द्वारा विशाखा मामले में दिए दिशा - निर्देशों का पालन नहीं किया ।,उसने यह भी आरोप लगाया कि सैन्य अदालत ने कार्य-स्थल पर यौन उत्पीड़न की जाँच के दौरान सुप्रीम कोर्ट द्वारा विशाखा मामले में दिए दिशा-निर्देशों का पालन नहीं किया।
test,test-s277,"पार्टी का कहना है कि देश जब जनसंख्या पर काबू पाने की कोशिशों के साथ उन्नति की तरफ बढ़ रहा है, तब आरएसएस जनसंख्या बढ़ाने की नसीहत देकर गरीबी की तरफ खींच रहा है ।","पार्टी का कहना है कि देश जब जनसंख्या पर काबू पाने की कोशिशों के साथ उन्नति की तरफ बढ़ रहा है, तब आरएसएस जनसंख्या बढ़ाने की नसीहत देकर गरीबी की तरफ खींच रहा है।"
test,test-s279,सिंघवी ने कहा कि संघ की सामाजिक व सांस्कृतिक संस्था होने की हकीक़त खुलकर सामने आ गई है ।,सिंघवी ने कहा कि संघ की सामाजिक व सांस्कृतिक संस्था होने की हकीक़त खुलकर सामने आ गई है।
test,test-s282,उन्होंने कहा कि इस रिपोर्ट का मक़सद धर्म के बीच दूरियाँ पैदा करना है ।,उन्होंने कहा कि इस रिपोर्ट का मक़सद धर्म के बीच दूरियाँ पैदा करना है।
test,test-s286,"वहीं, शुक्रवार को प्रगति मैदान में चल रहे अंतर्राष्ट्रीय व्यापार मेला में सपा अध्यक्ष और उत्तर प्रदेश के मुख्यमंत्री मुलायम सिंह यादव ने संघ प्रमुख के. एस. सुदर्शन की हिंदुओं को कम से कम तीन बच्चे पैदा करने की सलाह की जमकर खिल्ली उड़ाई ।","वहीं, शुक्रवार को प्रगति मैदान में चल रहे अंतर्राष्ट्रीय व्यापार मेला में सपा अध्यक्ष और उत्तर प्रदेश के मुख्यमंत्री मुलायम सिंह यादव ने संघ प्रमुख के. एस. सुदर्शन की हिंदुओं को कम से कम तीन बच्चे पैदा करने की सलाह की जमकर खिल्ली उड़ाई।"
test,test-s300,"लाखों की संख्या में भ्रूण हत्या, लड़कियों और लड़कों के अनुपात में बढ़ती दूरी, बच्चों की तस्करी, बंधुआ मजदूरी, बढ़ती नशे की लत, बाल अपराध को बढ़ावा देने वाले सक्रिय गिरोह और लड़कियों के विरुद्ध अपराध इन सभी पर लगाम लगनी ही चाहिए ।","लाखों की संख्या में भ्रूण हत्या, लड़कियों और लड़कों के अनुपात में बढ़ती दूरी, बच्चों की तस्करी, बंधुआ मजदूरी, बढ़ती नशे की लत, बाल अपराध को बढ़ावा देने वाले सक्रिय गिरोह और लड़कियों के विरुद्ध अपराध इन सभी पर लगाम लगनी ही चाहिए।"
test,test-s301,सचिव ने कहा कि उन्होंने राज्यों को इस तरफ ध्यान देने की अपील के मद्देनज़र यूएनडीपी रिपोर्ट के कुछ पृष्ठों को मार्क करके राज्यों के सचिवों को भी लिखा है ।,सचिव ने कहा कि उन्होंने राज्यों को इस तरफ ध्यान देने की अपील के मद्देनज़र यूएनडीपी रिपोर्ट के कुछ पृष्ठों को मार्क करके राज्यों के सचिवों को भी लिखा है।
test,test-s307,इस आयोग के पास राष्ट्रीय मानव अधिकार आयोग की तरह सभी अधिकार होंगे और यह राज्य में ० - १८ वर्ष तक के बच्चों के विरुद्ध होने वाले अपराधों पर अपनी पैनी नज़र रखेगा ।,इस आयोग के पास राष्ट्रीय मानव अधिकार आयोग की तरह सभी अधिकार होंगे और यह राज्य में ०-१८ वर्ष तक के बच्चों के विरुद्ध होने वाले अपराधों पर अपनी पैनी नज़र रखेगा।
test,test-s315,काँचीपुरम कोर्ट परिसर में बड़ी संख्या में सुरक्षा बलों को तैनात किया गया था और आम लोगों के प्रवेश पर रोक लगा दी गई थी ।,काँचीपुरम कोर्ट परिसर में बड़ी संख्या में सुरक्षा बलों को तैनात किया गया था और आम लोगों के प्रवेश पर रोक लगा दी गई थी।
test,test-s318,मद्रास हाईकोर्ट के साथ ही लोगों की नज़र काँचीपुरम कोर्ट पर लगी थी ।,मद्रास हाईकोर्ट के साथ ही लोगों की नज़र काँचीपुरम कोर्ट पर लगी थी।
test,test-s325,तीन घंटे चली सुनवाई के दौरान कोर्ट ने उन्हें स्टूल पर बैठने की इजाज़त दी ।,तीन घंटे चली सुनवाई के दौरान कोर्ट ने उन्हें स्टूल पर बैठने की इजाज़त दी।
test,test-s329,विजयेंद्र सरस्वती ने भी काँची के कोर्ट में आवेदन दाखिल कर शंकराचार्य से मिलने की इजाज़त माँगी है ।,विजयेंद्र सरस्वती ने भी काँची के कोर्ट में आवेदन दाखिल कर शंकराचार्य से मिलने की इजाज़त माँगी है।
test,test-s330,सुनवाई के दौरान सरकारी वकील जयकुमार ने शंकररमन की ३ सितंबर को हुई हत्या से जुड़े घटनाक्रम की जानकारी दी और कहा कि तथ्यों की जानकारी के लिए शंकराचार्य को पाँच दिन के रिमांड पर दिया जाए ।,सुनवाई के दौरान सरकारी वकील जयकुमार ने शंकररमन की ३ सितंबर को हुई हत्या से जुड़े घटनाक्रम की जानकारी दी और कहा कि तथ्यों की जानकारी के लिए शंकराचार्य को पाँच दिन के रिमांड पर दिया जाए।
test,test-s339,सरकार एड्स के मुफ्त इलाज की सुविधा को और अधिक समय के लिए बढ़ा रही है ।,सरकार एड्स के मुफ्त इलाज की सुविधा को और अधिक समय के लिए बढ़ा रही है।
test,test-s347,अंतर्राष्ट्रीय बाजार में कच्चे तेल की कीमत 72 डॉलर प्रति बैरल होने के साथ इंडियन ऑयल कोरपोरेशन (आईओसी) ने हर रोज 80 करोड़ रुपये राजस्व के घाटे को देखते हुए पेट्रोल की कीमत 5.6 रुपये प्रति लीटर और डीजल की कीमत 7.6 रुपये प्रति लीटर बढ़ाए जाने की माँग की है ।,अंतर्राष्ट्रीय बाजार में कच्चे तेल की कीमत 72 डॉलर प्रति बैरल होने के साथ इंडियन ऑयल कोरपोरेशन (आईओसी) ने हर रोज 80 करोड़ रुपये राजस्व के घाटे को देखते हुए पेट्रोल की कीमत 5.6 रुपये प्रति लीटर और डीजल की कीमत 7.6 रुपये प्रति लीटर बढ़ाए जाने की माँग की है।
test,test-s348,"आईओसी अध्यक्ष एस. बेहुरिया ने यहाँ पत्रकारों से कहा कि यदि कच्चे तेल की कीमतें मौजूदा स्तर पर क़ायम रहती हैं, तो वर्ष 2006 - 07 के लिए हमारा राजस्व घाटा करीब 30 हजार करोड़ रुपये रहेगा ।","आईओसी अध्यक्ष एस. बेहुरिया ने यहाँ पत्रकारों से कहा कि यदि कच्चे तेल की कीमतें मौजूदा स्तर पर क़ायम रहती हैं, तो वर्ष 2006-07 के लिए हमारा राजस्व घाटा करीब 30 हजार करोड़ रुपये रहेगा।"
test,test-s352,"गौरतलब है कि पिछले साल सरकार ने पेट्रोल व डीजल के दामों में बढ़ोतरी के साथ ही ऑयल कंपनियों के लिए 11,500 करोड़ रुपये के बौंड भी जारी किए थे ।","गौरतलब है कि पिछले साल सरकार ने पेट्रोल व डीजल के दामों में बढ़ोतरी के साथ ही ऑयल कंपनियों के लिए 11,500 करोड़ रुपये के बौंड भी जारी किए थे।"
test,test-s354,"उन्होंने कहा कि अगर अंतर्राष्ट्रीय बाजार में कच्चे तेल के दाम मौजूदा स्तर पर ही बने रहे तो चालू वित्त वर्ष के दौरान पेट्रो उत्पादों की बिक्री पर कंपनी को 30,000 करोड़ रुपये का नुक़सान उठाना पड़ेगा ।","उन्होंने कहा कि अगर अंतर्राष्ट्रीय बाजार में कच्चे तेल के दाम मौजूदा स्तर पर ही बने रहे तो चालू वित्त वर्ष के दौरान पेट्रो उत्पादों की बिक्री पर कंपनी को 30,000 करोड़ रुपये का नुक़सान उठाना पड़ेगा।"
test,test-s355,अकेले अप्रैल माह में इस मद में कंपनी को 2500 करोड़ रुपये का नुक़सान उठाना पड़ सकता है ।,अकेले अप्रैल माह में इस मद में कंपनी को 2500 करोड़ रुपये का नुक़सान उठाना पड़ सकता है।
test,test-s356,गौरतलब है कि ऑयल कंपनियों के नुक़सान की भरपाई के मुद्दे पर विचार - विमर्श करने के लिए पेट्रोलियम एवं प्राकृतिक गैस मंत्री मुरली देवड़ा अगले हफ्ते वित्त मंत्री पी. चिदंबरम् के साथ मुलाकात करने वाले हैं ।,गौरतलब है कि ऑयल कंपनियों के नुक़सान की भरपाई के मुद्दे पर विचार-विमर्श करने के लिए पेट्रोलियम एवं प्राकृतिक गैस मंत्री मुरली देवड़ा अगले हफ्ते वित्त मंत्री पी. चिदंबरम् के साथ मुलाकात करने वाले हैं।
test,test-s359,जम्मू - कश्मीर के कश्मीरी पंडितों और पंजाब और उत्तर पूर्वी राज्यों के हिंदुओं को अल्पसंख्यक का दर्जा देने के लिए मंत्रालय ने एड़ी चोटी का जोर लगा दिया है ।,जम्मू-कश्मीर के कश्मीरी पंडितों और पंजाब और उत्तर पूर्वी राज्यों के हिंदुओं को अल्पसंख्यक का दर्जा देने के लिए मंत्रालय ने एड़ी चोटी का जोर लगा दिया है।
test,test-s371,पश्चिम बंगाल में विधानसभा चुनाव की तैयारी में जुटे प्रमुख माकपा के राज्य सचिव अनिल बिस्वास की तबियत बिगड़ने से पार्टी को तगड़ा झटका लगा है ।,पश्चिम बंगाल में विधानसभा चुनाव की तैयारी में जुटे प्रमुख माकपा के राज्य सचिव अनिल बिस्वास की तबियत बिगड़ने से पार्टी को तगड़ा झटका लगा है।
test,test-s377,लेकिन शाम को अपने आवास पर अचानक उनकी हालत बिगड़ गई ।,लेकिन शाम को अपने आवास पर अचानक उनकी हालत बिगड़ गई।
test,test-s379,डॉ. जयंत बसु ने बताया कि बिस्वास के दिमाग के दाएँ हिस्से में खून का एक बड़ा क्लॉट जमा है और उनके शरीर के बाएँ हिस्से में लकवा मार गया है ।,डॉ. जयंत बसु ने बताया कि बिस्वास के दिमाग के दाएँ हिस्से में खून का एक बड़ा क्लॉट जमा है और उनके शरीर के बाएँ हिस्से में लकवा मार गया है।
test,test-s380,"बिस्वास की ग़ैर मौजूदगी में माकपा ऐसे नेता की तलाश में जुट गई है, जो राज्य में होने वाले चुनाव में पार्टी के अभिनय का सफल नेतृत्व कर सके ।","बिस्वास की ग़ैर मौजूदगी में माकपा ऐसे नेता की तलाश में जुट गई है, जो राज्य में होने वाले चुनाव में पार्टी के अभिनय का सफल नेतृत्व कर सके।"
test,test-s384,पार्टी नेता बृंदा करात और सीताराम येचुरी भी बिश्वास के हाल - चाल लेने और स्वास्थ्य का जायज़ा लेने यहाँ पहुँच रहे हैं ।,पार्टी नेता बृंदा करात और सीताराम येचुरी भी बिश्वास के हाल-चाल लेने और स्वास्थ्य का जायज़ा लेने यहाँ पहुँच रहे हैं।
test,test-s385,सिक्ख गुरुद्वारा न्यायिक आयोग (एसजीजेसी) ने शिरोमणि गुरुद्वारा प्रबंधक कमेटी (एसजीपीसी) की प्रधान बीबी जागीर कौर को एसजीपीसी की सदस्यता से बर्खास्त कर दिया और अगले पाँच साल तक उन्हें चुनाव लड़ने के अयोग्य करार दिया है ।,सिक्ख गुरुद्वारा न्यायिक आयोग (एसजीजेसी) ने शिरोमणि गुरुद्वारा प्रबंधक कमेटी (एसजीपीसी) की प्रधान बीबी जागीर कौर को एसजीपीसी की सदस्यता से बर्खास्त कर दिया और अगले पाँच साल तक उन्हें चुनाव लड़ने के अयोग्य करार दिया है।
test,test-s386,उन पर श्री गुरु रामदास इंस्टीट्यूट ऑफ मेडिकल साइंसेस एंड रिसर्च में पार्टी से जुड़े आठ नेताओं व प्रभावशाली लोगों के बच्चों को एनआरआई (नॉन रेजिडेंट इंडियन) कोटे में दाखिला देने में बड़े पैमाने पर गड़बड़ी करने का आरोप है ।,उन पर श्री गुरु रामदास इंस्टीट्यूट ऑफ मेडिकल साइंसेस एंड रिसर्च में पार्टी से जुड़े आठ नेताओं व प्रभावशाली लोगों के बच्चों को एनआरआई (नॉन रेजिडेंट इंडियन) कोटे में दाखिला देने में बड़े पैमाने पर गड़बड़ी करने का आरोप है।
test,test-s390,याचिकाकर्ता के वकील सुरिंदर मोहन विरमानी ने बताया कि फैसले के अनुसार बीबी जागीर कौर को २ करोड़ ५५ लाख २३ हजार रुपये पर याचिका दायर किए जाने के समय से एसजीपीसी खाते में पैसे जमा कराने के समय तक ९ प्रतिशत की दर से ब्याज का भुगतान करना पड़ेगा ।,याचिकाकर्ता के वकील सुरिंदर मोहन विरमानी ने बताया कि फैसले के अनुसार बीबी जागीर कौर को २ करोड़ ५५ लाख २३ हजार रुपये पर याचिका दायर किए जाने के समय से एसजीपीसी खाते में पैसे जमा कराने के समय तक ९ प्रतिशत की दर से ब्याज का भुगतान करना पड़ेगा।
test,test-s393,आयोग ने वर्ष २००१ - २००२ के दाखिले में कोई गड़बड़ी नहीं पाई ।,आयोग ने वर्ष २००१-२००२ के दाखिले में कोई गड़बड़ी नहीं पाई।
test,test-s398,आयोग के चेयरमैन पट्टी ने कहा कि मामले की सुनवाई के दौरान यह बात सामने आई कि श्री गुरु रामदास इंस्टीट्यूट ऑफ मेडिकल साइंसेस में संचालित एमबीबीएस कोर्सों में दाखिले के दौरान यह सुविधा सिर्फ शिरोमणि अकाली दल और एसजीपीसी से जुड़े नेताओं के बच्चों को ही दी गई ।,आयोग के चेयरमैन पट्टी ने कहा कि मामले की सुनवाई के दौरान यह बात सामने आई कि श्री गुरु रामदास इंस्टीट्यूट ऑफ मेडिकल साइंसेस में संचालित एमबीबीएस कोर्सों में दाखिले के दौरान यह सुविधा सिर्फ शिरोमणि अकाली दल और एसजीपीसी से जुड़े नेताओं के बच्चों को ही दी गई।
test,test-s399,"उन्होंने कहा कि आयोग ने कुछ विद्यार्थियों की फीस न देने पर जो उनके खिलाफ फैसला दिया है, वह सरासर गलत और ग़ैर कानूनी है ।","उन्होंने कहा कि आयोग ने कुछ विद्यार्थियों की फीस न देने पर जो उनके खिलाफ फैसला दिया है, वह सरासर गलत और ग़ैर कानूनी है।"
test,test-s400,देश में उच्च शिक्षा के लिए दाखिला लेने वाले एक करोड़ छात्रों में ८४ लाख का भविष्य अब भी अधर में झूल रहा है ।,देश में उच्च शिक्षा के लिए दाखिला लेने वाले एक करोड़ छात्रों में ८४ लाख का भविष्य अब भी अधर में झूल रहा है।
test,test-s401,ये पढ़ाई तो कर रहे हैं लेकिन रोजगार भाग्य के ही भरोसे है ।,ये पढ़ाई तो कर रहे हैं लेकिन रोजगार भाग्य के ही भरोसे है।
test,test-s404,विश्वविद्यालयों और कॉलेजों को अभी इंटरनेट और कंप्यूटर नेटवर्क से जोड़ने की योजना को भी अमलीजामा नहीं पहनाया जा सका है ।,विश्वविद्यालयों और कॉलेजों को अभी इंटरनेट और कंप्यूटर नेटवर्क से जोड़ने की योजना को भी अमलीजामा नहीं पहनाया जा सका है।
test,test-s405,विश्वविद्यालय अनुदान आयोग के आँकड़ों के मुताबिक ४५ लाख छात्र अकेले कला संकाय में नामांकित हैं ।,विश्वविद्यालय अनुदान आयोग के आँकड़ों के मुताबिक ४५ लाख छात्र अकेले कला संकाय में नामांकित हैं।
test,test-s406,इसमें प्रबंधन की पढ़ाई करने वालों की गिनती मात्र की संख्या है ।,इसमें प्रबंधन की पढ़ाई करने वालों की गिनती मात्र की संख्या है।
test,test-s407,प्रो. अनिल सद्गोपाल इसका सबसे बड़ा कारण उच्च शिक्षा का पुरातन बने रहना मानते हैं ।,प्रो. अनिल सद्गोपाल इसका सबसे बड़ा कारण उच्च शिक्षा का पुरातन बने रहना मानते हैं।
test,test-s410,इस क्रम में ७.१६ लाख छात्र इंजीनियरिंग और प्रौद्योगिकी की पढ़ाई पढ़ रहे हैं ।,इस क्रम में ७.१६ लाख छात्र इंजीनियरिंग और प्रौद्योगिकी की पढ़ाई पढ़ रहे हैं।
test,test-s412,लेकिन अब भारी मात्रा में इंजीनियरिंग के डिग्रीधारी भी बेरोज़गार घूम रहे हैं ।,लेकिन अब भारी मात्रा में इंजीनियरिंग के डिग्रीधारी भी बेरोज़गार घूम रहे हैं।
test,test-s413,अल्पसंख्यक आयोग के हाल में चेयरमैन बने और अलीगढ़ मुस्लिम विश्वविद्यालय के पूर्व कुलपति प्रो. हामिद अंसारी के मुताबिक इन्हें थोड़ा सा प्रशिक्षण देकर काबिल बनाया जा सकता है ।,अल्पसंख्यक आयोग के हाल में चेयरमैन बने और अलीगढ़ मुस्लिम विश्वविद्यालय के पूर्व कुलपति प्रो. हामिद अंसारी के मुताबिक इन्हें थोड़ा सा प्रशिक्षण देकर काबिल बनाया जा सकता है।
test,test-s417,पश्चिम बंगाल में टैक्सी मालिकों ने किराया वृद्धि की माँग को लेकर मंगलवार को एक दिन की हड़ताल रखने के बाद अपनी अनिश्चितकालीन हड़ताल वापस लेने का फैसला किया है ।,पश्चिम बंगाल में टैक्सी मालिकों ने किराया वृद्धि की माँग को लेकर मंगलवार को एक दिन की हड़ताल रखने के बाद अपनी अनिश्चितकालीन हड़ताल वापस लेने का फैसला किया है।
test,test-s419,परिवहन मंत्री सुभाष चक्रवर्ती के साथ बैठक के बाद बंगाल टैक्सी एसोसिएशन (बीटीए) और कलकत्ता मेट्रोपॉलिटन टैक्सी ड्राईवर्स यूनियन (सीएमटीडीयू) के प्रतिनिधियों ने कहा कि वे किराया बढ़ाये जाने के सरकार के आश्वासन के बाद बुधवार से अपनी हड़ताल समाप्त कर देंगे ।,परिवहन मंत्री सुभाष चक्रवर्ती के साथ बैठक के बाद बंगाल टैक्सी एसोसिएशन (बीटीए) और कलकत्ता मेट्रोपॉलिटन टैक्सी ड्राईवर्स यूनियन (सीएमटीडीयू) के प्रतिनिधियों ने कहा कि वे किराया बढ़ाये जाने के सरकार के आश्वासन के बाद बुधवार से अपनी हड़ताल समाप्त कर देंगे।
test,test-s420,उन्होंने कहा कि किराया बढ़ाए जाने के फैसले पर राजनीतिक और तकनीकी कारणों की वजह से देरी हो रही है ।,उन्होंने कहा कि किराया बढ़ाए जाने के फैसले पर राजनीतिक और तकनीकी कारणों की वजह से देरी हो रही है।
test,test-s423,संजय के वकील ने अदालत से फिल्म 'मुन्नाभाई - २' की शूटिंग के वास्ते चार दिन के लिए संजय को मुंबई के बाहर जाने की इजाज़त का अनुरोध किया था ।,संजय के वकील ने अदालत से फिल्म 'मुन्नाभाई-२' की शूटिंग के वास्ते चार दिन के लिए संजय को मुंबई के बाहर जाने की इजाज़त का अनुरोध किया था।
test,test-s426,दिल्ली विश्वविद्यालय की तरह रैगिंग का साया अब गुड़गाँव के कॉलेजों पर भी पड़ने लगा है ।,दिल्ली विश्वविद्यालय की तरह रैगिंग का साया अब गुड़गाँव के कॉलेजों पर भी पड़ने लगा है।
test,test-s427,गुड़गाँव के प्रतिष्ठित नेशनल लॉ कॉलेज में प्रथम वर्ष के एक छात्र के साथ वरिष्ठ छात्रों द्वारा रैगिंग करने का मामला प्रकाश में आया है ।,गुड़गाँव के प्रतिष्ठित नेशनल लॉ कॉलेज में प्रथम वर्ष के एक छात्र के साथ वरिष्ठ छात्रों द्वारा रैगिंग करने का मामला प्रकाश में आया है।
test,test-s429,इसका विरोध करने पर उसे इतना पीटा कि वह लहू - लुहान हो गया और उसे अस्पताल में भर्ती करवाना पड़ा ।,इसका विरोध करने पर उसे इतना पीटा कि वह लहू-लुहान हो गया और उसे अस्पताल में भर्ती करवाना पड़ा।
test,test-s438,"प्रशांत के रिश्तेदार विकास टोकस के अनुसार प्रशांत लगभग दो घंटे तक कॉलेज में लहू - लुहान पड़ा रहा, लेकिन कॉलेज प्रशासन ने उसे फर्स्ट एड देने के बजाय मामले को रफा - दफा कराने का प्रयास किया ।","प्रशांत के रिश्तेदार विकास टोकस के अनुसार प्रशांत लगभग दो घंटे तक कॉलेज में लहू-लुहान पड़ा रहा, लेकिन कॉलेज प्रशासन ने उसे फर्स्ट एड देने के बजाय मामले को रफा-दफा कराने का प्रयास किया।"
test,test-s453,कर्मचारी भविष्य निधि (ईपीएफ) ब्याज दर को कम करके ८.५ प्रतिशत करने के यूपीए सरकार के फैसले के विरोध में शुक्रवार को देश भर में लाखों कर्मचारी सड़कों पर उतर आए ।,कर्मचारी भविष्य निधि (ईपीएफ) ब्याज दर को कम करके ८.५ प्रतिशत करने के यूपीए सरकार के फैसले के विरोध में शुक्रवार को देश भर में लाखों कर्मचारी सड़कों पर उतर आए।
test,test-s454,पिछले तीन वर्षों के ईपीएफ ब्याज दर को बरक़रार रखने की माँग करते हुए कर्मचारियों ने जगह - जगह धरना - प्रदर्शन किया ।,पिछले तीन वर्षों के ईपीएफ ब्याज दर को बरक़रार रखने की माँग करते हुए कर्मचारियों ने जगह-जगह धरना-प्रदर्शन किया।
test,test-s459,"पंढे के मुताबिक, कर्मचारियों ने कहा है कि इस माँग को पूरा कराने के लिए ट्रेड यूनियनों को आंदोलन तेज करना चाहिए क्योंकि इससे पाँच करोड़ ईपीएफ उपभोक्ता और उनके दस करोड़ आश्रित प्रभावित हो रहे हैं ।","पंढे के मुताबिक, कर्मचारियों ने कहा है कि इस माँग को पूरा कराने के लिए ट्रेड यूनियनों को आंदोलन तेज करना चाहिए क्योंकि इससे पाँच करोड़ ईपीएफ उपभोक्ता और उनके दस करोड़ आश्रित प्रभावित हो रहे हैं।"
test,test-s461,"पंढे ने आगे कहा कि कर्मचारियों ने राष्ट्रीय राजधानी और आस - पास के इलाकों मसलन गाज़ियाबाद, फरीदाबाद, बल्लभगढ़, नोएडा और गुड़गाँव में भी विरोध - प्रदर्शन किया ।","पंढे ने आगे कहा कि कर्मचारियों ने राष्ट्रीय राजधानी और आस-पास के इलाकों मसलन गाज़ियाबाद, फरीदाबाद, बल्लभगढ़, नोएडा और गुड़गाँव में भी विरोध-प्रदर्शन किया।"
test,test-s523,समाजवादी पार्टी के वरिष्ठ नेता अमर सिंह के फोन टैपिंग और उनके आवास पर हुए हमले के विरोध में शुक्रवार को बड़ी संख्या में लोगों ने कांग्रेस के विरोध में प्रदर्शन किया ।,समाजवादी पार्टी के वरिष्ठ नेता अमर सिंह के फोन टैपिंग और उनके आवास पर हुए हमले के विरोध में शुक्रवार को बड़ी संख्या में लोगों ने कांग्रेस के विरोध में प्रदर्शन किया।
test,test-s525,प्रदर्शन में बड़ी संख्या में क्षत्राणियाँ भी पगड़ी बाँधकर आई थीं ।,प्रदर्शन में बड़ी संख्या में क्षत्राणियाँ भी पगड़ी बाँधकर आई थीं।
test,test-s535,"गढ़मुक्तेश्वर से सपा विधायक मदन चौहान ने कहा कि जो काम कांग्रेस के कार्यकर्ताओं ने किया है, वह हम भी कर सकते हैं लेकिन अमर सिंह ऐसा नहीं चाहते ।","गढ़मुक्तेश्वर से सपा विधायक मदन चौहान ने कहा कि जो काम कांग्रेस के कार्यकर्ताओं ने किया है, वह हम भी कर सकते हैं लेकिन अमर सिंह ऐसा नहीं चाहते।"
test,test-s536,सपा नेता अशोक चौहान नोएडा से बड़े काफिले के साथ प्रदर्शन में शामिल हुए ।,सपा नेता अशोक चौहान नोएडा से बड़े काफिले के साथ प्रदर्शन में शामिल हुए।
test,test-s540,सत्तारूढ़ यूपीए सरकार को बाहर से समर्थन दे रही मार्क्सवादी कम्युनिस्ट पार्टी (माकपा) ने भारत की विदेश नीति को बाहरी दबावों से स्वतंत्र रखे जाने की वकालत की है ।,सत्तारूढ़ यूपीए सरकार को बाहर से समर्थन दे रही मार्क्सवादी कम्युनिस्ट पार्टी (माकपा) ने भारत की विदेश नीति को बाहरी दबावों से स्वतंत्र रखे जाने की वकालत की है।
test,test-s549,उन्होंने कहा कि ७० फीसदी तेल आयात करने वाले भारत को ईरान से अच्छे संबंध बरक़रार रखने चाहिए ।,उन्होंने कहा कि ७० फीसदी तेल आयात करने वाले भारत को ईरान से अच्छे संबंध बरक़रार रखने चाहिए।
test,test-s564,इंफाल से २५ किलोमीटर दूर लेइमाखोंग स्थित ५७ - माउंटेन डिवीज़न के मुख्यालय में संवाददाता सम्मेलन में रक्षामंत्री प्रणब मुखर्जी ने यूएनएलएफ के प्रस्ताव को नकारते हुए कहा कि यह किसी भी तरह से संभव नहीं है ।,इंफाल से २५ किलोमीटर दूर लेइमाखोंग स्थित ५७-माउंटेन डिवीज़न के मुख्यालय में संवाददाता सम्मेलन में रक्षामंत्री प्रणब मुखर्जी ने यूएनएलएफ के प्रस्ताव को नकारते हुए कहा कि यह किसी भी तरह से संभव नहीं है।
test,test-s565,मणिपुर की आज़ादी की माँग करने वाले उग्रवादी संगठन यूएनएलएफ ने कहा कि केंद्र सरकार अगर संयुक्त राष्ट्र के अधिकारियों के सामने जनमतसंग्रह करवाने के लिए तैयार हो तो वह हथियार डालने के लिए तैयार है ।,मणिपुर की आज़ादी की माँग करने वाले उग्रवादी संगठन यूएनएलएफ ने कहा कि केंद्र सरकार अगर संयुक्त राष्ट्र के अधिकारियों के सामने जनमतसंग्रह करवाने के लिए तैयार हो तो वह हथियार डालने के लिए तैयार है।
test,test-s575,हरियाणा के नारायणगढ़ में सबसे अधिक वर्षा ८१ मिमी होने के समाचार हैं ।,हरियाणा के नारायणगढ़ में सबसे अधिक वर्षा ८१ मिमी होने के समाचार हैं।
test,test-s576,उत्तरांचल के रुद्रप्रयाग जिले के अगस्त मुनि इलाक़े में भूस्खलन की वजह से भारी नुकसान पहुँचा है ।,उत्तरांचल के रुद्रप्रयाग जिले के अगस्त मुनि इलाक़े में भूस्खलन की वजह से भारी नुकसान पहुँचा है।
test,test-s578,जबकि मुंबई शहर में भी भारी वर्षा की वजह से रेल और सड़क यातायात आंशिक रूप से बाधित रहा ।,जबकि मुंबई शहर में भी भारी वर्षा की वजह से रेल और सड़क यातायात आंशिक रूप से बाधित रहा।
test,test-s583,मुंबई शहर में भी भारी वर्षा की वजह से रेल और सड़क यातायात आंशिक रूप से बाधित रहा ।,मुंबई शहर में भी भारी वर्षा की वजह से रेल और सड़क यातायात आंशिक रूप से बाधित रहा।
test,test-s587,देश में मानसून सीज़न में अब तक औसत से १४ फीसदी कम बारिश दर्ज की गई है ।,देश में मानसून सीज़न में अब तक औसत से १४ फीसदी कम बारिश दर्ज की गई है।
test,test-s588,पिछले सप्ताह कमी का आँकड़ा १० फीसदी था ।,पिछले सप्ताह कमी का आँकड़ा १० फीसदी था।
test,test-s590,मौसम विभाग के १ जून से १९ जुलाई तक के बारिश के आंकड़ों के अनुसार सूखे का खतरा बढ़ता जा रहा है ।,मौसम विभाग के १ जून से १९ जुलाई तक के बारिश के आंकड़ों के अनुसार सूखे का खतरा बढ़ता जा रहा है।
test,test-s603,जबकि २० संभागों में सूखा पड़ा और १३ संभागों में सूखे से भी बदतर हालत रही ।,जबकि २० संभागों में सूखा पड़ा और १३ संभागों में सूखे से भी बदतर हालत रही।
test,test-s605,२० जुलाई को थोड़ी प्रगति के बाद आज मानसून आगे नहीं बढ़ा ।,२० जुलाई को थोड़ी प्रगति के बाद आज मानसून आगे नहीं बढ़ा।
test,test-s609,अतिरिक्त संसाधन जुटाने की आवश्यकता और चार करोड़ लाभार्थियों को उनके निवेश का बेहतर रिटर्न देने के लिए कर्मचारी भविष्य निधि संगठन (ईपीएफओ) के बोर्ड ने सोमवार को अंतर्राष्ट्रीय सलाहकार फर्म मर्सर को नियुक्त किया है ।,अतिरिक्त संसाधन जुटाने की आवश्यकता और चार करोड़ लाभार्थियों को उनके निवेश का बेहतर रिटर्न देने के लिए कर्मचारी भविष्य निधि संगठन (ईपीएफओ) के बोर्ड ने सोमवार को अंतर्राष्ट्रीय सलाहकार फर्म मर्सर को नियुक्त किया है।
test,test-s613,श्रमिक संगठनों का कहना था कि यह फैसला तो वित्त मंत्रालय पर छोड़ देना चाहिए जो ईपीएफ निवेश की मंजूरी देता है ।,श्रमिक संगठनों का कहना था कि यह फैसला तो वित्त मंत्रालय पर छोड़ देना चाहिए जो ईपीएफ निवेश की मंजूरी देता है।
test,test-s615,"यह पूछे जाने पर कि ईपीएफ ब्याज दर ९.५ फीसदी करने के बाद ९२७ करोड़ के घाटे को सरकार किस तरह पूरा करेगी राव ने कहा, सरकार इस पैसे का इंतजाम करेगी ।","यह पूछे जाने पर कि ईपीएफ ब्याज दर ९.५ फीसदी करने के बाद ९२७ करोड़ के घाटे को सरकार किस तरह पूरा करेगी राव ने कहा, सरकार इस पैसे का इंतजाम करेगी।"
test,test-s616,लोगों को अब इस बारे में चिंता छोड़ देनी चाहिए ।,लोगों को अब इस बारे में चिंता छोड़ देनी चाहिए।
test,test-s621,सूत्रों ने बताया कि अतिरिक्त संसाधन जुटाने के प्रयासों के तहत ही पीएफ जमा न कराने वाली संस्थाओं से एरियर वसूलने के लिए बाकायदा विशेष अभियान छेड़ा जाएगा ।,सूत्रों ने बताया कि अतिरिक्त संसाधन जुटाने के प्रयासों के तहत ही पीएफ जमा न कराने वाली संस्थाओं से एरियर वसूलने के लिए बाकायदा विशेष अभियान छेड़ा जाएगा।
test,test-s624,इसका कारण बताते हुए कहा गया है कि ब्याज दरों में बढ़ोतरी और न्यूनतम वेतन की सीमा ५००० से ६५०० किए जाने के कारण यह घाटा हुआ है ।,इसका कारण बताते हुए कहा गया है कि ब्याज दरों में बढ़ोतरी और न्यूनतम वेतन की सीमा ५००० से ६५०० किए जाने के कारण यह घाटा हुआ है।
test,test-s628,पश्चिम बंगाल के बर्धवान जिले में आज पत्रकारों से बात करते हुए सोमनाथ ने कहा कि 'अगर संसद अपने कुछ सदस्यों की गलत हरकत पर कार्रवाई करता है और इस मामले में हस्तक्षेप करता है तो यह उसका अंदरूनी मामला है,पश्चिम बंगाल के बर्धवान जिले में आज पत्रकारों से बात करते हुए सोमनाथ ने कहा कि 'अगर संसद अपने कुछ सदस्यों की गलत हरकत पर कार्रवाई करता है और इस मामले में हस्तक्षेप करता है तो यह उसका अंदरूनी मामला है
test,test-s634,यात्रा के दौरान वे मोहम्मद अली जिन्ना की मज़ार पर भी जाएँगे ।,यात्रा के दौरान वे मोहम्मद अली जिन्ना की मज़ार पर भी जाएँगे।
test,test-s635,लगभग एक साल पूर्व भाजपा के वरिष्ठ नेता एल. के. आडवाणी द्वारा जिन्ना की मज़ार पर दिए बयान से भाजपा में तूफान उठ गया था ।,लगभग एक साल पूर्व भाजपा के वरिष्ठ नेता एल. के. आडवाणी द्वारा जिन्ना की मज़ार पर दिए बयान से भाजपा में तूफान उठ गया था।
test,test-s636,अंततः पार्टी के अध्यक्ष पद से आडवाणी को इस्तीफा देने पर मजबूर होना पड़ा ।,अंततः पार्टी के अध्यक्ष पद से आडवाणी को इस्तीफा देने पर मजबूर होना पड़ा।
test,test-s640,यात्रा में तक़रीबन १०० श्रद्धालु उनके साथ होंगे ।,यात्रा में तक़रीबन १०० श्रद्धालु उनके साथ होंगे।
test,test-s641,उन्होंने कहा कि पाकिस्तान के राष्ट्रपति परवेज़ मुशर्रफ के सहयोग से मेरी यात्रा संभव हुई है ।,उन्होंने कहा कि पाकिस्तान के राष्ट्रपति परवेज़ मुशर्रफ के सहयोग से मेरी यात्रा संभव हुई है।
test,test-s642,उन्होंने व्यक्तिगत रुचि लेकर मेरी यात्रा की अड़चनें दूर करने का प्रयास किया ।,उन्होंने व्यक्तिगत रुचि लेकर मेरी यात्रा की अड़चनें दूर करने का प्रयास किया।
test,test-s643,उन्होंने कहा कि वह क़ायदेआज़म मुहम्मद अली जिन्ना की मज़ार पर भी जाएंगे ।,उन्होंने कहा कि वह क़ायदेआज़म मुहम्मद अली जिन्ना की मज़ार पर भी जाएंगे।
test,test-s644,उन्होंने बताया कि पाकिस्तान का मेहमान होने के नाते वे मज़ार के दर्शन के मेज़बान के सुझाव की अवहेलना नहीं कर सकते ।,उन्होंने बताया कि पाकिस्तान का मेहमान होने के नाते वे मज़ार के दर्शन के मेज़बान के सुझाव की अवहेलना नहीं कर सकते।
test,test-s646,लिहाज़ा इस यात्रा के लिए पार्टी में किसी तरह का कोई विवाद नहीं है ।,लिहाज़ा इस यात्रा के लिए पार्टी में किसी तरह का कोई विवाद नहीं है।
test,test-s656,प्रवक्ता ने इस बात से भी साफ इन्कार किया कि प्रवर्तन निदेशालय के किसी बड़े अफसर ने कांग्रेस अध्यक्ष सोनिया गाँधी से मुलाकात की थी ।,प्रवक्ता ने इस बात से भी साफ इन्कार किया कि प्रवर्तन निदेशालय के किसी बड़े अफसर ने कांग्रेस अध्यक्ष सोनिया गाँधी से मुलाकात की थी।
test,test-s663,लोक जनशक्ति पार्टी नेता राम विलास पासवान ने कहा कि बिहार विधानसभा चुनाव के परिणाम का असर केंद्र की यूपीए सरकार की स्थिरता पर नहीं पड़ेगा ।,लोक जनशक्ति पार्टी नेता राम विलास पासवान ने कहा कि बिहार विधानसभा चुनाव के परिणाम का असर केंद्र की यूपीए सरकार की स्थिरता पर नहीं पड़ेगा।
test,test-s665,बंगलौर में पत्रकारों से बातचीत में पासवान ने कहा कि चुनावी लड़ाई बिहार तक ही सीमित है ।,बंगलौर में पत्रकारों से बातचीत में पासवान ने कहा कि चुनावी लड़ाई बिहार तक ही सीमित है।
test,test-s676,मुगल सम्राट जहांगीर और शाहजहां के काल की सोने की दो बेशकीमती मोहरों को तस्करी कर भारत से बाहर पहुंचा दिया गया और अब ये एक विदेशी बैंक के खजाने की शोभा बढ़ा रही हैं ।,मुगल सम्राट जहांगीर और शाहजहां के काल की सोने की दो बेशकीमती मोहरों को तस्करी कर भारत से बाहर पहुंचा दिया गया और अब ये एक विदेशी बैंक के खजाने की शोभा बढ़ा रही हैं।
test,test-s681,"बताया जाता है कि अंतर्राष्ट्रीय पुरातत्व बाजार में इन सिक्कों की कीमत १५,००० करोड़ रुपये है और ये हैदराबाद के अंतिम निजाम मीर उस्मान अली खान के खजाने का हिस्सा थे ।","बताया जाता है कि अंतर्राष्ट्रीय पुरातत्व बाजार में इन सिक्कों की कीमत १५,००० करोड़ रुपये है और ये हैदराबाद के अंतिम निजाम मीर उस्मान अली खान के खजाने का हिस्सा थे।"
test,test-s682,यह जानकारी निजाम के दूसरे बेटे प्रिंस मुअज्जमजहाँ बहादुर की बड़ी बेटी फातिमा फौजिया द्वारा जारी एक बयान से मिली ।,यह जानकारी निजाम के दूसरे बेटे प्रिंस मुअज्जमजहाँ बहादुर की बड़ी बेटी फातिमा फौजिया द्वारा जारी एक बयान से मिली।
test,test-s693,"वित्त मंत्रालय के सख्त रवैये के मद्देनजर कंपनियों को दिए जाने वाले लोन पर ब्याज दरों में बढ़ोतरी की संभावना नहीं है, लेकिन बैंकों को होम लोन और पर्सनल लोन में मामूली बढ़ोतरी की मंजूरी मिल सकती है ।","वित्त मंत्रालय के सख्त रवैये के मद्देनजर कंपनियों को दिए जाने वाले लोन पर ब्याज दरों में बढ़ोतरी की संभावना नहीं है, लेकिन बैंकों को होम लोन और पर्सनल लोन में मामूली बढ़ोतरी की मंजूरी मिल सकती है।"
test,test-s697,इस दौरान रिजर्व बैंक ने डॉलरों की खरीद के जरिए २० हजार करोड़ रुपये की नकदी बाजार में उपलब्ध कराई है ।,इस दौरान रिजर्व बैंक ने डॉलरों की खरीद के जरिए २० हजार करोड़ रुपये की नकदी बाजार में उपलब्ध कराई है।
test,test-s698,इसके मद्देनजर उत्पादक गतिविधियों के लिए लोन पर ब्याज दरें बढ़ाने की कोई वजह नहीं है ।,इसके मद्देनजर उत्पादक गतिविधियों के लिए लोन पर ब्याज दरें बढ़ाने की कोई वजह नहीं है।
test,test-s701,प्रमुख उधारी दर में बढ़ोतरी के कारण महंगाई के भी बेलगाम होने की आशंका है ।,प्रमुख उधारी दर में बढ़ोतरी के कारण महंगाई के भी बेलगाम होने की आशंका है।
test,test-s703,"बहरहाल, बैंकों को वित्त मंत्री से होम लोन और पर्सनल लोन की ब्याज दरों में ०.२५ से ०.५० फीसदी की बढ़ोतरी की हरी झंडी मिल सकती है ।","बहरहाल, बैंकों को वित्त मंत्री से होम लोन और पर्सनल लोन की ब्याज दरों में ०.२५ से ०.५० फीसदी की बढ़ोतरी की हरी झंडी मिल सकती है।"
test,test-s704,"रिजर्व बैंक ने होम लोन और पर्सनल लोन में हो रही बेहिसाब बढ़ोतरी के मद्देनजर इस पर अंकुश लगाने के लिए हाल में मौद्रक नीति में कई उपायों की घोषणा की है, जिनकी वजह से बैंकों के मार्जिन में कमी आई है ।","रिजर्व बैंक ने होम लोन और पर्सनल लोन में हो रही बेहिसाब बढ़ोतरी के मद्देनजर इस पर अंकुश लगाने के लिए हाल में मौद्रक नीति में कई उपायों की घोषणा की है, जिनकी वजह से बैंकों के मार्जिन में कमी आई है।"
test,test-s705,ब्रिटिश अखबार 'फाइनेंशियल टाइम्स' ने देश के अग्रणी बिजनेस समाचार बिजनेस स्टैंडर्ड में १३.८५ फीसदी हिस्सेदारी हासिल की है ।,ब्रिटिश अखबार 'फाइनेंशियल टाइम्स' ने देश के अग्रणी बिजनेस समाचार बिजनेस स्टैंडर्ड में १३.८५ फीसदी हिस्सेदारी हासिल की है।
test,test-s706,इसके लिए फाइनेंशियल टाइम्स ने १४.१ करोड़ रुपये का निवेश किया है ।,इसके लिए फाइनेंशियल टाइम्स ने १४.१ करोड़ रुपये का निवेश किया है।
test,test-s718,"इस बारे में पूछे गए सवाल को टालते हुए उन्होंने कहा, 'अभी तो बहुत सी चीजें तय होनी बाकी हैं ।","इस बारे में पूछे गए सवाल को टालते हुए उन्होंने कहा, 'अभी तो बहुत सी चीजें तय होनी बाकी हैं।"
test,test-s722,"लालू प्रसाद ने संवाददाताओं से कहा कि खासकर पिछड़े तबके, दलित वर्ग और अल्पसंख्यकों को राजग ने यह कह कर गुमराह किया कि राज्य में जितनी भी खामियां हैं उसका जिम्मेदार उनका १५ साल का शासन है ।","लालू प्रसाद ने संवाददाताओं से कहा कि खासकर पिछड़े तबके, दलित वर्ग और अल्पसंख्यकों को राजग ने यह कह कर गुमराह किया कि राज्य में जितनी भी खामियां हैं उसका जिम्मेदार उनका १५ साल का शासन है।"
test,test-s743,हाल के फ्लॉप प्रदर्शन पर कड़ी आलोचनाओं का निशाना बन रहे सचिन तेंदुलकर को एक सुरीली आवाज ने सहारा दिया है ।,हाल के फ्लॉप प्रदर्शन पर कड़ी आलोचनाओं का निशाना बन रहे सचिन तेंदुलकर को एक सुरीली आवाज ने सहारा दिया है।
test,test-s745,लता ने सचिन के लिए तान छेड़ी कि टेस्ट में सबसे ज्यादा शतक ठोंकने वाले मास्टर - ब्लास्टर की धमाकेदार वापसी होगी ।,लता ने सचिन के लिए तान छेड़ी कि टेस्ट में सबसे ज्यादा शतक ठोंकने वाले मास्टर-ब्लास्टर की धमाकेदार वापसी होगी।
test,test-s747,उन्होंने कहा कि जल्दी ही वह 'एक्शन' में लौटेंगे ।,उन्होंने कहा कि जल्दी ही वह 'एक्शन' में लौटेंगे।
test,test-s748,कंधे के ऑपरेशन के बारे में उन्होंने कहा कि यह तकलीफ इतनी बढ़ गई कि ऑपरेशन की जरूरत पड़ गई ।,कंधे के ऑपरेशन के बारे में उन्होंने कहा कि यह तकलीफ इतनी बढ़ गई कि ऑपरेशन की जरूरत पड़ गई।
test,test-s760,'दी न्यूज' के मुताबिक बोर्ड द्वारा सोनिया को भी निमंत्रण भेजे जाने की संभावना है ।,'दी न्यूज' के मुताबिक बोर्ड द्वारा सोनिया को भी निमंत्रण भेजे जाने की संभावना है।
test,test-s761,उपर्युक्त लोगों के अलावा कराची में होने वाले तीसरे टेस्ट व उसके बाद पांच एक दिवसीय मैचों को देखने के लिए कुछ पूर्व टेस्ट खिलाड़ियों को भी आमंत्रित किया गया है ।,उपर्युक्त लोगों के अलावा कराची में होने वाले तीसरे टेस्ट व उसके बाद पांच एक दिवसीय मैचों को देखने के लिए कुछ पूर्व टेस्ट खिलाड़ियों को भी आमंत्रित किया गया है।
test,test-s764,'राष्ट्र उन्हें कभी नहीं भूल सकता,'राष्ट्र उन्हें कभी नहीं भूल सकता
test,test-s772,"भारतीय डाक, दांडी मार्च, अलबर्ट आइंस्टाइन और बंगाल विभाजन की वर्षगांठ मनाने की सरकार की योजना का उल्लेख करते हुए मल्होत्रा ने कहा कि 'यह बड़े ही दुख की बात है कि सरकार ने इन समारोह योजनाओं में भगत सिंह की शहादत की ७५वीं वर्षगांठ को शामिल नहीं किया ।","भारतीय डाक, दांडी मार्च, अलबर्ट आइंस्टाइन और बंगाल विभाजन की वर्षगांठ मनाने की सरकार की योजना का उल्लेख करते हुए मल्होत्रा ने कहा कि 'यह बड़े ही दुख की बात है कि सरकार ने इन समारोह योजनाओं में भगत सिंह की शहादत की ७५वीं वर्षगांठ को शामिल नहीं किया।"
test,test-s773,लुधियाना के अवतार सिंह मक्कड़ बुधवार को सिखों की मिनी संसद शिरोमणि गुरुद्वारा प्रबंधक कमेटी (एसजीपीसी) के प्रधान पद पर काबिज हो गए ।,लुधियाना के अवतार सिंह मक्कड़ बुधवार को सिखों की मिनी संसद शिरोमणि गुरुद्वारा प्रबंधक कमेटी (एसजीपीसी) के प्रधान पद पर काबिज हो गए।
test,test-s778,"तेजासिंह समुद्री हॉल स्थित एसजीपीसी मुख्यालय में आयोजित एसजीपीसी सदस्यों की वार्षिक आम बैठक में धारीवाल से एसजीपीसी सदस्य व राज्य के पूर्व मंत्री सुच्चा सिंह लंगाह ने मक्कड़ को प्रधान बनाए जाने का प्रस्ताव रखा, जिसका फगवाड़ा के जरनैल सिंह और कोटकपूरा के मक्खन सिंह ने समर्थन किया ।","तेजासिंह समुद्री हॉल स्थित एसजीपीसी मुख्यालय में आयोजित एसजीपीसी सदस्यों की वार्षिक आम बैठक में धारीवाल से एसजीपीसी सदस्य व राज्य के पूर्व मंत्री सुच्चा सिंह लंगाह ने मक्कड़ को प्रधान बनाए जाने का प्रस्ताव रखा, जिसका फगवाड़ा के जरनैल सिंह और कोटकपूरा के मक्खन सिंह ने समर्थन किया।"
test,test-s779,सूत्रों के अनुसार बुधवार की सुबह दस बजे ही सदस्यों को यह पता चल सका कि पार्टी सुप्रीमो प्रकाश सिंह बादल किस व्यक्ति के हाथों में ३०० करोड़ रुपये से अधिक बजट वाली संस्था की प्रधानगी सौंपने जा रहे हैं ।,सूत्रों के अनुसार बुधवार की सुबह दस बजे ही सदस्यों को यह पता चल सका कि पार्टी सुप्रीमो प्रकाश सिंह बादल किस व्यक्ति के हाथों में ३०० करोड़ रुपये से अधिक बजट वाली संस्था की प्रधानगी सौंपने जा रहे हैं।
test,test-s782,मक्कड़ को प्रधान बनाने संबंधी घोषणा के बाद पूर्व महासचिव मनजीत सिंह कलकत्ता नाराज होकर बैठक से चले गए ।,मक्कड़ को प्रधान बनाने संबंधी घोषणा के बाद पूर्व महासचिव मनजीत सिंह कलकत्ता नाराज होकर बैठक से चले गए।
test,test-s789,यानि देश के कई राज्यों के लोगों को अब बढ़ी हुई मजदूरी मिलेगी ।,यानि देश के कई राज्यों के लोगों को अब बढ़ी हुई मजदूरी मिलेगी।
test,test-s803,परिषद ने अंशधारकों को अधिकार - संपन्न बनाने के लिए 'निरीक्षण आधारित फैसलों' के स्थान पर पारदर्शी और प्रभावशाली 'घोषणा आधारित' प्रणाली लागू की है ।,परिषद ने अंशधारकों को अधिकार-संपन्न बनाने के लिए 'निरीक्षण आधारित फैसलों' के स्थान पर पारदर्शी और प्रभावशाली 'घोषणा आधारित' प्रणाली लागू की है।
test,test-s805,"आठ सूत्रीय नई पहल में जहां संस्थानों के लिए 'आवश्यक खुलासे' की शर्त लागू कर पारदर्शिता लाई गई है, वहीं संस्थानों को अपना केस खुद पेश करने का अवसर देकर समानता को बढ़ावा दिया गया है ।","आठ सूत्रीय नई पहल में जहां संस्थानों के लिए 'आवश्यक खुलासे' की शर्त लागू कर पारदर्शिता लाई गई है, वहीं संस्थानों को अपना केस खुद पेश करने का अवसर देकर समानता को बढ़ावा दिया गया है।"
test,test-s816,करीब साढ़े तीन साल पहले यहां एक बच्चे हेमंत का फिरौती के लिए अपहरण करके उसकी हत्या के मामले में उत्तरांचल निवासी प्रमोद को फांसी की सजा सुनाई गई है ।,करीब साढ़े तीन साल पहले यहां एक बच्चे हेमंत का फिरौती के लिए अपहरण करके उसकी हत्या के मामले में उत्तरांचल निवासी प्रमोद को फांसी की सजा सुनाई गई है।
test,test-s819,केस की तहरीर के मुताबिक जगाधरी की रणजीत गली निवासी कैलाश मेहता का साढ़े चार साल का बेटा हेमंत 7 मार्च 2002 को गरमी की छुट्टियों के दौरान हरीनगर में रहने वाले दादा - दादी के घर चला गया था ।,केस की तहरीर के मुताबिक जगाधरी की रणजीत गली निवासी कैलाश मेहता का साढ़े चार साल का बेटा हेमंत 7 मार्च 2002 को गरमी की छुट्टियों के दौरान हरीनगर में रहने वाले दादा-दादी के घर चला गया था।
test,test-s830,पुलिस ने अपना जाल बिछाया और मुठभेड़ के बाद उसे दबोच लिया था ।,पुलिस ने अपना जाल बिछाया और मुठभेड़ के बाद उसे दबोच लिया था।
test,test-s857,अपनी नई भूमिका में पासवान दोहरे उत्साह के साथ तंत्र - मंत्र को 'वाजिब' मान्यता दिलाने में जुट गए हैं ।,अपनी नई भूमिका में पासवान दोहरे उत्साह के साथ तंत्र-मंत्र को 'वाजिब' मान्यता दिलाने में जुट गए हैं।
test,test-s862,"'अमर उजाला' से उन्होंने बताया, सबसे पहले विरोध लालू ने ही किया था","'अमर उजाला' से उन्होंने बताया, सबसे पहले विरोध लालू ने ही किया था"
test,test-s868,"पासवान कहते हैं, 'मुझे प्रदेश अध्यक्ष इसलिए नहीं बनाया गया क्योंकि मेरे पास संघ का सर्टिफिकेट नहीं था ।","पासवान कहते हैं, 'मुझे प्रदेश अध्यक्ष इसलिए नहीं बनाया गया क्योंकि मेरे पास संघ का सर्टिफिकेट नहीं था।"
test,test-s870,"पासवान कहते हैं, 'जिस दिन मैं राजद में शामिल हो रहा था उस दिन भी मेरे साथ ओझा - गुनी आए थे","पासवान कहते हैं, 'जिस दिन मैं राजद में शामिल हो रहा था उस दिन भी मेरे साथ ओझा-गुनी आए थे"
test,test-s892,पीपुल्स वार ग्रुप और माओवादी कम्युनिस्ट सेंटर ऑफ इंडिया से जुड़े इन नक्सलियों का इरादा तो विरोध प्रदर्शन और रैली करने का था ।,पीपुल्स वार ग्रुप और माओवादी कम्युनिस्ट सेंटर ऑफ इंडिया से जुड़े इन नक्सलियों का इरादा तो विरोध प्रदर्शन और रैली करने का था।
test,test-s893,लेकिन दिल्ली पुलिस ने इसकी इजाज़त नहीं दी ।,लेकिन दिल्ली पुलिस ने इसकी इजाज़त नहीं दी।
test,test-s894,बावजूद इसके सॉलिडेरिटी कमेटी इन सपोर्ट ऑफ रिवोल्यूशनरी स्ट्रगल के बैनर तले सैकड़ों नक्सलियों ने विरोध प्रदर्शन की कोशिश की और इस सिलसिले में अपनी गिरफ्तारी दी ।,बावजूद इसके सॉलिडेरिटी कमेटी इन सपोर्ट ऑफ रिवोल्यूशनरी स्ट्रगल के बैनर तले सैकड़ों नक्सलियों ने विरोध प्रदर्शन की कोशिश की और इस सिलसिले में अपनी गिरफ्तारी दी।
test,test-s895,उनकी यह रणनीति भी क़ामयाब नहीं रही और आखिरकार उन्हें प्रदर्शन करने की इजाजत नहीं मिली ।,उनकी यह रणनीति भी क़ामयाब नहीं रही और आखिरकार उन्हें प्रदर्शन करने की इजाजत नहीं मिली।
test,test-s897,उनकी योजना के मद्देनज़र ही आज इस इलाके में भारी तादाद में पुलिस तैनात थी ।,उनकी योजना के मद्देनज़र ही आज इस इलाके में भारी तादाद में पुलिस तैनात थी।
test,test-s898,पुलिस की तैनाती के बावजूद नक्सलियों ने विरोध प्रदर्शन की कोशिश की जिसके चलते पुलिस को उन्हें गिरफ्तार करना पड़ा ।,पुलिस की तैनाती के बावजूद नक्सलियों ने विरोध प्रदर्शन की कोशिश की जिसके चलते पुलिस को उन्हें गिरफ्तार करना पड़ा।
test,test-s899,उत्तरी जिला के पुलिस आयुक्त राजेश खुराना के मुताबिक बिना इजाज़त प्रदर्शन करने पर दिल्ली पुलिस अधिनियम के तहत ८८१ व्यक्तियों को गिरफ्तार किया गया ।,उत्तरी जिला के पुलिस आयुक्त राजेश खुराना के मुताबिक बिना इजाज़त प्रदर्शन करने पर दिल्ली पुलिस अधिनियम के तहत ८८१ व्यक्तियों को गिरफ्तार किया गया।
test,test-s907,पटना में एक संवाददाता सम्मेलन में बूटा ने कहा कि राजग के नेता उनके फैसले के खिलाफ़ अदालत में जाने के लिए स्वतंत्र हैं ।,पटना में एक संवाददाता सम्मेलन में बूटा ने कहा कि राजग के नेता उनके फैसले के खिलाफ़ अदालत में जाने के लिए स्वतंत्र हैं।
test,test-s914,सेना के खुफिया विभाग ने हंदवाड़ा और आस - पास के इलाकों से आतंकवादियों की अपने आकाओं से हुई बात - चीत को इंटरसेप्ट किया है ।,सेना के खुफिया विभाग ने हंदवाड़ा और आस-पास के इलाकों से आतंकवादियों की अपने आकाओं से हुई बात-चीत को इंटरसेप्ट किया है।
test,test-s917,हंदवाड़ा से ८ अगस्त इंटरसेप्ट हुई एक बात - चीत के मुताबिक जैश - ए - मोहम्मद के एक आतंकवादी ने अपने आका को सूचित किया कि स्थानीय लोग उसे देखते ही घरों के दरवाजे बंद कर ले रहे हैं ।,हंदवाड़ा से ८ अगस्त इंटरसेप्ट हुई एक बात-चीत के मुताबिक जैश-ए-मोहम्मद के एक आतंकवादी ने अपने आका को सूचित किया कि स्थानीय लोग उसे देखते ही घरों के दरवाजे बंद कर ले रहे हैं।
test,test-s921,इससे साफ है कि आतंकवादियों की हताशा बढ़ रही है ।,इससे साफ है कि आतंकवादियों की हताशा बढ़ रही है।
test,test-s925,पिछले महीने में ही कुछ बड़े आतंकवादियों को मार गिराने में सफलता मिली और इन सूचनाओं का स्रोत आम लोग ही रहे हैं ।,पिछले महीने में ही कुछ बड़े आतंकवादियों को मार गिराने में सफलता मिली और इन सूचनाओं का स्रोत आम लोग ही रहे हैं।
test,test-s931,सूत्रों के अनुसार इसमें आम नागरिकों का काफी बड़ा योगदान रहा और इससे गुटो में बेचैनी बढ़ी है ।,सूत्रों के अनुसार इसमें आम नागरिकों का काफी बड़ा योगदान रहा और इससे गुटो में बेचैनी बढ़ी है।
test,test-s937,इससे शांति की उम्मीद बढ़ रही है ।,इससे शांति की उम्मीद बढ़ रही है।
test,test-s939,"लेकिन, अधिकारियों के सामने सबसे बड़ी चुनौती यह है कि वर्षों से जमे हुए मुर्गों के मल को कैसे साफ किया जाए ।","लेकिन, अधिकारियों के सामने सबसे बड़ी चुनौती यह है कि वर्षों से जमे हुए मुर्गों के मल को कैसे साफ किया जाए।"
test,test-s946,उन्होंने आगे कहा कि शाकाहारी बेशक़ शाक - सब्जी अथवा घास खाएँ ।,उन्होंने आगे कहा कि शाकाहारी बेशक़ शाक-सब्जी अथवा घास खाएँ।
test,test-s950,उन्होंने आगे कहा कि 'फिलहाल जरूरत इस बात की है कि जिस जगह टेमीफ्लू की आवश्यकता है वहाँ इसे कैसे उपलब्ध कराया जाए ।,उन्होंने आगे कहा कि 'फिलहाल जरूरत इस बात की है कि जिस जगह टेमीफ्लू की आवश्यकता है वहाँ इसे कैसे उपलब्ध कराया जाए।
test,test-s952,"'इंडियन काउंसिल ऑफ मेडिकल रिसर्च (आईसीएमआर) के महानिदेशक एन. के. गांगुली ने बताया कि दिल्ली, चेन्नई, कोलकाता और पुणे में बायो सेफ्टी लेवल - 3 लैबोरेटरी बनायीं जाएँगीं ।","'इंडियन काउंसिल ऑफ मेडिकल रिसर्च (आईसीएमआर) के महानिदेशक एन. के. गांगुली ने बताया कि दिल्ली, चेन्नई, कोलकाता और पुणे में बायो सेफ्टी लेवल-3 लैबोरेटरी बनायीं जाएँगीं।"
test,test-s953,चुनाव आयोग लाभ के पद को ले कर सांसदों और विधायकों के खिलाफ याचिकाओं की बाढ़ से निबटने की तैयारी कर रहा है ।,चुनाव आयोग लाभ के पद को ले कर सांसदों और विधायकों के खिलाफ याचिकाओं की बाढ़ से निबटने की तैयारी कर रहा है।
test,test-s962,सूत्रों का कहना है कि पूर्व राज्यसभा सांसद जया बच्चन से लाभ के पद को लेकर याचिका करने का जो सिलसिला चल पड़ा है वह अभी थमने वाला नहीं है और इस मामले में और शिकायतों का अंबार लग सकता है ।,सूत्रों का कहना है कि पूर्व राज्यसभा सांसद जया बच्चन से लाभ के पद को लेकर याचिका करने का जो सिलसिला चल पड़ा है वह अभी थमने वाला नहीं है और इस मामले में और शिकायतों का अंबार लग सकता है।
test,test-s963,ऐसे में आयोग के पास केवल एक ही तरह के मामले की भीड़ बढ़ जाएगी ।,ऐसे में आयोग के पास केवल एक ही तरह के मामले की भीड़ बढ़ जाएगी।
test,test-s966,राजग ने लोकसभा और राज्यसभा के करीब 200 सदस्यों के दस्तखत वाला एक ज्ञापन राष्ट्रपति को सौंपा है जिसमें चावला पर आरोप लगाया गया है कि वह सत्तारूढ़ कांग्रेस के निकट हैं ।,राजग ने लोकसभा और राज्यसभा के करीब 200 सदस्यों के दस्तखत वाला एक ज्ञापन राष्ट्रपति को सौंपा है जिसमें चावला पर आरोप लगाया गया है कि वह सत्तारूढ़ कांग्रेस के निकट हैं।
test,test-s969,चुनाव आयोग ने पूर्व प्रधानमंत्री एच. डी. देवगौड़ा की पार्टी को असली जनता दल (एस) बताया है ।,चुनाव आयोग ने पूर्व प्रधानमंत्री एच. डी. देवगौड़ा की पार्टी को असली जनता दल (एस) बताया है।
test,test-s974,इब्राहिम ने 21 नवंबर को लिखे अपने पत्र में अपनी अर्जी वापिस लेने की गुज़ारिश की थी ।,इब्राहिम ने 21 नवंबर को लिखे अपने पत्र में अपनी अर्जी वापिस लेने की गुज़ारिश की थी।
test,test-s976,प्रवक्ता के मुताबिक आयोग ने इस की प्रति देवगौड़ा को भी भेजी है ।,प्रवक्ता के मुताबिक आयोग ने इस की प्रति देवगौड़ा को भी भेजी है।
test,test-s977,गौरतलब है कि इब्राहिम ने पार्टी से निलंबित होने के बाद अखिल भारतीय जनता दल का गठन कर लिया था और उसी के बैनर तले कर्नाटक में ग्राम पंचायत चुनाव भी लड़ा ।,गौरतलब है कि इब्राहिम ने पार्टी से निलंबित होने के बाद अखिल भारतीय जनता दल का गठन कर लिया था और उसी के बैनर तले कर्नाटक में ग्राम पंचायत चुनाव भी लड़ा।
test,test-s979,प्रवक्ता ने इब्राहिम और देवगौड़ा के बीच किसी तरह के समझौते की संभावना से इन्कार किया ।,प्रवक्ता ने इब्राहिम और देवगौड़ा के बीच किसी तरह के समझौते की संभावना से इन्कार किया।
test,test-s985,सूत्रों के मुताबिक आयोग ने बिहार की तरह ही इन राज्यों से कहा है कि वे ऐसे लोगों के नाम मतदाता सूची से काटे जिनके खिलाफ ग़ैर जमानती वारंट पिछले छह महीने से लंबित हैं ।,सूत्रों के मुताबिक आयोग ने बिहार की तरह ही इन राज्यों से कहा है कि वे ऐसे लोगों के नाम मतदाता सूची से काटे जिनके खिलाफ ग़ैर जमानती वारंट पिछले छह महीने से लंबित हैं।
test,test-s990,आयोग के सूत्रों ने बताया कि पश्चिम बंगाल में 72 हजार ग़ैर जमानती वारंट लंबित हैं ।,आयोग के सूत्रों ने बताया कि पश्चिम बंगाल में 72 हजार ग़ैर जमानती वारंट लंबित हैं।
test,test-s992,तमिलनाडु में ग़ैर जमानती वारंट के 12 हजार मामले लंबित हैं ।,तमिलनाडु में ग़ैर जमानती वारंट के 12 हजार मामले लंबित हैं।
test,test-s993,गुड़गाँव में बहुराष्ट्रीय कंपनी होंडा के श्रमिकों पर पुलिस बर्बरता का मामला मंगलवार को संसद के दोनों सदनों में गूँजा ।,गुड़गाँव में बहुराष्ट्रीय कंपनी होंडा के श्रमिकों पर पुलिस बर्बरता का मामला मंगलवार को संसद के दोनों सदनों में गूँजा।
test,test-s997,इसके चलते दोनों सदनों में प्रश्नकाल की कार्यवाही स्थगित करनी पड़ी और इस प्रकरण पर चर्चा कराई गई ।,इसके चलते दोनों सदनों में प्रश्नकाल की कार्यवाही स्थगित करनी पड़ी और इस प्रकरण पर चर्चा कराई गई।
test,test-s999,"सदस्यों ने गुड़गाँव के उपायुक्त, एसएसपी और अन्य दोषी पुलिस अधिकारियों को तत्काल बरखास्त करने, घायलों को एक से पाँच लाख तक मुआवज़ा देने, मजदूरों से संबंधित कानूनों को कड़ा बनाने, पूरे प्रकरण की न्यायिक जाँच कराए जाने तथा हुड्डा सरकार को बरखास्त करने की माँग की ।","सदस्यों ने गुड़गाँव के उपायुक्त, एसएसपी और अन्य दोषी पुलिस अधिकारियों को तत्काल बरखास्त करने, घायलों को एक से पाँच लाख तक मुआवज़ा देने, मजदूरों से संबंधित कानूनों को कड़ा बनाने, पूरे प्रकरण की न्यायिक जाँच कराए जाने तथा हुड्डा सरकार को बरखास्त करने की माँग की।"
test,test-s1000,लोकसभा में कार्यवाही शुरू होते ही सीपीएम के गुरुदास दासगुप्ता ने सदन में खून से सना कपड़ा लहराते हुए इस घटना को उठाया ।,लोकसभा में कार्यवाही शुरू होते ही सीपीएम के गुरुदास दासगुप्ता ने सदन में खून से सना कपड़ा लहराते हुए इस घटना को उठाया।
test,test-s1012,पाटिल ने इस बात का खंडन किया कि मंगलवार को गुड़गाँव अस्पताल में फिर मजदूरों और उनके परिजनों पर लाठीचार्ज किया गया ।,पाटिल ने इस बात का खंडन किया कि मंगलवार को गुड़गाँव अस्पताल में फिर मजदूरों और उनके परिजनों पर लाठीचार्ज किया गया।
test,test-s1018,लोकसभा में भाजपा के नेता लालकृष्ण आडवाणी ने कहा कि गृहमंत्री ने गुड़गाँव पुलिस का बयान दोहरा दिया है ।,लोकसभा में भाजपा के नेता लालकृष्ण आडवाणी ने कहा कि गृहमंत्री ने गुड़गाँव पुलिस का बयान दोहरा दिया है।
test,test-s1019,"राज्यसभा में राम जेठमलानी ने सवाल खड़ा किया कि धारा 144 का उल्लंघन करने पर लाठीचार्ज किया जाए, यह कानून की किस किताब में लिखा है ।","राज्यसभा में राम जेठमलानी ने सवाल खड़ा किया कि धारा 144 का उल्लंघन करने पर लाठीचार्ज किया जाए, यह कानून की किस किताब में लिखा है।"
test,test-s1025,गाँवों को सड़कों से जोड़ने के मामले में फिसड्डी साबित हो रहे राज्यों को अब हर साल पहले से दो - तीन गुना ज्यादा सड़कें बनानी होंगी ।,गाँवों को सड़कों से जोड़ने के मामले में फिसड्डी साबित हो रहे राज्यों को अब हर साल पहले से दो-तीन गुना ज्यादा सड़कें बनानी होंगी।
test,test-s1026,प्रधानमंत्री ग्राम सड़क योजना को 'भारत निर्माण' योजना के दायरे में लाने के बाद अगले चार सालों में सभी गाँवों को सड़कों से जोड़ने के लिए केंन्द्र अब राज्यों की लगाम कसने की तैयारी में है ।,प्रधानमंत्री ग्राम सड़क योजना को 'भारत निर्माण' योजना के दायरे में लाने के बाद अगले चार सालों में सभी गाँवों को सड़कों से जोड़ने के लिए केंन्द्र अब राज्यों की लगाम कसने की तैयारी में है।
test,test-s1027,"अब जो राज्य तय समय पर लक्ष्य पूरा नहीं कर पाएंगे उनके हिस्से का पैसा, उन राज्यों को देने का प्रस्ताव है जो समय पर ग्रामीण सड़कें बना रहे हैं ।","अब जो राज्य तय समय पर लक्ष्य पूरा नहीं कर पाएंगे उनके हिस्से का पैसा, उन राज्यों को देने का प्रस्ताव है जो समय पर ग्रामीण सड़कें बना रहे हैं।"
test,test-s1031,जबकि मंत्रालय का दावा है कि वर्ष २००१ से शुरू इस प्रधानमंत्री ग्राम सड़क योजना के तहत अब तक कुल ४० करोड़ मानव कार्य दिवसों का सृजन हुआ ।,जबकि मंत्रालय का दावा है कि वर्ष २००१ से शुरू इस प्रधानमंत्री ग्राम सड़क योजना के तहत अब तक कुल ४० करोड़ मानव कार्य दिवसों का सृजन हुआ।
test,test-s1034,वर्ष २००९ - १० तक पहाड़ी क्षेत्रों के पाँच सौ और शेष इलाके के एक हजार आबादी वाले सभी गाँवों को सड़कों से जोड़ना है ।,वर्ष २००९-१० तक पहाड़ी क्षेत्रों के पाँच सौ और शेष इलाके के एक हजार आबादी वाले सभी गाँवों को सड़कों से जोड़ना है।
test,test-s1035,"मंत्रालय के आंकड़े गवाह हैं कि साल २००१ से इस योजना के तहत मंजूर १,२७,३५७ किलोमीटर सड़क में मात्र ७७,४५५ किमी सड़क ही बन पाई है ।","मंत्रालय के आंकड़े गवाह हैं कि साल २००१ से इस योजना के तहत मंजूर १,२७,३५७ किलोमीटर सड़क में मात्र ७७,४५५ किमी सड़क ही बन पाई है।"
test,test-s1036,अब भारत निर्माण योजना के तहत अगले चार सालों में कुल ६६ हजार गाँवों को जोड़ने के लिए १.४० लाख किमी सड़क बनाई जानी है ।,अब भारत निर्माण योजना के तहत अगले चार सालों में कुल ६६ हजार गाँवों को जोड़ने के लिए १.४० लाख किमी सड़क बनाई जानी है।
test,test-s1037,इसके लिए कुल ४८ हजार करोड़ रुपये का बजट है ।,इसके लिए कुल ४८ हजार करोड़ रुपये का बजट है।
test,test-s1038,मौजूदा वित्तीय वर्ष में ४२ सौ करोड़ के बजट के साथ १६ हजार किमी सड़क बनाने का लक्ष्य है ।,मौजूदा वित्तीय वर्ष में ४२ सौ करोड़ के बजट के साथ १६ हजार किमी सड़क बनाने का लक्ष्य है।
test,test-s1039,लेकिन भारत निर्माण योजना में आने के बाद अब हर १२ हजार करोड़ रुपये खर्च करके ३५ हजार किमी सड़क बनानी होगी ।,लेकिन भारत निर्माण योजना में आने के बाद अब हर १२ हजार करोड़ रुपये खर्च करके ३५ हजार किमी सड़क बनानी होगी।
test,test-s1042,इनके अलावा केंद्र की चिंता उन १० राज्यों को लेकर भी है जहाँ सड़क संपर्क बहुत कम है ।,इनके अलावा केंद्र की चिंता उन १० राज्यों को लेकर भी है जहाँ सड़क संपर्क बहुत कम है।
test,test-s1043,"इनमें उत्तर प्रदेश, हिमाचल प्रदेश, असम, पश्चिम बंगाल, बिहार, राजस्थान, झारखंड, उड़ीसा, छत्तीसगढ़ और मध्य प्रदेश हैं ।","इनमें उत्तर प्रदेश, हिमाचल प्रदेश, असम, पश्चिम बंगाल, बिहार, राजस्थान, झारखंड, उड़ीसा, छत्तीसगढ़ और मध्य प्रदेश हैं।"
test,test-s1044,जबकि मौजूदा वित्तीय वर्ष के लिए आबंटित ३४८० करोड़ रुपये पाने के लिए अभी तक ज्यादातर राज्य अपने प्रस्ताव तक नहीं भेज पाए हैं ।,जबकि मौजूदा वित्तीय वर्ष के लिए आबंटित ३४८० करोड़ रुपये पाने के लिए अभी तक ज्यादातर राज्य अपने प्रस्ताव तक नहीं भेज पाए हैं।
test,test-s1047,इस मामले में 'विजन डॉक्यूमेंट' के अध्ययन के लिए विशेषज्ञ समिति गठित की गयी थी ।,इस मामले में 'विजन डॉक्यूमेंट' के अध्ययन के लिए विशेषज्ञ समिति गठित की गयी थी।
test,test-s1061,भारत एक अरब की आबादी के साथ दुनिया का सबसे बड़ा लोकतंत्र है और अमेरिका की कारोबारी यहाँ की उभरती अर्थ - व्यवस्था पर नज़र गड़ाए हुए है ।,भारत एक अरब की आबादी के साथ दुनिया का सबसे बड़ा लोकतंत्र है और अमेरिका की कारोबारी यहाँ की उभरती अर्थ-व्यवस्था पर नज़र गड़ाए हुए है।
test,test-s1067,"बुश ने कहा कि भारत में मध्यम वर्गीय लोग एयर कंडिश्नर, वाशिंग मशीन और किचन अप्लाइंसेज़ का इस्तेमाल करते हैं ।","बुश ने कहा कि भारत में मध्यम वर्गीय लोग एयर कंडिश्नर, वाशिंग मशीन और किचन अप्लाइंसेज़ का इस्तेमाल करते हैं।"
test,test-s1069,कुछ अमेरिकियों का मानना है कि भारत चीन की बढ़ती ताकत का मुकाबला कर सकता है जिसे अमेरिका अपना प्रतिद्वंद्वी मानता है ।,कुछ अमेरिकियों का मानना है कि भारत चीन की बढ़ती ताकत का मुकाबला कर सकता है जिसे अमेरिका अपना प्रतिद्वंद्वी मानता है।
test,test-s1071,इसके साथ ही इससे परमाणु अप्रसार की कोशिशों पर बुरा असर पड़ेगा ।,इसके साथ ही इससे परमाणु अप्रसार की कोशिशों पर बुरा असर पड़ेगा।
test,test-s1073,जापान के विज्ञान - दूत 'क्विरिओ' रोबोट ने मंगलवार को ठुमके लगाकर राजधानी के बच्चों का दिल जीत लिया ।,जापान के विज्ञान-दूत 'क्विरिओ' रोबोट ने मंगलवार को ठुमके लगाकर राजधानी के बच्चों का दिल जीत लिया।
test,test-s1074,वह मुँह के बल गिरा तो बिना किसी की मदद के खुद ही खड़ा हो गया ।,वह मुँह के बल गिरा तो बिना किसी की मदद के खुद ही खड़ा हो गया।
test,test-s1092,"इंजीनियरों ने बताया कि क्विरियो दुनिया का पहला ऐसा रोबोट है, जो दौड़ भी सकता है ।","इंजीनियरों ने बताया कि क्विरियो दुनिया का पहला ऐसा रोबोट है, जो दौड़ भी सकता है।"
test,test-s1097,भारत ने बांग्लादेश को भरोसा दिलाया कि वह नदियों को जोड़ने की योजना पर संबंधित क्षेत्रीय देशों से विचार - विमर्श किए बगैर अमल नहीं करेगा ।,भारत ने बांग्लादेश को भरोसा दिलाया कि वह नदियों को जोड़ने की योजना पर संबंधित क्षेत्रीय देशों से विचार-विमर्श किए बगैर अमल नहीं करेगा।
test,test-s1103,खान ने कहा कि बंगाल की खाड़ी में गिरने वाली भारत की सभी नदियाँ बांग्लादेश से होकर गुजरती हैं ।,खान ने कहा कि बंगाल की खाड़ी में गिरने वाली भारत की सभी नदियाँ बांग्लादेश से होकर गुजरती हैं।
test,test-s1104,इन्हीं नदियों के कारण हर साल बाढ़ आती है ।,इन्हीं नदियों के कारण हर साल बाढ़ आती है।
test,test-s1105,इसके अलावा मनमोहन सिंह ने वादा किया है कि भारत बांग्लादेशी सामानों के लिए बड़ा बाजार उपलब्ध कराता रहेगा ।,इसके अलावा मनमोहन सिंह ने वादा किया है कि भारत बांग्लादेशी सामानों के लिए बड़ा बाजार उपलब्ध कराता रहेगा।
test,test-s1108,"हत्या, अपहरण, लूट व फिरौती जैसे २४ संगीन मामलों में नामजद अंतर्राज्यीय बदमाश अनिल भगते मंगलवार तड़के कुंडली थाना क्षेत्र के गाँव नांगल कलां में हरियाणा व दिल्ली पुलिस की संयुक्त टीम की कार्रवाई के दौरान मुठभेड़ में मारा गया ।","हत्या, अपहरण, लूट व फिरौती जैसे २४ संगीन मामलों में नामजद अंतर्राज्यीय बदमाश अनिल भगते मंगलवार तड़के कुंडली थाना क्षेत्र के गाँव नांगल कलां में हरियाणा व दिल्ली पुलिस की संयुक्त टीम की कार्रवाई के दौरान मुठभेड़ में मारा गया।"
test,test-s1114,थोड़ी ही देर में सभी टीमें प्याऊ मनियारी पहुँच गईं ।,थोड़ी ही देर में सभी टीमें प्याऊ मनियारी पहुँच गईं।
test,test-s1116,सिहाग के अनुसार तड़के करीब साढ़े चार बजे पुलिस की तीन टीमों ने संजय के निवास को घेर लिया ।,सिहाग के अनुसार तड़के करीब साढ़े चार बजे पुलिस की तीन टीमों ने संजय के निवास को घेर लिया।
test,test-s1118,नेहरा ने सीढ़ियाँ चढ़कर चौबारे के सामने सो रहे अनिल भगते को आत्म - समर्पण की चेतावनी दी ।,नेहरा ने सीढ़ियाँ चढ़कर चौबारे के सामने सो रहे अनिल भगते को आत्म-समर्पण की चेतावनी दी।
test,test-s1120,"जवाब में पुलिस ने भी गोलियाँ चलाईं, जिसमें भगते ज़ख्मी होकर चौबारे के दरवाजे के सामने गिर पड़ा ।","जवाब में पुलिस ने भी गोलियाँ चलाईं, जिसमें भगते ज़ख्मी होकर चौबारे के दरवाजे के सामने गिर पड़ा।"
test,test-s1121,हेड काँस्टेबल आज़ाद सिंह और राज सिंह ने तत्काल उसे दबोच लिया ।,हेड काँस्टेबल आज़ाद सिंह और राज सिंह ने तत्काल उसे दबोच लिया।
test,test-s1124,"उसकी हालत बिगड़ने पर परिजनों ने उसे एक निजी अस्पताल में भर्ती कराया, जहाँ उपचार के दौरान उसकी मौत हो गई ।","उसकी हालत बिगड़ने पर परिजनों ने उसे एक निजी अस्पताल में भर्ती कराया, जहाँ उपचार के दौरान उसकी मौत हो गई।"
test,test-s1126,उस पर कुल डेढ़ लाख रुपये का इनाम घोषित था ।,उस पर कुल डेढ़ लाख रुपये का इनाम घोषित था।
test,test-s1127,बहुजन समाज पार्टी (बसपा) नेता कांशी राम के इलाज को लेकर चल रहा विवाद खत्म होता नज़र नहीं आ रहा है ।,बहुजन समाज पार्टी (बसपा) नेता कांशी राम के इलाज को लेकर चल रहा विवाद खत्म होता नज़र नहीं आ रहा है।
test,test-s1135,"पुलिस ने बताया कि आतंकियों ने २४ लोगों का अपहरण किया था, जिसमें से छह की बांग्लादेश के दक्षिण पूर्व में स्थित चिटगाँव पहाड़ियों में हत्या कर दी गई ।","पुलिस ने बताया कि आतंकियों ने २४ लोगों का अपहरण किया था, जिसमें से छह की बांग्लादेश के दक्षिण पूर्व में स्थित चिटगाँव पहाड़ियों में हत्या कर दी गई।"
test,test-s1139,पुलिस को हिंसक प्रदर्शन पर नियंत्रण पाने के लिए हवा में गोली चलानी पड़ी और आँसू गैस के गोले छोड़ने पड़े ।,पुलिस को हिंसक प्रदर्शन पर नियंत्रण पाने के लिए हवा में गोली चलानी पड़ी और आँसू गैस के गोले छोड़ने पड़े।
test,test-s1142,इस मुठभेड़ में बीएसएफ का एक जवान भी घायल हो गया ।,इस मुठभेड़ में बीएसएफ का एक जवान भी घायल हो गया।
test,test-s1144,रहमान राजोरी जिले के मनयाल में सुरक्षा - बलों के साथ मुठभेड़ में मारा गया ।,रहमान राजोरी जिले के मनयाल में सुरक्षा-बलों के साथ मुठभेड़ में मारा गया।
test,test-s1145,मुठभेड़ के स्थान से एक ए. के. राइफल व दो आईडी बरामद किया गया ।,मुठभेड़ के स्थान से एक ए. के. राइफल व दो आईडी बरामद किया गया।
test,test-s1148,एक अन्य घटना में श्रीनगर में शनिवार को पुलिस के साथ मुठभेड़ में हिजबुल मुजाहिदीन का एक कट्टर आतंकी मारा गया ।,एक अन्य घटना में श्रीनगर में शनिवार को पुलिस के साथ मुठभेड़ में हिजबुल मुजाहिदीन का एक कट्टर आतंकी मारा गया।
test,test-s1149,इस मुठभेड़ में पुलिस का एक सब इंस्पेक्टर भी घायल हो गया ।,इस मुठभेड़ में पुलिस का एक सब इंस्पेक्टर भी घायल हो गया।
test,test-s1166,इस दौर की वार्ता का मुख्य उद्देश्य एनएससीएन - आईएम द्वारा युद्ध विराम की अवधि बढ़ाने पर सहमति सुनिश्चित कराना है ।,इस दौर की वार्ता का मुख्य उद्देश्य एनएससीएन-आईएम द्वारा युद्ध विराम की अवधि बढ़ाने पर सहमति सुनिश्चित कराना है।
test,test-s1171,यह समिति रक्षा मंत्री प्रणब मुखर्जी के नेतृत्व में मंत्रियों के समूह को निवेदकों के अंतिम चयन के लिए तय नियमों के बारे में और जरूरत पड़ने पर इसके विकल्प सुझाने में सलाह देगी ।,यह समिति रक्षा मंत्री प्रणब मुखर्जी के नेतृत्व में मंत्रियों के समूह को निवेदकों के अंतिम चयन के लिए तय नियमों के बारे में और जरूरत पड़ने पर इसके विकल्प सुझाने में सलाह देगी।
test,test-s1176,"पश्चिम बंगाल विधानसभा चुनावों में तृणमूल कांग्रेस अध्यक्ष ममता बनर्जी से कांग्रेस के हाथ मिलाने की संभावना के बारे में सिंह ने कहा कि उनकी पार्टी इस विकल्प के खिलाफ नहीं है, लेकिन उन्हें पहले अपने संबंध भाजपा से तोड़ने होंगे ।","पश्चिम बंगाल विधानसभा चुनावों में तृणमूल कांग्रेस अध्यक्ष ममता बनर्जी से कांग्रेस के हाथ मिलाने की संभावना के बारे में सिंह ने कहा कि उनकी पार्टी इस विकल्प के खिलाफ नहीं है, लेकिन उन्हें पहले अपने संबंध भाजपा से तोड़ने होंगे।"
test,test-s1179,पुष्पा सिन्हा के उपन्यास 'महिलानामा' को प्रथम पुरस्कार के लिए चुना गया है ।,पुष्पा सिन्हा के उपन्यास 'महिलानामा' को प्रथम पुरस्कार के लिए चुना गया है।
test,test-s1181,आयोग ने मानवाधिकार विषय पर जागरूकता फैलाने और मानवीय संवेदना जगाने के मक़सद से 1998 से इस पुरस्कार की शुरुआत की थी ।,आयोग ने मानवाधिकार विषय पर जागरूकता फैलाने और मानवीय संवेदना जगाने के मक़सद से 1998 से इस पुरस्कार की शुरुआत की थी।
test,test-s1182,दूसरे पुरस्कार के लिए सत्य नारायण साबत की पुस्तक 'भारतीय संस्कृति में मानवाधिकार की अवधारणा' को चुना गया है ।,दूसरे पुरस्कार के लिए सत्य नारायण साबत की पुस्तक 'भारतीय संस्कृति में मानवाधिकार की अवधारणा' को चुना गया है।
test,test-s1183,"तीसरे पुरस्कार के लिए आरसी मिश्रा की पुस्तक 'मानवाधिकार संरक्षण विशेष संदर्भ, अपराधियों का निरोध एवं उपचार' को चुना गया है ।","तीसरे पुरस्कार के लिए आरसी मिश्रा की पुस्तक 'मानवाधिकार संरक्षण विशेष संदर्भ, अपराधियों का निरोध एवं उपचार' को चुना गया है।"
test,test-s1186,वित्त वर्ष 2006 - 07 के बजट में स्टील क्षेत्र के शुल्क ढाँचे में व्यापक बदलाव किए जाने का असर घरेलू बाजार में इस्पात की कीमतों में बढ़ोतरी के रूप में सामने आएगा ।,वित्त वर्ष 2006-07 के बजट में स्टील क्षेत्र के शुल्क ढाँचे में व्यापक बदलाव किए जाने का असर घरेलू बाजार में इस्पात की कीमतों में बढ़ोतरी के रूप में सामने आएगा।
test,test-s1187,"जिंदल स्टील के प्रबंध निदेशक व सांसद नवीन जिंदल ने 'अमर उजाला' को बताया कि स्क्रैप पर पाँच फीसदी ड्यूटी लगाए जाने से इसके बढ़ते आयात पर लगाम लगाने में मदद मिलेगी, जिससे घरेलू स्पॉन्ज आयरन उद्योग को सीधा लाभ होगा ।","जिंदल स्टील के प्रबंध निदेशक व सांसद नवीन जिंदल ने 'अमर उजाला' को बताया कि स्क्रैप पर पाँच फीसदी ड्यूटी लगाए जाने से इसके बढ़ते आयात पर लगाम लगाने में मदद मिलेगी, जिससे घरेलू स्पॉन्ज आयरन उद्योग को सीधा लाभ होगा।"
test,test-s1188,बजट - 06 पेश करते हुए वित्त मंत्री पी. चिदंबरम् ने सभी ग़ैर - कृषि उत्पादों पर सीमा शुल्क की उच्च दर को 15 से घटाकर 12.5 फीसदी करने की घोषणा की ।,बजट-06 पेश करते हुए वित्त मंत्री पी. चिदंबरम् ने सभी ग़ैर-कृषि उत्पादों पर सीमा शुल्क की उच्च दर को 15 से घटाकर 12.5 फीसदी करने की घोषणा की।
test,test-s1191,इस स्थिति में आने वाले समय में स्टील की घरेलू माँग में खासी बढ़ोतरी होने की उम्मीद है ।,इस स्थिति में आने वाले समय में स्टील की घरेलू माँग में खासी बढ़ोतरी होने की उम्मीद है।
test,test-s1196,यूपीए सरकार की नीतियों का ही नतीजा है कि चालू वित्त वर्ष के दौरान आर्थिक विकास दर 8.1 फीसदी रहने की उम्मीद है और आने वाले समय में यह बढ़कर 10 फीसदी पर पहुँचने की संभावना है ।,यूपीए सरकार की नीतियों का ही नतीजा है कि चालू वित्त वर्ष के दौरान आर्थिक विकास दर 8.1 फीसदी रहने की उम्मीद है और आने वाले समय में यह बढ़कर 10 फीसदी पर पहुँचने की संभावना है।
test,test-s1198,बजट पर प्रतिक्रिया देते हुए योजना आयोग के सदस्य प्रो. भाल चंद्र मुंगेकर के मुताबिक उच्च और तकनीक़ी शिक्षा की जरूरत को देखते हुए इसके लिए आवंटित बजट अपर्याप्त है ।,बजट पर प्रतिक्रिया देते हुए योजना आयोग के सदस्य प्रो. भाल चंद्र मुंगेकर के मुताबिक उच्च और तकनीक़ी शिक्षा की जरूरत को देखते हुए इसके लिए आवंटित बजट अपर्याप्त है।
test,test-s1199,मुंगेकर ने कहा कि हालांकि पिछले साल के 2700 करोड़ के मुकाबले इस साल 3600 करोड़ रुपये का प्रावधान हुआ है ।,मुंगेकर ने कहा कि हालांकि पिछले साल के 2700 करोड़ के मुकाबले इस साल 3600 करोड़ रुपये का प्रावधान हुआ है।
test,test-s1200,कुल 1 लाख 72 हजार करोड़ रुपये के बजट प्रावधान के भारत निर्माण कार्यक्रम पर संतोष किया जा सकता है लेकिन उच्च तथा तकनीक़ी शिक्षा के लिए कुछ खास नहीं है ।,कुल 1 लाख 72 हजार करोड़ रुपये के बजट प्रावधान के भारत निर्माण कार्यक्रम पर संतोष किया जा सकता है लेकिन उच्च तथा तकनीक़ी शिक्षा के लिए कुछ खास नहीं है।
test,test-s1203,मिड - डे मील योजना की राशि को भी 3010 से बढ़ाकर 4813 करोड़ रुपये कर दिया गया है ।,मिड-डे मील योजना की राशि को भी 3010 से बढ़ाकर 4813 करोड़ रुपये कर दिया गया है।
test,test-s1204,कृषि विश्वविद्यालय लुधियाना को विशेष अनुदान के तहत 100 करोड़ रुपये दिए गए ।,कृषि विश्वविद्यालय लुधियाना को विशेष अनुदान के तहत 100 करोड़ रुपये दिए गए।
test,test-s1206,"कोलकाता, मद्रास व मुंबई विश्वविद्यालय को विशिष्ट अनुसंधान विभाग की स्थापना के लिए 50 - 50 करोड़ रुपये दिए जाएँगे ।","कोलकाता, मद्रास व मुंबई विश्वविद्यालय को विशिष्ट अनुसंधान विभाग की स्थापना के लिए 50-50 करोड़ रुपये दिए जाएँगे।"
test,test-s1207,भोपाल गैस कांड के पीड़ितों के पुनर्वास के लिए गठित निगरानी कमेटी को सुप्रीम कोर्ट ने दो सप्ताह में शपथ पेश करने का निर्देश दिया है ।,भोपाल गैस कांड के पीड़ितों के पुनर्वास के लिए गठित निगरानी कमेटी को सुप्रीम कोर्ट ने दो सप्ताह में शपथ पेश करने का निर्देश दिया है।
test,test-s1208,न्यायमूर्ति बी. एन. श्रीकृष्णा और न्यायमूर्ति लोकेश्वर सिंह पांटा की खंडपीठ ने भोपाल गैस पीड़ित महिला संगठन व अन्य की याचिका पर सुनवाई के दौरान मध्य प्रदेश सरकार और निगरानी कमेटी द्वारा पेश रिपोर्ट देखने के बाद कहा कि कोर्ट इस रिपोर्ट से संतुष्ट नहीं है ।,न्यायमूर्ति बी. एन. श्रीकृष्णा और न्यायमूर्ति लोकेश्वर सिंह पांटा की खंडपीठ ने भोपाल गैस पीड़ित महिला संगठन व अन्य की याचिका पर सुनवाई के दौरान मध्य प्रदेश सरकार और निगरानी कमेटी द्वारा पेश रिपोर्ट देखने के बाद कहा कि कोर्ट इस रिपोर्ट से संतुष्ट नहीं है।
test,test-s1209,खंडपीठ ने कहा कि अस्पताल में गैस पीड़ितों के लिए क्या - क्या सुविधाएँ विशेष तौर पर उपलब्ध कराई जाएँ - - निगरानी कमेटी दो सप्ताह में शपथ पेश करके बताए ।,खंडपीठ ने कहा कि अस्पताल में गैस पीड़ितों के लिए क्या-क्या सुविधाएँ विशेष तौर पर उपलब्ध कराई जाएँ-- निगरानी कमेटी दो सप्ताह में शपथ पेश करके बताए।
test,test-s1212,भोपाल गैस पीड़ितों के पुनर्वास के लिए निगरानी कमेटी की द्वितीय और तृतीय रिपोर्ट पेश की गई ।,भोपाल गैस पीड़ितों के पुनर्वास के लिए निगरानी कमेटी की द्वितीय और तृतीय रिपोर्ट पेश की गई।
test,test-s1213,"गौरतलब है कि गैस रिलीफ, भोपाल के चीफ मेडिकल एंड हेल्थ ऑफिसर द्वारा पेश कार्रवाई रिपोर्ट में बताया गया था कि गैस पीड़ितों के लिये कई कदम उठाए गए हैं ।","गौरतलब है कि गैस रिलीफ, भोपाल के चीफ मेडिकल एंड हेल्थ ऑफिसर द्वारा पेश कार्रवाई रिपोर्ट में बताया गया था कि गैस पीड़ितों के लिये कई कदम उठाए गए हैं।"
test,test-s1215,गैस पीड़ितों को मुफ्त दवाईयाँ उपलब्ध कराई जा रही हैं ।,गैस पीड़ितों को मुफ्त दवाईयाँ उपलब्ध कराई जा रही हैं।
test,test-s1217,अफगानिस्तान में सड़क निर्माण के लिए भेजी जा रही सौ टन विस्फोटक की खेप गायब हो जाने से सुरक्षा एजेंसियों की नींद उड़ गई है ।,अफगानिस्तान में सड़क निर्माण के लिए भेजी जा रही सौ टन विस्फोटक की खेप गायब हो जाने से सुरक्षा एजेंसियों की नींद उड़ गई है।
test,test-s1218,चट्टानों और पहाड़ियों को विस्फोटकों से उड़ाकर राजमार्ग के निर्माण के लिए मुंबई से ईरान होते हुए यह खेप अफगानिस्तान भेजी जा रही थी ।,चट्टानों और पहाड़ियों को विस्फोटकों से उड़ाकर राजमार्ग के निर्माण के लिए मुंबई से ईरान होते हुए यह खेप अफगानिस्तान भेजी जा रही थी।
test,test-s1220,सीमा सड़क संगठन (बीआरओ) वहाँ सड़क निर्माण का काम कर रहा है ।,सीमा सड़क संगठन (बीआरओ) वहाँ सड़क निर्माण का काम कर रहा है।
test,test-s1223,वहाँ से इस खेप को सड़क मार्ग से अफगानिस्तान ले जाना था ।,वहाँ से इस खेप को सड़क मार्ग से अफगानिस्तान ले जाना था।
test,test-s1232,उन्होंने कहा कि सभी कंटेनर समुद्र तल में पड़े होंगे ।,उन्होंने कहा कि सभी कंटेनर समुद्र तल में पड़े होंगे।
test,test-s1234,वरिष्ठ पुलिस अधिकारियों के मुताबिक एक बिजली इकाई के नक़दी जमा केंद्र को लूटने की योजना बनाते वक्त इन लोगों को गिरफ्तार किया गया ।,वरिष्ठ पुलिस अधिकारियों के मुताबिक एक बिजली इकाई के नक़दी जमा केंद्र को लूटने की योजना बनाते वक्त इन लोगों को गिरफ्तार किया गया।
test,test-s1235,"पश्चिमी क्षेत्र के अतिरिक्त उपायुक्त बिपिन बिहारी ने बताया कि प्रथम दृष्टि से देवेन्द्र जगताप उर्फ जे. डी., नरेश हुकुमचंद उर्फ कालिया, सरदार खान उर्फ शकील और सबीर खान छोटा राजन गिरोह से जुड़े मालूम होते हैं ।","पश्चिमी क्षेत्र के अतिरिक्त उपायुक्त बिपिन बिहारी ने बताया कि प्रथम दृष्टि से देवेन्द्र जगताप उर्फ जे. डी., नरेश हुकुमचंद उर्फ कालिया, सरदार खान उर्फ शकील और सबीर खान छोटा राजन गिरोह से जुड़े मालूम होते हैं।"
test,test-s1236,उन्होंने बताया कि ये लोग जुहू स्थित कॉपर चिमनी रेस्टोरेंट के बाहर रिलायंस एनर्जी के नक़दी जमा केंद्र को लूटने की फिराक़ में थे ।,उन्होंने बताया कि ये लोग जुहू स्थित कॉपर चिमनी रेस्टोरेंट के बाहर रिलायंस एनर्जी के नक़दी जमा केंद्र को लूटने की फिराक़ में थे।
test,test-s1238,सूत्रों के मुताबिक़ जे. डी. के खिलाफ नवघर पुलिस स्टेशन में पहले से लूट और हत्या के मामले दर्ज हैं ।,सूत्रों के मुताबिक़ जे. डी. के खिलाफ नवघर पुलिस स्टेशन में पहले से लूट और हत्या के मामले दर्ज हैं।
test,test-s1239,हाईकोर्ट के निर्देश पर अमल करते हुए पॉश इलाक़े ग्रेटर कैलाश पार्ट - 1 स्थित पूर्व क्रिकेटर कपिलदेव की पत्नी रोमी देव के रिहायशी मकान में चल रही गारमेंट की दुकान नगर निगम ने शुक्रवार को सील कर दी ।,हाईकोर्ट के निर्देश पर अमल करते हुए पॉश इलाक़े ग्रेटर कैलाश पार्ट-1 स्थित पूर्व क्रिकेटर कपिलदेव की पत्नी रोमी देव के रिहायशी मकान में चल रही गारमेंट की दुकान नगर निगम ने शुक्रवार को सील कर दी।
test,test-s1245,इस रियायती मकान के एक हिस्से में गत लगभग छह महीने से 'दिस एन दैट' नाम से गारमेंट की दुकान चल रही थी ।,इस रियायती मकान के एक हिस्से में गत लगभग छह महीने से 'दिस एन दैट' नाम से गारमेंट की दुकान चल रही थी।
test,test-s1248,निगम के दक्षिण क्षेत्र के कार्यकारी अभियंता आर. बी. एस. बंसल ने अपने हलफनामे में अदालत से कहा था कि 'दिस एन दैट' रेडिमेड गारमेंट की मालकिन रोमी देव ने निर्माण पूरा होने या कब्जा पाने का प्रमाण लिए बिना इस महत्वपूर्ण स्थल पर कब्जा कर रखा है ।,निगम के दक्षिण क्षेत्र के कार्यकारी अभियंता आर. बी. एस. बंसल ने अपने हलफनामे में अदालत से कहा था कि 'दिस एन दैट' रेडिमेड गारमेंट की मालकिन रोमी देव ने निर्माण पूरा होने या कब्जा पाने का प्रमाण लिए बिना इस महत्वपूर्ण स्थल पर कब्जा कर रखा है।
test,test-s1293,पूर्वी सीमा पर अवैध घुसपैठ की समस्या के समाधान के लिए भारत ने शुक्रवार को बांग्लादेश से 'एक उपयुक्त व्यवस्था या प्रोटोकॉल' स्थापित करने को कहा है ।,पूर्वी सीमा पर अवैध घुसपैठ की समस्या के समाधान के लिए भारत ने शुक्रवार को बांग्लादेश से 'एक उपयुक्त व्यवस्था या प्रोटोकॉल' स्थापित करने को कहा है।
test,test-s1307,पिछले हफ्ते झारखंड में 4 नाबालिग जनजातीय लड़कियों से बलात्कार करने के आरोप में 8 लोगों को गिरफ्तार किया गया है ।,पिछले हफ्ते झारखंड में 4 नाबालिग जनजातीय लड़कियों से बलात्कार करने के आरोप में 8 लोगों को गिरफ्तार किया गया है।
test,test-s1310,दर्द ने बताया कि सभी अपराधियों ने स्थानीय लोगों और मीडिया के समक्ष अपना जुर्म क़बूल किया है ।,दर्द ने बताया कि सभी अपराधियों ने स्थानीय लोगों और मीडिया के समक्ष अपना जुर्म क़बूल किया है।
test,test-s1311,उन्होंने कहा कि लड़कियों की चिकित्सा जाँच से बलात्कार की पुष्टि हुई है ।,उन्होंने कहा कि लड़कियों की चिकित्सा जाँच से बलात्कार की पुष्टि हुई है।
test,test-s1315,सभी लड़कियाँ अपने कार्य - स्थल से घर वापस लौट रहीँ थीं ।,सभी लड़कियाँ अपने कार्य-स्थल से घर वापस लौट रहीँ थीं।
test,test-s1316,उल्लेखनीय है कि लड़कियाँ मजदूरी करती हैं ।,उल्लेखनीय है कि लड़कियाँ मजदूरी करती हैं।
test,test-s1317,"बिहार में 13 नवंबर को होने वाले तीसरे चरण के चुनाव के मद्देनज़र माओवादी छापामारों की धमकियों को देखते हुए नेपाल, पश्चिम बंगाल और उत्तर प्रदेश से लगी सीमाओं को सील करने का आदेश दिया गया है ।","बिहार में 13 नवंबर को होने वाले तीसरे चरण के चुनाव के मद्देनज़र माओवादी छापामारों की धमकियों को देखते हुए नेपाल, पश्चिम बंगाल और उत्तर प्रदेश से लगी सीमाओं को सील करने का आदेश दिया गया है।"
test,test-s1318,बिहार विधानसभा के दो चरणों के चुनाव शांतिपूर्ण ढंग से सम्पन्न होने से उत्साहित मुख्य चुनाव आयुक्त बी. बी. टंडन ने कहा कि तीसरे चरण के चुनाव के दरम्यान आयोग सुरक्षा की कड़ी व्यवस्था करेगा ।,बिहार विधानसभा के दो चरणों के चुनाव शांतिपूर्ण ढंग से सम्पन्न होने से उत्साहित मुख्य चुनाव आयुक्त बी. बी. टंडन ने कहा कि तीसरे चरण के चुनाव के दरम्यान आयोग सुरक्षा की कड़ी व्यवस्था करेगा।
test,test-s1319,तीसरे चरण के मतदान के दौरान नेपाल से सटे विधानसभा क्षेत्रों में बड़े पैमाने पर हिंसा की आंशका जताई जा रही है ।,तीसरे चरण के मतदान के दौरान नेपाल से सटे विधानसभा क्षेत्रों में बड़े पैमाने पर हिंसा की आंशका जताई जा रही है।
test,test-s1327,"इनमें से आधे क्षेत्र पूर्वी और पश्चिमी चंपारण, सीतामढ़ी और मधुबनी जिले के सीमावर्ती क्षेत्र हैं ।","इनमें से आधे क्षेत्र पूर्वी और पश्चिमी चंपारण, सीतामढ़ी और मधुबनी जिले के सीमावर्ती क्षेत्र हैं।"
test,test-s1330,इन लोगों पर वर्ष 2003 में 184 उम्मीदवारों को बिहार प्रशासनिक सेवा (बीएसएस) में प्रोन्नत करने के लिए आयोजित परीक्षा में गड़बड़ी करने का आरोप है ।,इन लोगों पर वर्ष 2003 में 184 उम्मीदवारों को बिहार प्रशासनिक सेवा (बीएसएस) में प्रोन्नत करने के लिए आयोजित परीक्षा में गड़बड़ी करने का आरोप है।
test,test-s1345,केंद्र ने बृहस्पतिवार को नौकरशाही में खाली पड़े कई पदों पर नियुक्तियाँ कीं ।,केंद्र ने बृहस्पतिवार को नौकरशाही में खाली पड़े कई पदों पर नियुक्तियाँ कीं।
test,test-s1346,जिसके तहत वजाहत हबीबुल्ला को नया केंद्रीय कपड़ा सचिव नियुक्त किया गया है ।,जिसके तहत वजाहत हबीबुल्ला को नया केंद्रीय कपड़ा सचिव नियुक्त किया गया है।
test,test-s1354,केंद्रीय गृह मंत्रालय में विशेष सचिव (जम्मू - कश्मीर) बी. बी. मिश्रा को उड़ीसा पुलिस का महानिदेशक नियुक्त किया गया है ।,केंद्रीय गृह मंत्रालय में विशेष सचिव (जम्मू-कश्मीर) बी. बी. मिश्रा को उड़ीसा पुलिस का महानिदेशक नियुक्त किया गया है।
test,test-s1359,सुरक्षा बलों की एकीकृत कमान के मुताबिक मध्य व दक्षिणी अंडमान के वाशिंदे जरवा जनजाति के लोग सुनामी लहरों के क़हर से बच गए हैं ।,सुरक्षा बलों की एकीकृत कमान के मुताबिक मध्य व दक्षिणी अंडमान के वाशिंदे जरवा जनजाति के लोग सुनामी लहरों के क़हर से बच गए हैं।
test,test-s1363,उन्होंने कहा कि जिरकातन नामक स्थान पर रहने वाले 300 से 400 की आबादी वाली जरवा जनजाति के लोगों को कोई नुक़सान नहीं पहुँचा है ।,उन्होंने कहा कि जिरकातन नामक स्थान पर रहने वाले 300 से 400 की आबादी वाली जरवा जनजाति के लोगों को कोई नुक़सान नहीं पहुँचा है।
test,test-s1367,ये लोग कैंपबेल की खाड़ी में एक अज्ञात तट पर रहते हैं ।,ये लोग कैंपबेल की खाड़ी में एक अज्ञात तट पर रहते हैं।
test,test-s1376,उनका कहना था कि चंगेज खाँ के साम्राज्यवादी मंसूबों की शुरुआत मात्र तीन लोगों की बैठक से हुई और इन्हीं तीन लोगों की सेना के बूते चंगेज खां ने अपना प्रभुत्व क़ायम कर डाला ।,उनका कहना था कि चंगेज खाँ के साम्राज्यवादी मंसूबों की शुरुआत मात्र तीन लोगों की बैठक से हुई और इन्हीं तीन लोगों की सेना के बूते चंगेज खां ने अपना प्रभुत्व क़ायम कर डाला।
test,test-s1377,उन्होंने कहा कि किसी भी लोकतांत्रिक व्यवस्था में ऐसा दृष्टांत उन्हें ढूँढ़े नहीं मिला ।,उन्होंने कहा कि किसी भी लोकतांत्रिक व्यवस्था में ऐसा दृष्टांत उन्हें ढूँढ़े नहीं मिला।
test,test-s1378,"ठाकुर ने आडवाणी और बाजपेयी की तुलना अमेरिकी जनरल सिमोन बोलिवर से भी की, जिसने 19वीं शताब्दी की शुरुआत में दक्षिण अमेरिका के उत्तरी भू - भाग से स्पेन की फौजों को खदेड़ने में अहम् भूमिका निभाई थी ।","ठाकुर ने आडवाणी और बाजपेयी की तुलना अमेरिकी जनरल सिमोन बोलिवर से भी की, जिसने 19वीं शताब्दी की शुरुआत में दक्षिण अमेरिका के उत्तरी भू-भाग से स्पेन की फौजों को खदेड़ने में अहम् भूमिका निभाई थी।"
test,test-s1380,पर वह मंच छोड़ने को राजी नहीं थे ।,पर वह मंच छोड़ने को राजी नहीं थे।
test,test-s1387,ठंड के मौसम में रेल यात्रियों की अतिरिक्त भीड़ के मद्देनज़र शुक्रवार को नई दिल्ली से मुंबई सेंट्रल के लिए एक राजधानी स्पेशल ट्रेन चलेगी ।,ठंड के मौसम में रेल यात्रियों की अतिरिक्त भीड़ के मद्देनज़र शुक्रवार को नई दिल्ली से मुंबई सेंट्रल के लिए एक राजधानी स्पेशल ट्रेन चलेगी।
test,test-s1389,"रास्ते में यह ट्रेन हज़रत निज़ामुद्दीन, कोटा, रतलाम, वडोदरा और सूरत स्टेशनों पर रुकेगी ।","रास्ते में यह ट्रेन हज़रत निज़ामुद्दीन, कोटा, रतलाम, वडोदरा और सूरत स्टेशनों पर रुकेगी।"
test,test-s1394,शांति प्रक्रिया की बहाली पर भी दोनों नेताओं ने संतोष ज़ाहिर किया ।,शांति प्रक्रिया की बहाली पर भी दोनों नेताओं ने संतोष ज़ाहिर किया।
test,test-s1401,जम्मू - कश्मीर के मनोनीत मुख्यमंत्री गुलाम नबी आज़ाद ने कहा है कि घाटी में शांति बहाल करना उनके सामने सबसे बड़ी चुनौती है ।,जम्मू-कश्मीर के मनोनीत मुख्यमंत्री गुलाम नबी आज़ाद ने कहा है कि घाटी में शांति बहाल करना उनके सामने सबसे बड़ी चुनौती है।
test,test-s1402,"जिस हीलिंग टच को मुख्यमंत्री मुफ्ती मोहम्मद सईद से जोड़ा जा रहा है, वह दरअसल कांग्रेस की नीति थी ।","जिस हीलिंग टच को मुख्यमंत्री मुफ्ती मोहम्मद सईद से जोड़ा जा रहा है, वह दरअसल कांग्रेस की नीति थी।"
test,test-s1404,केंद्रीय शहरी विकास मंत्री गुलाम नबी आज़ाद ने शनिवार को पत्रकारों से अनौपचारिक बात - चीत में कहा कि वह छोटा मंत्रिमंडल बनाना चाहते हैं ।,केंद्रीय शहरी विकास मंत्री गुलाम नबी आज़ाद ने शनिवार को पत्रकारों से अनौपचारिक बात-चीत में कहा कि वह छोटा मंत्रिमंडल बनाना चाहते हैं।
test,test-s1408,आजाद को इस बात पर भी काफी एतराज है कि 'हीलिंग टच' पॉलिसी को मुफ्ती मोहम्मद सईद से जोड़कर देखा जा रहा है ।,आजाद को इस बात पर भी काफी एतराज है कि 'हीलिंग टच' पॉलिसी को मुफ्ती मोहम्मद सईद से जोड़कर देखा जा रहा है।
test,test-s1409,उन्होंने कहा कि 'हीलिंग टच' पॉलिसी असल में कांग्रेस की देन है और विधानसभा चुनाव घोषणा में इसका वायदा किया गया है ।,उन्होंने कहा कि 'हीलिंग टच' पॉलिसी असल में कांग्रेस की देन है और विधानसभा चुनाव घोषणा में इसका वायदा किया गया है।
test,test-s1410,आज़ाद का कहना है कि घाटी में अमल बहाल करना उनके लिए बड़ी चुनौती है और इसके लिए वह सियासी व गैर सियासी पार्टियों का सहयोग लेंगे ।,आज़ाद का कहना है कि घाटी में अमल बहाल करना उनके लिए बड़ी चुनौती है और इसके लिए वह सियासी व गैर सियासी पार्टियों का सहयोग लेंगे।
test,test-s1413,आज़ाद इस बात पर भी काफी नाराज़ हैं कि मीडिया घाटी में कांग्रेस को काफी कम करके आँक रही है ।,आज़ाद इस बात पर भी काफी नाराज़ हैं कि मीडिया घाटी में कांग्रेस को काफी कम करके आँक रही है।
test,test-s1416,इसके अलावा घाटी की 47 में आठ सीट कांग्रेस ने पीडीपी के लिए छोड़ दी थी ।,इसके अलावा घाटी की 47 में आठ सीट कांग्रेस ने पीडीपी के लिए छोड़ दी थी।
test,test-s1418,भूमंडलीकरण का असर वहाँ भी नज़र आने लगा है ।,भूमंडलीकरण का असर वहाँ भी नज़र आने लगा है।
test,test-s1419,कश्मीरी आवाम भी हक़ीकत समझ गई है ।,कश्मीरी आवाम भी हक़ीकत समझ गई है।
test,test-s1420,"इसलिए, कश्मीर पर इसका कोई असर नहीं पड़ेगा ।","इसलिए, कश्मीर पर इसका कोई असर नहीं पड़ेगा।"
test,test-s1422,खुद उनके चुनाव के बारे में सवाल किए जाने पर आज़ाद ने कहा कि इस बारे में कुछ भी तय नहीं किया गया है ।,खुद उनके चुनाव के बारे में सवाल किए जाने पर आज़ाद ने कहा कि इस बारे में कुछ भी तय नहीं किया गया है।
test,test-s1428,उद्योग जगत और कृषि मंत्रालय ने खरीफ सीज़न के पहले अग्रिम अनुमानों को जारी किया है ।,उद्योग जगत और कृषि मंत्रालय ने खरीफ सीज़न के पहले अग्रिम अनुमानों को जारी किया है।
test,test-s1429,तिलहन उद्योग और ट्रेड की सबसे बड़ी संस्था सेंट्रल ऑर्गेनाइजेशन फॉर ऑयल इंडस्ट्री एंड ट्रेड यानि कोइट का कहना है कि इस साल तिलहन का उत्पादन कम रहने की उम्मीद की जा रही है ।,तिलहन उद्योग और ट्रेड की सबसे बड़ी संस्था सेंट्रल ऑर्गेनाइजेशन फॉर ऑयल इंडस्ट्री एंड ट्रेड यानि कोइट का कहना है कि इस साल तिलहन का उत्पादन कम रहने की उम्मीद की जा रही है।
test,test-s1430,उद्योग जगत दावा करता है कि इस खरीफ सीज़न के दौरान तिलहन का उत्पादन पिछले साल की तुलना में ज्यादा होगा ।,उद्योग जगत दावा करता है कि इस खरीफ सीज़न के दौरान तिलहन का उत्पादन पिछले साल की तुलना में ज्यादा होगा।
test,test-s1434,कृषि मंत्रालय उद्योग जगत के इन आँकड़ों से इत्तेफाक नहीं रखता है और उसके मुताबिक इस साल तिहलन उत्पादन में करीब 2.5 फीसदी की कमी आ सकती है ।,कृषि मंत्रालय उद्योग जगत के इन आँकड़ों से इत्तेफाक नहीं रखता है और उसके मुताबिक इस साल तिहलन उत्पादन में करीब 2.5 फीसदी की कमी आ सकती है।
test,test-s1435,इस साल महाराष्ट्र और गुजरात में ज्यादा बारिश का असर तिलहन उत्पादन पर पड़ा है ।,इस साल महाराष्ट्र और गुजरात में ज्यादा बारिश का असर तिलहन उत्पादन पर पड़ा है।
test,test-s1437,बैजोरिया का कहना है कि इन आँकड़ों में अंतर का असर तिलहन की कीमतों पर नहीं पड़ता है ।,बैजोरिया का कहना है कि इन आँकड़ों में अंतर का असर तिलहन की कीमतों पर नहीं पड़ता है।
test,test-s1438,उनका कहना है कि उनके पास ये आँकड़ें स्थानीय स्तर पर आते हैं जो पूरी तरह से सही होते हैं ।,उनका कहना है कि उनके पास ये आँकड़ें स्थानीय स्तर पर आते हैं जो पूरी तरह से सही होते हैं।
test,test-s1448,रेवा नैयर ने बताया कि नये संशोधन के तहत अब वेश्यावृति अथवा ग्राहक की तलाश करने के आरोप में किसी महिला या लड़की को गिरफ्तार नहीं किया जा सकेगा ।,रेवा नैयर ने बताया कि नये संशोधन के तहत अब वेश्यावृति अथवा ग्राहक की तलाश करने के आरोप में किसी महिला या लड़की को गिरफ्तार नहीं किया जा सकेगा।
test,test-s1450,इसके तहत पुलिस महिला या लड़की को वेश्यावृत्ति के मद्देनज़र ग्राहक तलाशने के आरोप में गिरफ्तार कर लेती है ।,इसके तहत पुलिस महिला या लड़की को वेश्यावृत्ति के मद्देनज़र ग्राहक तलाशने के आरोप में गिरफ्तार कर लेती है।
test,test-s1452,क्योंकि इसमें महिला अथवा लड़की का दोष नहीं होता ।,क्योंकि इसमें महिला अथवा लड़की का दोष नहीं होता।
test,test-s1453,"वह खुद ही पीड़ित होती है और उसे दलाल, तस्कर तथा इसमें लिप्त गिरोह जबरिया इस धंधे में लाते हैं ।","वह खुद ही पीड़ित होती है और उसे दलाल, तस्कर तथा इसमें लिप्त गिरोह जबरिया इस धंधे में लाते हैं।"
test,test-s1454,इसलिए सजा के हक़दार भी दलाल और तस्कर ही हैं ।,इसलिए सजा के हक़दार भी दलाल और तस्कर ही हैं।
test,test-s1659,दुनिया भर के विभिन्न हिस्सों से इसमें करीब 10 करोड़ लोगों ने वोटिंग की ।,दुनिया भर के विभिन्न हिस्सों से इसमें करीब 10 करोड़ लोगों ने वोटिंग की।
test,test-s1662,ताज को सात अजूबों में स्थान मिलना भारतीयों की कड़ी मेहनत का परिणाम माना जा रहा है ।,ताज को सात अजूबों में स्थान मिलना भारतीयों की कड़ी मेहनत का परिणाम माना जा रहा है।
test,test-s1663,करोड़ों भारतीयों और गैर भारतीयों की वोटिंग के चलते ताज को दुनिया के सात आश्चर्यो में स्थान मिल पाया ।,करोड़ों भारतीयों और गैर भारतीयों की वोटिंग के चलते ताज को दुनिया के सात आश्चर्यो में स्थान मिल पाया।
