sent_id,occurrence_index,sentence_text,token_form,gold_deprel,stanza_deprel,gold_case_marker,stanza_case_marker,gold_verifier_rule_id,stanza_verifier_rule_id,gold_final_decision,stanza_final_decision,gold_final_candidates,stanza_final_candidates,deprel_agree,case_marker_agree,rule_id_agree,final_decision_agree
dev-s1,1,रामायण काल में भगवान राम के पुत्र कुश की राजधानी कुशावती को 483 ईसा पूर्व बुद्ध ने अपने अंतिम विश्राम के लिए चुना ।,483,compound,nummod,,,,,no_decision,no_decision,,,no,yes,yes,yes
dev-s1,1,रामायण काल में भगवान राम के पुत्र कुश की राजधानी कुशावती को 483 ईसा पूर्व बुद्ध ने अपने अंतिम विश्राम के लिए चुना ।,ईसा,compound,obl,,पूर्व,,,no_decision,mapping_hypothesis,,Adhikaraṇa|Apādāna|Karaṇa,no,no,yes,no
dev-s1,1,रामायण काल में भगवान राम के पुत्र कुश की राजधानी कुशावती को 483 ईसा पूर्व बुद्ध ने अपने अंतिम विश्राम के लिए चुना ।,पूर्व,obl,case,,,,,mapping_hypothesis,no_decision,Adhikaraṇa|Apādāna|Karaṇa,,no,yes,yes,no
dev-s1,1,रामायण काल में भगवान राम के पुत्र कुश की राजधानी कुशावती को 483 ईसा पूर्व बुद्ध ने अपने अंतिम विश्राम के लिए चुना ।,रामायण,compound,nmod,,,,,no_decision,no_decision,,,no,yes,yes,yes
dev-s1000,1,"लेकिन व्यापारियों का आंदोलन तब तक जारी रहेगा, जब तक दिल्ली के पाँच लाख व्यापारियों और उनसे जुड़े सौ लाख से अधिक लोगों से भय का वातावरण समाप्त नहीं हो जाता ।",अधिक,det,amod,,,,,no_decision,no_decision,,,no,yes,yes,yes
dev-s1000,1,"लेकिन व्यापारियों का आंदोलन तब तक जारी रहेगा, जब तक दिल्ली के पाँच लाख व्यापारियों और उनसे जुड़े सौ लाख से अधिक लोगों से भय का वातावरण समाप्त नहीं हो जाता ।",उनसे,obj,obl,,,,,mapping_hypothesis,mapping_hypothesis,Karma,Adhikaraṇa|Apādāna|Karaṇa,no,yes,yes,yes
dev-s1000,2,"लेकिन व्यापारियों का आंदोलन तब तक जारी रहेगा, जब तक दिल्ली के पाँच लाख व्यापारियों और उनसे जुड़े सौ लाख से अधिक लोगों से भय का वातावरण समाप्त नहीं हो जाता ।",लाख,nummod,obl,से,से,,R4,no_decision,ambiguous,,Karaṇa|Apādāna,no,yes,no,no
dev-s1001,1,"सरकार ने वर्तमान वित्तीय वर्ष में लाभदायी सार्वजनिक क्षेत्र के उपक्रमों (पीएसयू) की ४,००० करोड़ रुपये तक के सीमित विनिवेश की घोषणा की है ।",सार्वजनिक,compound,amod,,,,,no_decision,no_decision,,,no,yes,yes,yes
dev-s1001,1,"सरकार ने वर्तमान वित्तीय वर्ष में लाभदायी सार्वजनिक क्षेत्र के उपक्रमों (पीएसयू) की ४,००० करोड़ रुपये तक के सीमित विनिवेश की घोषणा की है ।","४,०००",dislocated,compound,,,,,no_decision,no_decision,,,no,yes,yes,yes
dev-s1002,1,"यूपीए सरकार ने पिछली राजग सरकार २००३ - ०४ के १४,५०० करोड़ के विनिवेश लक्ष्य में साढ़े दस हजार करोड़ की कटौती की है ।",राजग,compound,nmod,,,,,no_decision,no_decision,,,no,yes,yes,yes
dev-s1002,2,"यूपीए सरकार ने पिछली राजग सरकार २००३ - ०४ के १४,५०० करोड़ के विनिवेश लक्ष्य में साढ़े दस हजार करोड़ की कटौती की है ।",सरकार,compound,nmod,,,,,no_decision,no_decision,,,no,yes,yes,yes
dev-s1005,1,चिदंबरम ने सार्वजनिक क्षेत्र के उपक्रमों के पुनर्गठन के लिए एक बोर्ड (बीआरपीएसई) के गठन का ऐलान किया ।,एक,nummod,compound,,,,,no_decision,no_decision,,,no,yes,yes,yes
dev-s1005,1,चिदंबरम ने सार्वजनिक क्षेत्र के उपक्रमों के पुनर्गठन के लिए एक बोर्ड (बीआरपीएसई) के गठन का ऐलान किया ।,सार्वजनिक,compound,amod,,,,,no_decision,no_decision,,,no,yes,yes,yes
dev-s1006,1,"इन सलाहों में हालात के आधार पर विनिवेश, बंदी या फिर बिक्री के विकल्प खुले होंगे ।",बिक्री,nmod,conj,के,के,,,no_decision,no_decision,,,no,yes,yes,yes
dev-s1006,1,"इन सलाहों में हालात के आधार पर विनिवेश, बंदी या फिर बिक्री के विकल्प खुले होंगे ।",विकल्प,conj,nsubj,,,,,no_decision,mapping_hypothesis,,Kartā,no,yes,yes,no
dev-s1006,1,"इन सलाहों में हालात के आधार पर विनिवेश, बंदी या फिर बिक्री के विकल्प खुले होंगे ।",विनिवेश,obj,nmod,,,,,mapping_hypothesis,no_decision,Karma,,no,yes,yes,no
dev-s1007,1,सरकार के हिस्से के शेयरों की कीमत वसूलने और मंदी के असर को कम करने के लिए सरकार एनटीपीसी के पब्लिक इश्यू पर अपनी पकड़ बनाए रखते हुए अपने शेयरों का पाँच फीसदी ही विनिवेश कर सकती है ।,रखते,compound,advcl,,,,,no_decision,no_decision,,,no,yes,yes,yes
dev-s1007,1,सरकार के हिस्से के शेयरों की कीमत वसूलने और मंदी के असर को कम करने के लिए सरकार एनटीपीसी के पब्लिक इश्यू पर अपनी पकड़ बनाए रखते हुए अपने शेयरों का पाँच फीसदी ही विनिवेश कर सकती है ।,हुए,aux:pass,aux,,,,,no_decision,no_decision,,,no,yes,yes,yes
dev-s1008,1,"चिदंबरम ने कहा कि मौजूदा वित्तीय वर्ष में ये और जो अन्य मामले विचाराधीन हैं, उनसे ४,००० करोड़ रुपये की उगाही की उम्मीद है ।",और,cc,det,,,,,no_decision,no_decision,,,no,yes,yes,yes
dev-s1008,1,"चिदंबरम ने कहा कि मौजूदा वित्तीय वर्ष में ये और जो अन्य मामले विचाराधीन हैं, उनसे ४,००० करोड़ रुपये की उगाही की उम्मीद है ।",मामले,conj,nsubj,,,,,no_decision,mapping_hypothesis,,Kartā,no,yes,yes,no
dev-s1009,1,वित्त मंत्री ने कहा कि सीमित निजीकरण के बावजूद सरकार सार्वजनिक क्षेत्र के उपक्रमों पर अपना नियंत्रण रखने के प्रति दृढ़ है ।,रखने,obl,advcl,,,,,mapping_hypothesis,no_decision,Adhikaraṇa|Apādāna|Karaṇa,,no,yes,yes,no
dev-s1009,1,वित्त मंत्री ने कहा कि सीमित निजीकरण के बावजूद सरकार सार्वजनिक क्षेत्र के उपक्रमों पर अपना नियंत्रण रखने के प्रति दृढ़ है ।,सार्वजनिक,compound,amod,,,,,no_decision,no_decision,,,no,yes,yes,yes
dev-s1010,1,उन्होंने कहा कि जहाँ तक पीएसयू पर सरकारी नियंत्रण क़ायम है और सार्वजनिक क्षेत्र की विशेषताओं पर कोई असर नहीं पड़ता ।,सार्वजनिक,compound,amod,,,,,no_decision,no_decision,,,no,yes,yes,yes
dev-s1012,1,उन्होंने सार्वजनिक क्षेत्र के उपक्रमों के पुनर्गठन बोर्ड (बीआरपीएसई) से कहा है कि हर मामले की उपयोगिता को परखा जाए और तभी न्यूनतम साझा कार्यक्रम (सीएमपी) के तहत विनिवेश की सिफारिश की जाए ।,सार्वजनिक,compound,amod,,,,,no_decision,no_decision,,,no,yes,yes,yes
dev-s1018,1,उन्होंने कहा है कि कृषि और औद्योगिक क्षेत्र को बढ़ावा देकर विकास की गति बढ़ाने पर जोर दिया गया है ।,जोर,obl,compound,,,,,mapping_hypothesis,no_decision,Adhikaraṇa|Apādāna|Karaṇa,,no,yes,yes,no
dev-s1019,1,"बृहस्पतिवार को संवाददाताओं से बात - चीत में प्रधानमंत्री ने कहा है कि तेजी से फैल रहे आर्थिक ढाँचे में गरीबी, अशिक्षा और बीमारी जैसी समस्याओं का समाधान पाया जा सकता है ।",समाधान,obj,compound,,,,,mapping_hypothesis,no_decision,Karma,,no,yes,yes,no
dev-s1021,1,उन्होंने कहा कि देश के १५० सर्वाधिक पिछड़े जिलों में 'काम के बदले अनाज' कार्यक्रम लागू किया जाएगा ।,अनाज,compound,nmod,,,,,no_decision,no_decision,,,no,yes,yes,yes
dev-s1024,1,उन्होंने कहा 'मेरा हमेशा से मानना है कि व्यवस्थित अर्थ - व्यवस्था और सामाजिक दायित्वों की पूर्ति के लिए राजस्व सुधार बहुत जरूरी है,से,case,dep,,,,,no_decision,no_decision,,,no,yes,yes,yes
dev-s1035,1,हरित क्रांति के जनक नोबल पुरस्कार विजेता डॉ. नार्मन बोर्लेग ने दो टूक कहा है कि सिर्फ जैविक खेती से दुनिया की भूख को नहीं मिटाया जा सकता ।,टूक,advmod,obj,,,,,no_decision,mapping_hypothesis,,Karma,no,yes,yes,no
dev-s1035,1,हरित क्रांति के जनक नोबल पुरस्कार विजेता डॉ. नार्मन बोर्लेग ने दो टूक कहा है कि सिर्फ जैविक खेती से दुनिया की भूख को नहीं मिटाया जा सकता ।,दो,compound,nummod,,,,,no_decision,no_decision,,,no,yes,yes,yes
dev-s1036,1,धरती की ६.३ अरब आबादी को अन्न मुहैया कराने के लिए फिलहाल रासायनिक खादों की जरूरत बनी रहेगी ।,आबादी,obj,iobj,को,को,R5,R5,ambiguous,ambiguous,Karma|Sampradāna,Karma|Sampradāna,no,yes,yes,yes
dev-s1037,1,रासायनिक खादों के बिना खेती के अस्तित्व की बात करने वाले सिर्फ कल्पनाओं में ही जी रहे हैं ।,करने,nsubj,amod,,,,,mapping_hypothesis,no_decision,Kartā,,no,yes,yes,no
dev-s1037,1,रासायनिक खादों के बिना खेती के अस्तित्व की बात करने वाले सिर्फ कल्पनाओं में ही जी रहे हैं ।,खादों,obl,nmod,के,के,,,mapping_hypothesis,no_decision,Adhikaraṇa|Apādāna|Karaṇa,,no,yes,yes,no
dev-s1038,1,रासायनिक खादों से भूमि व मनुष्य को होने वाले नुकसान को दरकिनार करते हुए नार्मन ने कहा कि अगर केमिकल फर्टीलाईज़र न हों तो अन्न को लेकर दुनिया में अफरा - तफरी उत्पन्न हो जाएगी ।,खादों,obl,nmod,से,से,R4,,ambiguous,no_decision,Karaṇa|Apādāna,,no,yes,no,no
dev-s1038,1,रासायनिक खादों से भूमि व मनुष्य को होने वाले नुकसान को दरकिनार करते हुए नार्मन ने कहा कि अगर केमिकल फर्टीलाईज़र न हों तो अन्न को लेकर दुनिया में अफरा - तफरी उत्पन्न हो जाएगी ।,फर्टीलाईज़र,obl,nsubj,,,,,mapping_hypothesis,mapping_hypothesis,Adhikaraṇa|Apādāna|Karaṇa,Kartā,no,yes,yes,yes
dev-s1038,1,रासायनिक खादों से भूमि व मनुष्य को होने वाले नुकसान को दरकिनार करते हुए नार्मन ने कहा कि अगर केमिकल फर्टीलाईज़र न हों तो अन्न को लेकर दुनिया में अफरा - तफरी उत्पन्न हो जाएगी ।,भूमि,nsubj,obj,को,,,,mapping_hypothesis,mapping_hypothesis,Kartā,Karma,no,no,yes,yes
dev-s1038,1,रासायनिक खादों से भूमि व मनुष्य को होने वाले नुकसान को दरकिनार करते हुए नार्मन ने कहा कि अगर केमिकल फर्टीलाईज़र न हों तो अन्न को लेकर दुनिया में अफरा - तफरी उत्पन्न हो जाएगी ।,मनुष्य,conj,iobj,,को,,R5,no_decision,ambiguous,,Karma|Sampradāna,no,no,no,no
dev-s1038,1,रासायनिक खादों से भूमि व मनुष्य को होने वाले नुकसान को दरकिनार करते हुए नार्मन ने कहा कि अगर केमिकल फर्टीलाईज़र न हों तो अन्न को लेकर दुनिया में अफरा - तफरी उत्पन्न हो जाएगी ।,हों,cop,advcl,,,,,no_decision,no_decision,,,no,yes,yes,yes
dev-s1039,1,अमादलपुर के प्रगतिशील किसान सुरेंद्र सिंह के हारा फार्म को देखने पहुंचे बोर्लेग ने शुक्रवार को 'अमर उजाला' से बात - चीत में कहा कि साठ - सत्तर के दशक में जब बाकी दुनिया हरित क्रांति से रूबरू हो रही थी तब भारत अन्न के लिए दूसरे देशों का मुँह ताकता था ।,बाकी,det,amod,,,,,no_decision,no_decision,,,no,yes,yes,yes
dev-s1039,1,अमादलपुर के प्रगतिशील किसान सुरेंद्र सिंह के हारा फार्म को देखने पहुंचे बोर्लेग ने शुक्रवार को 'अमर उजाला' से बात - चीत में कहा कि साठ - सत्तर के दशक में जब बाकी दुनिया हरित क्रांति से रूबरू हो रही थी तब भारत अन्न के लिए दूसरे देशों का मुँह ताकता था ।,मुँह,compound,obj,,,,,no_decision,mapping_hypothesis,,Karma,no,yes,yes,no
dev-s1039,1,अमादलपुर के प्रगतिशील किसान सुरेंद्र सिंह के हारा फार्म को देखने पहुंचे बोर्लेग ने शुक्रवार को 'अमर उजाला' से बात - चीत में कहा कि साठ - सत्तर के दशक में जब बाकी दुनिया हरित क्रांति से रूबरू हो रही थी तब भारत अन्न के लिए दूसरे देशों का मुँह ताकता था ।,साठ,compound,nummod,,,,,no_decision,no_decision,,,no,yes,yes,yes
dev-s1039,1,अमादलपुर के प्रगतिशील किसान सुरेंद्र सिंह के हारा फार्म को देखने पहुंचे बोर्लेग ने शुक्रवार को 'अमर उजाला' से बात - चीत में कहा कि साठ - सत्तर के दशक में जब बाकी दुनिया हरित क्रांति से रूबरू हो रही थी तब भारत अन्न के लिए दूसरे देशों का मुँह ताकता था ।,हारा,compound,acl,,,,,no_decision,no_decision,,,no,yes,yes,yes
dev-s104,1,निःसंदेह वे पहले नौ रही होंगी ।,निःसंदेह,advmod,mark,,,,,no_decision,no_decision,,,no,yes,yes,yes
dev-s1041,1,भारतीय किसानों ने उर्वरकों और समय का सही इस्तेमाल कर यह कमाल दिखाया ।,कमाल,compound,obj,,,,,no_decision,mapping_hypothesis,,Karma,no,yes,yes,no
dev-s1046,1,"हालांकि उन्होंने माना कि जैविक खाद बढ़िया है, लेकिन रासायनिक खादों की जगह नहीं ले सकती ।",जगह,obj,compound,,,,,mapping_hypothesis,no_decision,Karma,,no,yes,yes,no
dev-s1049,1,हारा फार्म में पापुलर और गेहूं को एक ही खेत में देखकर वे काफी हैरान हुए ।,हारा,compound,acl,,,,,no_decision,no_decision,,,no,yes,yes,yes
dev-s1050,1,"उन्होंने कहा कि भारत में अन्न तो काफी पैदा हो रहा है, लेकिन बहुत से लोगों के पास उसे खरीदने के लिए पैसे नहीं हैं ।",बहुत,advmod,det,,,,,no_decision,no_decision,,,no,yes,yes,yes
dev-s1050,1,"उन्होंने कहा कि भारत में अन्न तो काफी पैदा हो रहा है, लेकिन बहुत से लोगों के पास उसे खरीदने के लिए पैसे नहीं हैं ।",से,det,dep,,,,,no_decision,no_decision,,,no,yes,yes,yes
dev-s1053,2,"सुरेंद्र हारा ने बताया कि वे डॉ. बोर्लेग ही थे, जिन्होंने ७० के दशक में भारत सरकार को किसानों के लिए ज्यादा से ज्यादा बैंक ऋण देने का प्रावधान रखने का सुझाव दिया था ।",ज्यादा,amod,det,,,,,no_decision,no_decision,,,no,yes,yes,yes
dev-s1054,1,"हारा ने बताया कि वे अपने खेतों से १० साल के चक्र में औसतन २० क्विंटल प्रति एकड़ लकड़ी की पैदावार कर रहे हैं, जो कि पश्चिमी देशों से भी ज्यादा है ।",देशों,nmod,obl,से,से,,R4,no_decision,ambiguous,,Karaṇa|Apādāna,no,yes,no,no
dev-s1055,1,"उन्होंने कहा कि कृषि वानिकी में अपार संभावनाएं हैं, चूँकि भारत में हर साल ८ - ९ हजार करोड़ रुपये की लकड़ी आयात होती है ।",अपार,amod,det,,,,,no_decision,no_decision,,,no,yes,yes,yes
dev-s1057,1,रासायनिक उर्वरकों के अंधाधुंध इस्तेमाल पर उन्होंने कहा कि जैविक खाद भी इस्तेमाल की जानी चाहिए ।,खाद,nsubj:pass,obj,,,,,no_decision,mapping_hypothesis,,Karma,no,yes,yes,no
dev-s1058,1,आयकर भवन में शुक्रवार की शाम को दो आतंकियों के दाखिल होने के बाद शुरू हुई मुठभेड़ २५ घंटे तक चलने के बाद शनिवार की शाम दूसरे आतंकी की मौत के साथ समाप्त हो गई ।,आतंकियों,nsubj,nmod,के,के,,,mapping_hypothesis,no_decision,Kartā,,no,yes,yes,no
dev-s1059,1,"हालांकि पहले माना जा रहा था कि दूसरा आतंकी भी मारा गया है, लेकिन शनिवार सुबह जब जवान इमारत में दाखिल हुए तो उन पर फायरिंग शुरू हो गई ।",हुए,nmod,acl:relcl,,,,,no_decision,no_decision,,,no,yes,yes,yes
dev-s1065,1,शुक्रवार की रात को जब एक आतंकी के मारे जाने के बाद दूसरा आतंकी भी कुछ देर फायरिंग करने के बाद इमारत के एक कमरे में छिपकर बैठ गया तो सुरक्षा - बलों व अन्य सभी एजेंसियों ने मान लिया कि वह भी मारा गया है ।,वह,obj,nsubj:pass,,,,,mapping_hypothesis,no_decision,Karma,,no,yes,yes,no
dev-s1066,1,शनिवार की सुबह ९.०० बजे सुरक्षा - बलों ने इमारत में तलाशी शुरू की ।,सुबह,nmod,obl,,,,,no_decision,mapping_hypothesis,,Adhikaraṇa|Apādāna|Karaṇa,no,yes,yes,no
dev-s1067,1,"जम्मू - कश्मीर पुलिस के एसओजी दस्ते के जवान जैसे ही इमारत में दाखिल हुए, दूसरे आतंकी ने फायरिंग शुरू कर दी ।",एसओजी,nmod,compound,,,,,no_decision,no_decision,,,no,yes,yes,yes
dev-s1067,1,"जम्मू - कश्मीर पुलिस के एसओजी दस्ते के जवान जैसे ही इमारत में दाखिल हुए, दूसरे आतंकी ने फायरिंग शुरू कर दी ।",हुए,advcl,acl:relcl,,,,,no_decision,no_decision,,,no,yes,yes,yes
dev-s1070,1,"इसके बाद आतंकी तभी फायर करता था, जब सुरक्षाकर्मी इमारत के उस हिस्से में दाखिल होने का प्रयास करते, जहाँ वह पोजीशन लिए हुए था ।",पोजीशन,compound,obj,,,,,no_decision,mapping_hypothesis,,Karma,no,yes,yes,no
dev-s1071,1,"शाम ४.३० बजे के करीब एसओजी के सुरक्षा - बलों ने आतंकी जिस कमरे में छिपा था, उसमें पहले हथगोले फेंके और बाद में फायरिंग की ।",शाम,obl,nmod,,,,,mapping_hypothesis,no_decision,Adhikaraṇa|Apādāna|Karaṇa,,no,yes,yes,no
dev-s1073,1,बाहर जवान पोजीशन लिए तैयार खड़े थे ।,तैयार,xcomp,advmod,,,,,no_decision,no_decision,,,no,yes,yes,yes
dev-s1073,1,बाहर जवान पोजीशन लिए तैयार खड़े थे ।,थे,aux,cop,,,,,no_decision,no_decision,,,no,yes,yes,yes
dev-s1073,1,बाहर जवान पोजीशन लिए तैयार खड़े थे ।,पोजीशन,compound,nmod,,लिए,,,no_decision,no_decision,,,no,no,yes,yes
dev-s1073,1,बाहर जवान पोजीशन लिए तैयार खड़े थे ।,बाहर,obl,nmod,,,,,mapping_hypothesis,no_decision,Adhikaraṇa|Apādāna|Karaṇa,,no,yes,yes,no
dev-s1073,1,बाहर जवान पोजीशन लिए तैयार खड़े थे ।,लिए,advcl,case,,,,,no_decision,no_decision,,,no,yes,yes,yes
dev-s1076,1,श्रीलंका के सरकारी रेडियो ने शनिवार को दावा किया कि २६ दिसंबर को आई सुनामी लहरें लिबरेशन टाइगर्स ऑफ तमिल ईल्म (लिट्टे) प्रमुख वी प्रभाकरन को भी अपने साथ बहा ले गई ।,सुनामी,nmod,compound,,,,,no_decision,no_decision,,,no,yes,yes,yes
dev-s1082,1,शनिवार को श्रीलंका के सरकारी रेडियो ने खबर दी कि पिछले हफ्ते सुनामी लहरों के तांडव में तमिल टाइगर प्रमुख वेलुपिल्लई प्रभाकरन और उसके खुफिया प्रमुख पोट्टू अम्मान मारे गए या लापता हैं ।,खबर,obj,compound,,,,,mapping_hypothesis,no_decision,Karma,,no,yes,yes,no
dev-s1084,1,अखबार की रिपोर्ट के बाद विद्रोहियों की ओर से प्रभाकरन के नाम से श्रीलंका के सुनामी प्रभावित इलाकों में अंतर्राष्ट्रीय मदद की अपील की गई थी ।,नाम,obj,obl,से,से,,R4,mapping_hypothesis,ambiguous,Karma,Karaṇa|Apādāna,no,yes,no,no
dev-s1084,1,अखबार की रिपोर्ट के बाद विद्रोहियों की ओर से प्रभाकरन के नाम से श्रीलंका के सुनामी प्रभावित इलाकों में अंतर्राष्ट्रीय मदद की अपील की गई थी ।,सुनामी,compound,obl,,,,,no_decision,mapping_hypothesis,,Adhikaraṇa|Apādāna|Karaṇa,no,yes,yes,no
dev-s1085,1,"लेकिन, आमतौर पर विद्रोहियों के रेडियो से अपने संदेश जारी करने वाले प्रभाकरन की आवाज तमिल विद्रोहियों के इलाकों में अब तक सुनाई नहीं दी ।",करने,nmod,amod,,,,,no_decision,no_decision,,,no,yes,yes,yes
dev-s1085,1,"लेकिन, आमतौर पर विद्रोहियों के रेडियो से अपने संदेश जारी करने वाले प्रभाकरन की आवाज तमिल विद्रोहियों के इलाकों में अब तक सुनाई नहीं दी ।",तमिल,amod,nmod,,,,,no_decision,no_decision,,,no,yes,yes,yes
dev-s109,1,उन्होंने कहा है कि पाक सरकार की लचर कश्मीर नीति के कारण यह मुद्दा पाकिस्तान के हाथ से लगभग निकल चुका है ।,पाक,compound,nmod,,,,,no_decision,no_decision,,,no,yes,yes,yes
dev-s109,1,उन्होंने कहा है कि पाक सरकार की लचर कश्मीर नीति के कारण यह मुद्दा पाकिस्तान के हाथ से लगभग निकल चुका है ।,लगभग,advmod,dep,,,,,no_decision,no_decision,,,no,yes,yes,yes
dev-s1090,1,बयान में कहा गया है कि 'यह समय अफवाहें फैलाने या गलत मंशा से प्रचार करने का नहीं है,फैलाने,nmod,obl,,,,,no_decision,mapping_hypothesis,,Adhikaraṇa|Apādāna|Karaṇa,no,yes,yes,no
dev-s1090,1,बयान में कहा गया है कि 'यह समय अफवाहें फैलाने या गलत मंशा से प्रचार करने का नहीं है,समय,obj,nsubj,,,,,mapping_hypothesis,mapping_hypothesis,Karma,Kartā,no,yes,yes,yes
dev-s1090,2,बयान में कहा गया है कि 'यह समय अफवाहें फैलाने या गलत मंशा से प्रचार करने का नहीं है,है,cop,ccomp,,,,,no_decision,no_decision,,,no,yes,yes,yes
dev-s1091,1,बयान में कहा गया है कि लिट्टे और तमिल जनता श्रीलंका ब्रॉडकास्टिंग कॉरपोरेशन की इस शरारत भरी रिपोर्ट का विरोध करेंगे ।,इस,dislocated,det,,,,,no_decision,no_decision,,,no,yes,yes,yes
dev-s1091,1,बयान में कहा गया है कि लिट्टे और तमिल जनता श्रीलंका ब्रॉडकास्टिंग कॉरपोरेशन की इस शरारत भरी रिपोर्ट का विरोध करेंगे ।,तमिल,amod,compound,,,,,no_decision,no_decision,,,no,yes,yes,yes
dev-s1092,1,पूरा देश इस समय दैवी आपदा से जूझ रहा है और दुख की बात है कि सरकार का जिम्मेदार मीडिया ही अफवाह फैलाकर लोगों को गुमराह करने में लगा है ।,अफवाह,obj,compound,,,,,mapping_hypothesis,no_decision,Karma,,no,yes,yes,no
dev-s1092,1,पूरा देश इस समय दैवी आपदा से जूझ रहा है और दुख की बात है कि सरकार का जिम्मेदार मीडिया ही अफवाह फैलाकर लोगों को गुमराह करने में लगा है ।,आपदा,obj,obl,से,से,,R4,mapping_hypothesis,ambiguous,Karma,Karaṇa|Apādāna,no,yes,no,no
dev-s1092,1,पूरा देश इस समय दैवी आपदा से जूझ रहा है और दुख की बात है कि सरकार का जिम्मेदार मीडिया ही अफवाह फैलाकर लोगों को गुमराह करने में लगा है ।,देश,iobj,nsubj,,,,,mapping_hypothesis,mapping_hypothesis,Sampradāna,Kartā,no,yes,yes,yes
dev-s1092,1,पूरा देश इस समय दैवी आपदा से जूझ रहा है और दुख की बात है कि सरकार का जिम्मेदार मीडिया ही अफवाह फैलाकर लोगों को गुमराह करने में लगा है ।,लोगों,iobj,obj,को,को,R5,R5,ambiguous,ambiguous,Karma|Sampradāna,Karma|Sampradāna,no,yes,yes,yes
dev-s1093,1,रेडियो रिपोर्ट में वाइस एडमिरल दया संदागिरी के हवाले से कहा गया है कि सुनामी से मची तबाही में प्रभाकरन और अम्मान या तो मारे गए या वे लापता हैं ।,तबाही,nmod,obl,में,में,,R2,no_decision,confirmed,,Adhikaraṇa,no,yes,no,no
dev-s1093,1,रेडियो रिपोर्ट में वाइस एडमिरल दया संदागिरी के हवाले से कहा गया है कि सुनामी से मची तबाही में प्रभाकरन और अम्मान या तो मारे गए या वे लापता हैं ।,प्रभाकरन,obj,nsubj:pass,,,,,mapping_hypothesis,no_decision,Karma,,no,yes,yes,no
dev-s1093,1,रेडियो रिपोर्ट में वाइस एडमिरल दया संदागिरी के हवाले से कहा गया है कि सुनामी से मची तबाही में प्रभाकरन और अम्मान या तो मारे गए या वे लापता हैं ।,मची,amod,acl,,,,,no_decision,no_decision,,,no,yes,yes,yes
dev-s1094,1,असम विधानसभा चुनाव में एक साल का समय शेष रह गया है ।,शेष,compound,xcomp,,,,,no_decision,no_decision,,,no,yes,yes,yes
dev-s1094,1,असम विधानसभा चुनाव में एक साल का समय शेष रह गया है ।,समय,obl,nsubj,,,,,mapping_hypothesis,mapping_hypothesis,Adhikaraṇa|Apādāna|Karaṇa,Kartā,no,yes,yes,yes
dev-s1096,1,"सोमवार से पार्टी के संचालन समिति की बैठक शुरू हो रही है, जिसमें नेतृत्व का मुद्दा छाए रहने की संभावना है ।",मुद्दा,obj,nsubj,,,,,mapping_hypothesis,mapping_hypothesis,Karma,Kartā,no,yes,yes,yes
dev-s1097,1,पार्टी के दो वरिष्ठ नेताओं पूर्व मुख्यमंत्री प्रफुल्ल कुमार महंत तथा पूर्व गृह मंत्री भृगुकुमार फूकन का साथ आना पार्टी अध्यक्ष बृंदाबन गोस्वामी और उनके समर्थकों के लिए अच्छा संकेत नहीं माना जा रहा है ।,महंत,nmod,obl,,,,,no_decision,mapping_hypothesis,,Adhikaraṇa|Apādāna|Karaṇa,no,yes,yes,no
dev-s1097,1,पार्टी के दो वरिष्ठ नेताओं पूर्व मुख्यमंत्री प्रफुल्ल कुमार महंत तथा पूर्व गृह मंत्री भृगुकुमार फूकन का साथ आना पार्टी अध्यक्ष बृंदाबन गोस्वामी और उनके समर्थकों के लिए अच्छा संकेत नहीं माना जा रहा है ।,संकेत,acl,obj,,,,,no_decision,mapping_hypothesis,,Karma,no,yes,yes,no
dev-s1097,1,पार्टी के दो वरिष्ठ नेताओं पूर्व मुख्यमंत्री प्रफुल्ल कुमार महंत तथा पूर्व गृह मंत्री भृगुकुमार फूकन का साथ आना पार्टी अध्यक्ष बृंदाबन गोस्वामी और उनके समर्थकों के लिए अच्छा संकेत नहीं माना जा रहा है ।,साथ,obl,compound,,,,,mapping_hypothesis,no_decision,Adhikaraṇa|Apādāna|Karaṇa,,no,yes,yes,no
dev-s1098,1,गोस्वामी कैंप ने महंत को दरकिनार कर दिया है ।,महंत,nsubj,obj,को,को,,R5,mapping_hypothesis,ambiguous,Kartā,Karma|Sampradāna,no,yes,no,no
dev-s1099,1,उनके समर्थकों ने दूसरी महिला से संबंध रखने के आरोप में उन्हें इस्तीफा देने के लिए मजबूर कर दिया था ।,उन्हें,nsubj,obj,,,,,mapping_hypothesis,mapping_hypothesis,Kartā,Karma,no,yes,yes,yes
dev-s1099,1,उनके समर्थकों ने दूसरी महिला से संबंध रखने के आरोप में उन्हें इस्तीफा देने के लिए मजबूर कर दिया था ।,महिला,iobj,obl,से,से,,R4,mapping_hypothesis,ambiguous,Sampradāna,Karaṇa|Apādāna,no,yes,no,no
dev-s110,1,"नवाज शरीफ ने जेद्दा में एक अमेरिकी टेलीविजन चैनल से बातचीत करते हुए कहा कि उनकी सरकार भारत से समान संप्रभु भागीदार की हैसियत से बातचीत करती थी, लेकिन परवेज मुशर्रफ की नीति इसके उलट है ।",भारत,obj,obl,से,से,,R4,mapping_hypothesis,ambiguous,Karma,Karaṇa|Apādāna,no,yes,no,no
dev-s1100,1,पार्टी के संस्थापक महंत अब इस झटके से उबर चुके हैं और उन्होंने पार्टी नेतृत्व पर हमला तेज कर दिया है ।,झटके,obj,obl,से,से,,R4,mapping_hypothesis,ambiguous,Karma,Karaṇa|Apādāna,no,yes,no,no
dev-s1101,1,पार्टी की गतिविधियों में फिर दिलचस्पी ले रहे महंत को दोस्त से दुश्मन बन चुके फूकन से भी हाथ मिलाने से गुरेज नहीं है ।,गुरेज,nsubj,compound,,,,,mapping_hypothesis,no_decision,Kartā,,no,yes,yes,no
dev-s1101,1,पार्टी की गतिविधियों में फिर दिलचस्पी ले रहे महंत को दोस्त से दुश्मन बन चुके फूकन से भी हाथ मिलाने से गुरेज नहीं है ।,दिलचस्पी,obj,compound,,,,,mapping_hypothesis,no_decision,Karma,,no,yes,yes,no
dev-s1102,1,फूकन भी पार्टी में अपनी उपेक्षा से आहत हैं ।,उपेक्षा,obl,nmod,से,से,R4,,ambiguous,no_decision,Karaṇa|Apādāna,,no,yes,no,no
dev-s1105,1,लेकिन उन्होंने महंत और फूकन के कमजोर नेतृत्व के आरोप पर टिथी करने से इन्कार कर दिया ।,करने,obj,advcl,,,,,mapping_hypothesis,no_decision,Karma,,no,yes,yes,no
dev-s1106,1,दोनों नेताओं ने गोस्वामी पर आरोप लगाया है कि उनके कमजोर नेतृत्व के कारण पार्टी जनता में लोकप्रिय नहीं हो सकी ।,आरोप,obj,compound,,,,,mapping_hypothesis,no_decision,Karma,,no,yes,yes,no
dev-s1106,1,दोनों नेताओं ने गोस्वामी पर आरोप लगाया है कि उनके कमजोर नेतृत्व के कारण पार्टी जनता में लोकप्रिय नहीं हो सकी ।,हो,acl,obj,,,,,no_decision,mapping_hypothesis,,Karma,no,yes,yes,no
dev-s1108,1,यह असम की जनता को फैसला करना है कि कौन सी पार्टी अगली सरकार बनाएगी ।,बनाएगी,acl,ccomp,,,,,no_decision,no_decision,,,no,yes,yes,yes
dev-s1108,1,यह असम की जनता को फैसला करना है कि कौन सी पार्टी अगली सरकार बनाएगी ।,यह,obj,nsubj,,,,,mapping_hypothesis,mapping_hypothesis,Karma,Kartā,no,yes,yes,yes
dev-s1117,1,सत्तारूढ़ गठबंधन में शामिल जनता विमुक्ति पेरामुना ने धमकी दी है कि अगर इस योजना में तमिल टाईगर को शामिल किया गया तो वह सरकार से अलग हो जाएगी ।,जनता,compound,nmod,,,,,no_decision,no_decision,,,no,yes,yes,yes
dev-s1118,1,भारत श्रीलंका की क्षेत्रीय अखंडता को महत्व देने के साथ - साथ श्रीलंका के जातीय विवाद में भी मध्यस्थता करने का प्रस्ताव रख चुका है ।,अखंडता,iobj,obj,को,को,R5,R5,ambiguous,ambiguous,Karma|Sampradāna,Karma|Sampradāna,no,yes,yes,yes
dev-s1118,1,भारत श्रीलंका की क्षेत्रीय अखंडता को महत्व देने के साथ - साथ श्रीलंका के जातीय विवाद में भी मध्यस्थता करने का प्रस्ताव रख चुका है ।,देने,obl,advcl,,,,,mapping_hypothesis,no_decision,Adhikaraṇa|Apādāna|Karaṇa,,no,yes,yes,no
dev-s1121,1,छत्तीसगढ़ में माओवादियों के कारण खतरे में पड़े आदिवासी समूहों के सर्वे पर प्रतिबंध लगाए जाने के बाद इसे रद्द कर दिया गया है ।,आदिवासी,compound,amod,,,,,no_decision,no_decision,,,no,yes,yes,yes
dev-s1122,1,ये आदिवासी अबुझमादिया समुदाय से संबंधित हैं ।,अबुझमादिया,compound,nmod,,,,,no_decision,no_decision,,,no,yes,yes,yes
dev-s1122,1,ये आदिवासी अबुझमादिया समुदाय से संबंधित हैं ।,समुदाय,obl,nmod,से,से,R4,,ambiguous,no_decision,Karaṇa|Apādāna,,no,yes,no,no
dev-s1125,1,ये आदिवासी महाराष्ट्र से सटे छत्तीसगढ़ के जंगलों में रहते हैं ।,महाराष्ट्र,obj,obl,से,से,,R4,mapping_hypothesis,ambiguous,Karma,Karaṇa|Apādāna,no,yes,no,no
dev-s1127,1,इन आदिवासियों तक कभी ब्रिटिश भी नहीं पहुँच पाए थे ।,ब्रिटिश,obl,nsubj,,,,,mapping_hypothesis,mapping_hypothesis,Adhikaraṇa|Apādāna|Karaṇa,Kartā,no,yes,yes,yes
dev-s1130,1,"आदिवासी शोध और प्रशिक्षण संस्थान के संयुक्त निदेशक टी. आर. वैष्णव ने कहा कि पिछले महीने हम लोगों को सर्वे बंद करने पर मजबूर कर दिया गया, क्योंकि माओवादियों की ओर से हमें कई बार धमकी दी गई हैं ।",हमें,obj,iobj,,,,,mapping_hypothesis,mapping_hypothesis,Karma,Sampradāna,no,yes,yes,yes
dev-s1131,1,"देश में पंचायती राज संस्थाओं को मजबूत बनाने के लिए केंद्र सरकार ने अलग पंचायती राज मंत्रालय का गठन तो डेढ़ साल पहले कर दिया, लेकिन मंत्रालय के लिए सृजित 66 पदों में से 49 पद अभी तक रिक्त पड़े हैं ।",मजबूत,acl,compound,,,,,no_decision,no_decision,,,no,yes,yes,yes
dev-s1131,1,"देश में पंचायती राज संस्थाओं को मजबूत बनाने के लिए केंद्र सरकार ने अलग पंचायती राज मंत्रालय का गठन तो डेढ़ साल पहले कर दिया, लेकिन मंत्रालय के लिए सृजित 66 पदों में से 49 पद अभी तक रिक्त पड़े हैं ।",रिक्त,xcomp,compound,,,,,no_decision,no_decision,,,no,yes,yes,yes
dev-s1132,1,इन डेढ़ सालों में सरकार महज 17 पदों पर नियुक्ति कर पाई जिसके चलते मंत्रालय की योजनाएं धरातल पर तो दूर कागजों में भी ठीक से नहीं बन पा रही हैं ।,दूर,obl,amod,,,,,mapping_hypothesis,no_decision,Adhikaraṇa|Apādāna|Karaṇa,,no,yes,yes,no
dev-s1132,1,इन डेढ़ सालों में सरकार महज 17 पदों पर नियुक्ति कर पाई जिसके चलते मंत्रालय की योजनाएं धरातल पर तो दूर कागजों में भी ठीक से नहीं बन पा रही हैं ।,धरातल,nmod,obl,पर,पर,,R3,no_decision,confirmed,,Adhikaraṇa,no,yes,no,no
dev-s1133,1,सरकार के रवैये से नाराज संसद की स्थाई समिति ने खाली पदों को न भरने पर मंत्रालय को फटकार लगाई है ।,मंत्रालय,nsubj,iobj,को,को,,R5,mapping_hypothesis,ambiguous,Kartā,Karma|Sampradāna,no,yes,no,no
dev-s1134,1,यूपीए सरकार ने पंचायती राज संस्थाओं को मजबूत बनाने और स्थानीय निकायों को सामाजिक न्याय और आर्थिक विकास का जरिया बनाने का दावा करते हुए 27 मई 2004 को पंचायती राज मंत्रालय का गठन किया था ।,जरिया,acl,obj,,,,,no_decision,mapping_hypothesis,,Karma,no,yes,yes,no
dev-s1134,1,यूपीए सरकार ने पंचायती राज संस्थाओं को मजबूत बनाने और स्थानीय निकायों को सामाजिक न्याय और आर्थिक विकास का जरिया बनाने का दावा करते हुए 27 मई 2004 को पंचायती राज मंत्रालय का गठन किया था ।,निकायों,obj,iobj,को,को,R5,R5,ambiguous,ambiguous,Karma|Sampradāna,Karma|Sampradāna,no,yes,yes,yes
dev-s1134,2,यूपीए सरकार ने पंचायती राज संस्थाओं को मजबूत बनाने और स्थानीय निकायों को सामाजिक न्याय और आर्थिक विकास का जरिया बनाने का दावा करते हुए 27 मई 2004 को पंचायती राज मंत्रालय का गठन किया था ।,बनाने,conj,nmod,,,,,no_decision,no_decision,,,no,yes,yes,yes
dev-s114,1,उन्होंने मुशर्रफ पर एजेंडा बदलने और पीछे हटने का आरोप भी लगाया ।,आरोप,obj,compound,,,,,mapping_hypothesis,no_decision,Karma,,no,yes,yes,no
dev-s114,1,उन्होंने मुशर्रफ पर एजेंडा बदलने और पीछे हटने का आरोप भी लगाया ।,पीछे,compound,obl,,,,,no_decision,mapping_hypothesis,,Adhikaraṇa|Apādāna|Karaṇa,no,yes,yes,no
dev-s1141,1,समिति ने खाली पड़े पदों पर नियुक्ति किए बिना मंत्रालय के गठन के उद्देश्य की पूर्ति में संदेह व्यक्त किया है ।,बिना,advmod,dep,,,,,no_decision,no_decision,,,no,yes,yes,yes
dev-s1142,1,समिति ने आश्चर्य व्यक्त किया कि पर्याप्त जनशक्ति के बिना मंत्रालय अपना काम - काज कैसे पूरा कर पा रहा है ।,कर,acl,obj,,,,,no_decision,mapping_hypothesis,,Karma,no,yes,yes,no
dev-s1143,1,"बहरहाल, समिति की रिपोर्ट पर मंत्रालय की बोलती बंद है ।",मंत्रालय,nmod,nsubj,की,की,,,no_decision,mapping_hypothesis,,Kartā,no,yes,yes,no
dev-s1146,1,पाकिस्तान का यह भी कहना है कि भारत अगर निषेधात्मक व्यापार नीति को हटा लेता है तो उसे सर्वाधिक वरीयता प्राप्त राष्ट्र (एमएफएन) का दर्जा देने पर विचार किया जा सकता है ।,प्राप्त,compound,amod,,,,,no_decision,no_decision,,,no,yes,yes,yes
dev-s1146,1,पाकिस्तान का यह भी कहना है कि भारत अगर निषेधात्मक व्यापार नीति को हटा लेता है तो उसे सर्वाधिक वरीयता प्राप्त राष्ट्र (एमएफएन) का दर्जा देने पर विचार किया जा सकता है ।,सर्वाधिक,compound,advmod,,,,,no_decision,no_decision,,,no,yes,yes,yes
dev-s1147,1,पाकिस्तानी अखबार दि नेशन में राजनयिक सूत्रों के हवाले से छपी खबर के मुताबिक पाकिस्तान का मानना है कि जम्मू कश्मीर में सैनिकों की कटौती से दोनों देशों के बीच विश्वास बहाली में मदद मिलेगी ।,जम्मू,nmod,compound,,,,,no_decision,no_decision,,,no,yes,yes,yes
dev-s1148,1,अखबार के मुताबिक जम्मू - कश्मीर में 60 हजार सैनिक तैनात हैं और इनमें से ज्यादातर की तैनाती कश्मीर घाटी में की गई है ।,अखबार,root,nmod,के,के,,,no_decision,no_decision,,,no,yes,yes,yes
dev-s1148,1,अखबार के मुताबिक जम्मू - कश्मीर में 60 हजार सैनिक तैनात हैं और इनमें से ज्यादातर की तैनाती कश्मीर घाटी में की गई है ।,इनमें,nmod,obl,से,से,,R4,no_decision,ambiguous,,Karaṇa|Apādāna,no,yes,no,no
dev-s1148,2,अखबार के मुताबिक जम्मू - कश्मीर में 60 हजार सैनिक तैनात हैं और इनमें से ज्यादातर की तैनाती कश्मीर घाटी में की गई है ।,कश्मीर,nmod,compound,,,,,no_decision,no_decision,,,no,yes,yes,yes
dev-s1148,1,अखबार के मुताबिक जम्मू - कश्मीर में 60 हजार सैनिक तैनात हैं और इनमें से ज्यादातर की तैनाती कश्मीर घाटी में की गई है ।,तैनात,conj,root,,,,,no_decision,no_decision,,,no,yes,yes,yes
dev-s1151,1,तब जम्मू डिवीजन और अनंतनाग से तकरीबन 6 हजार जवानों को वापस बुला लिया गया था ।,जम्मू,nmod,compound,,,,,no_decision,no_decision,,,no,yes,yes,yes
dev-s1151,1,तब जम्मू डिवीजन और अनंतनाग से तकरीबन 6 हजार जवानों को वापस बुला लिया गया था ।,जवानों,nsubj:pass,obj,को,को,,R5,no_decision,ambiguous,,Karma|Sampradāna,no,yes,no,no
dev-s1153,2,मालूम हो कि कश्मीर के सभी प्रतिनिधियों ने कश्मीर बस सेवा की शुरुआत का स्वागत किया है ।,कश्मीर,compound,nmod,,,,,no_decision,no_decision,,,no,yes,yes,yes
dev-s1153,1,मालूम हो कि कश्मीर के सभी प्रतिनिधियों ने कश्मीर बस सेवा की शुरुआत का स्वागत किया है ।,मालूम,xcomp,compound,,,,,no_decision,no_decision,,,no,yes,yes,yes
dev-s1154,1,सर्वाधिक वरीयता प्राप्त देश का दर्जा देने के मामले में पाकिस्तान के वाणिज्य मंत्री हुमायूँ अख्तर खान ने कहा कि हमने ऐसे क्षेत्रों की पहचान की है जो भारत की वाणिज्यिक नीति के कारण कुप्रभावित रहे हैं ।,कुप्रभावित,xcomp,compound,,,,,no_decision,no_decision,,,no,yes,yes,yes
dev-s1154,1,सर्वाधिक वरीयता प्राप्त देश का दर्जा देने के मामले में पाकिस्तान के वाणिज्य मंत्री हुमायूँ अख्तर खान ने कहा कि हमने ऐसे क्षेत्रों की पहचान की है जो भारत की वाणिज्यिक नीति के कारण कुप्रभावित रहे हैं ।,दर्जा,compound,obj,,,,,no_decision,mapping_hypothesis,,Karma,no,yes,yes,no
dev-s1155,1,"पाकिस्तान भारत के खिलाफ शुल्क, गैर - शुल्क और अर्ध - शुल्क अवरोधों की शिकायत करता रहा है ।",अवरोधों,nmod,conj,की,की,,,no_decision,no_decision,,,no,yes,yes,yes
dev-s1155,3,"पाकिस्तान भारत के खिलाफ शुल्क, गैर - शुल्क और अर्ध - शुल्क अवरोधों की शिकायत करता रहा है ।",शुल्क,conj,compound,,,,,no_decision,no_decision,,,no,yes,yes,yes
dev-s1157,1,बिहार के जेलमंत्री राघवेंद्र प्रताप सिंह ने राजद के बाहुबली सांसद पप्पू यादव द्वारा बेउर जेलकर्मियों को जान से मारने की धमकी के आरोप की जाँच के आदेश दिए हैं ।,यादव,obl,nsubj,द्वारा,द्वारा,,,mapping_hypothesis,mapping_hypothesis,Adhikaraṇa|Apādāna|Karaṇa,Kartā,no,yes,yes,yes
dev-s1159,1,शिकायत के बाद कल शाम से बेउर जेल में एक कार्यकारी मजिस्ट्रेट को भीड़ से निपटने के लिए तैनात कर दिया गया है ।,कार्यकारी,compound,amod,,,,,no_decision,no_decision,,,no,yes,yes,yes
dev-s1159,1,शिकायत के बाद कल शाम से बेउर जेल में एक कार्यकारी मजिस्ट्रेट को भीड़ से निपटने के लिए तैनात कर दिया गया है ।,बेउर,nmod,compound,,,,,no_decision,no_decision,,,no,yes,yes,yes
dev-s1159,1,शिकायत के बाद कल शाम से बेउर जेल में एक कार्यकारी मजिस्ट्रेट को भीड़ से निपटने के लिए तैनात कर दिया गया है ।,भीड़,obj,obl,से,से,,R4,mapping_hypothesis,ambiguous,Karma,Karaṇa|Apādāna,no,yes,no,no
dev-s116,1,"अमेरिका ने तब उन पर परमाणु परीक्षण नहीं करने के लिए दबाव बनाया था, लेकिन देश के संप्रभु चरित्र की रक्षा के लिए उन्होंने अमेरिकी दबाव की अनदेखी की ।",दबाव,compound,obj,,,,,no_decision,mapping_hypothesis,,Karma,no,yes,yes,no
dev-s1161,1,गौरतलब है कि जेल प्रशासन ने जब इस बाहुबली नेता को उनसे मिलने आए लोगों से भेंट नहीं करने दी तो शनिवार को उन्होंने जेलकर्मियों को परिणाम भुगतने की धमकी दी ।,नेता,obj,iobj,को,को,R5,R5,ambiguous,ambiguous,Karma|Sampradāna,Karma|Sampradāna,no,yes,yes,yes
dev-s1161,1,गौरतलब है कि जेल प्रशासन ने जब इस बाहुबली नेता को उनसे मिलने आए लोगों से भेंट नहीं करने दी तो शनिवार को उन्होंने जेलकर्मियों को परिणाम भुगतने की धमकी दी ।,लोगों,obl,obj,से,से,R4,,ambiguous,mapping_hypothesis,Karaṇa|Apādāna,Karma,no,yes,no,no
dev-s1162,1,उन्होंने कथित तौर पर जेलर भोला सिंह को जान से मार डालने की धमकी दी ।,जान,compound,obl,से,से,,R4,no_decision,ambiguous,,Karaṇa|Apādāna,no,yes,no,no
dev-s1165,1,बेउर जेल के जेलर भोला सिंह और कुछ अन्य कर्मचारियों ने कारागार विभाग को कल दिए गए एक लिखित आवेदन में बताया है कि माकपा विधायक अजित सरकार की हत्या के मामले में जेल में बंद पप्पू यादव ने मुलाकातियों से मिलने से मना करने पर उन्हें जान से मारने की धमकी दी ।,जान,compound,obl,से,से,,R4,no_decision,ambiguous,,Karaṇa|Apādāna,no,yes,no,no
dev-s1165,1,बेउर जेल के जेलर भोला सिंह और कुछ अन्य कर्मचारियों ने कारागार विभाग को कल दिए गए एक लिखित आवेदन में बताया है कि माकपा विधायक अजित सरकार की हत्या के मामले में जेल में बंद पप्पू यादव ने मुलाकातियों से मिलने से मना करने पर उन्हें जान से मारने की धमकी दी ।,बेउर,nmod,compound,,,,,no_decision,no_decision,,,no,yes,yes,yes
dev-s1166,1,उन्होंने परिस्थिति से निपटने के लिए मजिस्ट्रेट की निगरानी में अतिरिक्त पुलिस बल तैनात करने की भी माँग की है ।,परिस्थिति,obj,obl,से,से,,R4,mapping_hypothesis,ambiguous,Karma,Karaṇa|Apādāna,no,yes,no,no
dev-s1167,1,जेल से एक फैक्स संदेश मिलने के बाद पुलिस अधीक्षक ने जेल में अतिरिक्त पुलिस बल की तैनाती के निर्देश दिए हैं ।,अतिरिक्त,amod,compound,,,,,no_decision,no_decision,,,no,yes,yes,yes
dev-s1169,1,वरिष्ठ पुलिस अधीक्षक एन. के. खान ने फुलवारी शरीफ थाने के प्रभारी को मामले को देखने और जेल में अतिरिक्त पुलिस - बल तैनात करने का आदेश दिया है ।,प्रभारी,iobj,obj,को,को,R5,R5,ambiguous,ambiguous,Karma|Sampradāna,Karma|Sampradāna,no,yes,yes,yes
dev-s117,2,उन्होंने यह भी कहा कि तब तत्कालीन भारतीय प्रधानमंत्री अटल बिहारी वाजपेयी ने खुद अपनी मर्जी से लाहौर की यात्रा की थी और लाहौर घोषणा पर हस्ताक्षर हुआ था ।,लाहौर,compound,nmod,,,,,no_decision,no_decision,,,no,yes,yes,yes
dev-s117,1,उन्होंने यह भी कहा कि तब तत्कालीन भारतीय प्रधानमंत्री अटल बिहारी वाजपेयी ने खुद अपनी मर्जी से लाहौर की यात्रा की थी और लाहौर घोषणा पर हस्ताक्षर हुआ था ।,हस्ताक्षर,nsubj,compound,,,,,mapping_hypothesis,no_decision,Kartā,,no,yes,yes,no
dev-s1170,1,बताया जाता है कि इसके पूर्व मधेपुरा से राजद के सांसद पप्पू यादव की उनसे मिलने बड़ी संख्या में आने वाले अनाधिकृत मुलाकातियों को रोकने के मामले में जेल महानिरीक्षक से भी नोक - झोंक हो चुकी है ।,उनसे,nsubj,obj,,,,,mapping_hypothesis,mapping_hypothesis,Kartā,Karma,no,yes,yes,yes
dev-s1170,1,बताया जाता है कि इसके पूर्व मधेपुरा से राजद के सांसद पप्पू यादव की उनसे मिलने बड़ी संख्या में आने वाले अनाधिकृत मुलाकातियों को रोकने के मामले में जेल महानिरीक्षक से भी नोक - झोंक हो चुकी है ।,मधेपुरा,nmod,obl,से,से,,R4,no_decision,ambiguous,,Karaṇa|Apādāna,no,yes,no,no
dev-s1170,1,बताया जाता है कि इसके पूर्व मधेपुरा से राजद के सांसद पप्पू यादव की उनसे मिलने बड़ी संख्या में आने वाले अनाधिकृत मुलाकातियों को रोकने के मामले में जेल महानिरीक्षक से भी नोक - झोंक हो चुकी है ।,महानिरीक्षक,obj,obl,से,से,,R4,mapping_hypothesis,ambiguous,Karma,Karaṇa|Apādāna,no,yes,no,no
dev-s1175,1,"मछुआरों के अनुसार, इसके अलावा समुद्र से घिरे तट भी बीस - बीस मीटर तक समुद्र ने अपने आगोश में ले लिए हैं ।",तट,obj,nsubj,,,,,mapping_hypothesis,mapping_hypothesis,Karma,Kartā,no,yes,yes,yes
dev-s1175,2,"मछुआरों के अनुसार, इसके अलावा समुद्र से घिरे तट भी बीस - बीस मीटर तक समुद्र ने अपने आगोश में ले लिए हैं ।",बीस,compound,nummod,,,,,no_decision,no_decision,,,no,yes,yes,yes
dev-s1175,1,"मछुआरों के अनुसार, इसके अलावा समुद्र से घिरे तट भी बीस - बीस मीटर तक समुद्र ने अपने आगोश में ले लिए हैं ।",समुद्र,obj,obl,से,से,,R4,mapping_hypothesis,ambiguous,Karma,Karaṇa|Apādāna,no,yes,no,no
dev-s1179,1,इन मछुआरों ने बताया कि मछलियाँ यह क्षेत्र छोड़ कर दूसरे स्थानों पर जा चुकी हैं ।,क्षेत्र,obl,obj,,,,,mapping_hypothesis,mapping_hypothesis,Adhikaraṇa|Apādāna|Karaṇa,Karma,no,yes,yes,yes
dev-s1180,1,उन्होंने बताया कि आमतौर पर चक्रवात या बाढ़ आने पर मछुआरों को मछलियाँ ज्यादा मिलती हैं ।,चक्रवात,obj,nsubj,,,,,mapping_hypothesis,mapping_hypothesis,Karma,Kartā,no,yes,yes,yes
dev-s1180,1,उन्होंने बताया कि आमतौर पर चक्रवात या बाढ़ आने पर मछुआरों को मछलियाँ ज्यादा मिलती हैं ।,ज्यादा,compound,xcomp,,,,,no_decision,no_decision,,,no,yes,yes,yes
dev-s1180,1,उन्होंने बताया कि आमतौर पर चक्रवात या बाढ़ आने पर मछुआरों को मछलियाँ ज्यादा मिलती हैं ।,मछुआरों,nsubj,iobj,को,को,,R5,mapping_hypothesis,ambiguous,Kartā,Karma|Sampradāna,no,yes,no,no
dev-s1181,1,लेकिन इस बार उन्हें अधिक मछलियाँ नहीं मिलीं ।,उन्हें,nsubj,iobj,,,,,mapping_hypothesis,mapping_hypothesis,Kartā,Sampradāna,no,yes,yes,yes
dev-s1182,1,"इसके अलावा जो एक और बड़ा परिवर्तन देखा गया, उसके मुताबिक दक्षिण भारतीय तटों की बीस मीटर की भूमि समुद्र में समा चुकी है ।",जो,det,obj,,,,,no_decision,mapping_hypothesis,,Karma,no,yes,yes,no
dev-s1183,1,एक अध्ययन तुतिकोरिन स्थित फिशरीज़ कॉलेज एंड रिसर्च इंस्टीट्यूट करेगा ।,अध्ययन,compound,nsubj,,,,,no_decision,mapping_hypothesis,,Kartā,no,yes,yes,no
dev-s1185,1,दूसरा अध्ययन समुद्री विभाग कराएगा जिसमें सुनामी के प्रभाव के तौर पर समुद्री जीवन व जल की गुणवत्ता के प्रभाव पर गहन विचार - विमर्श होगा ।,जल,nmod,conj,की,,,,no_decision,no_decision,,,no,no,yes,yes
dev-s1185,1,दूसरा अध्ययन समुद्री विभाग कराएगा जिसमें सुनामी के प्रभाव के तौर पर समुद्री जीवन व जल की गुणवत्ता के प्रभाव पर गहन विचार - विमर्श होगा ।,जीवन,obl,nmod,,की,,,mapping_hypothesis,no_decision,Adhikaraṇa|Apādāna|Karaṇa,,no,no,yes,no
dev-s1185,2,दूसरा अध्ययन समुद्री विभाग कराएगा जिसमें सुनामी के प्रभाव के तौर पर समुद्री जीवन व जल की गुणवत्ता के प्रभाव पर गहन विचार - विमर्श होगा ।,प्रभाव,conj,obl,पर,पर,,R3,no_decision,confirmed,,Adhikaraṇa,no,yes,no,no
dev-s1185,1,दूसरा अध्ययन समुद्री विभाग कराएगा जिसमें सुनामी के प्रभाव के तौर पर समुद्री जीवन व जल की गुणवत्ता के प्रभाव पर गहन विचार - विमर्श होगा ।,समुद्री,compound,amod,,,,,no_decision,no_decision,,,no,yes,yes,yes
dev-s1186,1,हाल ही में नेपाल में संपन्न पालिका चुनावों की विश्वसनीयता पर परोक्ष रूप से सवालिया निशान लगाते हुए भारत ने कहा कि किसी भी चुनाव की विश्वसनीयता के लिए उसमें मुख्य धारा की सभी पार्टियों की भागीदारी बेहद जरूरी है ।,बेहद,det,advmod,,,,,no_decision,no_decision,,,no,yes,yes,yes
dev-s1186,1,हाल ही में नेपाल में संपन्न पालिका चुनावों की विश्वसनीयता पर परोक्ष रूप से सवालिया निशान लगाते हुए भारत ने कहा कि किसी भी चुनाव की विश्वसनीयता के लिए उसमें मुख्य धारा की सभी पार्टियों की भागीदारी बेहद जरूरी है ।,लगाते,acl,advcl,,,,,no_decision,no_decision,,,no,yes,yes,yes
dev-s1186,1,हाल ही में नेपाल में संपन्न पालिका चुनावों की विश्वसनीयता पर परोक्ष रूप से सवालिया निशान लगाते हुए भारत ने कहा कि किसी भी चुनाव की विश्वसनीयता के लिए उसमें मुख्य धारा की सभी पार्टियों की भागीदारी बेहद जरूरी है ।,है,cop,ccomp,,,,,no_decision,no_decision,,,no,yes,yes,yes
dev-s1188,1,बृहस्पतिवार को विदेश मंत्रालय के प्रवक्ता नवतेज सरना ने कहा कि नेपाल गंभीर चुनौतियों से जूझ रहा है ।,चुनौतियों,obj,obl,से,से,,R4,mapping_hypothesis,ambiguous,Karma,Karaṇa|Apādāna,no,yes,no,no
dev-s119,1,"शरीफ ने कहा कि तब वाजपेयी ने मुझसे कहा था कि वे वर्ष, १९९९ को कश्मीर समस्या के समाधान वर्ष के रूप में याद करना चाहेंगे ।",करना,acl,obj,,,,,no_decision,mapping_hypothesis,,Karma,no,yes,yes,no
dev-s119,1,"शरीफ ने कहा कि तब वाजपेयी ने मुझसे कहा था कि वे वर्ष, १९९९ को कश्मीर समस्या के समाधान वर्ष के रूप में याद करना चाहेंगे ।",वर्ष,nmod,compound,,,,,no_decision,no_decision,,,no,yes,yes,yes
dev-s119,1,"शरीफ ने कहा कि तब वाजपेयी ने मुझसे कहा था कि वे वर्ष, १९९९ को कश्मीर समस्या के समाधान वर्ष के रूप में याद करना चाहेंगे ।",१९९९,obj,obl,को,को,R5,,ambiguous,mapping_hypothesis,Karma|Sampradāna,Adhikaraṇa|Apādāna|Karaṇa,no,yes,no,no
dev-s1190,1,सरना ने एक बयान में कहा कि नेपाल में चुनाव ऐसे समय में हुए जब बड़ी राजनीतिक पार्टियों ने उनकी गतिविधियों पर रोक लगाए जाने के कारण इसके बायकॉट का ऐलान किया था और इन पार्टियों के नेताओं की गिरफ्तारी और हिरासत में लिया जाना जारी है ।,इसके,nsubj,nmod,,,,,mapping_hypothesis,no_decision,Kartā,,no,yes,yes,no
dev-s1190,1,सरना ने एक बयान में कहा कि नेपाल में चुनाव ऐसे समय में हुए जब बड़ी राजनीतिक पार्टियों ने उनकी गतिविधियों पर रोक लगाए जाने के कारण इसके बायकॉट का ऐलान किया था और इन पार्टियों के नेताओं की गिरफ्तारी और हिरासत में लिया जाना जारी है ।,गिरफ्तारी,nsubj,obl,,,,,mapping_hypothesis,mapping_hypothesis,Kartā,Adhikaraṇa|Apādāna|Karaṇa,no,yes,yes,yes
dev-s1190,1,सरना ने एक बयान में कहा कि नेपाल में चुनाव ऐसे समय में हुए जब बड़ी राजनीतिक पार्टियों ने उनकी गतिविधियों पर रोक लगाए जाने के कारण इसके बायकॉट का ऐलान किया था और इन पार्टियों के नेताओं की गिरफ्तारी और हिरासत में लिया जाना जारी है ।,जारी,conj,obj,,,,,no_decision,mapping_hypothesis,,Karma,no,yes,yes,no
dev-s1190,1,सरना ने एक बयान में कहा कि नेपाल में चुनाव ऐसे समय में हुए जब बड़ी राजनीतिक पार्टियों ने उनकी गतिविधियों पर रोक लगाए जाने के कारण इसके बायकॉट का ऐलान किया था और इन पार्टियों के नेताओं की गिरफ्तारी और हिरासत में लिया जाना जारी है ।,पार्टियों,nsubj:pass,nsubj,ने,ने,,R1,no_decision,confirmed,,Kartā,no,yes,no,no
dev-s1190,1,सरना ने एक बयान में कहा कि नेपाल में चुनाव ऐसे समय में हुए जब बड़ी राजनीतिक पार्टियों ने उनकी गतिविधियों पर रोक लगाए जाने के कारण इसके बायकॉट का ऐलान किया था और इन पार्टियों के नेताओं की गिरफ्तारी और हिरासत में लिया जाना जारी है ।,लिया,conj,nsubj,,,,,no_decision,mapping_hypothesis,,Kartā,no,yes,yes,no
dev-s1190,1,सरना ने एक बयान में कहा कि नेपाल में चुनाव ऐसे समय में हुए जब बड़ी राजनीतिक पार्टियों ने उनकी गतिविधियों पर रोक लगाए जाने के कारण इसके बायकॉट का ऐलान किया था और इन पार्टियों के नेताओं की गिरफ्तारी और हिरासत में लिया जाना जारी है ।,है,cop,conj,,,,,no_decision,no_decision,,,no,yes,yes,yes
dev-s1194,1,उसकी यह इच्छा है कि वहाँ जल्द शांति और स्थिरता बहाल हो और वह विकास के रास्ते पर आगे बढ़े ।,आगे,compound,obl,,,,,no_decision,mapping_hypothesis,,Adhikaraṇa|Apādāna|Karaṇa,no,yes,yes,no
dev-s1196,1,नेपाल नरेश ज्ञानेंद्र ने निकाय चुनावों को लोकतंत्र बहाली की ओर पहला कदम करार दिया है ।,कदम,acl,obj,,,,,no_decision,mapping_hypothesis,,Karma,no,yes,yes,no
dev-s1196,1,नेपाल नरेश ज्ञानेंद्र ने निकाय चुनावों को लोकतंत्र बहाली की ओर पहला कदम करार दिया है ।,चुनावों,obj,iobj,को,को,R5,R5,ambiguous,ambiguous,Karma|Sampradāna,Karma|Sampradāna,no,yes,yes,yes
dev-s1199,1,चुनावी विरोधी प्रदर्शन के दौरान सेना की फायरिंग में एक व्यक्ति की मौत हो गई थी तथा एक अन्य घायल हुआ था ।,चुनावी,amod,compound,,,,,no_decision,no_decision,,,no,yes,yes,yes
dev-s12,1,मंदिर के डाट हूबहू अजंता की गुफाओं के डाट की तरह हैं ।,हूबहू,advmod,compound,,,,,no_decision,no_decision,,,no,yes,yes,yes
dev-s1205,1,सेनाओं के आधुनिकीकरण के तहत भारतीय सेना के अपने सैटेलाइट की जरूरत के बारे में रक्षा मंत्री ने कहा कि राष्ट्रीय सुरक्षा के हितों को ध्यान में रखते हुए सदन में इसके बारे में सूचना नहीं दी जा सकती है ।,भारतीय,compound,amod,,,,,no_decision,no_decision,,,no,yes,yes,yes
dev-s1205,1,सेनाओं के आधुनिकीकरण के तहत भारतीय सेना के अपने सैटेलाइट की जरूरत के बारे में रक्षा मंत्री ने कहा कि राष्ट्रीय सुरक्षा के हितों को ध्यान में रखते हुए सदन में इसके बारे में सूचना नहीं दी जा सकती है ।,सूचना,compound,obj,,,,,no_decision,mapping_hypothesis,,Karma,no,yes,yes,no
dev-s1207,1,सदन में प्रश्नकाल के दौरान अहमद ने पाकिस्तान को अमेरिका द्वारा हथियार देने की रिपोर्ट पर गंभीर चिंता जताते हुए कहा कि इससे भारत में अमेरिकी छवि को नुकसान पहुँचेगा ।,चिंता,obj,compound,,,,,mapping_hypothesis,no_decision,Karma,,no,yes,yes,no
dev-s1211,1,"अल्पसंख्यकों के हितों के लिए काम करने और विश्व का ध्यान उनकी समस्याओं की ओर खींचने के लिए श्रीलंका, पाकिस्तान और बांग्लादेश के अल्पसंख्यक समुदायों ने कोशिशें तेज कर दी हैं, लेकिन नेपाल को लेकर आशंका अब भी बनी हुई है ।",आशंका,obj,nsubj,,,,,mapping_hypothesis,mapping_hypothesis,Karma,Kartā,no,yes,yes,yes
dev-s1211,1,"अल्पसंख्यकों के हितों के लिए काम करने और विश्व का ध्यान उनकी समस्याओं की ओर खींचने के लिए श्रीलंका, पाकिस्तान और बांग्लादेश के अल्पसंख्यक समुदायों ने कोशिशें तेज कर दी हैं, लेकिन नेपाल को लेकर आशंका अब भी बनी हुई है ।",करने,advcl,nmod,,,,,no_decision,no_decision,,,no,yes,yes,yes
dev-s1211,1,"अल्पसंख्यकों के हितों के लिए काम करने और विश्व का ध्यान उनकी समस्याओं की ओर खींचने के लिए श्रीलंका, पाकिस्तान और बांग्लादेश के अल्पसंख्यक समुदायों ने कोशिशें तेज कर दी हैं, लेकिन नेपाल को लेकर आशंका अब भी बनी हुई है ।",नेपाल,nsubj,obj,को,को,,R5,mapping_hypothesis,ambiguous,Kartā,Karma|Sampradāna,no,yes,no,no
dev-s1212,1,"हाल में ही दक्षिण एशियाई क्षेत्रीय सहयोग संगठन (सार्क) देशों के अल्पसंख्यक समुदायों ने अल्पसंख्यकों की शैक्षणिक, सामाजिक और आर्थिक बेहतरी के लिए दक्षिण एशियाई अल्पसंख्यक परिषद का गठन किया है ।",संगठन,dislocated,nmod,,,,,no_decision,no_decision,,,no,yes,yes,yes
dev-s1214,1,लेकिन विशेषज्ञ मानते हैं कि नेपाल में लोकतंत्र नहीं होने के बावजूद परिषद का गठन तो होगा लेकिन उसे काम नहीं करने दिया जाएगा ।,उसे,iobj,obj,,,,,mapping_hypothesis,mapping_hypothesis,Sampradāna,Karma,no,yes,yes,yes
dev-s1214,1,लेकिन विशेषज्ञ मानते हैं कि नेपाल में लोकतंत्र नहीं होने के बावजूद परिषद का गठन तो होगा लेकिन उसे काम नहीं करने दिया जाएगा ।,करने,obj,conj,,,,,mapping_hypothesis,no_decision,Karma,,no,yes,yes,no
dev-s1214,1,लेकिन विशेषज्ञ मानते हैं कि नेपाल में लोकतंत्र नहीं होने के बावजूद परिषद का गठन तो होगा लेकिन उसे काम नहीं करने दिया जाएगा ।,दिया,conj,compound,,,,,no_decision,no_decision,,,no,yes,yes,yes
dev-s1214,1,लेकिन विशेषज्ञ मानते हैं कि नेपाल में लोकतंत्र नहीं होने के बावजूद परिषद का गठन तो होगा लेकिन उसे काम नहीं करने दिया जाएगा ।,लोकतंत्र,obj,nsubj,,,,,mapping_hypothesis,mapping_hypothesis,Karma,Kartā,no,yes,yes,yes
dev-s1215,1,नेपाल मामलों के विशेषज्ञ और वरिष्ठ पत्रकार आनंद स्वरूप वर्मा मानते हैं कि जिस देश में नागरिकों के खिलाफ दमनात्मक कार्रवाई हो रही है वहाँ इस तरह के परिषद की जरूरत तो है लेकिन उसे काम करने से रोका जाएगा ।,पत्रकार,nmod,conj,,,,,no_decision,no_decision,,,no,yes,yes,yes
dev-s1215,1,नेपाल मामलों के विशेषज्ञ और वरिष्ठ पत्रकार आनंद स्वरूप वर्मा मानते हैं कि जिस देश में नागरिकों के खिलाफ दमनात्मक कार्रवाई हो रही है वहाँ इस तरह के परिषद की जरूरत तो है लेकिन उसे काम करने से रोका जाएगा ।,वर्मा,conj,nsubj,,,,,no_decision,mapping_hypothesis,,Kartā,no,yes,yes,no
dev-s1215,1,नेपाल मामलों के विशेषज्ञ और वरिष्ठ पत्रकार आनंद स्वरूप वर्मा मानते हैं कि जिस देश में नागरिकों के खिलाफ दमनात्मक कार्रवाई हो रही है वहाँ इस तरह के परिषद की जरूरत तो है लेकिन उसे काम करने से रोका जाएगा ।,विशेषज्ञ,nsubj,nmod,,,,,mapping_hypothesis,no_decision,Kartā,,no,yes,yes,no
dev-s1221,1,भारतीय वायुसेना का एक दल फ्रांसीसी वायु सेना के साथ दूसरे संयुक्त लड़ाकू अभ्यास गरूड़ - २ में हिस्सा लेने के लिए बृहस्पतिवार को फ्रांस के लिए रवाना हो गया ।,फ्रांसीसी,compound,amod,,,,,no_decision,no_decision,,,no,yes,yes,yes
dev-s1222,1,इस दल में छह एसयू - ३० के लड़ाकू विमान और एक आईएल - ७८ मिड एअर रीफ्यूलर शामिल हैं ।,७८,compound,nummod,,,,,no_decision,no_decision,,,no,yes,yes,yes
dev-s1223,1,वायुसेना के उपाध्यक्ष एअर मार्शल एस. के. मलिक ने २४ स्क्वॅड्रन से एसयू - ३० को और आगरा स्थित मिड एअर रीफ्यूलिंग स्क्वॅड्रन से आईएल - ७८ को झंडी दिखा कर रवाना किया ।,स्क्वॅड्रन,nmod,obl,से,से,,R4,no_decision,ambiguous,,Karaṇa|Apādāna,no,yes,no,no
dev-s1223,2,वायुसेना के उपाध्यक्ष एअर मार्शल एस. के. मलिक ने २४ स्क्वॅड्रन से एसयू - ३० को और आगरा स्थित मिड एअर रीफ्यूलिंग स्क्वॅड्रन से आईएल - ७८ को झंडी दिखा कर रवाना किया ।,स्क्वॅड्रन,nmod,conj,से,से,,,no_decision,no_decision,,,no,yes,yes,yes
dev-s1223,1,वायुसेना के उपाध्यक्ष एअर मार्शल एस. के. मलिक ने २४ स्क्वॅड्रन से एसयू - ३० को और आगरा स्थित मिड एअर रीफ्यूलिंग स्क्वॅड्रन से आईएल - ७८ को झंडी दिखा कर रवाना किया ।,७८,conj,iobj,को,को,,R5,no_decision,ambiguous,,Karma|Sampradāna,no,yes,no,no
dev-s1224,1,इस मौके पर एअर मार्शल मलिक ने वायुसैनिकों से बेहतर अभ्यास कर भारतीय वायु सेना की प्रतिष्ठा बढ़ाने का आह्वान किया ।,वायुसैनिकों,iobj,obl,से,से,,R4,mapping_hypothesis,ambiguous,Sampradāna,Karaṇa|Apādāna,no,yes,no,no
dev-s1225,1,उन्होंने कहा कि प्रतिष्ठा बनाना बहुत मुश्किल है और उससे ज्यादा मुश्किल उसे बनाए रखना है ।,उसे,obj,nsubj,,,,,mapping_hypothesis,mapping_hypothesis,Karma,Kartā,no,yes,yes,yes
dev-s1225,1,उन्होंने कहा कि प्रतिष्ठा बनाना बहुत मुश्किल है और उससे ज्यादा मुश्किल उसे बनाए रखना है ।,बनाए,nsubj,compound,,,,,mapping_hypothesis,no_decision,Kartā,,no,yes,yes,no
dev-s1225,1,उन्होंने कहा कि प्रतिष्ठा बनाना बहुत मुश्किल है और उससे ज्यादा मुश्किल उसे बनाए रखना है ।,बहुत,advmod,det,,,,,no_decision,no_decision,,,no,yes,yes,yes
dev-s1225,1,उन्होंने कहा कि प्रतिष्ठा बनाना बहुत मुश्किल है और उससे ज्यादा मुश्किल उसे बनाए रखना है ।,रखना,compound,conj,,,,,no_decision,no_decision,,,no,yes,yes,yes
dev-s1225,2,उन्होंने कहा कि प्रतिष्ठा बनाना बहुत मुश्किल है और उससे ज्यादा मुश्किल उसे बनाए रखना है ।,है,conj,aux,,,,,no_decision,no_decision,,,no,yes,yes,yes
dev-s1227,1,अभ्यास के मकसद के बारे में पत्रकारों को जानकारी देते हुए उन्होंने कहा कि गरूड़ - २ वायु रक्षा तकनीकों पर केंद्रित होने के साथ - साथ भारतीय वायुसेना के बारे में भी जानकारी दे सकेगा ।,गरूड़,compound,nmod,,,,,no_decision,no_decision,,,no,yes,yes,yes
dev-s1227,1,अभ्यास के मकसद के बारे में पत्रकारों को जानकारी देते हुए उन्होंने कहा कि गरूड़ - २ वायु रक्षा तकनीकों पर केंद्रित होने के साथ - साथ भारतीय वायुसेना के बारे में भी जानकारी दे सकेगा ।,जानकारी,obj,compound,,,,,mapping_hypothesis,no_decision,Karma,,no,yes,yes,no
dev-s1227,2,अभ्यास के मकसद के बारे में पत्रकारों को जानकारी देते हुए उन्होंने कहा कि गरूड़ - २ वायु रक्षा तकनीकों पर केंद्रित होने के साथ - साथ भारतीय वायुसेना के बारे में भी जानकारी दे सकेगा ।,जानकारी,obj,compound,,,,,mapping_hypothesis,no_decision,Karma,,no,yes,yes,no
dev-s1227,1,अभ्यास के मकसद के बारे में पत्रकारों को जानकारी देते हुए उन्होंने कहा कि गरूड़ - २ वायु रक्षा तकनीकों पर केंद्रित होने के साथ - साथ भारतीय वायुसेना के बारे में भी जानकारी दे सकेगा ।,देते,acl,advcl,,,,,no_decision,no_decision,,,no,yes,yes,yes
dev-s1227,1,अभ्यास के मकसद के बारे में पत्रकारों को जानकारी देते हुए उन्होंने कहा कि गरूड़ - २ वायु रक्षा तकनीकों पर केंद्रित होने के साथ - साथ भारतीय वायुसेना के बारे में भी जानकारी दे सकेगा ।,भारतीय,compound,amod,,,,,no_decision,no_decision,,,no,yes,yes,yes
dev-s1227,1,अभ्यास के मकसद के बारे में पत्रकारों को जानकारी देते हुए उन्होंने कहा कि गरूड़ - २ वायु रक्षा तकनीकों पर केंद्रित होने के साथ - साथ भारतीय वायुसेना के बारे में भी जानकारी दे सकेगा ।,२,nsubj,nmod,,,,,mapping_hypothesis,no_decision,Kartā,,no,yes,yes,no
dev-s1228,2,जिसमें सुखोई विमानों को फ्रांस की वायुसेना के मिराज २००० - ५ लड़ाकू विमानों के साथ - साथ पुराने मिराज २००० सी संस्करण के साथ अभ्यास करने का मौका मिल सकेगा ।,विमानों,obj,obl,के,के,,,mapping_hypothesis,mapping_hypothesis,Karma,Adhikaraṇa|Apādāna|Karaṇa,no,yes,yes,yes
dev-s1228,1,जिसमें सुखोई विमानों को फ्रांस की वायुसेना के मिराज २००० - ५ लड़ाकू विमानों के साथ - साथ पुराने मिराज २००० सी संस्करण के साथ अभ्यास करने का मौका मिल सकेगा ।,सी,nmod,compound,,,,,no_decision,no_decision,,,no,yes,yes,yes
dev-s1228,1,जिसमें सुखोई विमानों को फ्रांस की वायुसेना के मिराज २००० - ५ लड़ाकू विमानों के साथ - साथ पुराने मिराज २००० सी संस्करण के साथ अभ्यास करने का मौका मिल सकेगा ।,सुखोई,nmod,compound,,,,,no_decision,no_decision,,,no,yes,yes,yes
dev-s1228,1,जिसमें सुखोई विमानों को फ्रांस की वायुसेना के मिराज २००० - ५ लड़ाकू विमानों के साथ - साथ पुराने मिराज २००० सी संस्करण के साथ अभ्यास करने का मौका मिल सकेगा ।,२०००,compound,nummod,,,,,no_decision,no_decision,,,no,yes,yes,yes
dev-s1228,2,जिसमें सुखोई विमानों को फ्रांस की वायुसेना के मिराज २००० - ५ लड़ाकू विमानों के साथ - साथ पुराने मिराज २००० सी संस्करण के साथ अभ्यास करने का मौका मिल सकेगा ।,२०००,compound,nummod,,,,,no_decision,no_decision,,,no,yes,yes,yes
dev-s1228,1,जिसमें सुखोई विमानों को फ्रांस की वायुसेना के मिराज २००० - ५ लड़ाकू विमानों के साथ - साथ पुराने मिराज २००० सी संस्करण के साथ अभ्यास करने का मौका मिल सकेगा ।,५,nmod,nummod,,,,,no_decision,no_decision,,,no,yes,yes,yes
dev-s1230,1,एअर मार्शल मलिक ने कहा कि दोनों पक्ष लड़ाकू भूमिका में रहने के साथ - साथ समूहों में उड़ान भरेंगे ।,रहने,obl,advcl,,,,,mapping_hypothesis,no_decision,Adhikaraṇa|Apādāna|Karaṇa,,no,yes,yes,no
dev-s1231,1,उन्होंने कहा कि हमारे वायुसेनाकर्मी फ्रांस के अनुभवों से सीख रहे हैं ।,अनुभवों,obl,obj,से,से,R4,,ambiguous,mapping_hypothesis,Karaṇa|Apādāna,Karma,no,yes,no,no
dev-s1233,1,उन्होंने समय - समय पर राजनीतिक सत्ता को उसके गलत फैसलों पर चेताया और बेबाकी से अपनी राय रखी ।,सत्ता,iobj,obj,को,को,R5,R5,ambiguous,ambiguous,Karma|Sampradāna,Karma|Sampradāna,no,yes,yes,yes
dev-s1235,1,कई मामलों में उनकी राय राजनीतिक सत्ता की राय से अलग भी होती थी ।,अलग,compound,xcomp,,,,,no_decision,no_decision,,,no,yes,yes,yes
dev-s1239,1,नारायणन का शुरुआती जीवन संघर्षो से भरा रहा ।,संघर्षो,obj,obl,से,से,,R4,mapping_hypothesis,ambiguous,Karma,Karaṇa|Apādāna,no,yes,no,no
dev-s124,1,उन्होंने कहा कि इसके पीछे पाकिस्तान और उसके परमाणु कार्यक्रम को निशाना बनाने का उद्देश्य छिपा हुआ है ।,उसके,nmod,conj,,,,,no_decision,no_decision,,,no,yes,yes,yes
dev-s124,1,उन्होंने कहा कि इसके पीछे पाकिस्तान और उसके परमाणु कार्यक्रम को निशाना बनाने का उद्देश्य छिपा हुआ है ।,कार्यक्रम,conj,obj,को,को,,R5,no_decision,ambiguous,,Karma|Sampradāna,no,yes,no,no
dev-s124,1,उन्होंने कहा कि इसके पीछे पाकिस्तान और उसके परमाणु कार्यक्रम को निशाना बनाने का उद्देश्य छिपा हुआ है ।,पाकिस्तान,obj,nmod,,,,,mapping_hypothesis,no_decision,Karma,,no,yes,yes,no
dev-s1240,1,जाति व्यवस्था के कारण उन्हें तमाम सामाजिक और आर्थिक दिक्कतों का सामना करना पड़ा ।,तमाम,advmod,det,,,,,no_decision,no_decision,,,no,yes,yes,yes
dev-s1241,1,"मध्य केरल के उझवुर में २७ अक्टूबर, १९२० को एक दलित परिवार में जन्मे नारायणन सात भाई - बहनों में चौथे नंबर पर थे ।",उझवुर,obl,nmod,में,में,R2,,confirmed,no_decision,Adhikaraṇa,,no,yes,no,no
dev-s1241,1,"मध्य केरल के उझवुर में २७ अक्टूबर, १९२० को एक दलित परिवार में जन्मे नारायणन सात भाई - बहनों में चौथे नंबर पर थे ।",जन्मे,acl,amod,,,,,no_decision,no_decision,,,no,yes,yes,yes
dev-s1241,1,"मध्य केरल के उझवुर में २७ अक्टूबर, १९२० को एक दलित परिवार में जन्मे नारायणन सात भाई - बहनों में चौथे नंबर पर थे ।",मध्य,amod,compound,,,,,no_decision,no_decision,,,no,yes,yes,yes
dev-s1243,1,नारायणन दस किलोमीटर पैदल चलकर स्कूल जाते थे ।,किलोमीटर,nmod,obl,,,,,no_decision,mapping_hypothesis,,Adhikaraṇa|Apādāna|Karaṇa,no,yes,yes,no
dev-s1243,1,नारायणन दस किलोमीटर पैदल चलकर स्कूल जाते थे ।,पैदल,obj,compound,,,,,mapping_hypothesis,no_decision,Karma,,no,yes,yes,no
dev-s1246,1,त्रिवेंद्रम के महाराजा कॉलेज से बीए (साहित्य) की परीक्षा दी और यूनीवर्सिटी में प्रथम स्थान प्राप्त किया ।,परीक्षा,obj,compound,,,,,mapping_hypothesis,no_decision,Karma,,no,yes,yes,no
dev-s1248,1,यूनीवर्सिटी ने एक दलित को लेक्चरर की नौकरी देने से इनकार कर क्लर्क की नौकरी करने का प्रस्ताव रखा ।,देने,advcl,obj,,,,,no_decision,mapping_hypothesis,,Karma,no,yes,yes,no
dev-s1249,1,समय चक्र घूमा और पचास साल बाद नारायणन देश के उपराष्ट्रपति बन गए ।,उपराष्ट्रपति,obj,xcomp,,,,,mapping_hypothesis,no_decision,Karma,,no,yes,yes,no
dev-s1249,1,समय चक्र घूमा और पचास साल बाद नारायणन देश के उपराष्ट्रपति बन गए ।,चक्र,obj,nsubj,,,,,mapping_hypothesis,mapping_hypothesis,Karma,Kartā,no,yes,yes,yes
dev-s125,1,ऐसा पाकिस्तान बाहरी दबाव में कर रहा है ।,ऐसा,obl,det,,,,,mapping_hypothesis,no_decision,Adhikaraṇa|Apādāna|Karaṇa,,no,yes,yes,no
dev-s1250,1,तब उसी यूनीवर्सिटी ने उनसे डिग्री स्वीकार करने का अनुरोध किया ।,उनसे,iobj,obl,,,,,mapping_hypothesis,mapping_hypothesis,Sampradāna,Adhikaraṇa|Apādāna|Karaṇa,no,yes,yes,yes
dev-s1255,1,इस दौरान नारायणन कई देशों में भारत के प्रतिनिधि रहे ।,प्रतिनिधि,obj,xcomp,,,,,mapping_hypothesis,no_decision,Karma,,no,yes,yes,no
dev-s1257,1,राजीव गांधी सरकार में वे विज्ञान एवं तकनीकी मंत्री रहे ।,गांधी,compound,nmod,,,,,no_decision,no_decision,,,no,yes,yes,yes
dev-s1257,1,राजीव गांधी सरकार में वे विज्ञान एवं तकनीकी मंत्री रहे ।,मंत्री,obj,xcomp,,,,,mapping_hypothesis,no_decision,Karma,,no,yes,yes,no
dev-s1258,1,बाद में उपराष्ट्रपति बने ।,उपराष्ट्रपति,obj,nsubj,,,,,mapping_hypothesis,mapping_hypothesis,Karma,Kartā,no,yes,yes,yes
dev-s1260,1,इससे अपेक्षा की जा रही है कि भारतीय सेना अपने लिए कुछ नए किस्म के हथियारों को खरीदने की व्यवस्था कर सकेगी ।,भारतीय,compound,amod,,,,,no_decision,no_decision,,,no,yes,yes,yes
dev-s1264,1,उच्च पदस्थ रक्षा सूत्रों ने स्पष्ट किया कि फंड में बढ़ोत्तरी होने से सेना के लिए कुछ नए संवेदनशील उपकरणों की खरीद - फरोख्त करने में मदद मिलेगी ।,मदद,compound,nsubj,,,,,no_decision,mapping_hypothesis,,Kartā,no,yes,yes,no
dev-s1266,1,"इन सौदों में रूसी एयरक्राफ्ट कैरियर पोत एडमिरल गाशकोव, ६६ एडवांस जेट ट्रेनर और फॉल्कन राडार प्रणाली शामिल हैं ।",एयरक्राफ्ट,nmod,compound,,,,,no_decision,no_decision,,,no,yes,yes,yes
dev-s1266,1,"इन सौदों में रूसी एयरक्राफ्ट कैरियर पोत एडमिरल गाशकोव, ६६ एडवांस जेट ट्रेनर और फॉल्कन राडार प्रणाली शामिल हैं ।",पोत,compound,nmod,,,,,no_decision,no_decision,,,no,yes,yes,yes
dev-s1267,1,सूत्रों का कहना है कि सरकार के पास इस वक्त कुछ और रक्षा सौदे बीच रास्ते में ही लटके पड़े हैं ।,बीच,case,nmod,,,,,no_decision,no_decision,,,no,yes,yes,yes
dev-s1269,1,"पूरे रक्षा बजट में भारतीय वायु सेना के हिस्से में नए विमानों की खरीद के लिए १२,८२५ करोड़ रुपये रखे गए हैं ।",भारतीय,compound,amod,,,,,no_decision,no_decision,,,no,yes,yes,yes
dev-s1270,1,इसके अलावा अन्य उपकरणों की खरीद के लिए १५०० करोड़ रुपयों का प्रावधान रखा गया है ।,गया,aux,aux:pass,,,,,no_decision,no_decision,,,no,yes,yes,yes
dev-s1270,1,इसके अलावा अन्य उपकरणों की खरीद के लिए १५०० करोड़ रुपयों का प्रावधान रखा गया है ।,प्रावधान,obj,compound,,,,,mapping_hypothesis,no_decision,Karma,,no,yes,yes,no
dev-s1271,1,नए विमानों में मिग - २१ एस की जगह मिराज २००० - ५ लड़ाकू विमानों के खरीदे जाने की बात चल रही है ।,एस,obl,nmod,की,की,,,mapping_hypothesis,no_decision,Adhikaraṇa|Apādāna|Karaṇa,,no,yes,yes,no
dev-s1271,1,नए विमानों में मिग - २१ एस की जगह मिराज २००० - ५ लड़ाकू विमानों के खरीदे जाने की बात चल रही है ।,जगह,case,obl,,,,,no_decision,mapping_hypothesis,,Adhikaraṇa|Apādāna|Karaṇa,no,yes,yes,no
dev-s1271,1,नए विमानों में मिग - २१ एस की जगह मिराज २००० - ५ लड़ाकू विमानों के खरीदे जाने की बात चल रही है ।,बात,compound,nsubj,,,,,no_decision,mapping_hypothesis,,Kartā,no,yes,yes,no
dev-s1271,2,नए विमानों में मिग - २१ एस की जगह मिराज २००० - ५ लड़ाकू विमानों के खरीदे जाने की बात चल रही है ।,विमानों,obj,nsubj:pass,के,के,,,mapping_hypothesis,no_decision,Karma,,no,yes,yes,no
dev-s1271,1,नए विमानों में मिग - २१ एस की जगह मिराज २००० - ५ लड़ाकू विमानों के खरीदे जाने की बात चल रही है ।,२०००,compound,nummod,,,,,no_decision,no_decision,,,no,yes,yes,yes
dev-s1271,1,नए विमानों में मिग - २१ एस की जगह मिराज २००० - ५ लड़ाकू विमानों के खरीदे जाने की बात चल रही है ।,५,nmod,nummod,,,,,no_decision,no_decision,,,no,yes,yes,yes
dev-s1273,1,रक्षा बजट में नौसेना के लिए भी ४४६० करोड़ रुपये का प्रस्ताव रखा गया है ।,गया,aux,aux:pass,,,,,no_decision,no_decision,,,no,yes,yes,yes
dev-s1275,1,न्यूयॉर्क एक्सचेंज में कल दर्ज भारी तेजी के असर से आज दिल्ली सर्राफा बाजार में भी दोनों बहुमूल्य धातुओं में उछाल का रुख रहा ।,रुख,obj,nsubj,,,,,mapping_hypothesis,mapping_hypothesis,Karma,Kartā,no,yes,yes,yes
dev-s1276,1,न्यूयॉर्क में कल सोना ५ डॉलर बढ़कर ४२४.५० डॉलर प्रति औंस पर बंद हुआ था ।,डॉलर,obj,nsubj,,,,,mapping_hypothesis,mapping_hypothesis,Karma,Kartā,no,yes,yes,yes
dev-s1277,1,इसके असर से आज दिल्ली में सोना स्टैंडर्ड तेजी का नया रिकॉर्ड बनाते हुए ६३३० रुपये प्रति १० ग्राम पर बंद हुआ ।,सोना,compound,nsubj,,,,,no_decision,mapping_hypothesis,,Kartā,no,yes,yes,no
dev-s1277,1,इसके असर से आज दिल्ली में सोना स्टैंडर्ड तेजी का नया रिकॉर्ड बनाते हुए ६३३० रुपये प्रति १० ग्राम पर बंद हुआ ।,स्टैंडर्ड,nsubj,amod,,,,,mapping_hypothesis,no_decision,Kartā,,no,yes,yes,no
dev-s1279,1,दूसरी तरफ मुंबई में सोना स्टैंडर्ड ३५ रुपये मजबूत होकर ६३६५ रुपये प्रति दस ग्राम पर बंद हुआ ।,रुपये,obj,nsubj,,,,,mapping_hypothesis,mapping_hypothesis,Karma,Kartā,no,yes,yes,yes
dev-s128,1,कांची मठ के परमाचार्य चंद्रशेखरेंद्र सरस्वती का वार्षिक आराधना समारोह शुक्रवार को शंकराचार्य जयेंद्र सरस्वती की गैरमौजूदगी में संपन्न हो गया ।,कांची,nmod,compound,,,,,no_decision,no_decision,,,no,yes,yes,yes
dev-s1280,1,"दिल्ली में चांदी हाजिर, ९९९ टंच का दाम ९० रुपये उछलकर ११२२० रुपये प्रति किलो पर पहुंच गया ।",उछलकर,advcl,conj,,,,,no_decision,no_decision,,,no,yes,yes,yes
dev-s1280,1,"दिल्ली में चांदी हाजिर, ९९९ टंच का दाम ९० रुपये उछलकर ११२२० रुपये प्रति किलो पर पहुंच गया ।",किलो,obl,conj,पर,पर,R3,,confirmed,no_decision,Adhikaraṇa,,no,yes,no,no
dev-s1280,1,"दिल्ली में चांदी हाजिर, ९९९ टंच का दाम ९० रुपये उछलकर ११२२० रुपये प्रति किलो पर पहुंच गया ।",चांदी,compound,nsubj,,,,,no_decision,mapping_hypothesis,,Kartā,no,yes,yes,no
dev-s1280,1,"दिल्ली में चांदी हाजिर, ९९९ टंच का दाम ९० रुपये उछलकर ११२२० रुपये प्रति किलो पर पहुंच गया ।",दाम,nsubj,conj,,,,,mapping_hypothesis,no_decision,Kartā,,no,yes,yes,no
dev-s1280,1,"दिल्ली में चांदी हाजिर, ९९९ टंच का दाम ९० रुपये उछलकर ११२२० रुपये प्रति किलो पर पहुंच गया ।",रुपये,obj,xcomp,,,,,mapping_hypothesis,no_decision,Karma,,no,yes,yes,no
dev-s1280,1,"दिल्ली में चांदी हाजिर, ९९९ टंच का दाम ९० रुपये उछलकर ११२२० रुपये प्रति किलो पर पहुंच गया ।",हाजिर,compound,nsubj,,,,,no_decision,mapping_hypothesis,,Kartā,no,yes,yes,no
dev-s1282,1,राजग संयोजक जॉर्ज फर्नांडिस ने बुधवार को लोकसभा में आरोप लगाया कि ताबूत घोटाला सोनिया गांधी ने पिछली राजग सरकार को बदनाम करने के लिए उठाया था ।,आरोप,obj,compound,,,,,mapping_hypothesis,no_decision,Karma,,no,yes,yes,no
dev-s1282,1,राजग संयोजक जॉर्ज फर्नांडिस ने बुधवार को लोकसभा में आरोप लगाया कि ताबूत घोटाला सोनिया गांधी ने पिछली राजग सरकार को बदनाम करने के लिए उठाया था ।,उठाया,acl,obj,,,,,no_decision,mapping_hypothesis,,Karma,no,yes,yes,no
dev-s1284,1,जब यह मामला उठा तो उस समय कांग्रेस के कम सांसद सदन में थे लेकिन उनकी मदद को रेल मंत्री लालू प्रसाद यादव व राजद के सांसद फौरन आगे आए ।,मदद,obl,obj,को,को,,R5,mapping_hypothesis,ambiguous,Adhikaraṇa|Apādāna|Karaṇa,Karma|Sampradāna,no,yes,no,no
dev-s1284,1,जब यह मामला उठा तो उस समय कांग्रेस के कम सांसद सदन में थे लेकिन उनकी मदद को रेल मंत्री लालू प्रसाद यादव व राजद के सांसद फौरन आगे आए ।,यादव,nmod,nsubj,,,,,no_decision,mapping_hypothesis,,Kartā,no,yes,yes,no
dev-s1284,1,जब यह मामला उठा तो उस समय कांग्रेस के कम सांसद सदन में थे लेकिन उनकी मदद को रेल मंत्री लालू प्रसाद यादव व राजद के सांसद फौरन आगे आए ।,राजद,conj,nmod,के,के,,,no_decision,no_decision,,,no,yes,yes,yes
dev-s1284,2,जब यह मामला उठा तो उस समय कांग्रेस के कम सांसद सदन में थे लेकिन उनकी मदद को रेल मंत्री लालू प्रसाद यादव व राजद के सांसद फौरन आगे आए ।,सांसद,nsubj,conj,,,,,mapping_hypothesis,no_decision,Kartā,,no,yes,yes,no
dev-s1285,1,हंगामे को नियंत्रित करने में लोकसभा अध्यक्ष सोमनाथ चटर्जी को खासी मुश्किल आई ।,मुश्किल,compound,nsubj,,,,,no_decision,mapping_hypothesis,,Kartā,no,yes,yes,no
dev-s1287,1,सदन में जब यह मामला उठा तो उस समय सोनिया गांधी मौजूद नहीं थीं ।,तो,obl,nmod,,,,,mapping_hypothesis,no_decision,Adhikaraṇa|Apādāna|Karaṇa,,no,yes,yes,no
dev-s1287,1,सदन में जब यह मामला उठा तो उस समय सोनिया गांधी मौजूद नहीं थीं ।,थीं,root,cop,,,,,no_decision,no_decision,,,no,yes,yes,yes
dev-s1287,1,सदन में जब यह मामला उठा तो उस समय सोनिया गांधी मौजूद नहीं थीं ।,मामला,obj,nsubj,,,,,mapping_hypothesis,mapping_hypothesis,Karma,Kartā,no,yes,yes,yes
dev-s1287,1,सदन में जब यह मामला उठा तो उस समय सोनिया गांधी मौजूद नहीं थीं ।,मौजूद,compound,root,,,,,no_decision,no_decision,,,no,yes,yes,yes
dev-s1287,1,सदन में जब यह मामला उठा तो उस समय सोनिया गांधी मौजूद नहीं थीं ।,समय,obl,nmod,,,,,mapping_hypothesis,no_decision,Adhikaraṇa|Apādāna|Karaṇa,,no,yes,yes,no
dev-s129,1,"यह पहला मौका है, जब समारोह की अध्यक्षता के लिए जयेंद्र सरस्वती उपस्थित नहीं थे ।",उपस्थित,nmod,acl:relcl,,,,,no_decision,no_decision,,,no,yes,yes,yes
dev-s129,1,"यह पहला मौका है, जब समारोह की अध्यक्षता के लिए जयेंद्र सरस्वती उपस्थित नहीं थे ।",यह,det,nsubj,,,,,no_decision,mapping_hypothesis,,Kartā,no,yes,yes,no
dev-s1292,1,उन्होंने सफाई दी कि प्रधानमंत्री मनमोहन सिंह को लिखकर वह कह चुके हैं कि कांग्रेस अध्यक्ष लंबे समय से उनके खिलाफ ताबूत घोटाले का दुष्प्रचार कर रही हैं और अब नई सरकार को इसकी जांच करनी चाहिए ।,चुके,acl,obj,,,,,no_decision,mapping_hypothesis,,Karma,no,yes,yes,no
dev-s1292,1,उन्होंने सफाई दी कि प्रधानमंत्री मनमोहन सिंह को लिखकर वह कह चुके हैं कि कांग्रेस अध्यक्ष लंबे समय से उनके खिलाफ ताबूत घोटाले का दुष्प्रचार कर रही हैं और अब नई सरकार को इसकी जांच करनी चाहिए ।,सफाई,obj,compound,,,,,mapping_hypothesis,no_decision,Karma,,no,yes,yes,no
dev-s1293,1,जॉर्ज ने सवाल उठाया कि आखिर इसकी जांच क्यों नहीं हो रही है ।,सवाल,obj,compound,,,,,mapping_hypothesis,no_decision,Karma,,no,yes,yes,no
dev-s1293,1,जॉर्ज ने सवाल उठाया कि आखिर इसकी जांच क्यों नहीं हो रही है ।,हो,acl,obj,,,,,no_decision,mapping_hypothesis,,Karma,no,yes,yes,no
dev-s13,1,"यह मंदिर उसी स्‍थान पर बनाया गया है, जहाँ से यह मूर्ति निकाली गई थी ।",मंदिर,nsubj:pass,obj,,,,,no_decision,mapping_hypothesis,,Karma,no,yes,yes,no
dev-s13,1,"यह मंदिर उसी स्‍थान पर बनाया गया है, जहाँ से यह मूर्ति निकाली गई थी ।",मूर्ति,nsubj:pass,obj,,,,,no_decision,mapping_hypothesis,,Karma,no,yes,yes,no
dev-s130,1,शंकररमन हत्याकांड के सिलसिले में ११ नवंबर को गिरफ्तार होने के बाद से शंकराचार्य न्यायिक हिरासत में हैं और वेल्लूर जेल में बंद हैं ।,वेल्लूर,nmod,compound,,,,,no_decision,no_decision,,,no,yes,yes,yes
dev-s130,1,शंकररमन हत्याकांड के सिलसिले में ११ नवंबर को गिरफ्तार होने के बाद से शंकराचार्य न्यायिक हिरासत में हैं और वेल्लूर जेल में बंद हैं ।,से,case,mark,,,,,no_decision,no_decision,,,no,yes,yes,yes
dev-s1300,1,इसके बाद लोकसभा अध्यक्ष सोमनाथ चटर्जी ने कहा कि बिना नोटिस के आप किसी का नाम नहीं ले सकते ।,बिना,amod,dep,,,,,no_decision,no_decision,,,no,yes,yes,yes
dev-s1301,1,तब नेता प्रतिपक्ष लालकृष्ण आडवाणी ने कहा कि जॉर्ज जब रक्षामंत्री थे तब भी उनके खिलाफ इस खास मुद्दे को लेकर झूठा प्रचार किया जा रहा था ।,रक्षामंत्री,nmod,acl:relcl,,,,,no_decision,no_decision,,,no,yes,yes,yes
dev-s1302,1,अब उन्होंने प्रधानमंत्री को लिखा है तो उन्हें इसका जिक्र करने दिया जाना चाहिए ।,उन्हें,nsubj:pass,obj,,,,,no_decision,mapping_hypothesis,,Karma,no,yes,yes,no
dev-s1302,1,अब उन्होंने प्रधानमंत्री को लिखा है तो उन्हें इसका जिक्र करने दिया जाना चाहिए ।,तो,dep,mark,,,,,no_decision,no_decision,,,no,yes,yes,yes
dev-s1302,1,अब उन्होंने प्रधानमंत्री को लिखा है तो उन्हें इसका जिक्र करने दिया जाना चाहिए ।,प्रधानमंत्री,obj,iobj,को,को,R5,R5,ambiguous,ambiguous,Karma|Sampradāna,Karma|Sampradāna,no,yes,yes,yes
dev-s1302,1,अब उन्होंने प्रधानमंत्री को लिखा है तो उन्हें इसका जिक्र करने दिया जाना चाहिए ।,लिखा,acl:relcl,advcl,,,,,no_decision,no_decision,,,no,yes,yes,yes
dev-s1303,1,जॉर्ज ने फिर दावा किया कि वह इस की प्रति संसद के पटल पर रखने को राजी हैं ।,इस,nmod,obl,की,की,,,no_decision,mapping_hypothesis,,Adhikaraṇa|Apādāna|Karaṇa,no,yes,yes,no
dev-s1303,1,जॉर्ज ने फिर दावा किया कि वह इस की प्रति संसद के पटल पर रखने को राजी हैं ।,प्रति,obj,case,,,,,mapping_hypothesis,no_decision,Karma,,no,yes,yes,no
dev-s1304,1,उन्होंने कहा कि तहलका के मामले में भी जिस तरह से कुछ लोगों ने यह मामला तैयार किया है उसका पूरा ब्योरा वह सदन के पटल पर रखने को तैयार हैं ।,किया,amod,acl:relcl,,,,,no_decision,no_decision,,,no,yes,yes,yes
dev-s1304,1,उन्होंने कहा कि तहलका के मामले में भी जिस तरह से कुछ लोगों ने यह मामला तैयार किया है उसका पूरा ब्योरा वह सदन के पटल पर रखने को तैयार हैं ।,ब्योरा,obj,nsubj,,,,,mapping_hypothesis,mapping_hypothesis,Karma,Kartā,no,yes,yes,yes
dev-s1305,1,जॉर्ज का आरोप था कि यह सत्ताधारी दल के कुछ नेताओं के इशारे पर तैयार किया गया था ।,किया,obj,acl,,,,,mapping_hypothesis,no_decision,Karma,,no,yes,yes,no
dev-s1307,1,इस सारे मामले में खास बात यह दिखाई पड़ी कि दो दिन पहले बिहार में राष्ट्रपति शासन के फैसले पर कैबिनेट बैठक का बहिष्कार करने वाले लालू प्रसाद यादव सोनिया गांधी का जमकर बचाव करते दिखाई दिए ।,करते,advcl,xcomp,,,,,no_decision,no_decision,,,no,yes,yes,yes
dev-s1307,1,इस सारे मामले में खास बात यह दिखाई पड़ी कि दो दिन पहले बिहार में राष्ट्रपति शासन के फैसले पर कैबिनेट बैठक का बहिष्कार करने वाले लालू प्रसाद यादव सोनिया गांधी का जमकर बचाव करते दिखाई दिए ।,बात,xcomp,nsubj,,,,,no_decision,mapping_hypothesis,,Kartā,no,yes,yes,no
dev-s1307,1,इस सारे मामले में खास बात यह दिखाई पड़ी कि दो दिन पहले बिहार में राष्ट्रपति शासन के फैसले पर कैबिनेट बैठक का बहिष्कार करने वाले लालू प्रसाद यादव सोनिया गांधी का जमकर बचाव करते दिखाई दिए ।,यह,nsubj,xcomp,,,,,mapping_hypothesis,no_decision,Kartā,,no,yes,yes,no
dev-s1308,1,कांग्रेस की ओर से जगदीश टाइटलर और पवन बंसल की आवाज सुनाई दे रही थी ।,आवाज,nsubj,obj,,,,,mapping_hypothesis,mapping_hypothesis,Kartā,Karma,no,yes,yes,yes
dev-s1309,1,पवन बंसल ने सवाल उठाया कि आखिर सोनिया गांधी के खिलाफ क्या साजिश रची जा रही है ।,रची,acl,obj,,,,,no_decision,mapping_hypothesis,,Karma,no,yes,yes,no
dev-s1309,1,पवन बंसल ने सवाल उठाया कि आखिर सोनिया गांधी के खिलाफ क्या साजिश रची जा रही है ।,सवाल,obj,compound,,,,,mapping_hypothesis,no_decision,Karma,,no,yes,yes,no
dev-s1309,1,पवन बंसल ने सवाल उठाया कि आखिर सोनिया गांधी के खिलाफ क्या साजिश रची जा रही है ।,साजिश,obj,compound,,,,,mapping_hypothesis,no_decision,Karma,,no,yes,yes,no
dev-s1311,1,गुटखा निर्माता रसिकलाल माणिकचंद धारीवाल ने अंडरवर्ल्ड के साथ संबंधों के मामले में कोर्ट में पेश न होने पर जारी गैर जमानती वारंट को रद्द करने के लिए अब सुप्रीम कोर्ट में याचिका दायर की है ।,अंडरवर्ल्ड,obl,nmod,के,के,,,mapping_hypothesis,no_decision,Adhikaraṇa|Apādāna|Karaṇa,,no,yes,yes,no
dev-s1311,1,गुटखा निर्माता रसिकलाल माणिकचंद धारीवाल ने अंडरवर्ल्ड के साथ संबंधों के मामले में कोर्ट में पेश न होने पर जारी गैर जमानती वारंट को रद्द करने के लिए अब सुप्रीम कोर्ट में याचिका दायर की है ।,गैर,amod,acl,,,,,no_decision,no_decision,,,no,yes,yes,yes
dev-s1312,1,धारीवाल की ओर से दायर विशेष अनुमति याचिका में बॉम्बे हाईकोर्ट द्वारा उनकी गैर जमानती वारंट रद्द करने की याचिका खारिज करने के २२ फरवरी के आदेश को चुनौती दी गई है ।,चुनौती,obj,compound,,,,,mapping_hypothesis,no_decision,Karma,,no,yes,yes,no
dev-s1312,1,धारीवाल की ओर से दायर विशेष अनुमति याचिका में बॉम्बे हाईकोर्ट द्वारा उनकी गैर जमानती वारंट रद्द करने की याचिका खारिज करने के २२ फरवरी के आदेश को चुनौती दी गई है ।,हाईकोर्ट,nsubj:pass,nsubj,द्वारा,द्वारा,,,no_decision,mapping_hypothesis,,Kartā,no,yes,yes,no
dev-s1314,1,"जबकि सीबीआई का कहना है कि फिलहाल धारीवाल को गिरफ्तार करने की उसकी कोई मंशा नहीं है, लेकिन पूछताछ के बाद जरूरी होने पर नया मामला दर्ज कराया जा सकता है ।",कराया,advcl,conj,,,,,no_decision,no_decision,,,no,yes,yes,yes
dev-s1314,1,"जबकि सीबीआई का कहना है कि फिलहाल धारीवाल को गिरफ्तार करने की उसकी कोई मंशा नहीं है, लेकिन पूछताछ के बाद जरूरी होने पर नया मामला दर्ज कराया जा सकता है ।",कोई,nmod,det,,,,,no_decision,no_decision,,,no,yes,yes,yes
dev-s1314,1,"जबकि सीबीआई का कहना है कि फिलहाल धारीवाल को गिरफ्तार करने की उसकी कोई मंशा नहीं है, लेकिन पूछताछ के बाद जरूरी होने पर नया मामला दर्ज कराया जा सकता है ।",फिलहाल,advmod,obl,,,,,no_decision,mapping_hypothesis,,Adhikaraṇa|Apādāna|Karaṇa,no,yes,yes,no
dev-s1317,1,तृणमूल कांग्रेस की अध्यक्ष ममता बनर्जी ने चुनाव आयोग से आज मार्क्सवादी कम्युनिस्ट पार्टी के खिलाफ स्थानीय निकायों और विधानसभा चुनावों में धांधली करने की शिकायत की ।,आयोग,iobj,obj,से,से,,,mapping_hypothesis,mapping_hypothesis,Sampradāna,Karma,no,yes,yes,yes
dev-s1319,1,माकपा के खिलाफ शिकायतों और आरोपों का पिटारा लेकर चुनाव आयोग पहुंची ममता ने चुनाव आयोग से इस मामले की जांच के लिए विशेष पर्यवेक्षक भेजने की मांग की है ।,आयोग,obl,nsubj,,,,,mapping_hypothesis,mapping_hypothesis,Adhikaraṇa|Apādāna|Karaṇa,Kartā,no,yes,yes,yes
dev-s1319,2,माकपा के खिलाफ शिकायतों और आरोपों का पिटारा लेकर चुनाव आयोग पहुंची ममता ने चुनाव आयोग से इस मामले की जांच के लिए विशेष पर्यवेक्षक भेजने की मांग की है ।,आयोग,obl,iobj,से,से,R4,,ambiguous,mapping_hypothesis,Karaṇa|Apādāna,Sampradāna,no,yes,no,no
dev-s1319,1,माकपा के खिलाफ शिकायतों और आरोपों का पिटारा लेकर चुनाव आयोग पहुंची ममता ने चुनाव आयोग से इस मामले की जांच के लिए विशेष पर्यवेक्षक भेजने की मांग की है ।,पर्यवेक्षक,compound,obj,,,,,no_decision,mapping_hypothesis,,Karma,no,yes,yes,no
dev-s132,1,"परमाचार्य के दिसंबर १९९३ में मुक्ति प्राप्त करने के बाद से हर वर्ष आराधना समारोह आयोजित किया जाता है, जिसमें बड़ी संख्या में श्रद्धालु हिस्सा लेते हैं ।",परमाचार्य,nsubj,nmod,के,के,,,mapping_hypothesis,no_decision,Kartā,,no,yes,yes,no
dev-s132,1,"परमाचार्य के दिसंबर १९९३ में मुक्ति प्राप्त करने के बाद से हर वर्ष आराधना समारोह आयोजित किया जाता है, जिसमें बड़ी संख्या में श्रद्धालु हिस्सा लेते हैं ।",से,case,mark,,,,,no_decision,no_decision,,,no,yes,yes,yes
dev-s1323,1,क्योंकि सीपीएम चुनाव में बड़े पैमाने पर धांधली और लोकतंत्र की हत्या कर बार - बार जीत रही है ।,धांधली,compound,nmod,,,,,no_decision,no_decision,,,no,yes,yes,yes
dev-s1323,1,क्योंकि सीपीएम चुनाव में बड़े पैमाने पर धांधली और लोकतंत्र की हत्या कर बार - बार जीत रही है ।,हत्या,conj,compound,,,,,no_decision,no_decision,,,no,yes,yes,yes
dev-s1324,1,उन्होंने आरोप लगाते हुए कहा कि जो लोग माकपा को वोट नहीं देना चाहते हैं उनके साथ जबरदस्ती की जाती है और फर्जी वोट डाले जाते हैं ।,चाहते,amod,acl:relcl,,,,,no_decision,no_decision,,,no,yes,yes,yes
dev-s1325,1,पूरी चुनावी प्रक्रिया में सीपीएम की भूमिका को संदेह के घेरे में लेते हुए उन्होंने कहा कि मतदाता सूची और ईवीएम मशीनों में छेड़खानी कर और मतदान केंद्र लूट कर ही माकपा नेता पिछले कई सालों से पश्चिम बंगाल में सत्ता में बने हुए हैं ।,ईवीएम,nmod,compound,,,,,no_decision,no_decision,,,no,yes,yes,yes
dev-s1325,1,पूरी चुनावी प्रक्रिया में सीपीएम की भूमिका को संदेह के घेरे में लेते हुए उन्होंने कहा कि मतदाता सूची और ईवीएम मशीनों में छेड़खानी कर और मतदान केंद्र लूट कर ही माकपा नेता पिछले कई सालों से पश्चिम बंगाल में सत्ता में बने हुए हैं ।,केंद्र,compound,obj,,,,,no_decision,mapping_hypothesis,,Karma,no,yes,yes,no
dev-s1325,1,पूरी चुनावी प्रक्रिया में सीपीएम की भूमिका को संदेह के घेरे में लेते हुए उन्होंने कहा कि मतदाता सूची और ईवीएम मशीनों में छेड़खानी कर और मतदान केंद्र लूट कर ही माकपा नेता पिछले कई सालों से पश्चिम बंगाल में सत्ता में बने हुए हैं ।,चुनावी,compound,amod,,,,,no_decision,no_decision,,,no,yes,yes,yes
dev-s1327,1,पंजाब विधानसभा के पूर्व स्पीकर और शिरोमणि अकाली दल के सांसद व दलित नेता चरणजीत सिंह अटवाल को लोकसभा के उपाध्यक्ष पद पर सर्वसम्मति से चुन लिया गया है ।,अटवाल,obj,conj,को,को,R5,,ambiguous,no_decision,Karma|Sampradāna,,no,yes,no,no
dev-s1327,1,पंजाब विधानसभा के पूर्व स्पीकर और शिरोमणि अकाली दल के सांसद व दलित नेता चरणजीत सिंह अटवाल को लोकसभा के उपाध्यक्ष पद पर सर्वसम्मति से चुन लिया गया है ।,दलित,compound,amod,,,,,no_decision,no_decision,,,no,yes,yes,yes
dev-s1327,1,पंजाब विधानसभा के पूर्व स्पीकर और शिरोमणि अकाली दल के सांसद व दलित नेता चरणजीत सिंह अटवाल को लोकसभा के उपाध्यक्ष पद पर सर्वसम्मति से चुन लिया गया है ।,पंजाब,nmod,compound,,,,,no_decision,no_decision,,,no,yes,yes,yes
dev-s1327,1,पंजाब विधानसभा के पूर्व स्पीकर और शिरोमणि अकाली दल के सांसद व दलित नेता चरणजीत सिंह अटवाल को लोकसभा के उपाध्यक्ष पद पर सर्वसम्मति से चुन लिया गया है ।,स्पीकर,nmod,obj,,,,,no_decision,mapping_hypothesis,,Karma,no,yes,yes,no
dev-s1329,1,"लोकसभा अध्यक्ष सोमनाथ चटर्जी ने जैसे ही अटवाल के उपाध्यक्ष चुने जाने की घोषणा की, पूरे सदन में मेजें थपथपाकर स्वागत किया गया ।",अटवाल,nsubj:pass,nmod,के,के,,,no_decision,no_decision,,,no,yes,yes,yes
dev-s1329,1,"लोकसभा अध्यक्ष सोमनाथ चटर्जी ने जैसे ही अटवाल के उपाध्यक्ष चुने जाने की घोषणा की, पूरे सदन में मेजें थपथपाकर स्वागत किया गया ।",उपाध्यक्ष,xcomp,nsubj:pass,,,,,no_decision,no_decision,,,no,yes,yes,yes
dev-s1329,1,"लोकसभा अध्यक्ष सोमनाथ चटर्जी ने जैसे ही अटवाल के उपाध्यक्ष चुने जाने की घोषणा की, पूरे सदन में मेजें थपथपाकर स्वागत किया गया ।",किया,conj,root,,,,,no_decision,no_decision,,,no,yes,yes,yes
dev-s1329,2,"लोकसभा अध्यक्ष सोमनाथ चटर्जी ने जैसे ही अटवाल के उपाध्यक्ष चुने जाने की घोषणा की, पूरे सदन में मेजें थपथपाकर स्वागत किया गया ।",की,root,acl:relcl,,,,,no_decision,no_decision,,,no,yes,yes,yes
dev-s133,1,"हालांकि इस बार जयेंद्र सरस्वती की गैरमौजूदगी मौके पर मौजूद विशिष्ट व्यक्तियों के बीच चर्चा का विषय जरूर रही, लेकिन देश भर से आने वाले श्रद्धालुओं की संख्या में कोई कमी नहीं देखी गई ।",कमी,nsubj:pass,obj,,,,,no_decision,mapping_hypothesis,,Karma,no,yes,yes,no
dev-s133,1,"हालांकि इस बार जयेंद्र सरस्वती की गैरमौजूदगी मौके पर मौजूद विशिष्ट व्यक्तियों के बीच चर्चा का विषय जरूर रही, लेकिन देश भर से आने वाले श्रद्धालुओं की संख्या में कोई कमी नहीं देखी गई ।",विषय,obj,nsubj,,,,,mapping_hypothesis,mapping_hypothesis,Karma,Kartā,no,yes,yes,yes
dev-s1330,1,"67 वर्षीय अटवाल प्रधानमंत्री मनमोहन सिंह के बाद दूसरे ऐसे सिख नेता हैं, जो देश के किसी महत्वपूर्ण पद पर काब़िज़ हुए हैं ।",सिख,amod,compound,,,,,no_decision,no_decision,,,no,yes,yes,yes
dev-s1331,1,अपने चुनाव के बाद सभी को धन्यवाद देते हुए अटवाल ने कहा कि ऐसी ही लोकतांत्रिक प्रक्रिया से सदन की कार्रवाईयां आसानी से चलतीं हैं ।,धन्यवाद,obj,compound,,,,,mapping_hypothesis,no_decision,Karma,,no,yes,yes,no
dev-s1332,1,उन्होंने कहा कि उन्हें यह मान सम्मान इसलिए मिला क्योंकि वह हमेशा अकाली दल के अनुशासित सिपाही के रूप में काम करते रहे हैं ।,उन्हें,nsubj,iobj,,,,,mapping_hypothesis,mapping_hypothesis,Kartā,Sampradāna,no,yes,yes,yes
dev-s1332,1,उन्होंने कहा कि उन्हें यह मान सम्मान इसलिए मिला क्योंकि वह हमेशा अकाली दल के अनुशासित सिपाही के रूप में काम करते रहे हैं ।,करते,advcl,acl,,,,,no_decision,no_decision,,,no,yes,yes,yes
dev-s1337,1,लोकसभा में कांग्रेस के नेता प्रणव मुखर्जी ने कहा कि यह हमारे लोकतंत्र की परिपक्वता को दिखाता है कि लोकसभा अध्यक्ष और उपाध्यक्ष का चुनाव सर्वसम्मति से हुआ ।,चुनाव,compound,nsubj,,,,,no_decision,mapping_hypothesis,,Kartā,no,yes,yes,no
dev-s1337,2,लोकसभा में कांग्रेस के नेता प्रणव मुखर्जी ने कहा कि यह हमारे लोकतंत्र की परिपक्वता को दिखाता है कि लोकसभा अध्यक्ष और उपाध्यक्ष का चुनाव सर्वसम्मति से हुआ ।,लोकसभा,nmod,compound,,,,,no_decision,no_decision,,,no,yes,yes,yes
dev-s1338,1,विपक्ष के नेता लालकृष्ण आडवाणी अटवाल के नाम पर थोड़ा गड़बड़ाए और उन्होंने उन्हें सोहन सिंह कह दिया ।,उन्हें,obj,iobj,,,,,mapping_hypothesis,mapping_hypothesis,Karma,Sampradāna,no,yes,yes,yes
dev-s1338,1,विपक्ष के नेता लालकृष्ण आडवाणी अटवाल के नाम पर थोड़ा गड़बड़ाए और उन्होंने उन्हें सोहन सिंह कह दिया ।,थोड़ा,obl,advmod,,,,,mapping_hypothesis,no_decision,Adhikaraṇa|Apādāna|Karaṇa,,no,yes,yes,no
dev-s1339,1,आडवाणी ने कहा कि उनके पास विधानसभा अध्यक्ष का भी अनुभव है और उन्होंने उम्मीद जताई कि वह अपने दायित्व को बखूबी निभाएंगे ।,उम्मीद,obj,compound,,,,,mapping_hypothesis,no_decision,Karma,,no,yes,yes,no
dev-s1339,1,आडवाणी ने कहा कि उनके पास विधानसभा अध्यक्ष का भी अनुभव है और उन्होंने उम्मीद जताई कि वह अपने दायित्व को बखूबी निभाएंगे ।,निभाएंगे,acl,ccomp,,,,,no_decision,no_decision,,,no,yes,yes,yes
dev-s134,1,समारोह के दौरान कनिष्ठ आचार्य विजयेंद्र सरस्वती ने यज्ञ और भजन के बाद पूर्ण आहुति देने के बाद स्वर्ण कलश ग्रहण किया ।,आहुति,obj,compound,,,,,mapping_hypothesis,no_decision,Karma,,no,yes,yes,no
dev-s1340,1,अटल बिहारी वाजपेयी ने भी उम्मीद जताई कि चरणजीत सिंह अटवाल के सहयोग से कार्यवाही का ठीक ढंग से संचालन हो सकेगा ।,उम्मीद,obj,compound,,,,,mapping_hypothesis,no_decision,Karma,,no,yes,yes,no
dev-s1340,1,अटल बिहारी वाजपेयी ने भी उम्मीद जताई कि चरणजीत सिंह अटवाल के सहयोग से कार्यवाही का ठीक ढंग से संचालन हो सकेगा ।,हो,acl,obj,,,,,no_decision,mapping_hypothesis,,Karma,no,yes,yes,no
dev-s1341,1,सोनिया गांधी ने उम्मीद जताई कि सदन को उनके मार्गदर्शन और अनुभव का लाभ मिलता रहेगा ।,उम्मीद,obj,compound,,,,,mapping_hypothesis,no_decision,Karma,,no,yes,yes,no
dev-s1341,1,सोनिया गांधी ने उम्मीद जताई कि सदन को उनके मार्गदर्शन और अनुभव का लाभ मिलता रहेगा ।,मिलता,acl,obj,,,,,no_decision,mapping_hypothesis,,Karma,no,yes,yes,no
dev-s1341,1,सोनिया गांधी ने उम्मीद जताई कि सदन को उनके मार्गदर्शन और अनुभव का लाभ मिलता रहेगा ।,सदन,nsubj,iobj,को,को,,R5,mapping_hypothesis,ambiguous,Kartā,Karma|Sampradāna,no,yes,no,no
dev-s1342,1,समाजवादी पार्टी के नेता रामगोपाल यादव ने अटवाल को बधाई दी और राजग पर कटाक्ष किया कि हंगामे को देखते हुए सहयोग देने के आश्वासनों पर भरोसा नहीं रहा है लेकिन सपा उन्हें पूरा सहयोग देगी ।,बधाई,obj,compound,,,,,mapping_hypothesis,no_decision,Karma,,no,yes,yes,no
dev-s1342,1,समाजवादी पार्टी के नेता रामगोपाल यादव ने अटवाल को बधाई दी और राजग पर कटाक्ष किया कि हंगामे को देखते हुए सहयोग देने के आश्वासनों पर भरोसा नहीं रहा है लेकिन सपा उन्हें पूरा सहयोग देगी ।,भरोसा,nsubj,compound,,,,,mapping_hypothesis,no_decision,Kartā,,no,yes,yes,no
dev-s1342,1,समाजवादी पार्टी के नेता रामगोपाल यादव ने अटवाल को बधाई दी और राजग पर कटाक्ष किया कि हंगामे को देखते हुए सहयोग देने के आश्वासनों पर भरोसा नहीं रहा है लेकिन सपा उन्हें पूरा सहयोग देगी ।,सहयोग,obj,compound,,,,,mapping_hypothesis,no_decision,Karma,,no,yes,yes,no
dev-s1343,1,जनता दल (यू) के नितीश कुमार ने चुटकी ली कि उधर सरदार मनमोहन सिंह हैं और इधर सरदार चरणजीत सिंह अटवाल हैं ।,चुटकी,obj,compound,,,,,mapping_hypothesis,no_decision,Karma,,no,yes,yes,no
dev-s1343,1,जनता दल (यू) के नितीश कुमार ने चुटकी ली कि उधर सरदार मनमोहन सिंह हैं और इधर सरदार चरणजीत सिंह अटवाल हैं ।,सरदार,nmod,compound,,,,,no_decision,no_decision,,,no,yes,yes,yes
dev-s1343,1,जनता दल (यू) के नितीश कुमार ने चुटकी ली कि उधर सरदार मनमोहन सिंह हैं और इधर सरदार चरणजीत सिंह अटवाल हैं ।,सिंह,acl,obj,,,,,no_decision,mapping_hypothesis,,Karma,no,yes,yes,no
dev-s1344,1,ममता बनर्जी ने कहा कि पंजाब और पश्चिम बंगाल का संबंध पुराना रहा है ।,पुराना,amod,xcomp,,,,,no_decision,no_decision,,,no,yes,yes,yes
dev-s1346,1,शिरोमणि अकाली दल नेता सुखदेव सिंह ढींढसा ने कहा कि उन्हें डबल खुशी हो रही है ।,खुशी,compound,nsubj,,,,,no_decision,mapping_hypothesis,,Kartā,no,yes,yes,no
dev-s1346,1,शिरोमणि अकाली दल नेता सुखदेव सिंह ढींढसा ने कहा कि उन्हें डबल खुशी हो रही है ।,डबल,det,amod,,,,,no_decision,no_decision,,,no,yes,yes,yes
dev-s1347,1,उन्होंने अकाली दल को यह पद दिए जाने के लिए वाजपेयी और आडवाणी का आभार जताया ।,आभार,obj,compound,,,,,mapping_hypothesis,no_decision,Karma,,no,yes,yes,no
dev-s1348,1,उन्होंने ठहाकों के बीच कहा कि मुझे मौका देते रहेंगे तो सदन ठीक चलता रहेगा ।,ठीक,advmod,xcomp,,,,,no_decision,no_decision,,,no,yes,yes,yes
dev-s1348,1,उन्होंने ठहाकों के बीच कहा कि मुझे मौका देते रहेंगे तो सदन ठीक चलता रहेगा ।,मुझे,iobj,nsubj,,,,,mapping_hypothesis,mapping_hypothesis,Sampradāna,Kartā,no,yes,yes,yes
dev-s1348,1,उन्होंने ठहाकों के बीच कहा कि मुझे मौका देते रहेंगे तो सदन ठीक चलता रहेगा ।,मौका,obj,compound,,,,,mapping_hypothesis,no_decision,Karma,,no,yes,yes,no
dev-s1349,1,किसानों के ऋण माफ करने से साफ इन्कार करते हुए वित्त मंत्री पी. चिदंबरम ने लोकसभा को बताया कि इस समय किसानों के लिए पूर्व घोषित राहत पैकेजों के तहत रियायत देने का विकल्प ही मौजूद है ।,करने,advcl,obj,,,,,no_decision,mapping_hypothesis,,Karma,no,yes,yes,no
dev-s1349,2,किसानों के ऋण माफ करने से साफ इन्कार करते हुए वित्त मंत्री पी. चिदंबरम ने लोकसभा को बताया कि इस समय किसानों के लिए पूर्व घोषित राहत पैकेजों के तहत रियायत देने का विकल्प ही मौजूद है ।,किसानों,nmod,obl,के,के,,,no_decision,mapping_hypothesis,,Adhikaraṇa|Apādāna|Karaṇa,no,yes,yes,no
dev-s1349,1,किसानों के ऋण माफ करने से साफ इन्कार करते हुए वित्त मंत्री पी. चिदंबरम ने लोकसभा को बताया कि इस समय किसानों के लिए पूर्व घोषित राहत पैकेजों के तहत रियायत देने का विकल्प ही मौजूद है ।,देने,amod,nmod,,,,,no_decision,no_decision,,,no,yes,yes,yes
dev-s1349,1,किसानों के ऋण माफ करने से साफ इन्कार करते हुए वित्त मंत्री पी. चिदंबरम ने लोकसभा को बताया कि इस समय किसानों के लिए पूर्व घोषित राहत पैकेजों के तहत रियायत देने का विकल्प ही मौजूद है ।,पूर्व,compound,amod,,,,,no_decision,no_decision,,,no,yes,yes,yes
dev-s1349,1,किसानों के ऋण माफ करने से साफ इन्कार करते हुए वित्त मंत्री पी. चिदंबरम ने लोकसभा को बताया कि इस समय किसानों के लिए पूर्व घोषित राहत पैकेजों के तहत रियायत देने का विकल्प ही मौजूद है ।,पैकेजों,nmod,obl,के,के,,,no_decision,mapping_hypothesis,,Adhikaraṇa|Apādāna|Karaṇa,no,yes,yes,no
dev-s1349,1,किसानों के ऋण माफ करने से साफ इन्कार करते हुए वित्त मंत्री पी. चिदंबरम ने लोकसभा को बताया कि इस समय किसानों के लिए पूर्व घोषित राहत पैकेजों के तहत रियायत देने का विकल्प ही मौजूद है ।,रियायत,obj,compound,,,,,mapping_hypothesis,no_decision,Karma,,no,yes,yes,no
dev-s135,2,मौके पर मौजूद कर्नाटक के एक मठ पीठाधिपति के स्वर्णाहल्ली स्वामी ने आदिस्थानम को अपनी श्रद्धांजलि अर्पित की ।,के,compound,case,,,,,no_decision,no_decision,,,no,yes,yes,yes
dev-s1350,1,वामदलों समेत कई पार्टियों के सदस्यों ने कहा कि किसान समुदाय के लिए संस्थागत ऋणों में वृद्धि भारी कर्ज के नीचे दबे किसानों की मदद नहीं करेगी ।,ऋणों,nmod,obl,में,में,,R2,no_decision,confirmed,,Adhikaraṇa,no,yes,no,no
dev-s1350,1,वामदलों समेत कई पार्टियों के सदस्यों ने कहा कि किसान समुदाय के लिए संस्थागत ऋणों में वृद्धि भारी कर्ज के नीचे दबे किसानों की मदद नहीं करेगी ।,कर्ज,obj,obl,के,के,,,mapping_hypothesis,mapping_hypothesis,Karma,Adhikaraṇa|Apādāna|Karaṇa,no,yes,yes,yes
dev-s1350,1,वामदलों समेत कई पार्टियों के सदस्यों ने कहा कि किसान समुदाय के लिए संस्थागत ऋणों में वृद्धि भारी कर्ज के नीचे दबे किसानों की मदद नहीं करेगी ।,दबे,amod,acl,,,,,no_decision,no_decision,,,no,yes,yes,yes
dev-s1350,1,वामदलों समेत कई पार्टियों के सदस्यों ने कहा कि किसान समुदाय के लिए संस्थागत ऋणों में वृद्धि भारी कर्ज के नीचे दबे किसानों की मदद नहीं करेगी ।,मदद,obj,compound,,,,,mapping_hypothesis,no_decision,Karma,,no,yes,yes,no
dev-s1350,1,वामदलों समेत कई पार्टियों के सदस्यों ने कहा कि किसान समुदाय के लिए संस्थागत ऋणों में वृद्धि भारी कर्ज के नीचे दबे किसानों की मदद नहीं करेगी ।,वामदलों,nmod,obl,समेत,समेत,,,no_decision,mapping_hypothesis,,Adhikaraṇa|Apādāna|Karaṇa,no,yes,yes,no
dev-s1350,1,वामदलों समेत कई पार्टियों के सदस्यों ने कहा कि किसान समुदाय के लिए संस्थागत ऋणों में वृद्धि भारी कर्ज के नीचे दबे किसानों की मदद नहीं करेगी ।,वृद्धि,nsubj,compound,,,,,mapping_hypothesis,no_decision,Kartā,,no,yes,yes,no
dev-s1351,1,इस पर वित्त मंत्री ने कहा कि फार्म पैकेज का उद्देश्य अधिक से अधिक संख्या में किसानों को वित्त संस्थानों के तहत लाना है ।,उद्देश्य,obl,nsubj,,,,,mapping_hypothesis,mapping_hypothesis,Adhikaraṇa|Apādāna|Karaṇa,Kartā,no,yes,yes,yes
dev-s1351,1,इस पर वित्त मंत्री ने कहा कि फार्म पैकेज का उद्देश्य अधिक से अधिक संख्या में किसानों को वित्त संस्थानों के तहत लाना है ।,किसानों,iobj,obj,को,को,R5,R5,ambiguous,ambiguous,Karma|Sampradāna,Karma|Sampradāna,no,yes,yes,yes
dev-s1351,1,इस पर वित्त मंत्री ने कहा कि फार्म पैकेज का उद्देश्य अधिक से अधिक संख्या में किसानों को वित्त संस्थानों के तहत लाना है ।,संख्या,nmod,obl,में,में,,R2,no_decision,confirmed,,Adhikaraṇa,no,yes,no,no
dev-s1354,1,उन्होंने कहा कि किसी भी अन्य विकल्प पर विचार करने से पहले सरकार इस पैकेज को ईमानदारी से लागू करना चाहती है ।,करना,advcl,obj,,,,,no_decision,mapping_hypothesis,,Karma,no,yes,yes,no
dev-s1354,1,उन्होंने कहा कि किसी भी अन्य विकल्प पर विचार करने से पहले सरकार इस पैकेज को ईमानदारी से लागू करना चाहती है ।,करने,advcl,obl,,,,,no_decision,mapping_hypothesis,,Adhikaraṇa|Apādāna|Karaṇa,no,yes,yes,no
dev-s1355,1,वित्त मंत्री इस पैकेज को लागू करने के लिए निगरानी संबंधी कोई आयोग गठित करने के सुझाव से सहमत नहीं हुए ।,कोई,amod,det,,,,,no_decision,no_decision,,,no,yes,yes,yes
dev-s1355,1,वित्त मंत्री इस पैकेज को लागू करने के लिए निगरानी संबंधी कोई आयोग गठित करने के सुझाव से सहमत नहीं हुए ।,निगरानी,obl,compound,,,,,mapping_hypothesis,no_decision,Adhikaraṇa|Apādāna|Karaṇa,,no,yes,yes,no
dev-s1355,1,वित्त मंत्री इस पैकेज को लागू करने के लिए निगरानी संबंधी कोई आयोग गठित करने के सुझाव से सहमत नहीं हुए ।,सुझाव,obl,obj,से,से,R4,,ambiguous,mapping_hypothesis,Karaṇa|Apādāna,Karma,no,yes,no,no
dev-s1356,1,चिदंबरम ने कहा कि अगर पैकेज लागू नहीं हो रहा है तो इसकी सूचना उन्हें दी जाए ।,दी,advcl,obj,,,,,no_decision,mapping_hypothesis,,Karma,no,yes,yes,no
dev-s1356,1,चिदंबरम ने कहा कि अगर पैकेज लागू नहीं हो रहा है तो इसकी सूचना उन्हें दी जाए ।,पैकेज,obj,nsubj,,,,,mapping_hypothesis,mapping_hypothesis,Karma,Kartā,no,yes,yes,yes
dev-s1356,1,चिदंबरम ने कहा कि अगर पैकेज लागू नहीं हो रहा है तो इसकी सूचना उन्हें दी जाए ।,हो,obj,advcl,,,,,mapping_hypothesis,no_decision,Karma,,no,yes,yes,no
dev-s1357,1,वह इसके खिलाफ कड़े कदम उठाएंगे ।,इसके,iobj,obl,खिलाफ,खिलाफ,,,mapping_hypothesis,mapping_hypothesis,Sampradāna,Adhikaraṇa|Apādāna|Karaṇa,no,yes,yes,yes
dev-s1357,1,वह इसके खिलाफ कड़े कदम उठाएंगे ।,कदम,obj,compound,,,,,mapping_hypothesis,no_decision,Karma,,no,yes,yes,no
dev-s1359,1,उन्होंने कहा कि जिस तरह पिछले साल कृषि में विकास हुआ हम वैसा नहीं चाहते ।,चाहते,advcl,obj,,,,,no_decision,mapping_hypothesis,,Karma,no,yes,yes,no
dev-s1359,1,उन्होंने कहा कि जिस तरह पिछले साल कृषि में विकास हुआ हम वैसा नहीं चाहते ।,विकास,obj,nsubj,,,,,mapping_hypothesis,mapping_hypothesis,Karma,Kartā,no,yes,yes,yes
dev-s1359,1,उन्होंने कहा कि जिस तरह पिछले साल कृषि में विकास हुआ हम वैसा नहीं चाहते ।,हुआ,obj,acl:relcl,,,,,mapping_hypothesis,no_decision,Karma,,no,yes,yes,no
dev-s1360,1,हम उम्मीद करते हैं कृषि में उचित दर से विकास हो ।,विकास,obj,compound,,,,,mapping_hypothesis,no_decision,Karma,,no,yes,yes,no
dev-s1360,1,हम उम्मीद करते हैं कृषि में उचित दर से विकास हो ।,हो,advcl,obj,,,,,no_decision,mapping_hypothesis,,Karma,no,yes,yes,no
dev-s1361,1,अगर उद्योग और सेवाएं अपनी वृद्धि दर को बनाए रखते हैं तो हम 6 - 7.4 फीसदी की दर पर रह सकते हैं ।,6,compound,nummod,,,,,no_decision,no_decision,,,no,yes,yes,yes
dev-s1361,1,अगर उद्योग और सेवाएं अपनी वृद्धि दर को बनाए रखते हैं तो हम 6 - 7.4 फीसदी की दर पर रह सकते हैं ।,बनाए,root,advcl,,,,,no_decision,no_decision,,,no,yes,yes,yes
dev-s1361,1,अगर उद्योग और सेवाएं अपनी वृद्धि दर को बनाए रखते हैं तो हम 6 - 7.4 फीसदी की दर पर रह सकते हैं ।,रखते,compound,advcl,,,,,no_decision,no_decision,,,no,yes,yes,yes
dev-s1361,1,अगर उद्योग और सेवाएं अपनी वृद्धि दर को बनाए रखते हैं तो हम 6 - 7.4 फीसदी की दर पर रह सकते हैं ।,रह,advcl,root,,,,,no_decision,no_decision,,,no,yes,yes,yes
dev-s1361,1,अगर उद्योग और सेवाएं अपनी वृद्धि दर को बनाए रखते हैं तो हम 6 - 7.4 फीसदी की दर पर रह सकते हैं ।,हैं,aux:pass,aux,,,,,no_decision,no_decision,,,no,yes,yes,yes
dev-s1362,1,उन्होंने कहा कि वह वृद्धि दर 7 फीसदी अवश्य चाहेंगे ।,दर,nmod,obj,,,,,no_decision,mapping_hypothesis,,Karma,no,yes,yes,no
dev-s1362,1,उन्होंने कहा कि वह वृद्धि दर 7 फीसदी अवश्य चाहेंगे ।,फीसदी,obj,acl,,,,,mapping_hypothesis,no_decision,Karma,,no,yes,yes,no
dev-s1364,1,"हालांकि, यादव यह कहने से नहीं चूके कि वह इसी कांग्रेस से काफी लंबी लड़ाई लड़ चुके हैं और संघर्ष के दौरान उन्हें जेल भी जाना पड़ा था ।",कहने,advcl,obj,,,,,no_decision,mapping_hypothesis,,Karma,no,yes,yes,no
dev-s1364,1,"हालांकि, यादव यह कहने से नहीं चूके कि वह इसी कांग्रेस से काफी लंबी लड़ाई लड़ चुके हैं और संघर्ष के दौरान उन्हें जेल भी जाना पड़ा था ।",काफी,det,advmod,,,,,no_decision,no_decision,,,no,yes,yes,yes
dev-s1364,1,"हालांकि, यादव यह कहने से नहीं चूके कि वह इसी कांग्रेस से काफी लंबी लड़ाई लड़ चुके हैं और संघर्ष के दौरान उन्हें जेल भी जाना पड़ा था ।",चुके,obj,acl,,,,,mapping_hypothesis,no_decision,Karma,,no,yes,yes,no
dev-s1364,1,"हालांकि, यादव यह कहने से नहीं चूके कि वह इसी कांग्रेस से काफी लंबी लड़ाई लड़ चुके हैं और संघर्ष के दौरान उन्हें जेल भी जाना पड़ा था ।",लड़ाई,obj,compound,,,,,mapping_hypothesis,no_decision,Karma,,no,yes,yes,no
dev-s1365,1,कांग्रेस द्वारा प्रदेश की कानून व्यवस्था के मामले को तूल देने पर भी मुलायम ने उलट कर जवाब दिया कि कांग्रेस पहले दिल्ली की व्यवस्था ही ठीक तरह से संभाल ले ।,जवाब,obj,compound,,,,,mapping_hypothesis,no_decision,Karma,,no,yes,yes,no
dev-s1365,1,कांग्रेस द्वारा प्रदेश की कानून व्यवस्था के मामले को तूल देने पर भी मुलायम ने उलट कर जवाब दिया कि कांग्रेस पहले दिल्ली की व्यवस्था ही ठीक तरह से संभाल ले ।,तूल,obj,compound,,,,,mapping_hypothesis,no_decision,Karma,,no,yes,yes,no
dev-s1365,1,कांग्रेस द्वारा प्रदेश की कानून व्यवस्था के मामले को तूल देने पर भी मुलायम ने उलट कर जवाब दिया कि कांग्रेस पहले दिल्ली की व्यवस्था ही ठीक तरह से संभाल ले ।,मामले,iobj,obj,को,को,R5,R5,ambiguous,ambiguous,Karma|Sampradāna,Karma|Sampradāna,no,yes,yes,yes
dev-s1365,1,कांग्रेस द्वारा प्रदेश की कानून व्यवस्था के मामले को तूल देने पर भी मुलायम ने उलट कर जवाब दिया कि कांग्रेस पहले दिल्ली की व्यवस्था ही ठीक तरह से संभाल ले ।,संभाल,acl,obj,,,,,no_decision,mapping_hypothesis,,Karma,no,yes,yes,no
dev-s1366,1,उन्होंने कहा कि अब जहां भी आपराधिक वारदातों में बढ़ोत्तरी होगी वहां जिम्मेदारी तय कर दोषी लोगों के खिलाफ कार्रवाई की जाएगी ।,जहां,obl,advmod,,,,,mapping_hypothesis,no_decision,Adhikaraṇa|Apādāna|Karaṇa,,no,yes,yes,no
dev-s1368,1,मुख्यमंत्री के साथ खेलकूद एवं युवा कल्याण मंत्री आर. के. चौधरी और कुंडा विधायक रघुराज प्रताप सिंह उर्फ राजा भैया भी यहां पहुंचे ।,सिंह,nmod,conj,,,,,no_decision,no_decision,,,no,yes,yes,yes
dev-s1369,1,"पांडेय के यहां शोक व्यक्त करने पहुंचने वालों में कांग्रेस विधान मंडल दल के नेता प्रमोद तिवारी, पूर्व सांसद अभय प्रताप सिंह, पूर्व मंत्री यशवंत सिंह, विधान परिषद सदस्य शैलेन्द्र प्रताप सिंह, जिला पंचायत अध्यक्ष बिंदेश्वरी पटेल, विधायक रामनाथ सरोज, पूर्व सांसद सीएन सिंह, जिलाध्यक्ष सियाराम यादव समेत तमाम लोग मौजूद थे ।",कांग्रेस,nmod,compound,,,,,no_decision,no_decision,,,no,yes,yes,yes
dev-s1369,1,"पांडेय के यहां शोक व्यक्त करने पहुंचने वालों में कांग्रेस विधान मंडल दल के नेता प्रमोद तिवारी, पूर्व सांसद अभय प्रताप सिंह, पूर्व मंत्री यशवंत सिंह, विधान परिषद सदस्य शैलेन्द्र प्रताप सिंह, जिला पंचायत अध्यक्ष बिंदेश्वरी पटेल, विधायक रामनाथ सरोज, पूर्व सांसद सीएन सिंह, जिलाध्यक्ष सियाराम यादव समेत तमाम लोग मौजूद थे ।",तमाम,amod,det,,,,,no_decision,no_decision,,,no,yes,yes,yes
dev-s1369,1,"पांडेय के यहां शोक व्यक्त करने पहुंचने वालों में कांग्रेस विधान मंडल दल के नेता प्रमोद तिवारी, पूर्व सांसद अभय प्रताप सिंह, पूर्व मंत्री यशवंत सिंह, विधान परिषद सदस्य शैलेन्द्र प्रताप सिंह, जिला पंचायत अध्यक्ष बिंदेश्वरी पटेल, विधायक रामनाथ सरोज, पूर्व सांसद सीएन सिंह, जिलाध्यक्ष सियाराम यादव समेत तमाम लोग मौजूद थे ।",मौजूद,obj,compound,,,,,mapping_hypothesis,no_decision,Karma,,no,yes,yes,no
dev-s137,1,कमेटी का सुझाव है कि देश के सबसे बड़े सार्वजनिक क्षेत्र के उपक्रम रेलवे को अपने रुख में बदलाव करते हुए उपभोक्ता के लिए सरल और बाजारोन्मुखी बनना होगा ।,सरल,xcomp,acl,,,,,no_decision,no_decision,,,no,yes,yes,yes
dev-s1373,1,"इस दौरान सलमान खान और पांच अन्य आरोपी बाल आंग्रे, प्रताप सिंह, ओम सिंह, दुष्यंत सिंह और गोवर्धन सिंह भी मौजूद रहेंगे ।",आंग्रे,nmod,conj,,,,,no_decision,no_decision,,,no,yes,yes,yes
dev-s1373,1,"इस दौरान सलमान खान और पांच अन्य आरोपी बाल आंग्रे, प्रताप सिंह, ओम सिंह, दुष्यंत सिंह और गोवर्धन सिंह भी मौजूद रहेंगे ।",आरोपी,conj,nmod,,,,,no_decision,no_decision,,,no,yes,yes,yes
dev-s1374,1,यह मामला वर्ष १९८८ का है जब घोरा फार्महाउस में सलमान और अन्य आरोपियों ने एक चिंकारा (हिरण की एक प्रजाति) को मार दिया था ।,वर्ष,nmod,compound,,,,,no_decision,no_decision,,,no,yes,yes,yes
dev-s1376,1,याचिका के माध्यम से मामले के एक गवाह हरीश दुलानी को बुलाने की मांग की गई थी ।,माध्यम,obl,case,से,,R4,,ambiguous,no_decision,Karaṇa|Apādāna,,no,no,no,no
dev-s1376,1,याचिका के माध्यम से मामले के एक गवाह हरीश दुलानी को बुलाने की मांग की गई थी ।,याचिका,nmod,obl,के,के,,,no_decision,mapping_hypothesis,,Adhikaraṇa|Apādāna|Karaṇa,no,yes,yes,no
dev-s1379,1,कारगिल के एक धर्मस्थल में धर्मग्रंथ के अपमान को लेकर दो संप्रदायों के बीच झड़पों के बाद लेह और इसके आसपास के इलाकों में कर्फ्यू लगा दिया गया है ।,इलाकों,conj,obl,,में,,R2,no_decision,confirmed,,Adhikaraṇa,no,no,no,no
dev-s1379,1,कारगिल के एक धर्मस्थल में धर्मग्रंथ के अपमान को लेकर दो संप्रदायों के बीच झड़पों के बाद लेह और इसके आसपास के इलाकों में कर्फ्यू लगा दिया गया है ।,इसके,nmod,conj,आसपास,आसपास,,,no_decision,no_decision,,,no,yes,yes,yes
dev-s1379,1,कारगिल के एक धर्मस्थल में धर्मग्रंथ के अपमान को लेकर दो संप्रदायों के बीच झड़पों के बाद लेह और इसके आसपास के इलाकों में कर्फ्यू लगा दिया गया है ।,लेह,obl,nmod,में,,R2,,confirmed,no_decision,Adhikaraṇa,,no,no,no,no
dev-s138,1,इससे वह एक वाणिज्यिक उपक्रम होने के नाते बजट पर अधिक निर्भर न रहकर अपने संसाधन खुद जुटा सकेगा ।,उपक्रम,compound,nsubj,,,,,no_decision,mapping_hypothesis,,Kartā,no,yes,yes,no
dev-s1380,1,इसके साथ ही सावधानी बरतते हुए प्रशासन की मदद के लिए सेना और भारत - तिब्बत सीमा पुलिस (आईटीबीपी) को भी बुला लिया गया है ।,सावधानी,compound,obj,,,,,no_decision,mapping_hypothesis,,Karma,no,yes,yes,no
dev-s1381,1,हालात को देखते हुए सेना ने फ्लैग मार्च किया ।,देखते,acl,advcl,,,,,no_decision,no_decision,,,no,yes,yes,yes
dev-s1382,1,कश्मीर रेंज के पुलिस महानिरीक्षक के. राजेंद्र ने लेह से बताया कि राज्य पुलिस ने झड़पों के सिलसिले में अभी तक ३१ लोगों को गिरफ्तार किया है ।,लेह,obl,iobj,से,से,R4,,ambiguous,mapping_hypothesis,Karaṇa|Apādāna,Sampradāna,no,yes,no,no
dev-s1383,1,राजेंद्र ने कहा कि स्थिति नियंत्रण में है और कर्फ्यू लगा दिया गया है ।,कर्फ्यू,compound,obj,,,,,no_decision,mapping_hypothesis,,Karma,no,yes,yes,no
dev-s1386,1,एक रक्षा प्रवक्ता ने बताया कि लेह में कानून - व्यवस्था को कायम रखने के लिए प्रशासन ने सेना की सहायता मांगी ।,सहायता,compound,obj,,,,,no_decision,mapping_hypothesis,,Karma,no,yes,yes,no
dev-s1388,1,"प्राप्त सूचना के मुताबिक, गुस्साई भीड़ ने कारगिल में दो घरों और तीन वाहनों को भी क्षतिग्रस्त कर दिया ।",गुस्साई,acl,amod,,,,,no_decision,no_decision,,,no,yes,yes,yes
dev-s1389,1,कश्मीर के डिवीजनल कमिश्नर बशारत अहमद डार ने कहा कि स्थिति पूरी तरह नियंत्रण में है ।,डिवीजनल,compound,amod,,,,,no_decision,no_decision,,,no,yes,yes,yes
dev-s1389,1,कश्मीर के डिवीजनल कमिश्नर बशारत अहमद डार ने कहा कि स्थिति पूरी तरह नियंत्रण में है ।,तरह,nmod,obl,,,,,no_decision,mapping_hypothesis,,Adhikaraṇa|Apādāna|Karaṇa,no,yes,yes,no
dev-s1390,1,कश्मीर समस्या पर मध्यस्थता करने के अनुरोध को अमेरिका की ओर से सार्वजनिक रूप से खारिज किए जाने के बाद पाकिस्तान ने बृहस्पतिवार को इसके दशकों पुराने रुख में बदलाव की घोषणा की ।,दशकों,nmod,obl,,,,,no_decision,mapping_hypothesis,,Adhikaraṇa|Apādāna|Karaṇa,no,yes,yes,no
dev-s1391,2,पाकिस्तान के राष्ट्रपति जनरल परवेज मुशर्रफ ने कहा कि कश्मीर समस्या द्विपक्षीय मसला है और वह इसे त्रिपक्षीय या बहुपक्षीय मसला नहीं बनाना चाहते हैं ।,मसला,acl,obj,,,,,no_decision,mapping_hypothesis,,Karma,no,yes,yes,no
dev-s1394,1,मुशर्रफ अमेरिकी राष्ट्रपति जॉर्ज डब्लू. बुश की हाल की टिप्पणियों के संबंध में पूछे गए सवालों का जवाब दे रहे थे ।,जवाब,compound,obj,,,,,no_decision,mapping_hypothesis,,Karma,no,yes,yes,no
dev-s1395,1,"बुश ने कहा था कि वह कश्मीर मुद्दे पर मध्यस्थता नहीं करेंगे, लेकिन समस्या के हल के लिए दोनों देशों को लगातार प्रोत्साहित करते रहेंगे ।",देशों,iobj,nsubj,को,को,R5,,ambiguous,mapping_hypothesis,Karma|Sampradāna,Kartā,no,yes,no,no
dev-s1395,1,"बुश ने कहा था कि वह कश्मीर मुद्दे पर मध्यस्थता नहीं करेंगे, लेकिन समस्या के हल के लिए दोनों देशों को लगातार प्रोत्साहित करते रहेंगे ।",लगातार,obl,advmod,,,,,mapping_hypothesis,no_decision,Adhikaraṇa|Apādāna|Karaṇa,,no,yes,yes,no
dev-s1398,1,भारत और पाकिस्तान के बीच चल रही शांति प्रक्रिया वार्ता की स्थिति के बारे में पूछे जाने पर पाकिस्तानी राष्ट्रपति ने कहा कि विश्वास से काम करने के उपायों की अपेक्षाकृत अच्छे परिणाम हैं लेकिन विवादों के समाधान की दिशा में कोई प्रगति नहीं है ।,अपेक्षाकृत,case,advmod,,,,,no_decision,no_decision,,,no,yes,yes,yes
dev-s1398,1,भारत और पाकिस्तान के बीच चल रही शांति प्रक्रिया वार्ता की स्थिति के बारे में पूछे जाने पर पाकिस्तानी राष्ट्रपति ने कहा कि विश्वास से काम करने के उपायों की अपेक्षाकृत अच्छे परिणाम हैं लेकिन विवादों के समाधान की दिशा में कोई प्रगति नहीं है ।,उपायों,nsubj,nmod,की,की,,,mapping_hypothesis,no_decision,Kartā,,no,yes,yes,no
dev-s1399,1,वोल्कर मामले में जांच के लिए संयुक्त संसदीय समिति (जेपीसी) गठित किए जाने की राजग की मांग को खारिज करते हुए सरकार ने शुक्रवार को कहा कि जस्टिस पाठक जांच प्राधिकरण अपना काम शुरू कर चुका है और उसकी जांच का दायरा भी काफी व्यापक है ।,वोल्कर,compound,nmod,,,,,no_decision,no_decision,,,no,yes,yes,yes
dev-s1400,1,लिहाजा उसे अभी जेपीसी के गठन का कोई औचित्य नहीं दिखता ।,औचित्य,compound,nsubj,,,,,no_decision,mapping_hypothesis,,Kartā,no,yes,yes,no
dev-s1400,1,लिहाजा उसे अभी जेपीसी के गठन का कोई औचित्य नहीं दिखता ।,लिहाजा,advmod,obl,,,,,no_decision,mapping_hypothesis,,Adhikaraṇa|Apādāna|Karaṇa,no,yes,yes,no
dev-s1403,1,इसके विरोध में राजग ने लोकसभा से वाकआउट भी किया ।,इसके,nmod,obl,,विरोध,,,no_decision,mapping_hypothesis,,Adhikaraṇa|Apādāna|Karaṇa,no,no,yes,no
dev-s1403,1,इसके विरोध में राजग ने लोकसभा से वाकआउट भी किया ।,विरोध,obl,case,में,,R2,,confirmed,no_decision,Adhikaraṇa,,no,no,no,no
dev-s1404,1,वहीं वित्त मंत्री पी. चिदंबरम ने वोल्कर मामले में प्रवर्तन निदेशालय (ईडी) द्वारा निष्पक्ष जांच का भरोसा दिलाया है ।,निदेशालय,obl,iobj,,,,,mapping_hypothesis,mapping_hypothesis,Adhikaraṇa|Apādāna|Karaṇa,Sampradāna,no,yes,yes,yes
dev-s1408,1,उन्होंने कहा कि अनिल मथेरानी ने अब एक नई बात कही है कि कांग्रेस पार्टी को इस बारे में पहले से पता था ।,इस,nmod,obl,बारे,बारे,,,no_decision,mapping_hypothesis,,Adhikaraṇa|Apādāna|Karaṇa,no,yes,yes,no
dev-s1408,1,उन्होंने कहा कि अनिल मथेरानी ने अब एक नई बात कही है कि कांग्रेस पार्टी को इस बारे में पहले से पता था ।,था,cop,acl,,,,,no_decision,no_decision,,,no,yes,yes,yes
dev-s1408,1,उन्होंने कहा कि अनिल मथेरानी ने अब एक नई बात कही है कि कांग्रेस पार्टी को इस बारे में पहले से पता था ।,पता,nmod,compound,,,,,no_decision,no_decision,,,no,yes,yes,yes
dev-s1408,1,उन्होंने कहा कि अनिल मथेरानी ने अब एक नई बात कही है कि कांग्रेस पार्टी को इस बारे में पहले से पता था ।,पहले,nmod,obl,से,से,,R4,no_decision,ambiguous,,Karaṇa|Apādāna,no,yes,no,no
dev-s1409,1,बाद में यह मांग ठुकराए जाने के विरोध में विपक्ष ने सदन की कार्यवाही से वाकआउट कर दिया ।,ठुकराए,nmod,obl,,,,,no_decision,mapping_hypothesis,,Adhikaraṇa|Apādāna|Karaṇa,no,yes,yes,no
dev-s1409,2,बाद में यह मांग ठुकराए जाने के विरोध में विपक्ष ने सदन की कार्यवाही से वाकआउट कर दिया ।,में,case,mark,,,,,no_decision,no_decision,,,no,yes,yes,yes
dev-s1409,1,बाद में यह मांग ठुकराए जाने के विरोध में विपक्ष ने सदन की कार्यवाही से वाकआउट कर दिया ।,विरोध,obl,mark,में,,R2,,confirmed,no_decision,Adhikaraṇa,,no,no,no,no
dev-s1412,1,सपा के अमर सिंह ने कहा कि अब चूंकि एक जांच इस मामले में शुरू हो गयी है इसलिए जेपीसी जांच का कोई औचित्य नहीं है ।,जांच,obj,nsubj,,,,,mapping_hypothesis,mapping_hypothesis,Karma,Kartā,no,yes,yes,yes
dev-s1413,1,राजग को यह मांग पहले करनी चाहिए थी ।,मांग,obj,compound,,,,,mapping_hypothesis,no_decision,Karma,,no,yes,yes,no
dev-s1414,1,सरकार की तरफ से संसदीय कार्य राज्यमंत्री सुरेश पचौरी ने विपक्ष की मांग को खारिज करते हुए कहा कि मौजूदा परिस्थितियों में इसकी कोई जरूरत नहीं है तथा पाठक प्राधिकरण मामले की तह तक जाएगा ।,कार्य,nmod,compound,,,,,no_decision,no_decision,,,no,yes,yes,yes
dev-s1414,1,सरकार की तरफ से संसदीय कार्य राज्यमंत्री सुरेश पचौरी ने विपक्ष की मांग को खारिज करते हुए कहा कि मौजूदा परिस्थितियों में इसकी कोई जरूरत नहीं है तथा पाठक प्राधिकरण मामले की तह तक जाएगा ।,तह,compound,obl,तक,तक,,,no_decision,mapping_hypothesis,,Adhikaraṇa|Apādāna|Karaṇa,no,yes,yes,no
dev-s1414,1,सरकार की तरफ से संसदीय कार्य राज्यमंत्री सुरेश पचौरी ने विपक्ष की मांग को खारिज करते हुए कहा कि मौजूदा परिस्थितियों में इसकी कोई जरूरत नहीं है तथा पाठक प्राधिकरण मामले की तह तक जाएगा ।,प्राधिकरण,nmod,nsubj,,,,,no_decision,mapping_hypothesis,,Kartā,no,yes,yes,no
dev-s1416,1,"भोजन, शुद्ध पेयजल और चिकित्सा सेवा लोगों को उपलब्ध करवाने के लिए अब राष्ट्रीय मानवाधिकार आयोग (एनएचआरसी) आगे आ रहा है ।",भोजन,nsubj,obj,,,,,mapping_hypothesis,mapping_hypothesis,Kartā,Karma,no,yes,yes,yes
dev-s1416,1,"भोजन, शुद्ध पेयजल और चिकित्सा सेवा लोगों को उपलब्ध करवाने के लिए अब राष्ट्रीय मानवाधिकार आयोग (एनएचआरसी) आगे आ रहा है ।",लोगों,iobj,obj,को,को,R5,R5,ambiguous,ambiguous,Karma|Sampradāna,Karma|Sampradāna,no,yes,yes,yes
dev-s1419,1,अभी तक आयोग का ज्यादा ध्यान आतंकवाद और उग्रवाद प्रभावित इलाके पर ही रहता था ।,आतंकवाद,obl,nmod,,,,,mapping_hypothesis,no_decision,Adhikaraṇa|Apādāna|Karaṇa,,no,yes,yes,no
dev-s1419,1,अभी तक आयोग का ज्यादा ध्यान आतंकवाद और उग्रवाद प्रभावित इलाके पर ही रहता था ।,उग्रवाद,conj,compound,,,,,no_decision,no_decision,,,no,yes,yes,yes
dev-s142,1,"बल्कि, आंतरिक व अतिरिक्त बजटीय मदद का न होना ही इसकी मुख्य समस्या है ।",बजटीय,amod,conj,,,,,no_decision,no_decision,,,no,yes,yes,yes
dev-s1421,1,राष्ट्रीय मानवाधिकार आयोग के एक अधिकारी का कहना है कि शुद्ध पेयजल हर व्यक्ति को मुहैया हो यह मानवाधिकार के दायरे में है ।,व्यक्ति,iobj,obj,को,को,R5,R5,ambiguous,ambiguous,Karma|Sampradāna,Karma|Sampradāna,no,yes,yes,yes
dev-s1424,1,इसी तरह चिकित्सा सुविधा भी मानवाधिकार के दायरे में है ।,तरह,obl,nmod,,,,,mapping_hypothesis,no_decision,Adhikaraṇa|Apādāna|Karaṇa,,no,yes,yes,no
dev-s1426,1,यह एक्शन प्लान पांच क्षेत्रीय और एक राष्ट्रीय लोक अदालत के निष्कर्षों पर तैयार किया गया है ।,एक,nummod,conj,,,,,no_decision,no_decision,,,no,yes,yes,yes
dev-s1427,1,इसी तरह भूख से मौत के मामलों को आयोग ने गंभीरता से लिया है और इसके लिए राज्य सरकारों को आवश्यक निर्देश जारी किया गया है ।,भूख,obl,nmod,से,से,R4,,ambiguous,no_decision,Karaṇa|Apādāna,,no,yes,no,no
dev-s143,1,"दसवीं योजना के दौरान सरकार रेलवे को २७,६०० करोड़ रुपये की बजटीय सहायता को मंजूरी दे चुकी है ।",सहायता,obj,iobj,को,को,R5,R5,ambiguous,ambiguous,Karma|Sampradāna,Karma|Sampradāna,no,yes,yes,yes
dev-s1430,1,देश के सभी जेलों में क्षमता से अधिक कैदी हैं ।,क्षमता,nmod,obl,से,से,,R4,no_decision,ambiguous,,Karaṇa|Apādāna,no,yes,no,no
dev-s1436,1,जंग अखबार से बातचीत करते हुए मुशर्रफ ने कहा कि भारत - पाक रिश्ते में अपेक्षित सुधार के लिए कश्मीर समस्या का समाधान जरूरी है ।,अखबार,iobj,obj,से,से,,,mapping_hypothesis,mapping_hypothesis,Sampradāna,Karma,no,yes,yes,yes
dev-s1436,1,जंग अखबार से बातचीत करते हुए मुशर्रफ ने कहा कि भारत - पाक रिश्ते में अपेक्षित सुधार के लिए कश्मीर समस्या का समाधान जरूरी है ।,जंग,nmod,compound,,,,,no_decision,no_decision,,,no,yes,yes,yes
dev-s1438,1,उन्होंने उम्मीद जताई कि भारत अपने दृष्टिकोण में बदलाव लाएगा ।,बदलाव,obj,compound,,,,,mapping_hypothesis,no_decision,Karma,,no,yes,yes,no
dev-s1439,1,ऐसे में मैं भ्रमित हो जाता हूं ।,भ्रमित,xcomp,compound,,,,,no_decision,no_decision,,,no,yes,yes,yes
dev-s144,1,इस योजना की ७० फीसदी रकम पहले तीन सालों में ही उपलब्ध कराई जा चुकी है ।,पहले,amod,obl,,,,,no_decision,mapping_hypothesis,,Adhikaraṇa|Apādāna|Karaṇa,no,yes,yes,no
dev-s1440,1,"उन्होंने कहा कि बातचीत के दौरान तो भारतीय वार्ताकार गंभीर नजर आते हैं, लेकिन कभी - कभी वे सार्वजनिक तौर पर अलग ही राग अलापते हैं ।",गंभीर,advmod,amod,,,,,no_decision,no_decision,,,no,yes,yes,yes
dev-s1442,1,मुशर्रफ ने कहा कि मैंने भारत के इस दोहरे रवैये के बारे में भारतीय विदेश मंत्री नटवर सिंह से शिकायत की थी ।,सिंह,iobj,obj,से,से,,,mapping_hypothesis,mapping_hypothesis,Sampradāna,Karma,no,yes,yes,yes
dev-s1444,1,मुशर्रफ ने यह भी कहा कि हो सकता है कि भारत की नयी गठबंधन सरकार की अपनी सीमा होगी और वह जनता के डर से खुलकर कहने की स्थिति में नहीं होगी ।,सीमा,compound,nsubj,,,,,no_decision,mapping_hypothesis,,Kartā,no,yes,yes,no
dev-s1444,1,मुशर्रफ ने यह भी कहा कि हो सकता है कि भारत की नयी गठबंधन सरकार की अपनी सीमा होगी और वह जनता के डर से खुलकर कहने की स्थिति में नहीं होगी ।,होगी,nsubj,acl,,,,,mapping_hypothesis,no_decision,Kartā,,no,yes,yes,no
dev-s1445,1,मुशर्रफ ने कहा कि भारत की जनता शांति चाहती है और अंतर्राष्ट्रीय समुदाय भी कश्मीर समस्या के समाधान के लिए दबाव बनाता रहा है ।,दबाव,obj,compound,,,,,mapping_hypothesis,no_decision,Karma,,no,yes,yes,no
dev-s1446,1,अगर अल्लाह के शुक्र से इस समस्या का समाधान हो गया तो सभी जेहादी संगठनों को बोरिया बिस्तर बांधना होगा ।,बिस्तर,compound,obj,,,,,no_decision,mapping_hypothesis,,Karma,no,yes,yes,no
dev-s1446,1,अगर अल्लाह के शुक्र से इस समस्या का समाधान हो गया तो सभी जेहादी संगठनों को बोरिया बिस्तर बांधना होगा ।,संगठनों,obj,nsubj,को,को,R5,,ambiguous,mapping_hypothesis,Karma|Sampradāna,Kartā,no,yes,no,no
dev-s1447,1,उन्होंने कहा कि हाल के कुछ महीनों में भारत और पाकिस्तान ने द्विपक्षीय रिश्ते में सुधार के लिए कई सराहनीय कदम उठाए हैं ।,कदम,compound,obj,,,,,no_decision,mapping_hypothesis,,Karma,no,yes,yes,no
dev-s1448,1,अब हम विवादित मसलों पर खुलकर बातचीत कर रहे हैं ।,खुलकर,advcl,advmod,,,,,no_decision,no_decision,,,no,yes,yes,yes
dev-s1451,1,नक्सली हमले के बाद उत्तर प्रदेश - छत्तीसगढ़ सीमा पर चौकसी बढ़ा दी गई है ।,छत्तीसगढ़,compound,nmod,,,,,no_decision,no_decision,,,no,yes,yes,yes
dev-s1451,1,नक्सली हमले के बाद उत्तर प्रदेश - छत्तीसगढ़ सीमा पर चौकसी बढ़ा दी गई है ।,प्रदेश,compound,nmod,,,,,no_decision,no_decision,,,no,yes,yes,yes
dev-s1452,1,उग्रवादियों और सुरक्षाबलों के बीच कई घंटे तक गोलीबारी जारी रही ।,जारी,xcomp,compound,,,,,no_decision,no_decision,,,no,yes,yes,yes
dev-s1456,1,कई विस्फोट करने के बाद नक्सलियों ने डिपो की सुरक्षा में तैनात सीआईएसएफ के जवानों पर अंधाधुंध फायरिंग शुरू कर दी ।,विस्फोट,compound,obj,,,,,no_decision,mapping_hypothesis,,Karma,no,yes,yes,no
dev-s1458,1,"सूत्रों के मुताबिक नक्सलियों ने डिपो की बिजली आपूर्ति भी काट दी, जिससे वहां की संचार व्यवस्था ठप पड़ गई ।",ठप,xcomp,compound,,,,,no_decision,no_decision,,,no,yes,yes,yes
dev-s1461,1,पुलिस के मुताबिक सीआईएसएफ के मारे गए जवानों की पहचान कर ली गई है ।,सीआईएसएफ,nmod,nsubj:pass,के,के,,,no_decision,no_decision,,,no,yes,yes,yes
dev-s1462,1,"ये जवान बिहार, कर्नाटक, छत्तीसगढ़, मध्यप्रदेश व महाराष्ट्र के रहने वाले थे ।",थे,root,aux:pass,,,,,no_decision,no_decision,,,no,yes,yes,yes
dev-s1462,1,"ये जवान बिहार, कर्नाटक, छत्तीसगढ़, मध्यप्रदेश व महाराष्ट्र के रहने वाले थे ।",रहने,obj,root,,,,,mapping_hypothesis,no_decision,Karma,,no,yes,yes,no
dev-s1464,1,स्थानीय आदिवासियों को आंदोलन में भाग लेने से हतोत्साहित करने के लिए नक्सलियों ने बारगढ़ में आदिवासियों के पांच मकानों को आग लगा दी ।,लेने,obj,advcl,,,,,mapping_hypothesis,no_decision,Karma,,no,yes,yes,no
dev-s1468,1,ये जवान इस क्षेत्र में नक्सली विरोधी अभियान को अंजाम देने वाले दल का हिस्सा थे ।,क्षेत्र,nmod,obl,में,में,,R2,no_decision,confirmed,,Adhikaraṇa,no,yes,no,no
dev-s1470,1,उत्तर प्रदेश में कानून - व्यवस्था को लेकर कांग्रेस सांसद राहुल गांधी के हमले से बौखलाए मुख्यमंत्री मुलायम सिंह यादव ने बृहस्पतिवार को जवाबी हमला करते हुए कहा कि मुंबई और दिल्ली के हालात खराब हैं और दावा किया कि उन्हें सत्ता से हटाना आसान नहीं है ।,उन्हें,nsubj,obj,,,,,mapping_hypothesis,mapping_hypothesis,Kartā,Karma,no,yes,yes,yes
dev-s1472,1,"यादव ने कहा कि जो लोग उलटी - सीधी टिप्पणियां कर रहे हैं, उन्हें पहले मुंबई और दिल्ली के हालात देखने चाहिए, जहां अपराध का ग्राफ सबसे ऊपर है ।",ऊपर,case,acl:relcl,,,,,no_decision,no_decision,,,no,yes,yes,yes
dev-s1472,1,"यादव ने कहा कि जो लोग उलटी - सीधी टिप्पणियां कर रहे हैं, उन्हें पहले मुंबई और दिल्ली के हालात देखने चाहिए, जहां अपराध का ग्राफ सबसे ऊपर है ।",कर,obj,acl:relcl,,,,,mapping_hypothesis,no_decision,Karma,,no,yes,yes,no
dev-s1472,1,"यादव ने कहा कि जो लोग उलटी - सीधी टिप्पणियां कर रहे हैं, उन्हें पहले मुंबई और दिल्ली के हालात देखने चाहिए, जहां अपराध का ग्राफ सबसे ऊपर है ।",देखने,acl:relcl,obj,,,,,no_decision,mapping_hypothesis,,Karma,no,yes,yes,no
dev-s1472,1,"यादव ने कहा कि जो लोग उलटी - सीधी टिप्पणियां कर रहे हैं, उन्हें पहले मुंबई और दिल्ली के हालात देखने चाहिए, जहां अपराध का ग्राफ सबसे ऊपर है ।",सबसे,conj,amod,ऊपर,,,,no_decision,no_decision,,,no,no,yes,yes
dev-s1472,1,"यादव ने कहा कि जो लोग उलटी - सीधी टिप्पणियां कर रहे हैं, उन्हें पहले मुंबई और दिल्ली के हालात देखने चाहिए, जहां अपराध का ग्राफ सबसे ऊपर है ।",सीधी,amod,compound,,,,,no_decision,no_decision,,,no,yes,yes,yes
dev-s1473,1,"यह पूछे जाने पर कि क्या उनकी सरकार को गिराने का संदेह है, यादव ने कहा कि उन्हें हटाना आसान काम नहीं है ।",उन्हें,iobj,obj,,,,,mapping_hypothesis,mapping_hypothesis,Sampradāna,Karma,no,yes,yes,yes
dev-s1475,1,कांग्रेस के साथ अपने संबंधों के बारे में मुख्यमंत्री ने कहा कि इस प्रताड़ना के बावजूद भी उनकी पार्टी समर्थन दे रही है ।,समर्थन,obj,compound,,,,,mapping_hypothesis,no_decision,Karma,,no,yes,yes,no
dev-s1477,1,पूर्व प्रधानमंत्री की भाजपा विधायक और गोंडा से लोकसभा उम्मीदवार घनश्याम शुक्ला की पिछले महीने हुई मौत की जांच को लेकर कुछ शिकायतें थीं ।,गोंडा,conj,nmod,,से,,,no_decision,no_decision,,,no,no,yes,yes
dev-s1477,1,पूर्व प्रधानमंत्री की भाजपा विधायक और गोंडा से लोकसभा उम्मीदवार घनश्याम शुक्ला की पिछले महीने हुई मौत की जांच को लेकर कुछ शिकायतें थीं ।,थीं,root,cop,,,,,no_decision,no_decision,,,no,yes,yes,yes
dev-s1477,1,पूर्व प्रधानमंत्री की भाजपा विधायक और गोंडा से लोकसभा उम्मीदवार घनश्याम शुक्ला की पिछले महीने हुई मौत की जांच को लेकर कुछ शिकायतें थीं ।,विधायक,nsubj,obl,से,,,,mapping_hypothesis,mapping_hypothesis,Kartā,Adhikaraṇa|Apādāna|Karaṇa,no,no,yes,yes
dev-s1477,1,पूर्व प्रधानमंत्री की भाजपा विधायक और गोंडा से लोकसभा उम्मीदवार घनश्याम शुक्ला की पिछले महीने हुई मौत की जांच को लेकर कुछ शिकायतें थीं ।,शिकायतें,compound,root,,,,,no_decision,no_decision,,,no,yes,yes,yes
dev-s1477,1,पूर्व प्रधानमंत्री की भाजपा विधायक और गोंडा से लोकसभा उम्मीदवार घनश्याम शुक्ला की पिछले महीने हुई मौत की जांच को लेकर कुछ शिकायतें थीं ।,शुक्ला,nmod,conj,की,की,,,no_decision,no_decision,,,no,yes,yes,yes
dev-s1481,1,"अखिलेश का बचाव करते हुए उन्होंने कहा कि यदि उनके साथ अन्याय होता है, तो हम उनका समर्थन करेंगे ।",करते,acl,advcl,,,,,no_decision,no_decision,,,no,yes,yes,yes
dev-s1482,1,केंद्र में यूपीए सरकार की खिंचाई करते हुए उन्होंने कहा कि चलती ट्रेनों में यात्रियों की हत्याएं की जा रही हैं ।,करते,acl,advcl,,,,,no_decision,no_decision,,,no,yes,yes,yes
dev-s1482,1,केंद्र में यूपीए सरकार की खिंचाई करते हुए उन्होंने कहा कि चलती ट्रेनों में यात्रियों की हत्याएं की जा रही हैं ।,यूपीए,compound,nmod,,,,,no_decision,no_decision,,,no,yes,yes,yes
dev-s1483,1,पर्याप्त बिजली अभाव के मद्देनजर महाराष्ट्र में डेमोक्रेटिक फ्रंट की सरकार ने मंगलवार को चुनाव - पूर्व अपने वादे को अब नहीं निभाने का फैसला किया है ।,चुनाव,obl,compound,पूर्व,,,,mapping_hypothesis,no_decision,Adhikaraṇa|Apādāna|Karaṇa,,no,no,yes,no
dev-s1483,1,पर्याप्त बिजली अभाव के मद्देनजर महाराष्ट्र में डेमोक्रेटिक फ्रंट की सरकार ने मंगलवार को चुनाव - पूर्व अपने वादे को अब नहीं निभाने का फैसला किया है ।,पूर्व,case,amod,,,,,no_decision,no_decision,,,no,yes,yes,yes
dev-s1487,1,उड़ीसा विधानसभा में बुधवार को उस समय जबरदस्त हंगामा हुआ जब विपक्ष ने सत्ता पक्ष के सदस्यों पर अपराधियों से सांठगांठ का आरोप लगाया ।,उड़ीसा,nmod,compound,,,,,no_decision,no_decision,,,no,yes,yes,yes
dev-s1487,1,उड़ीसा विधानसभा में बुधवार को उस समय जबरदस्त हंगामा हुआ जब विपक्ष ने सत्ता पक्ष के सदस्यों पर अपराधियों से सांठगांठ का आरोप लगाया ।,जबरदस्त,advmod,amod,,,,,no_decision,no_decision,,,no,yes,yes,yes
dev-s1487,1,उड़ीसा विधानसभा में बुधवार को उस समय जबरदस्त हंगामा हुआ जब विपक्ष ने सत्ता पक्ष के सदस्यों पर अपराधियों से सांठगांठ का आरोप लगाया ।,हंगामा,compound,nsubj,,,,,no_decision,mapping_hypothesis,,Kartā,no,yes,yes,no
dev-s1489,1,विधानसभा की कार्यवाही शुरू होते ही कांग्रेस सदस्य तारा प्रसाद बाहिनीपति ने एक अखबार लहराते हुए कहा कि इसमें एक अपराधी के साथ सत्तारूढ़ पार्टी के एक सदस्य की तस्वीर छपी है ।,कार्यवाही,obj,nsubj,,,,,mapping_hypothesis,mapping_hypothesis,Karma,Kartā,no,yes,yes,yes
dev-s1489,1,विधानसभा की कार्यवाही शुरू होते ही कांग्रेस सदस्य तारा प्रसाद बाहिनीपति ने एक अखबार लहराते हुए कहा कि इसमें एक अपराधी के साथ सत्तारूढ़ पार्टी के एक सदस्य की तस्वीर छपी है ।,तस्वीर,compound,nsubj,,,,,no_decision,mapping_hypothesis,,Kartā,no,yes,yes,no
dev-s1491,1,इस पर अध्यक्ष ने कहा कि प्रश्नकाल के बाद वह उनकी बात सुनेंगे लेकिन कांग्रेस के सदस्य हाल ही में टेंडर देने के मामले में सात लोगों की हत्या की जांच सीबीआई से कराने की मांग करते रहे ।,टेंडर,compound,obj,,,,,no_decision,mapping_hypothesis,,Karma,no,yes,yes,no
dev-s1491,1,इस पर अध्यक्ष ने कहा कि प्रश्नकाल के बाद वह उनकी बात सुनेंगे लेकिन कांग्रेस के सदस्य हाल ही में टेंडर देने के मामले में सात लोगों की हत्या की जांच सीबीआई से कराने की मांग करते रहे ।,बात,compound,obj,,,,,no_decision,mapping_hypothesis,,Karma,no,yes,yes,no
dev-s1492,1,खाद्य पदार्थों में मिलावट को रोकने के लिए भारतीय मानक ब्यूरो यानि बीआईएस जल्द ही एक 'क्विक टेस्ट किट' को भारतीय उपभोक्ताओं के लिए लाने की योजना बना रहा है ।,क्विक,amod,compound,,,,,no_decision,no_decision,,,no,yes,yes,yes
dev-s1492,1,खाद्य पदार्थों में मिलावट को रोकने के लिए भारतीय मानक ब्यूरो यानि बीआईएस जल्द ही एक 'क्विक टेस्ट किट' को भारतीय उपभोक्ताओं के लिए लाने की योजना बना रहा है ।,बीआईएस,nsubj,conj,,,,,mapping_hypothesis,no_decision,Kartā,,no,yes,yes,no
dev-s1492,1,खाद्य पदार्थों में मिलावट को रोकने के लिए भारतीय मानक ब्यूरो यानि बीआईएस जल्द ही एक 'क्विक टेस्ट किट' को भारतीय उपभोक्ताओं के लिए लाने की योजना बना रहा है ।,ब्यूरो,nmod,nsubj,,,,,no_decision,mapping_hypothesis,,Kartā,no,yes,yes,no
dev-s1492,1,खाद्य पदार्थों में मिलावट को रोकने के लिए भारतीय मानक ब्यूरो यानि बीआईएस जल्द ही एक 'क्विक टेस्ट किट' को भारतीय उपभोक्ताओं के लिए लाने की योजना बना रहा है ।,योजना,compound,obj,,,,,no_decision,mapping_hypothesis,,Karma,no,yes,yes,no
dev-s1494,1,दरअसल भारतीय मानक ब्यूरो को सबसे ज्यादा खाद्य पदार्थों में मिलावट की शिकायतें मिलती हैं ।,ज्यादा,obl,det,,,,,mapping_hypothesis,no_decision,Adhikaraṇa|Apādāna|Karaṇa,,no,yes,yes,no
dev-s1494,1,दरअसल भारतीय मानक ब्यूरो को सबसे ज्यादा खाद्य पदार्थों में मिलावट की शिकायतें मिलती हैं ।,शिकायतें,obj,nsubj,,,,,mapping_hypothesis,mapping_hypothesis,Karma,Kartā,no,yes,yes,yes
dev-s1496,1,लेकिन अंतर्राष्ट्रीय स्तर की कोई तकनीक न होने के कारण अकसर अधिकारियों को मिलावट करने वाले के खिलाफ कार्रवाई करने में दिक्कत होती थी ।,अधिकारियों,nsubj,obj,को,को,,R5,mapping_hypothesis,ambiguous,Kartā,Karma|Sampradāna,no,yes,no,no
dev-s1496,1,लेकिन अंतर्राष्ट्रीय स्तर की कोई तकनीक न होने के कारण अकसर अधिकारियों को मिलावट करने वाले के खिलाफ कार्रवाई करने में दिक्कत होती थी ।,तकनीक,obj,nsubj,,,,,mapping_hypothesis,mapping_hypothesis,Karma,Kartā,no,yes,yes,yes
dev-s1499,1,जो मिलावट की शिकायत होने पर मौके पर जाकर जांच करेगी ।,शिकायत,compound,nsubj,,,,,no_decision,mapping_hypothesis,,Kartā,no,yes,yes,no
dev-s1501,1,आतंकियों द्वारा किसी विमान के अपहरण या आत्मघाती हमले को अंजाम देने की कोशिश किए जाने की खुफिया जानकारी पर देश भर के हवाई अड्डों पर सुरक्षा व्यवस्था कड़ी कर दी गई है ।,आतंकियों,nsubj:pass,nsubj,द्वारा,द्वारा,,,no_decision,mapping_hypothesis,,Kartā,no,yes,yes,no
dev-s1503,1,"समझा जाता है कि खुफिया विभाग द्वारा आतंकियों के बीच बातचीत के अंश सुने जाने के बाद अलर्ट जारी किया गया, जिसमें विमान अपहरण के उद्देश्य से आत्मघाती हमले का प्रयास करने के संकेत मिले हैं ।",संकेत,compound,nsubj,,,,,no_decision,mapping_hypothesis,,Kartā,no,yes,yes,no
dev-s1507,1,श्रीनगर और जम्मू में भी सीआरपीएफ जवानों ने एयरपोर्ट में गश्त बढ़ा दी है और आतंकी हमले को रोकने के लिए परिसर के चारों तरफ बहु - स्तरीय सुरक्षा व्यवस्था कर दी गई है ।,चारों,nummod,obl,तरफ,तरफ,,,no_decision,mapping_hypothesis,,Adhikaraṇa|Apādāna|Karaṇa,no,yes,yes,no
dev-s1507,1,श्रीनगर और जम्मू में भी सीआरपीएफ जवानों ने एयरपोर्ट में गश्त बढ़ा दी है और आतंकी हमले को रोकने के लिए परिसर के चारों तरफ बहु - स्तरीय सुरक्षा व्यवस्था कर दी गई है ।,परिसर,obl,nmod,के,के,,,mapping_hypothesis,no_decision,Adhikaraṇa|Apādāna|Karaṇa,,no,yes,yes,no
dev-s1511,1,विश्व हिंदू परिषद सुप्रीमो अशोक सिंघल ने कहा है कि दसवें गुरु गुरु गोबिंद सिंह के समय से सिखों का उदय एक अलग धार्मिक समुदाय के रूप में हुआ ।,उदय,compound,nsubj,,,,,no_decision,mapping_hypothesis,,Kartā,no,yes,yes,no
dev-s1511,1,विश्व हिंदू परिषद सुप्रीमो अशोक सिंघल ने कहा है कि दसवें गुरु गुरु गोबिंद सिंह के समय से सिखों का उदय एक अलग धार्मिक समुदाय के रूप में हुआ ।,समय,obl,case,से,,R4,,ambiguous,no_decision,Karaṇa|Apādāna,,no,no,no,no
dev-s1511,1,विश्व हिंदू परिषद सुप्रीमो अशोक सिंघल ने कहा है कि दसवें गुरु गुरु गोबिंद सिंह के समय से सिखों का उदय एक अलग धार्मिक समुदाय के रूप में हुआ ।,सिंह,nmod,obl,के,के,,,no_decision,mapping_hypothesis,,Adhikaraṇa|Apādāna|Karaṇa,no,yes,yes,no
dev-s1513,1,"राष्ट्रीय अल्पसंख्यक आयोग के अध्यक्ष तरलोचन सिंह को लिखे अपने एक बयान में सिंघल ने कहा है, गुरु गोबिंद सिंह के काल से ही सिखों का उदय एक अलग धार्मिक समुदाय के रूप में हुआ ।",उदय,compound,nsubj,,,,,no_decision,mapping_hypothesis,,Kartā,no,yes,yes,no
dev-s1514,1,उन्होंने कहा है कि यही वजह है कि यह अन्य भारतीय धर्मों की तरह विहिप सिख पंथ को भारी प्रशंसा और गर्व के साथ देखता है ।,विहिप,nmod,nsubj,,,,,no_decision,mapping_hypothesis,,Kartā,no,yes,yes,no
dev-s1514,1,उन्होंने कहा है कि यही वजह है कि यह अन्य भारतीय धर्मों की तरह विहिप सिख पंथ को भारी प्रशंसा और गर्व के साथ देखता है ।,सिख,nmod,compound,,,,,no_decision,no_decision,,,no,yes,yes,yes
dev-s1515,1,पंजाब अधिकार मंच की ओर से मिली एक शिकायत के मद्देनजर सिंह ने लिखकर सिंघल से इस मुद्दे पर 'पक्का बयान' चाहा था ।,सिंघल,obl,iobj,से,से,R4,,ambiguous,mapping_hypothesis,Karaṇa|Apādāna,Sampradāna,no,yes,no,no
dev-s1518,1,"सिंह ने कहा, हमें नहीं लगता कि सिखों को एक अलग धार्मिक समुदाय मानने में विहिप को कोई आपत्ति है ।",समुदाय,acl,obj,,,,,no_decision,mapping_hypothesis,,Karma,no,yes,yes,no
dev-s1518,1,"सिंह ने कहा, हमें नहीं लगता कि सिखों को एक अलग धार्मिक समुदाय मानने में विहिप को कोई आपत्ति है ।",है,nsubj,ccomp,,,,,mapping_hypothesis,no_decision,Kartā,,no,yes,yes,no
dev-s1519,1,तीन दिन पहले लंदन में हुए ताबड़तोड़ धमाकों से खौफजदा ब्रिटेन अभी उबर भी नहीं पाया है कि शनिवार रात बर्मिंघम शहर में हमले की धमकी के बाद ३० हजार लोगों को सुरक्षित जगहों पर ले जाना पड़ा ।,ले,advcl,obj,,,,,no_decision,mapping_hypothesis,,Karma,no,yes,yes,no
dev-s152,1,इसलिए भारत में रेलवे के सभी कार्यक्रम और योजनाएं तकरीबन पूरी तरह से सरकार से मिलने वाले बजट पर ही निर्भर हैं ।,तकरीबन,advmod,dep,,,,,no_decision,no_decision,,,no,yes,yes,yes
dev-s1521,1,"वहीं, मेट्रो और डबल डेकर बस पर हुए विस्फोटों में अलकायदा का हाथ सामने आने के बाद से मुस्लिमों के खिलाफ गुस्सा भड़क गया है ।",डेकर,compound,conj,,,,,no_decision,no_decision,,,no,yes,yes,yes
dev-s1521,1,"वहीं, मेट्रो और डबल डेकर बस पर हुए विस्फोटों में अलकायदा का हाथ सामने आने के बाद से मुस्लिमों के खिलाफ गुस्सा भड़क गया है ।",बस,conj,obl,,पर,,R3,no_decision,confirmed,,Adhikaraṇa,no,no,no,no
dev-s1521,1,"वहीं, मेट्रो और डबल डेकर बस पर हुए विस्फोटों में अलकायदा का हाथ सामने आने के बाद से मुस्लिमों के खिलाफ गुस्सा भड़क गया है ।",मेट्रो,obl,nmod,पर,,R3,,confirmed,no_decision,Adhikaraṇa,,no,no,no,no
dev-s1521,1,"वहीं, मेट्रो और डबल डेकर बस पर हुए विस्फोटों में अलकायदा का हाथ सामने आने के बाद से मुस्लिमों के खिलाफ गुस्सा भड़क गया है ।",सामने,obl,compound,,,,,mapping_hypothesis,no_decision,Adhikaraṇa|Apādāna|Karaṇa,,no,yes,yes,no
dev-s1521,1,"वहीं, मेट्रो और डबल डेकर बस पर हुए विस्फोटों में अलकायदा का हाथ सामने आने के बाद से मुस्लिमों के खिलाफ गुस्सा भड़क गया है ।",से,case,mark,,,,,no_decision,no_decision,,,no,yes,yes,yes
dev-s1522,1,ब्रिटेन के बाद न्यूजीलैंड में चार इस्लामिक केंद्रों में गुस्साए लोगों ने तोड़फोड़ की ।,गुस्साए,amod,acl,,,,,no_decision,no_decision,,,no,yes,yes,yes
dev-s1523,1,"पुलिस के मुताबिक ७ / ७ के हमले में मारे गए लोगों की आत्मा की शांति के लिए जब शनिवार को पूरे ब्रिटेन के चर्चों में प्रार्थना की जा रही थी, तभी बर्मिंघम के सिटी सेंटर पर हमले की धमकी मिली ।",७,compound,nummod,,,,,no_decision,no_decision,,,no,yes,yes,yes
dev-s1525,1,"लेकिन, बाद में बम रोधी दस्ते के बर्मिंघम के सिटी सेंटर के नजदीक एक बस में पाए गए चार संदिग्ध पैकेटों को निष्क्रिय करने पर पता चला कि ये बम नहीं थे ।",करने,advcl,obl,,,,,no_decision,mapping_hypothesis,,Adhikaraṇa|Apādāna|Karaṇa,no,yes,yes,no
dev-s1525,1,"लेकिन, बाद में बम रोधी दस्ते के बर्मिंघम के सिटी सेंटर के नजदीक एक बस में पाए गए चार संदिग्ध पैकेटों को निष्क्रिय करने पर पता चला कि ये बम नहीं थे ।",दस्ते,nsubj,nmod,के,के,,,mapping_hypothesis,no_decision,Kartā,,no,yes,yes,no
dev-s1525,1,"लेकिन, बाद में बम रोधी दस्ते के बर्मिंघम के सिटी सेंटर के नजदीक एक बस में पाए गए चार संदिग्ध पैकेटों को निष्क्रिय करने पर पता चला कि ये बम नहीं थे ।",ये,nsubj,det,,,,,mapping_hypothesis,no_decision,Kartā,,no,yes,yes,no
dev-s1525,1,"लेकिन, बाद में बम रोधी दस्ते के बर्मिंघम के सिटी सेंटर के नजदीक एक बस में पाए गए चार संदिग्ध पैकेटों को निष्क्रिय करने पर पता चला कि ये बम नहीं थे ।",रोधी,amod,compound,,,,,no_decision,no_decision,,,no,yes,yes,yes
dev-s1527,1,इसके चलते हजारों लोगों को एस्टोन विश्वविद्यालय के कैंपस में रात गुजारनी पड़ी ।,रात,compound,obj,,,,,no_decision,mapping_hypothesis,,Karma,no,yes,yes,no
dev-s1530,1,आखिरकार दस घंटे बाद चेतावनी वापस ले ली गई ।,आखिरकार,obl,advmod,,,,,mapping_hypothesis,no_decision,Adhikaraṇa|Apādāna|Karaṇa,,no,yes,yes,no
dev-s1531,1,गौरतलब है कि ७ जुलाई को मेट्रो रेल और बस में हुए विस्फोटों में ५० से ज्यादा लोग मारे गए थे और सात सौ से ज्यादा लोग घायल हो गए थे ।,घायल,xcomp,compound,,,,,no_decision,no_decision,,,no,yes,yes,yes
dev-s1532,1,हमलावरों के बारे में अब तक कुछ पता नहीं चल पाया है ।,पता,nsubj,compound,,,,,mapping_hypothesis,no_decision,Kartā,,no,yes,yes,no
dev-s1533,1,"लेकिन, एक पूर्व पुलिस कमिश्नर लॉर्ड स्टीवन ने कहा है कि हमले में शामिल आतंकी ब्रिटेन के हो सकते हैं ।",ब्रिटेन,nmod,obl,के,के,,,no_decision,mapping_hypothesis,,Adhikaraṇa|Apādāna|Karaṇa,no,yes,yes,no
dev-s1537,1,राष्ट्रीय अल्पसंख्यक आयोग के अध्यक्ष तरलोचन सिंह ने कहा कि गुरुद्वारे पर हमले की खबर से सिख समुदाय सकते में है क्योंकि दशकों से ब्रिटेन में समुदाय के लोग शांतिपूर्ण तरीके से रह रहे हैं ।,सिख,amod,compound,,,,,no_decision,no_decision,,,no,yes,yes,yes
dev-s1539,1,जिन्ना को सेक्यूलर बताने पर आडवाणी को राष्ट्रद्रोही बताने वाले विहिप नेता प्रवीण भाई तोगड़िया को निराशा हुई है ।,बताने,advcl,obl,,,,,no_decision,mapping_hypothesis,,Adhikaraṇa|Apādāna|Karaṇa,no,yes,yes,no
dev-s1539,1,जिन्ना को सेक्यूलर बताने पर आडवाणी को राष्ट्रद्रोही बताने वाले विहिप नेता प्रवीण भाई तोगड़िया को निराशा हुई है ।,राष्ट्रद्रोही,acl,compound,,,,,no_decision,no_decision,,,no,yes,yes,yes
dev-s1539,1,जिन्ना को सेक्यूलर बताने पर आडवाणी को राष्ट्रद्रोही बताने वाले विहिप नेता प्रवीण भाई तोगड़िया को निराशा हुई है ।,सेक्यूलर,acl,obj,,,,,no_decision,mapping_hypothesis,,Karma,no,yes,yes,no
dev-s154,1,बजट का प्रावधान केवल उन क्षेत्रों तक ही सीमित होना चाहिए जो कि वाणिज्यिक संस्थान प्रायोजित नहीं करना चाहता ।,जो,obj,nsubj,,,,,mapping_hypothesis,mapping_hypothesis,Karma,Kartā,no,yes,yes,yes
dev-s154,1,बजट का प्रावधान केवल उन क्षेत्रों तक ही सीमित होना चाहिए जो कि वाणिज्यिक संस्थान प्रायोजित नहीं करना चाहता ।,संस्थान,nsubj,obj,,,,,mapping_hypothesis,mapping_hypothesis,Kartā,Karma,no,yes,yes,yes
dev-s1540,2,विहिप नेता आचार्य गिरिराज किशोर और प्रवीण तोगड़िया ने आडवाणी के इस्तीफे की वापसी की आलोचना करते कहा कि आडवाणी की अध्यक्ष पद पर वापसी नहीं होनी चाहिए थी ।,वापसी,nsubj,compound,,,,,mapping_hypothesis,no_decision,Kartā,,no,yes,yes,no
dev-s1541,1,विहिप नेता तो पाकिस्तान की यात्रा के दौरान ही लाल कृष्ण आडवाणी द्वारा बाबरी मस्जिद विध्वंस पर खेद प्रकट करने और अखंड भारत की अवधारणा से पल्ला झाड़ने की आलोचना कर रहे थे ।,अखंड,amod,compound,,,,,no_decision,no_decision,,,no,yes,yes,yes
dev-s1541,1,विहिप नेता तो पाकिस्तान की यात्रा के दौरान ही लाल कृष्ण आडवाणी द्वारा बाबरी मस्जिद विध्वंस पर खेद प्रकट करने और अखंड भारत की अवधारणा से पल्ला झाड़ने की आलोचना कर रहे थे ।,मस्जिद,nmod,compound,,,,,no_decision,no_decision,,,no,yes,yes,yes
dev-s1542,1,पर मामला और गंभीर तब हुआ जब आडवाणी ने जिन्ना को सेक्यूलर नेता बताया ।,नेता,xcomp,acl,,,,,no_decision,no_decision,,,no,yes,yes,yes
dev-s1544,1,उनकी इस भाषा से संघ ने भी नाराजगी जताई ।,नाराजगी,compound,obj,,,,,no_decision,mapping_hypothesis,,Karma,no,yes,yes,no
dev-s1545,1,भाजपा और संघ में कोई भी जिन्ना को सेक्यूलर मानने को तैयार नहीं था पर आडवाणी को देशद्रोही कहा जाय इस पर कोई सहमत नहीं था ।,कोई,nsubj,det,,,,,mapping_hypothesis,no_decision,Kartā,,no,yes,yes,no
dev-s1545,2,भाजपा और संघ में कोई भी जिन्ना को सेक्यूलर मानने को तैयार नहीं था पर आडवाणी को देशद्रोही कहा जाय इस पर कोई सहमत नहीं था ।,कोई,nsubj,det,,,,,mapping_hypothesis,no_decision,Kartā,,no,yes,yes,no
dev-s1545,1,भाजपा और संघ में कोई भी जिन्ना को सेक्यूलर मानने को तैयार नहीं था पर आडवाणी को देशद्रोही कहा जाय इस पर कोई सहमत नहीं था ।,तैयार,compound,obj,,,,,no_decision,mapping_hypothesis,,Karma,no,yes,yes,no
dev-s1545,1,भाजपा और संघ में कोई भी जिन्ना को सेक्यूलर मानने को तैयार नहीं था पर आडवाणी को देशद्रोही कहा जाय इस पर कोई सहमत नहीं था ।,सेक्यूलर,acl,compound,,,,,no_decision,no_decision,,,no,yes,yes,yes
dev-s1548,1,इस प्रस्ताव में जिस तरह से भाजपा ने जिन्ना को हिंदू - मुस्लिम धर्म के आधार पर भारत पाकिस्तान विभाजन का जिम्मेदार ठहराया है उससे संघ की विचारधारा की जीत हुई है पर विहिप को निराशा ही हाथ लगी है ।,जिम्मेदार,acl,compound,,,,,no_decision,no_decision,,,no,yes,yes,yes
dev-s1548,1,इस प्रस्ताव में जिस तरह से भाजपा ने जिन्ना को हिंदू - मुस्लिम धर्म के आधार पर भारत पाकिस्तान विभाजन का जिम्मेदार ठहराया है उससे संघ की विचारधारा की जीत हुई है पर विहिप को निराशा ही हाथ लगी है ।,पाकिस्तान,compound,nmod,,,,,no_decision,no_decision,,,no,yes,yes,yes
dev-s1548,1,इस प्रस्ताव में जिस तरह से भाजपा ने जिन्ना को हिंदू - मुस्लिम धर्म के आधार पर भारत पाकिस्तान विभाजन का जिम्मेदार ठहराया है उससे संघ की विचारधारा की जीत हुई है पर विहिप को निराशा ही हाथ लगी है ।,भारत,compound,nmod,,,,,no_decision,no_decision,,,no,yes,yes,yes
dev-s1548,1,इस प्रस्ताव में जिस तरह से भाजपा ने जिन्ना को हिंदू - मुस्लिम धर्म के आधार पर भारत पाकिस्तान विभाजन का जिम्मेदार ठहराया है उससे संघ की विचारधारा की जीत हुई है पर विहिप को निराशा ही हाथ लगी है ।,विहिप,iobj,nsubj,को,को,R5,,ambiguous,mapping_hypothesis,Karma|Sampradāna,Kartā,no,yes,no,no
dev-s1549,1,विहिप नेता लगातार दबाव बनाए हुए थे कि आडवाणी का इस्तीफा वापस न हो और उनकी जगह कोई अन्य हिंदुत्व छवि वाला व्यक्ति भाजपा अध्यक्ष पद की कुर्सी संभाले ।,कोई,nmod,det,,,,,no_decision,no_decision,,,no,yes,yes,yes
dev-s1549,1,विहिप नेता लगातार दबाव बनाए हुए थे कि आडवाणी का इस्तीफा वापस न हो और उनकी जगह कोई अन्य हिंदुत्व छवि वाला व्यक्ति भाजपा अध्यक्ष पद की कुर्सी संभाले ।,वापस,xcomp,compound,,,,,no_decision,no_decision,,,no,yes,yes,yes
dev-s1549,1,विहिप नेता लगातार दबाव बनाए हुए थे कि आडवाणी का इस्तीफा वापस न हो और उनकी जगह कोई अन्य हिंदुत्व छवि वाला व्यक्ति भाजपा अध्यक्ष पद की कुर्सी संभाले ।,व्यक्ति,obl,nsubj,,,,,mapping_hypothesis,mapping_hypothesis,Adhikaraṇa|Apādāna|Karaṇa,Kartā,no,yes,yes,yes
dev-s155,1,खुफिया ब्यूरो के निदेशक पद की दौड़ में शामिल वरिष्ठ अधिकारी एन. सी. पाधी को सचिव (सुरक्षा) नियुक्त किया गया है ।,सचिव,nmod,acl,,,,,no_decision,no_decision,,,no,yes,yes,yes
dev-s155,1,खुफिया ब्यूरो के निदेशक पद की दौड़ में शामिल वरिष्ठ अधिकारी एन. सी. पाधी को सचिव (सुरक्षा) नियुक्त किया गया है ।,सुरक्षा,acl,nmod,,,,,no_decision,no_decision,,,no,yes,yes,yes
dev-s1550,1,बृहस्पतिवार को शाम पार्टी नेता मुरली मनोहर जोशी के जिन्ना मुद्दे पर आडवाणी के खिलाफ खुलकर सामने आने से विहिप नेताओं को आशा हुई थी कि शायद संघ के दबाव के चलते किसी नए चेहरे को भाजपा अध्यक्ष का पद सौंप दिया जाये ।,खुलकर,obl,advmod,,,,,mapping_hypothesis,no_decision,Adhikaraṇa|Apādāna|Karaṇa,,no,yes,yes,no
dev-s1550,1,बृहस्पतिवार को शाम पार्टी नेता मुरली मनोहर जोशी के जिन्ना मुद्दे पर आडवाणी के खिलाफ खुलकर सामने आने से विहिप नेताओं को आशा हुई थी कि शायद संघ के दबाव के चलते किसी नए चेहरे को भाजपा अध्यक्ष का पद सौंप दिया जाये ।,जोशी,nsubj,nmod,के,के,,,mapping_hypothesis,no_decision,Kartā,,no,yes,yes,no
dev-s1550,1,बृहस्पतिवार को शाम पार्टी नेता मुरली मनोहर जोशी के जिन्ना मुद्दे पर आडवाणी के खिलाफ खुलकर सामने आने से विहिप नेताओं को आशा हुई थी कि शायद संघ के दबाव के चलते किसी नए चेहरे को भाजपा अध्यक्ष का पद सौंप दिया जाये ।,सामने,obl,compound,,,,,mapping_hypothesis,no_decision,Adhikaraṇa|Apādāna|Karaṇa,,no,yes,yes,no
dev-s1550,1,बृहस्पतिवार को शाम पार्टी नेता मुरली मनोहर जोशी के जिन्ना मुद्दे पर आडवाणी के खिलाफ खुलकर सामने आने से विहिप नेताओं को आशा हुई थी कि शायद संघ के दबाव के चलते किसी नए चेहरे को भाजपा अध्यक्ष का पद सौंप दिया जाये ।,सौंप,nsubj,obj,,,,,mapping_hypothesis,mapping_hypothesis,Kartā,Karma,no,yes,yes,yes
dev-s1551,1,विहिप नेता गिरिराज किशोर ने कहा कि आडवाणी को अपने इस्तीफे को लेकर अडिग रहना चाहिए था ।,अडिग,xcomp,compound,,,,,no_decision,no_decision,,,no,yes,yes,yes
dev-s1552,1,उन्होंने कहा कि विहिप बाबरी विध्वंस और जिन्ना मुद्दे पर आडवाणी के विचारों से सहमत नहीं है ।,जिन्ना,nmod,conj,,,,,no_decision,no_decision,,,no,yes,yes,yes
dev-s1552,1,उन्होंने कहा कि विहिप बाबरी विध्वंस और जिन्ना मुद्दे पर आडवाणी के विचारों से सहमत नहीं है ।,बाबरी,nmod,compound,,,,,no_decision,no_decision,,,no,yes,yes,yes
dev-s1552,1,उन्होंने कहा कि विहिप बाबरी विध्वंस और जिन्ना मुद्दे पर आडवाणी के विचारों से सहमत नहीं है ।,मुद्दे,conj,nmod,पर,पर,,,no_decision,no_decision,,,no,yes,yes,yes
dev-s1555,1,बीएसएनएल बोर्ड की बैठक में कर्मियों के भत्तों में बढ़ोतरी का निर्णय किया गया ।,भत्तों,nmod,obl,में,में,,R2,no_decision,confirmed,,Adhikaraṇa,no,yes,no,no
dev-s1556,1,भत्ते व सुविधाएं एक जनवरी 2005 से प्रभावी मानी जाएंगी ।,प्रभावी,compound,xcomp,,,,,no_decision,no_decision,,,no,yes,yes,yes
dev-s1556,1,भत्ते व सुविधाएं एक जनवरी 2005 से प्रभावी मानी जाएंगी ।,भत्ते,nsubj:pass,obj,,,,,no_decision,mapping_hypothesis,,Karma,no,yes,yes,no
dev-s1558,1,एक जनवरी 2007 को इसे पुनः संशोधित किया जाएगा ।,पुनः,obl,advmod,,,,,mapping_hypothesis,no_decision,Adhikaraṇa|Apādāna|Karaṇa,,no,yes,yes,no
dev-s1559,3,बीएसएनएल सूत्रों ने बताया कि 14 फरवरी को दिल्ली में बीएसएनएल बोर्ड और बीएसएनएल यूनियन की संयुक्त बैठक हुई ।,बीएसएनएल,compound,nmod,,,,,no_decision,no_decision,,,no,yes,yes,yes
dev-s1559,1,बीएसएनएल सूत्रों ने बताया कि 14 फरवरी को दिल्ली में बीएसएनएल बोर्ड और बीएसएनएल यूनियन की संयुक्त बैठक हुई ।,बैठक,nsubj,compound,,,,,mapping_hypothesis,no_decision,Kartā,,no,yes,yes,no
dev-s156,1,मध्यप्रदेश कैडर से १९६८ बैच के आईपीएस अधिकारी पाधी खुफिया ब्यूरो (आईबी) प्रमुख पद के प्रबल दावेदारों में से एक थे ।,पाधी,nsubj,compound,,,,,mapping_hypothesis,no_decision,Kartā,,no,yes,yes,no
dev-s156,1,मध्यप्रदेश कैडर से १९६८ बैच के आईपीएस अधिकारी पाधी खुफिया ब्यूरो (आईबी) प्रमुख पद के प्रबल दावेदारों में से एक थे ।,प्रमुख,amod,compound,,,,,no_decision,no_decision,,,no,yes,yes,yes
dev-s1560,1,"कई घंटे तक चली बैठक के बाद ग्रुप सी व डी के कर्मचारियों के लिए कई महत्वपूर्ण निर्णय लिए गए, जो पूरे देश के लिए लागू किए गए हैं ।",ग्रुप,nmod,compound,,,,,no_decision,no_decision,,,no,yes,yes,yes
dev-s1560,1,"कई घंटे तक चली बैठक के बाद ग्रुप सी व डी के कर्मचारियों के लिए कई महत्वपूर्ण निर्णय लिए गए, जो पूरे देश के लिए लागू किए गए हैं ।",जो,obj,nsubj:pass,,,,,mapping_hypothesis,no_decision,Karma,,no,yes,yes,no
dev-s1561,1,कर्मचारियों का फूड भत्ता 250 रुपये प्रतिमाह किया गया है ।,रुपये,nmod,acl,,,,,no_decision,no_decision,,,no,yes,yes,yes
dev-s1563,1,कर्मचारी अब 300 रुपये प्रतिमाह परिवहन भत्ता पाएंगे ।,कर्मचारी,iobj,nsubj,,,,,mapping_hypothesis,mapping_hypothesis,Sampradāna,Kartā,no,yes,yes,yes
dev-s1563,1,कर्मचारी अब 300 रुपये प्रतिमाह परिवहन भत्ता पाएंगे ।,प्रतिमाह,obj,amod,,,,,mapping_hypothesis,no_decision,Karma,,no,yes,yes,no
dev-s1563,1,कर्मचारी अब 300 रुपये प्रतिमाह परिवहन भत्ता पाएंगे ।,भत्ता,acl,obj,,,,,no_decision,mapping_hypothesis,,Karma,no,yes,yes,no
dev-s1563,1,कर्मचारी अब 300 रुपये प्रतिमाह परिवहन भत्ता पाएंगे ।,रुपये,nmod,obl,,,,,no_decision,mapping_hypothesis,,Adhikaraṇa|Apādāna|Karaṇa,no,yes,yes,no
dev-s1564,1,यह भत्ता ए वन एवं ए क्लास शहर के लिए लागू होगा ।,एवं,cc,compound,,,,,no_decision,no_decision,,,no,yes,yes,yes
dev-s1564,1,यह भत्ता ए वन एवं ए क्लास शहर के लिए लागू होगा ।,क्लास,conj,nmod,,,,,no_decision,no_decision,,,no,yes,yes,yes
dev-s1564,1,यह भत्ता ए वन एवं ए क्लास शहर के लिए लागू होगा ।,वन,amod,compound,,,,,no_decision,no_decision,,,no,yes,yes,yes
dev-s1566,1,इसके अलावा अन्य शहर के लिए अब 225 रुपए प्रति महीने दिए जाएंगे जबकि पहले केवल 75 रुपये ही कर्मचारियों को मिलते थे ।,रुपये,obj,nsubj,,,,,mapping_hypothesis,mapping_hypothesis,Karma,Kartā,no,yes,yes,yes
dev-s1568,1,"कर्मचारियों को पहले 1,500 रुपये त्यौहार के लिए एडवांस मिलता था ।",एडवांस,acl,nsubj,,,,,no_decision,mapping_hypothesis,,Kartā,no,yes,yes,no
dev-s1568,1,"कर्मचारियों को पहले 1,500 रुपये त्यौहार के लिए एडवांस मिलता था ।",रुपये,obj,nmod,,,,,mapping_hypothesis,no_decision,Karma,,no,yes,yes,no
dev-s1569,1,"लेकिन, अब वे 5,000 रुपये ले सकते हैं जिसे कर्मचारियों द्वारा विभाग को दस आसान किश्तों में वापस लौटाना होगा ।",ले,amod,root,,,,,no_decision,no_decision,,,no,yes,yes,yes
dev-s1569,1,"लेकिन, अब वे 5,000 रुपये ले सकते हैं जिसे कर्मचारियों द्वारा विभाग को दस आसान किश्तों में वापस लौटाना होगा ।",लौटाना,root,acl:relcl,,,,,no_decision,no_decision,,,no,yes,yes,yes
dev-s1569,1,"लेकिन, अब वे 5,000 रुपये ले सकते हैं जिसे कर्मचारियों द्वारा विभाग को दस आसान किश्तों में वापस लौटाना होगा ।",विभाग,iobj,nsubj,को,को,R5,,ambiguous,mapping_hypothesis,Karma|Sampradāna,Kartā,no,yes,no,no
dev-s157,1,नियुक्तियों को लेकर मंत्रिमंडल समिति ने ३१ मई को सुधीर कुमार के रिटायर होने के बाद सचिव (सुरक्षा) पद पर पाधी की नियुक्ति को मंजूरी दे दी है ।,सचिव,compound,nmod,,,,,no_decision,no_decision,,,no,yes,yes,yes
dev-s1570,1,कर्मचारियों के लिए दिल खोलकर मेहरबान बीएसएनएल अब उनके वेतन का सौ गुना लोन मकान बनाने के लिए देगा ।,खोलकर,amod,advcl,,,,,no_decision,no_decision,,,no,yes,yes,yes
dev-s1571,1,जैसे किसी कर्मचारी का बेसिक वेतन दस हजार रुपये है तो उसे दस लाख तक का लोन मकान बनाने के लिए दिया जा सकता है ।,जैसे,mark,advmod,,,,,no_decision,no_decision,,,no,yes,yes,yes
dev-s1571,2,जैसे किसी कर्मचारी का बेसिक वेतन दस हजार रुपये है तो उसे दस लाख तक का लोन मकान बनाने के लिए दिया जा सकता है ।,दस,iobj,compound,,,,,mapping_hypothesis,no_decision,Sampradāna,,no,yes,yes,no
dev-s1571,1,जैसे किसी कर्मचारी का बेसिक वेतन दस हजार रुपये है तो उसे दस लाख तक का लोन मकान बनाने के लिए दिया जा सकता है ।,लोन,obj,compound,,,,,mapping_hypothesis,no_decision,Karma,,no,yes,yes,no
dev-s1572,1,यह लोन बीएसएनएल किसी भी राष्ट्रीयकृत बैंक से दिलाएगा और ब्याज बीएसएनएल रेट पर ही भुगतान करना होगा ।,ब्याज,obj,compound,,,,,mapping_hypothesis,no_decision,Karma,,no,yes,yes,no
dev-s1573,1,इसके अतिरिक्त पसर्नल लोन एक लाख रुपये तक कर दिया गया है ।,एक,obj,compound,,,,,mapping_hypothesis,no_decision,Karma,,no,yes,yes,no
dev-s1573,1,इसके अतिरिक्त पसर्नल लोन एक लाख रुपये तक कर दिया गया है ।,पसर्नल,amod,compound,,,,,no_decision,no_decision,,,no,yes,yes,yes
dev-s1573,1,इसके अतिरिक्त पसर्नल लोन एक लाख रुपये तक कर दिया गया है ।,रुपये,acl,obl,तक,तक,,,no_decision,mapping_hypothesis,,Adhikaraṇa|Apādāna|Karaṇa,no,yes,yes,no
dev-s1574,1,इंफाल में असम राइफल के कर्मी द्वारा मनोरमा देवी की तथाकथित हत्या के विरोध में अनेक महिलाओं द्वारा शुक्रवार को कर्फ्र्यू तोड़ने और जुलूस निकालने की कोशिश के दौरान हिंसा भड़कने से कई लोग घायल हो गए ।,कर्मी,nmod,nsubj,द्वारा,द्वारा,,,no_decision,mapping_hypothesis,,Kartā,no,yes,yes,no
dev-s1574,1,इंफाल में असम राइफल के कर्मी द्वारा मनोरमा देवी की तथाकथित हत्या के विरोध में अनेक महिलाओं द्वारा शुक्रवार को कर्फ्र्यू तोड़ने और जुलूस निकालने की कोशिश के दौरान हिंसा भड़कने से कई लोग घायल हो गए ।,मनोरमा,nmod,compound,,,,,no_decision,no_decision,,,no,yes,yes,yes
dev-s1574,1,इंफाल में असम राइफल के कर्मी द्वारा मनोरमा देवी की तथाकथित हत्या के विरोध में अनेक महिलाओं द्वारा शुक्रवार को कर्फ्र्यू तोड़ने और जुलूस निकालने की कोशिश के दौरान हिंसा भड़कने से कई लोग घायल हो गए ।,लोग,obj,nsubj,,,,,mapping_hypothesis,mapping_hypothesis,Karma,Kartā,no,yes,yes,yes
dev-s1574,1,इंफाल में असम राइफल के कर्मी द्वारा मनोरमा देवी की तथाकथित हत्या के विरोध में अनेक महिलाओं द्वारा शुक्रवार को कर्फ्र्यू तोड़ने और जुलूस निकालने की कोशिश के दौरान हिंसा भड़कने से कई लोग घायल हो गए ।,विरोध,case,obl,,में,,R2,no_decision,confirmed,,Adhikaraṇa,no,no,no,no
dev-s1574,1,इंफाल में असम राइफल के कर्मी द्वारा मनोरमा देवी की तथाकथित हत्या के विरोध में अनेक महिलाओं द्वारा शुक्रवार को कर्फ्र्यू तोड़ने और जुलूस निकालने की कोशिश के दौरान हिंसा भड़कने से कई लोग घायल हो गए ।,हत्या,obl,nmod,के,के,,,mapping_hypothesis,no_decision,Adhikaraṇa|Apādāna|Karaṇa,,no,yes,yes,no
dev-s1576,1,सरकारी सूत्रों ने कहा कि लोग 10 जुलाई को मनोरमा देवी की हत्या के विरोध में कर्फ्र्यू तोड़ कर जुलूस निकालने की कोशिश कर रहे थे ।,मनोरमा,nmod,compound,,,,,no_decision,no_decision,,,no,yes,yes,yes
dev-s1576,1,सरकारी सूत्रों ने कहा कि लोग 10 जुलाई को मनोरमा देवी की हत्या के विरोध में कर्फ्र्यू तोड़ कर जुलूस निकालने की कोशिश कर रहे थे ।,विरोध,case,obl,,में,,R2,no_decision,confirmed,,Adhikaraṇa,no,no,no,no
dev-s1576,1,सरकारी सूत्रों ने कहा कि लोग 10 जुलाई को मनोरमा देवी की हत्या के विरोध में कर्फ्र्यू तोड़ कर जुलूस निकालने की कोशिश कर रहे थे ।,हत्या,obl,nmod,के,के,,,mapping_hypothesis,no_decision,Adhikaraṇa|Apādāna|Karaṇa,,no,yes,yes,no
dev-s1579,1,पुलिस की इस कार्रवाई में छिंगमारोंग इलाके में दो महिलाएँ और कोंगबा इलाके में चार लोग गंभीर रूप से घायल हुए हैं ।,इलाके,nmod,obl,में,में,,R2,no_decision,confirmed,,Adhikaraṇa,no,yes,no,no
dev-s1579,2,पुलिस की इस कार्रवाई में छिंगमारोंग इलाके में दो महिलाएँ और कोंगबा इलाके में चार लोग गंभीर रूप से घायल हुए हैं ।,इलाके,nmod,conj,में,,,,no_decision,no_decision,,,no,no,yes,yes
dev-s1579,1,पुलिस की इस कार्रवाई में छिंगमारोंग इलाके में दो महिलाएँ और कोंगबा इलाके में चार लोग गंभीर रूप से घायल हुए हैं ।,महिलाएँ,obj,nsubj,,में,,,mapping_hypothesis,mapping_hypothesis,Karma,Kartā,no,no,yes,yes
dev-s1579,1,पुलिस की इस कार्रवाई में छिंगमारोंग इलाके में दो महिलाएँ और कोंगबा इलाके में चार लोग गंभीर रूप से घायल हुए हैं ।,लोग,conj,nsubj,,,,,no_decision,mapping_hypothesis,,Kartā,no,yes,yes,no
dev-s1580,1,अधिकारिक सूत्रों के मुताबिक अज्ञात लोगों ने कर्फ्र्यू के नियमों का उल्लंघन कर बृहस्पतिवार रात तीन सरकारी कार्यालयों में आग लगा दी ।,आग,obj,compound,,,,,mapping_hypothesis,no_decision,Karma,,no,yes,yes,no
dev-s1581,1,राज्यसभा के पूर्व सदस्य और कांग्रेस नेता संजय निरुपम ने राजग सरकार द्वारा आईटीडीसी के 18 होटलों का निजीकरण करने के मामले की जाँच कराने के लिए प्रधानमंत्री मनमोहन सिंह को लिखा है ।,निरुपम,conj,nsubj,ने,ने,,R1,no_decision,confirmed,,Kartā,no,yes,no,no
dev-s1581,1,राज्यसभा के पूर्व सदस्य और कांग्रेस नेता संजय निरुपम ने राजग सरकार द्वारा आईटीडीसी के 18 होटलों का निजीकरण करने के मामले की जाँच कराने के लिए प्रधानमंत्री मनमोहन सिंह को लिखा है ।,नेता,nmod,conj,,,,,no_decision,no_decision,,,no,yes,yes,yes
dev-s1581,1,राज्यसभा के पूर्व सदस्य और कांग्रेस नेता संजय निरुपम ने राजग सरकार द्वारा आईटीडीसी के 18 होटलों का निजीकरण करने के मामले की जाँच कराने के लिए प्रधानमंत्री मनमोहन सिंह को लिखा है ।,सदस्य,nsubj,nmod,,,,,mapping_hypothesis,no_decision,Kartā,,no,yes,yes,no
dev-s1581,1,राज्यसभा के पूर्व सदस्य और कांग्रेस नेता संजय निरुपम ने राजग सरकार द्वारा आईटीडीसी के 18 होटलों का निजीकरण करने के मामले की जाँच कराने के लिए प्रधानमंत्री मनमोहन सिंह को लिखा है ।,सरकार,obl,nsubj,द्वारा,द्वारा,,,mapping_hypothesis,mapping_hypothesis,Adhikaraṇa|Apādāna|Karaṇa,Kartā,no,yes,yes,yes
dev-s1581,1,राज्यसभा के पूर्व सदस्य और कांग्रेस नेता संजय निरुपम ने राजग सरकार द्वारा आईटीडीसी के 18 होटलों का निजीकरण करने के मामले की जाँच कराने के लिए प्रधानमंत्री मनमोहन सिंह को लिखा है ।,सिंह,obj,iobj,को,को,R5,R5,ambiguous,ambiguous,Karma|Sampradāna,Karma|Sampradāna,no,yes,yes,yes
dev-s1584,1,प्रधानमंत्री को लिखे पत्र में निरुपम ने कहा है कि आईटीडीसी की परिसंपत्तियों की कीमत काफी कम आँकी गई ।,कम,obl,acl,,,,,mapping_hypothesis,no_decision,Adhikaraṇa|Apādāna|Karaṇa,,no,yes,yes,no
dev-s1585,1,उन्होंने केंद्रीय सतर्कता आयुक्त (सीवीसी) से मामले की जाँच कराने की माँग की है ।,आयुक्त,iobj,obj,,,,,mapping_hypothesis,mapping_hypothesis,Sampradāna,Karma,no,yes,yes,yes
dev-s1586,1,हाल ही में शिवसेना छोड़कर कांग्रेस में शामिल संजय ने अपने इस पत्र की एक प्रति यूपीए अध्यक्ष सोनिया गाँधी को भी भेजी है ।,शिवसेना,obl,obj,,,,,mapping_hypothesis,mapping_hypothesis,Adhikaraṇa|Apādāna|Karaṇa,Karma,no,yes,yes,yes
dev-s1587,1,"उन्होंने कहा, आईटीडीसी के ये 18 होटल सिर्फ करीब 300 करोड़ रुपये की क़ीमत में ही बेच दिए गए, जबकि मुंबई में होटल कॉरपोरेशन ऑफ इंडिया की दो परिसंपत्तियों की क़ीमत 230 करोड़ बताई जाती है ।",230,obj,compound,,,,,mapping_hypothesis,no_decision,Karma,,no,yes,yes,no
dev-s1588,1,बाद में इसकी एकल निविदा आयोजित की गई ताकि भाजपा सांसदों और भाजपा से करीबी रहने वाले लोगों को इन्हें खरीदने में आसानी हो ।,आसानी,obj,compound,,,,,mapping_hypothesis,no_decision,Karma,,no,yes,yes,no
dev-s1588,2,बाद में इसकी एकल निविदा आयोजित की गई ताकि भाजपा सांसदों और भाजपा से करीबी रहने वाले लोगों को इन्हें खरीदने में आसानी हो ।,भाजपा,obl,conj,से,,R4,,ambiguous,no_decision,Karaṇa|Apādāna,,no,no,no,no
dev-s1588,1,बाद में इसकी एकल निविदा आयोजित की गई ताकि भाजपा सांसदों और भाजपा से करीबी रहने वाले लोगों को इन्हें खरीदने में आसानी हो ।,रहने,conj,amod,,,,,no_decision,no_decision,,,no,yes,yes,yes
dev-s1588,1,बाद में इसकी एकल निविदा आयोजित की गई ताकि भाजपा सांसदों और भाजपा से करीबी रहने वाले लोगों को इन्हें खरीदने में आसानी हो ।,लोगों,iobj,nsubj,को,को,R5,,ambiguous,mapping_hypothesis,Karma|Sampradāna,Kartā,no,yes,no,no
dev-s1588,1,बाद में इसकी एकल निविदा आयोजित की गई ताकि भाजपा सांसदों और भाजपा से करीबी रहने वाले लोगों को इन्हें खरीदने में आसानी हो ।,सांसदों,nmod,obl,,से,,R4,no_decision,ambiguous,,Karaṇa|Apādāna,no,no,no,no
dev-s1589,1,"निरुपम ने आईटीडीसी की परिसंपत्तियों के मूल्याँकन के लिए एजेंसी के चयन की पूरी प्रक्रिया, आरक्षित मूल्य तय करने की शर्त और एक पार्टी को निविदा के लिए इजाज़त देने की सीवीसी से जाँच कराने की माँग की है ।",इजाज़त,obj,compound,,,,,mapping_hypothesis,no_decision,Karma,,no,yes,yes,no
dev-s1589,1,"निरुपम ने आईटीडीसी की परिसंपत्तियों के मूल्याँकन के लिए एजेंसी के चयन की पूरी प्रक्रिया, आरक्षित मूल्य तय करने की शर्त और एक पार्टी को निविदा के लिए इजाज़त देने की सीवीसी से जाँच कराने की माँग की है ।",देने,conj,nmod,,,,,no_decision,no_decision,,,no,yes,yes,yes
dev-s1589,1,"निरुपम ने आईटीडीसी की परिसंपत्तियों के मूल्याँकन के लिए एजेंसी के चयन की पूरी प्रक्रिया, आरक्षित मूल्य तय करने की शर्त और एक पार्टी को निविदा के लिए इजाज़त देने की सीवीसी से जाँच कराने की माँग की है ।",सीवीसी,obj,obl,से,से,,R4,mapping_hypothesis,ambiguous,Karma,Karaṇa|Apādāna,no,yes,no,no
dev-s159,1,सरकार के इस फैसले से बिहार से १९७० बैच के आईपीएस अधिकारी पी. सी. हलधर खुफिया ब्यूरो के अगले निदेशक के प्रबल दावेदार हो गए हैं ।,दावेदार,compound,xcomp,,,,,no_decision,no_decision,,,no,yes,yes,yes
dev-s1590,1,"12 मई को लिखे अपने इस पत्र में उन्होंने कहा है, एचसीआई के स्वामित्व वाले सेंटॉर होटल पर महानियंत्रक और लेखा परीक्षक की रिपोर्ट ने सार्वजनिक जीवन में शुचिता के मेरे पुराने रुख की पुष्टि की है ।",जीवन,nmod,obl,में,में,,R2,no_decision,confirmed,,Adhikaraṇa,no,yes,no,no
dev-s1590,1,"12 मई को लिखे अपने इस पत्र में उन्होंने कहा है, एचसीआई के स्वामित्व वाले सेंटॉर होटल पर महानियंत्रक और लेखा परीक्षक की रिपोर्ट ने सार्वजनिक जीवन में शुचिता के मेरे पुराने रुख की पुष्टि की है ।",होटल,nmod,obl,पर,पर,,R3,no_decision,confirmed,,Adhikaraṇa,no,yes,no,no
dev-s1591,1,कैग रिपोर्ट में दो सेंटॉर होटलों की बिक्री में अनियमितता की बात कही गई थी ।,बिक्री,nmod,obl,में,में,,R2,no_decision,confirmed,,Adhikaraṇa,no,yes,no,no
dev-s1591,1,कैग रिपोर्ट में दो सेंटॉर होटलों की बिक्री में अनियमितता की बात कही गई थी ।,सेंटॉर,nmod,compound,,,,,no_decision,no_decision,,,no,yes,yes,yes
dev-s1593,1,"वरिष्ठ माकपा नेता ज्योति बसु ने बिहार में होने वाले विधानसभा के चुनावों में माकपा, फारवर्ड ब्लॉक व आरएसपी द्वारा लोक - जनशक्ति पार्टी के साथ मिलकर चुनाव लड़ने का फैसला करने पर अफसोस जताया ।",अफसोस,obj,compound,,,,,mapping_hypothesis,no_decision,Karma,,no,yes,yes,no
dev-s1593,2,"वरिष्ठ माकपा नेता ज्योति बसु ने बिहार में होने वाले विधानसभा के चुनावों में माकपा, फारवर्ड ब्लॉक व आरएसपी द्वारा लोक - जनशक्ति पार्टी के साथ मिलकर चुनाव लड़ने का फैसला करने पर अफसोस जताया ।",माकपा,nsubj,obl,,,,,mapping_hypothesis,mapping_hypothesis,Kartā,Adhikaraṇa|Apādāna|Karaṇa,no,yes,yes,yes
dev-s1593,1,"वरिष्ठ माकपा नेता ज्योति बसु ने बिहार में होने वाले विधानसभा के चुनावों में माकपा, फारवर्ड ब्लॉक व आरएसपी द्वारा लोक - जनशक्ति पार्टी के साथ मिलकर चुनाव लड़ने का फैसला करने पर अफसोस जताया ।",होने,acl,amod,,,,,no_decision,no_decision,,,no,yes,yes,yes
dev-s1594,1,"उन्होंने कहा कि इससे वाम मतों का विभाजन होगा, जिसका फायदा भाजपा के नेतृत्व वाले राजग को मिलेगा ।",फायदा,obj,nsubj,,,,,mapping_hypothesis,mapping_hypothesis,Karma,Kartā,no,yes,yes,yes
dev-s1594,1,"उन्होंने कहा कि इससे वाम मतों का विभाजन होगा, जिसका फायदा भाजपा के नेतृत्व वाले राजग को मिलेगा ।",विभाजन,obj,compound,,,,,mapping_hypothesis,no_decision,Karma,,no,yes,yes,no
dev-s1595,1,बसु ने कहा कि बिहार विधानसभा चुनाव में वाम मतों को एकजुट रखना मुश्किल हो गया है ।,एकजुट,obl,compound,,,,,mapping_hypothesis,no_decision,Adhikaraṇa|Apādāna|Karaṇa,,no,yes,yes,no
dev-s1595,1,बसु ने कहा कि बिहार विधानसभा चुनाव में वाम मतों को एकजुट रखना मुश्किल हो गया है ।,बिहार,compound,nmod,,,,,no_decision,no_decision,,,no,yes,yes,yes
dev-s1595,1,बसु ने कहा कि बिहार विधानसभा चुनाव में वाम मतों को एकजुट रखना मुश्किल हो गया है ।,रखना,obj,nsubj,,,,,mapping_hypothesis,mapping_hypothesis,Karma,Kartā,no,yes,yes,yes
dev-s1595,1,बसु ने कहा कि बिहार विधानसभा चुनाव में वाम मतों को एकजुट रखना मुश्किल हो गया है ।,विधानसभा,nmod,compound,,,,,no_decision,no_decision,,,no,yes,yes,yes
dev-s1596,2,"यह पूछे जाने पर कि क्या वे वाम मतों के विभाजन को रोकने के लिए कोई पहल करेंगे, उन्होंने कहा कि मैं क्या कर सकता हूँ ।",क्या,obj,obl,,,,,mapping_hypothesis,mapping_hypothesis,Karma,Adhikaraṇa|Apādāna|Karaṇa,no,yes,yes,yes
dev-s1599,1,एक अन्य सवाल के जवाब में उन्होंने कहा कि वाम मतों में विभाजन का लाभ एनडीए को मिलेगा ।,लाभ,obj,nsubj,,,,,mapping_hypothesis,mapping_hypothesis,Karma,Kartā,no,yes,yes,yes
dev-s1600,1,उन्होंने कहा कि लालू प्रसाद यादव की राजद के नेतृत्व वाले कांग्रेस व एनसीपी गठबंधन को माकपा समर्थन दे रही है ।,एनसीपी,conj,nmod,,,,,no_decision,no_decision,,,no,yes,yes,yes
dev-s1600,1,उन्होंने कहा कि लालू प्रसाद यादव की राजद के नेतृत्व वाले कांग्रेस व एनसीपी गठबंधन को माकपा समर्थन दे रही है ।,कांग्रेस,nmod,nsubj,,,,,no_decision,mapping_hypothesis,,Kartā,no,yes,yes,no
dev-s1600,1,उन्होंने कहा कि लालू प्रसाद यादव की राजद के नेतृत्व वाले कांग्रेस व एनसीपी गठबंधन को माकपा समर्थन दे रही है ।,गठबंधन,iobj,conj,को,को,R5,,ambiguous,no_decision,Karma|Sampradāna,,no,yes,no,no
dev-s1600,1,उन्होंने कहा कि लालू प्रसाद यादव की राजद के नेतृत्व वाले कांग्रेस व एनसीपी गठबंधन को माकपा समर्थन दे रही है ।,समर्थन,obj,compound,,,,,mapping_hypothesis,no_decision,Karma,,no,yes,yes,no
dev-s1602,1,"वामदलों के नेताओं के साथ बातचीत के बाद माकपा के महासचिव प्रकाश करात ने कहा था कि बिहार में चुनाव को लेकर वामदलों में मतभेद हैं, लेकिन हमारा मानना है कि धर्मनिरपेक्ष मतों का विभाजन नहीं होना चाहिए ।",नेताओं,nmod,obl,के,के,,,no_decision,mapping_hypothesis,,Adhikaraṇa|Apādāna|Karaṇa,no,yes,yes,no
dev-s1602,1,"वामदलों के नेताओं के साथ बातचीत के बाद माकपा के महासचिव प्रकाश करात ने कहा था कि बिहार में चुनाव को लेकर वामदलों में मतभेद हैं, लेकिन हमारा मानना है कि धर्मनिरपेक्ष मतों का विभाजन नहीं होना चाहिए ।",बिहार,nmod,obl,में,में,,R2,no_decision,confirmed,,Adhikaraṇa,no,yes,no,no
dev-s1602,1,"वामदलों के नेताओं के साथ बातचीत के बाद माकपा के महासचिव प्रकाश करात ने कहा था कि बिहार में चुनाव को लेकर वामदलों में मतभेद हैं, लेकिन हमारा मानना है कि धर्मनिरपेक्ष मतों का विभाजन नहीं होना चाहिए ।",विभाजन,obj,compound,,,,,mapping_hypothesis,no_decision,Karma,,no,yes,yes,no
dev-s1602,1,"वामदलों के नेताओं के साथ बातचीत के बाद माकपा के महासचिव प्रकाश करात ने कहा था कि बिहार में चुनाव को लेकर वामदलों में मतभेद हैं, लेकिन हमारा मानना है कि धर्मनिरपेक्ष मतों का विभाजन नहीं होना चाहिए ।",हमारा,obl,nsubj,,,,,mapping_hypothesis,mapping_hypothesis,Adhikaraṇa|Apādāna|Karaṇa,Kartā,no,yes,yes,yes
dev-s1603,1,जेल में बंद विवादास्पद राजद सांसद सैयद शहाबुद्दीन को एक और झटका लगा है ।,झटका,nsubj,compound,,,,,mapping_hypothesis,no_decision,Kartā,,no,yes,yes,no
dev-s1603,1,जेल में बंद विवादास्पद राजद सांसद सैयद शहाबुद्दीन को एक और झटका लगा है ।,राजद,nmod,compound,,,,,no_decision,no_decision,,,no,yes,yes,yes
dev-s1603,1,जेल में बंद विवादास्पद राजद सांसद सैयद शहाबुद्दीन को एक और झटका लगा है ।,शहाबुद्दीन,iobj,nsubj,को,को,R5,,ambiguous,mapping_hypothesis,Karma|Sampradāna,Kartā,no,yes,no,no
dev-s1606,1,पिछले वर्ष सीवान के तत्कालीन जिला अधिकारी सी. के. अनिल ने शहाबुद्दीन की आपराधिक पृष्ठभूमि और उन्हें लाइसेंस जारी किए जाने में बरती गईं अनियमितताओं के मद्देनज़र उनके शस्र लाइसेंस निरस्त किए थे ।,अनियमितताओं,conj,obl,के,के,,,no_decision,mapping_hypothesis,,Adhikaraṇa|Apādāna|Karaṇa,no,yes,yes,no
dev-s1608,1,खास बात यह है कि अदालत का यह फैसला सीवान के सत्र न्यायाधीश आर. एस. राय द्वारा एक अन्य मामले में शहाबुद्दीन की जमानत अर्जी खारिज किए जाने के एक दिन बाद आया है ।,न्यायाधीश,nmod,compound,,,,,no_decision,no_decision,,,no,yes,yes,yes
dev-s1609,1,इस मामले में शहाबुद्दीन पर वर्ष 2004 के लोकसभा चुनाव के नामांकन के दौरान अपने खिलाफ लंबित आपराधिक मामलों के बारे में गलत हलफनामा दाखिल करने के आरोप हैं ।,नामांकन,nmod,obl,के,के,,,no_decision,mapping_hypothesis,,Adhikaraṇa|Apādāna|Karaṇa,no,yes,yes,no
dev-s1609,1,इस मामले में शहाबुद्दीन पर वर्ष 2004 के लोकसभा चुनाव के नामांकन के दौरान अपने खिलाफ लंबित आपराधिक मामलों के बारे में गलत हलफनामा दाखिल करने के आरोप हैं ।,मामलों,nmod,obl,के,के,,,no_decision,mapping_hypothesis,,Adhikaraṇa|Apādāna|Karaṇa,no,yes,yes,no
dev-s1611,1,इस वक्त वह भागलपुर जेल में है ।,भागलपुर,nmod,compound,,,,,no_decision,no_decision,,,no,yes,yes,yes
dev-s1612,1,भारत जल्द ही विदेशों में काम कर रहे भारतीय नागरिकों को पेश आ रही आव्रजन संबंधी समस्याओं और स्वदेश में वापसी की निवेश योजनाओं में सहयोग के लिए पाँच देशों में विशेष कार्यालय खोलेगा ।,नागरिकों,nsubj,iobj,को,को,,R5,mapping_hypothesis,ambiguous,Kartā,Karma|Sampradāna,no,yes,no,no
dev-s1612,1,भारत जल्द ही विदेशों में काम कर रहे भारतीय नागरिकों को पेश आ रही आव्रजन संबंधी समस्याओं और स्वदेश में वापसी की निवेश योजनाओं में सहयोग के लिए पाँच देशों में विशेष कार्यालय खोलेगा ।,योजनाओं,nmod,conj,में,में,,,no_decision,no_decision,,,no,yes,yes,yes
dev-s1612,1,भारत जल्द ही विदेशों में काम कर रहे भारतीय नागरिकों को पेश आ रही आव्रजन संबंधी समस्याओं और स्वदेश में वापसी की निवेश योजनाओं में सहयोग के लिए पाँच देशों में विशेष कार्यालय खोलेगा ।,सहयोग,conj,obl,,के,,,no_decision,mapping_hypothesis,,Adhikaraṇa|Apādāna|Karaṇa,no,no,yes,no
dev-s1614,1,"प्रवासी भारतीय मामलों के मंत्री वायलार रवि ने संवाददाताओं को बताया कि पश्चिम एशिया, यूरोप, अमेरिका और दक्षिण पूर्व एशिया में खोले जाने वाले ये विशेष कार्यालय 'प्रवासी कल्याण केंद्र' कहलाएँगे ।",केंद्र,xcomp,obj,,,,,no_decision,mapping_hypothesis,,Karma,no,yes,yes,no
dev-s1614,1,"प्रवासी भारतीय मामलों के मंत्री वायलार रवि ने संवाददाताओं को बताया कि पश्चिम एशिया, यूरोप, अमेरिका और दक्षिण पूर्व एशिया में खोले जाने वाले ये विशेष कार्यालय 'प्रवासी कल्याण केंद्र' कहलाएँगे ।",भारतीय,amod,compound,,,,,no_decision,no_decision,,,no,yes,yes,yes
dev-s162,1,"राष्ट्रपति, प्रधानमंत्री व मुख्य न्यायाधीश को इससे बाहर रखा जाएगा ।",बाहर,compound,case,,,,,no_decision,no_decision,,,no,yes,yes,yes
dev-s1620,1,इस विधेयक के मसौदे को केंद्रीय मंत्रिमंडल ने बुधवार को ही मंजूरी दी है ।,केंद्रीय,compound,amod,,,,,no_decision,no_decision,,,no,yes,yes,yes
dev-s1621,1,"कानून में संशोधन के जरिए विदेशों में रोज़गार, शिक्षा या अन्य कारणों से रह रहे भारतीय नागरिकों को भारत स्थित अपने वास्तविक निवास के आधार पर मतदाता सूची में अपना नाम डलवाने और मताधिकार प्रयोग का अधिकार होगा ।",अधिकार,nsubj,compound,,,,,mapping_hypothesis,no_decision,Kartā,,no,yes,yes,no
dev-s1621,1,"कानून में संशोधन के जरिए विदेशों में रोज़गार, शिक्षा या अन्य कारणों से रह रहे भारतीय नागरिकों को भारत स्थित अपने वास्तविक निवास के आधार पर मतदाता सूची में अपना नाम डलवाने और मताधिकार प्रयोग का अधिकार होगा ।",का,mark,case,,,,,no_decision,no_decision,,,no,yes,yes,yes
dev-s1621,1,"कानून में संशोधन के जरिए विदेशों में रोज़गार, शिक्षा या अन्य कारणों से रह रहे भारतीय नागरिकों को भारत स्थित अपने वास्तविक निवास के आधार पर मतदाता सूची में अपना नाम डलवाने और मताधिकार प्रयोग का अधिकार होगा ।",नागरिकों,obj,nsubj,को,को,R5,,ambiguous,mapping_hypothesis,Karma|Sampradāna,Kartā,no,yes,no,no
dev-s1621,1,"कानून में संशोधन के जरिए विदेशों में रोज़गार, शिक्षा या अन्य कारणों से रह रहे भारतीय नागरिकों को भारत स्थित अपने वास्तविक निवास के आधार पर मतदाता सूची में अपना नाम डलवाने और मताधिकार प्रयोग का अधिकार होगा ।",नाम,compound,obj,,,,,no_decision,mapping_hypothesis,,Karma,no,yes,yes,no
dev-s1621,1,"कानून में संशोधन के जरिए विदेशों में रोज़गार, शिक्षा या अन्य कारणों से रह रहे भारतीय नागरिकों को भारत स्थित अपने वास्तविक निवास के आधार पर मतदाता सूची में अपना नाम डलवाने और मताधिकार प्रयोग का अधिकार होगा ।",प्रयोग,conj,nmod,,का,,,no_decision,no_decision,,,no,no,yes,yes
dev-s1621,1,"कानून में संशोधन के जरिए विदेशों में रोज़गार, शिक्षा या अन्य कारणों से रह रहे भारतीय नागरिकों को भारत स्थित अपने वास्तविक निवास के आधार पर मतदाता सूची में अपना नाम डलवाने और मताधिकार प्रयोग का अधिकार होगा ।",मताधिकार,nmod,compound,,,,,no_decision,no_decision,,,no,yes,yes,yes
dev-s1623,1,पिछले 12 सालों के दौरान ओजोन परत को नुकसान पहुँचाने वाले 11 हजार टन उत्पादों तथा क्षीर्ण करने वाले 12 हजार टन तत्वों को खत्म किया गया ।,तत्वों,conj,obj,को,को,,R5,no_decision,ambiguous,,Karma|Sampradāna,no,yes,no,no
dev-s1625,1,इस अवसर पर उन्होंने वनों एवं परती भूमि के विकास के लिए 21 लोगों और संस्थाओं को इंदिरा प्रियदर्शिनी वृक्ष मित्र पुरस्कार भी प्रदान किए ।,परती,amod,conj,,,,,no_decision,no_decision,,,no,yes,yes,yes
dev-s1625,1,इस अवसर पर उन्होंने वनों एवं परती भूमि के विकास के लिए 21 लोगों और संस्थाओं को इंदिरा प्रियदर्शिनी वृक्ष मित्र पुरस्कार भी प्रदान किए ।,भूमि,conj,nmod,के,के,,,no_decision,no_decision,,,no,yes,yes,yes
dev-s1626,1,ओजोन परत के संरक्षण के लिए 11वां अन्तर्राष्ट्रीय दिवस मनाया गया ।,11वां,amod,compound,,,,,no_decision,no_decision,,,no,yes,yes,yes
dev-s1626,1,ओजोन परत के संरक्षण के लिए 11वां अन्तर्राष्ट्रीय दिवस मनाया गया ।,अन्तर्राष्ट्रीय,amod,compound,,,,,no_decision,no_decision,,,no,yes,yes,yes
dev-s1626,1,ओजोन परत के संरक्षण के लिए 11वां अन्तर्राष्ट्रीय दिवस मनाया गया ।,ओजोन,compound,nmod,,,,,no_decision,no_decision,,,no,yes,yes,yes
dev-s1629,1,पुरस्कार स्वरूप एक लाख रुपये नक़द और प्रशस्ति पत्र प्रदान किये गये ।,एक,compound,nmod,,,,,no_decision,no_decision,,,no,yes,yes,yes
dev-s1629,1,पुरस्कार स्वरूप एक लाख रुपये नक़द और प्रशस्ति पत्र प्रदान किये गये ।,पुरस्कार,obl,nmod,स्वरूप,,,,mapping_hypothesis,no_decision,Adhikaraṇa|Apādāna|Karaṇa,,no,no,yes,no
dev-s1629,1,पुरस्कार स्वरूप एक लाख रुपये नक़द और प्रशस्ति पत्र प्रदान किये गये ।,स्वरूप,case,obj,,,,,no_decision,mapping_hypothesis,,Karma,no,yes,yes,no
dev-s163,1,जनशिकायतों की सुनवाई को नए लोकपाल विधेयक में सबसे ज्यादा तरजीह दी जाएगी ।,तरजीह,acl,compound,,,,,no_decision,no_decision,,,no,yes,yes,yes
dev-s163,1,जनशिकायतों की सुनवाई को नए लोकपाल विधेयक में सबसे ज्यादा तरजीह दी जाएगी ।,सुनवाई,obj,iobj,को,को,R5,R5,ambiguous,ambiguous,Karma|Sampradāna,Karma|Sampradāna,no,yes,yes,yes
dev-s1631,1,टीआरएफआई जबलपुर के डॉ. जमालुद्दीन और के. एस. राव को विशिष्ट वैज्ञानिक पुरस्कार दिया गया ।,पुरस्कार,compound,obj,,,,,no_decision,mapping_hypothesis,,Karma,no,yes,yes,no
dev-s1633,1,यूपीए सरकार की महत्वाकांक्षी योजना भारत निर्माण को औपचारिक रूप से लाँच करते हुए प्रधानमंत्री डॉ. मनमोहन सिंह ने इसे ग्रामीण विकास की समयबद्ध योजना करार दिया ।,भारत,compound,nmod,,,,,no_decision,no_decision,,,no,yes,yes,yes
dev-s1633,1,यूपीए सरकार की महत्वाकांक्षी योजना भारत निर्माण को औपचारिक रूप से लाँच करते हुए प्रधानमंत्री डॉ. मनमोहन सिंह ने इसे ग्रामीण विकास की समयबद्ध योजना करार दिया ।,यूपीए,compound,nmod,,,,,no_decision,no_decision,,,no,yes,yes,yes
dev-s1635,1,अगर किसानों को लगातार बिजली मिले तो वे इसकी क़ीमत चुकाने को तैयार होंगे ।,किसानों,nsubj,iobj,को,को,,R5,mapping_hypothesis,ambiguous,Kartā,Karma|Sampradāna,no,yes,no,no
dev-s1636,1,"इसी सिलसिले में उद्योग चैंबर सीआईआई की ओर से आयोजित सम्मेलन में मनमोहन सिंह ने कहा कि ग्रामीण व शहरी भारत के बीच अंतर लगातार बढ़ता जा रहा है, जो देश की सामाजिक व आर्थिक स्थिरता के लिए एक बड़ा खतरा है ।",चैंबर,nmod,compound,,,,,no_decision,no_decision,,,no,yes,yes,yes
dev-s1637,2,इस अंतर को पाटने की जरूरत है और भारत निर्माण कार्यक्रम भारत व इंडिया के बीच के अंतर को कम करने में मददगार होगा ।,भारत,obl,nmod,के,के,,,mapping_hypothesis,no_decision,Adhikaraṇa|Apādāna|Karaṇa,,no,yes,yes,no
dev-s1640,1,इसी वजह से भारत निर्माण कार्यक्रम के तहत एक करोड़ अतिरिक्त भूमि को सिंचित क्षेत्र बनाने का लक्ष्य रखा गया है ।,क्षेत्र,acl,obj,,,,,no_decision,mapping_hypothesis,,Karma,no,yes,yes,no
dev-s1642,1,इसके अलावा पहाड़ी व आदिवासी क्षेत्रों के 500 से अधिक आबादी वाले गाँवों तक पक्की सड़कें पहुँचाई जाएँगी ।,सड़कें,nsubj:pass,obj,,,,,no_decision,mapping_hypothesis,,Karma,no,yes,yes,no
dev-s1643,1,मनमोहन ने कहा कि देश में फिलहाल करीब 1.5 करोड़ मकानों की कमी है ।,फिलहाल,nmod,advmod,,,,,no_decision,no_decision,,,no,yes,yes,yes
dev-s1645,1,"उन्होंने कहा कि पिछले 25 वर्ष के दौरान 50 हजार करोड़ रुपये का निवेश होने के बावजूद अभी तक 55,000 गाँव ऐसे हैं, जहाँ पीने का साफ पानी उपलब्ध नहीं है ।",ऐसे,obj,obl,,,,,mapping_hypothesis,mapping_hypothesis,Karma,Adhikaraṇa|Apādāna|Karaṇa,no,yes,yes,yes
dev-s1647,1,मनमोहन ने कहा कि राजीव गाँधी ग्रामीण विद्युतीकरण योजना के तहत वर्ष 2009 तक देश के हर गाँव में बिजली पहुँचाई जाएगी ।,गाँधी,nmod,compound,,,,,no_decision,no_decision,,,no,yes,yes,yes
dev-s1647,1,मनमोहन ने कहा कि राजीव गाँधी ग्रामीण विद्युतीकरण योजना के तहत वर्ष 2009 तक देश के हर गाँव में बिजली पहुँचाई जाएगी ।,बिजली,nsubj:pass,obj,,,,,no_decision,mapping_hypothesis,,Karma,no,yes,yes,no
dev-s1648,1,"उन्होंने कहा कि भारत निर्माण के तहत सरकार के काफी ऊँचे लक्ष्य रखे हैं, लेकिन राज्य सरकारों के सक्रिय सहयोग से इन लक्ष्यों को पाने की पूरी - पूरी उम्मीद है ।",पूरी,amod,compound,,,,,no_decision,no_decision,,,no,yes,yes,yes
dev-s1648,2,"उन्होंने कहा कि भारत निर्माण के तहत सरकार के काफी ऊँचे लक्ष्य रखे हैं, लेकिन राज्य सरकारों के सक्रिय सहयोग से इन लक्ष्यों को पाने की पूरी - पूरी उम्मीद है ।",पूरी,compound,amod,,,,,no_decision,no_decision,,,no,yes,yes,yes
dev-s1648,1,"उन्होंने कहा कि भारत निर्माण के तहत सरकार के काफी ऊँचे लक्ष्य रखे हैं, लेकिन राज्य सरकारों के सक्रिय सहयोग से इन लक्ष्यों को पाने की पूरी - पूरी उम्मीद है ।",भारत,compound,nmod,,,,,no_decision,no_decision,,,no,yes,yes,yes
dev-s1648,1,"उन्होंने कहा कि भारत निर्माण के तहत सरकार के काफी ऊँचे लक्ष्य रखे हैं, लेकिन राज्य सरकारों के सक्रिय सहयोग से इन लक्ष्यों को पाने की पूरी - पूरी उम्मीद है ।",सहयोग,obl,nmod,से,से,R4,,ambiguous,no_decision,Karaṇa|Apādāna,,no,yes,no,no
dev-s1649,1,अभिनेत्री प्रियंका चोपड़ा के पिता अशोक चोपड़ा के स्वास्थ्य में अब काफी सुधार है ।,स्वास्थ्य,nsubj,nmod,में,में,,,mapping_hypothesis,no_decision,Kartā,,no,yes,yes,no
dev-s1650,1,कैंसर पीड़ित चोपड़ा को पिछले दिनों मुंबई के लीलावती अस्पताल में भर्ती कराया गया था ।,पीड़ित,amod,nmod,,,,,no_decision,no_decision,,,no,yes,yes,yes
dev-s1654,1,"इसके अलावा वह 'कृश', 'ब्लफ मास्टर' और 'गॉड तुसी ग्रेट हो' आदि फिल्मों में भी काम कर रही हैं ।",ग्रेट,compound,nmod,,,,,no_decision,no_decision,,,no,yes,yes,yes
dev-s1656,1,फरहान अख्तर निर्देशित इस फिल्म में प्रियंका ज़ीनत अमान वाली भूमिका निभाएँगी ।,भूमिका,obj,xcomp,,,,,mapping_hypothesis,no_decision,Karma,,no,yes,yes,no
dev-s1659,1,"मंगलवार को नक्सली संगठन पीपुल्स वार ग्रुप ने संघर्ष विराम, इसके लागू होने पर पड़ने वाले प्रभाव का अध्ययन करने के लिए कमेटी बनाने और इसके प्रतिनिधियों को वार्ता में भाग लेने के लिए सुरक्षा देने की माँग की थी ।",प्रतिनिधियों,nsubj,iobj,को,को,,R5,mapping_hypothesis,ambiguous,Kartā,Karma|Sampradāna,no,yes,no,no
dev-s1659,1,"मंगलवार को नक्सली संगठन पीपुल्स वार ग्रुप ने संघर्ष विराम, इसके लागू होने पर पड़ने वाले प्रभाव का अध्ययन करने के लिए कमेटी बनाने और इसके प्रतिनिधियों को वार्ता में भाग लेने के लिए सुरक्षा देने की माँग की थी ।",विराम,nmod,obl,,,,,no_decision,mapping_hypothesis,,Adhikaraṇa|Apādāna|Karaṇa,no,yes,yes,no
dev-s1659,1,"मंगलवार को नक्सली संगठन पीपुल्स वार ग्रुप ने संघर्ष विराम, इसके लागू होने पर पड़ने वाले प्रभाव का अध्ययन करने के लिए कमेटी बनाने और इसके प्रतिनिधियों को वार्ता में भाग लेने के लिए सुरक्षा देने की माँग की थी ।",सुरक्षा,obj,compound,,,,,mapping_hypothesis,no_decision,Karma,,no,yes,yes,no
dev-s166,1,"कानून व न्याय मंत्री हंसराज भारद्वाज के मुताबिक सरकार कार्यपालिका, न्यायपालिका और विधायिका को लोकपाल के जरिए ज्यादा कार्यक्षम व बेदाग बनाना चाहती है ।",कार्यक्षम,obj,acl,,,,,mapping_hypothesis,no_decision,Karma,,no,yes,yes,no
dev-s166,1,"कानून व न्याय मंत्री हंसराज भारद्वाज के मुताबिक सरकार कार्यपालिका, न्यायपालिका और विधायिका को लोकपाल के जरिए ज्यादा कार्यक्षम व बेदाग बनाना चाहती है ।",कार्यपालिका,iobj,obj,को,को,R5,R5,ambiguous,ambiguous,Karma|Sampradāna,Karma|Sampradāna,no,yes,yes,yes
dev-s167,1,जेएमएम प्रकरण के बाद संसद सदस्यों व निर्वाचित प्रतिनिधियों को लोक सेवक करार दिया जा चुका है और उनसे उसी किस्म की ईमानदारी की उम्मीद की जाती है ।,उनसे,obj,obl,,,,,mapping_hypothesis,mapping_hypothesis,Karma,Adhikaraṇa|Apādāna|Karaṇa,no,yes,yes,yes
dev-s167,1,जेएमएम प्रकरण के बाद संसद सदस्यों व निर्वाचित प्रतिनिधियों को लोक सेवक करार दिया जा चुका है और उनसे उसी किस्म की ईमानदारी की उम्मीद की जाती है ।,जेएमएम,nmod,compound,,,,,no_decision,no_decision,,,no,yes,yes,yes
dev-s169,1,अब जनता में यह महसूस किया जाने लगा है कि न्यायाधीशों के मामले में भी जांच व दंड का प्रावधान होना चाहिए ।,प्रावधान,nsubj,compound,,,,,mapping_hypothesis,no_decision,Kartā,,no,yes,yes,no
dev-s170,1,जब उनसे पूछा गया कि लोकपाल के दायरे में न्यायपालिका को लाने के मुद्दे पर क्या भारत के प्रधान न्यायाधीश से राय ली जाएगी?,न्यायाधीश,obj,iobj,से,से,,,mapping_hypothesis,mapping_hypothesis,Karma,Sampradāna,no,yes,yes,yes
dev-s171,1,उन्होंने कहा कि मंत्रियों की समिति न्यायाधीश की राय नहीं लेगी और स्वतंत्र रूप से अपने सुझाव देगी ।,सुझाव,nsubj,obj,,,,,mapping_hypothesis,mapping_hypothesis,Kartā,Karma,no,yes,yes,yes
dev-s172,1,भारद्वाज ने यह घोषणा की कि मंत्रियों की इस समिति की अध्यक्षता रक्षा मंत्री प्रणव मुखर्जी करेंगे ।,अध्यक्षता,nmod,compound,,,,,no_decision,no_decision,,,no,yes,yes,yes
dev-s172,1,भारद्वाज ने यह घोषणा की कि मंत्रियों की इस समिति की अध्यक्षता रक्षा मंत्री प्रणव मुखर्जी करेंगे ।,करेंगे,acl,ccomp,,,,,no_decision,no_decision,,,no,yes,yes,yes
dev-s172,1,भारद्वाज ने यह घोषणा की कि मंत्रियों की इस समिति की अध्यक्षता रक्षा मंत्री प्रणव मुखर्जी करेंगे ।,यह,obj,det,,,,,mapping_hypothesis,no_decision,Karma,,no,yes,yes,no
dev-s173,1,इसमें स्वयं उनके और विज्ञान व प्रौद्योगिकी मंत्री कपिल सिब्बल के अलावा चार से पांच मंत्री रहेंगे ।,चार,nummod,obl,से,से,,R4,no_decision,ambiguous,,Karaṇa|Apādāna,no,yes,no,no
dev-s175,1,भारद्वाज के मुताबिक 'प्रणव मुखर्जी की कमेटी ने उस समय भी प्रधानमंत्री को लोकपाल के दायरे से बाहर रखने का सुझाव दिया था ।,प्रधानमंत्री,obl,obj,को,को,,R5,mapping_hypothesis,ambiguous,Adhikaraṇa|Apādāna|Karaṇa,Karma|Sampradāna,no,yes,no,no
dev-s177,2,"लेकिन हम लोगों का मानना है कि राष्ट्रपति, प्रधानमंत्री और मुख्य न्यायाधीश को कम से कम इससे बाहर होना चाहिए ।",कम,advmod,det,,,,,no_decision,no_decision,,,no,yes,yes,yes
dev-s177,1,"लेकिन हम लोगों का मानना है कि राष्ट्रपति, प्रधानमंत्री और मुख्य न्यायाधीश को कम से कम इससे बाहर होना चाहिए ।",बाहर,compound,case,,,,,no_decision,no_decision,,,no,yes,yes,yes
dev-s177,1,"लेकिन हम लोगों का मानना है कि राष्ट्रपति, प्रधानमंत्री और मुख्य न्यायाधीश को कम से कम इससे बाहर होना चाहिए ।",मुख्य,compound,amod,,,,,no_decision,no_decision,,,no,yes,yes,yes
dev-s178,1,प्रधानमंत्री को केवल संसद के प्रति ही उत्तरदायी होना चाहिए और राष्ट्रपति पर तो कोई बहस भी नहीं होनी चाहिए,कोई,dep,det,,,,,no_decision,no_decision,,,no,yes,yes,yes
dev-s179,1,भारद्वाज का मानना है कि जजों के बारे में न्यायपालिका किसी जल्दी में नहीं दिखती ।,जल्दी,obl,advmod,में,में,R2,,confirmed,no_decision,Adhikaraṇa,,no,yes,no,no
dev-s18,1,इस मंदिर के आसपास कई विहार (जहाँ बौद्ध भिक्षु रहा करते थे) और चैत्‍य (जहाँ भिक्षु पूजा करते थे या ध्‍यान लगाते थे) भग्‍नावशेष और खंडहर मौजूद हैं जो अशोककालीन बताए जाते हैं ।,अशोककालीन,xcomp,acl,,,,,no_decision,no_decision,,,no,yes,yes,yes
dev-s18,2,इस मंदिर के आसपास कई विहार (जहाँ बौद्ध भिक्षु रहा करते थे) और चैत्‍य (जहाँ भिक्षु पूजा करते थे या ध्‍यान लगाते थे) भग्‍नावशेष और खंडहर मौजूद हैं जो अशोककालीन बताए जाते हैं ।,करते,acl,acl:relcl,,,,,no_decision,no_decision,,,no,yes,yes,yes
dev-s18,1,इस मंदिर के आसपास कई विहार (जहाँ बौद्ध भिक्षु रहा करते थे) और चैत्‍य (जहाँ भिक्षु पूजा करते थे या ध्‍यान लगाते थे) भग्‍नावशेष और खंडहर मौजूद हैं जो अशोककालीन बताए जाते हैं ।,चैत्‍य,conj,nsubj,,,,,no_decision,mapping_hypothesis,,Kartā,no,yes,yes,no
dev-s18,1,इस मंदिर के आसपास कई विहार (जहाँ बौद्ध भिक्षु रहा करते थे) और चैत्‍य (जहाँ भिक्षु पूजा करते थे या ध्‍यान लगाते थे) भग्‍नावशेष और खंडहर मौजूद हैं जो अशोककालीन बताए जाते हैं ।,बताए,conj,acl:relcl,,,,,no_decision,no_decision,,,no,yes,yes,yes
dev-s18,1,इस मंदिर के आसपास कई विहार (जहाँ बौद्ध भिक्षु रहा करते थे) और चैत्‍य (जहाँ भिक्षु पूजा करते थे या ध्‍यान लगाते थे) भग्‍नावशेष और खंडहर मौजूद हैं जो अशोककालीन बताए जाते हैं ।,बौद्ध,amod,compound,,,,,no_decision,no_decision,,,no,yes,yes,yes
dev-s18,1,इस मंदिर के आसपास कई विहार (जहाँ बौद्ध भिक्षु रहा करते थे) और चैत्‍य (जहाँ भिक्षु पूजा करते थे या ध्‍यान लगाते थे) भग्‍नावशेष और खंडहर मौजूद हैं जो अशोककालीन बताए जाते हैं ।,भग्‍नावशेष,conj,nsubj,,,,,no_decision,mapping_hypothesis,,Kartā,no,yes,yes,no
dev-s18,1,इस मंदिर के आसपास कई विहार (जहाँ बौद्ध भिक्षु रहा करते थे) और चैत्‍य (जहाँ भिक्षु पूजा करते थे या ध्‍यान लगाते थे) भग्‍नावशेष और खंडहर मौजूद हैं जो अशोककालीन बताए जाते हैं ।,भिक्षु,nsubj,xcomp,,,,,mapping_hypothesis,no_decision,Kartā,,no,yes,yes,no
dev-s18,1,इस मंदिर के आसपास कई विहार (जहाँ बौद्ध भिक्षु रहा करते थे) और चैत्‍य (जहाँ भिक्षु पूजा करते थे या ध्‍यान लगाते थे) भग्‍नावशेष और खंडहर मौजूद हैं जो अशोककालीन बताए जाते हैं ।,रहा,acl,acl:relcl,,,,,no_decision,no_decision,,,no,yes,yes,yes
dev-s184,1,"भारद्वाज का मानना है कि सीवीसी सीबीआई के निदेशक और प्रवर्तन निदेशालय के निदेशकों की नियुक्ति का अनुमोदन करने का अधिकार रखता है, लेकिन उसके पास उतने कानूनी अधिकार नहीं हैं ।",अधिकार,obj,compound,,,,,mapping_hypothesis,no_decision,Karma,,no,yes,yes,no
dev-s185,1,संसद सदस्यों के मामले में भी अब तक संसदीय समिति या स्पीकर के जरिए जांच हुई है लेकिन उनके लिए भी कोई ठोस कानूनी उपाय नहीं है ।,कोई,dep,det,,,,,no_decision,no_decision,,,no,yes,yes,yes
dev-s186,1,भारद्वाज का कहना है कि वह व्यापक लोकपाल विधेयक के जरिए इसे संपूर्ण बनाना चाहते हैं जिसमें आम लोग भी प्रशासनिक स्तर पर अपने काम रुकने या भ्रष्टाचार की शिकायतें कर सकें ।,की,mark,case,,,,,no_decision,no_decision,,,no,yes,yes,yes
dev-s186,1,भारद्वाज का कहना है कि वह व्यापक लोकपाल विधेयक के जरिए इसे संपूर्ण बनाना चाहते हैं जिसमें आम लोग भी प्रशासनिक स्तर पर अपने काम रुकने या भ्रष्टाचार की शिकायतें कर सकें ।,भ्रष्टाचार,conj,nmod,,की,,,no_decision,no_decision,,,no,no,yes,yes
dev-s186,1,भारद्वाज का कहना है कि वह व्यापक लोकपाल विधेयक के जरिए इसे संपूर्ण बनाना चाहते हैं जिसमें आम लोग भी प्रशासनिक स्तर पर अपने काम रुकने या भ्रष्टाचार की शिकायतें कर सकें ।,रुकने,nmod,obl,,,,,no_decision,mapping_hypothesis,,Adhikaraṇa|Apādāna|Karaṇa,no,yes,yes,no
dev-s186,1,भारद्वाज का कहना है कि वह व्यापक लोकपाल विधेयक के जरिए इसे संपूर्ण बनाना चाहते हैं जिसमें आम लोग भी प्रशासनिक स्तर पर अपने काम रुकने या भ्रष्टाचार की शिकायतें कर सकें ।,शिकायतें,compound,conj,,,,,no_decision,no_decision,,,no,yes,yes,yes
dev-s186,1,भारद्वाज का कहना है कि वह व्यापक लोकपाल विधेयक के जरिए इसे संपूर्ण बनाना चाहते हैं जिसमें आम लोग भी प्रशासनिक स्तर पर अपने काम रुकने या भ्रष्टाचार की शिकायतें कर सकें ।,संपूर्ण,compound,acl,,,,,no_decision,no_decision,,,no,yes,yes,yes
dev-s187,1,भारतीय दूरसंचार नियामक प्राधिकरण (ट्राई) ने टाटा टेलीसर्विस लिमिटेड और रिलायंस इंफोकॉम लिमिटेड द्वारा फिक्सड वायरलेस फोन को वॉकी और अनलिमिटेड कार्डलेस फोन बताने पर कड़ा रुख अपनाया है ।,अनलिमिटेड,amod,compound,,,,,no_decision,no_decision,,,no,yes,yes,yes
dev-s187,1,भारतीय दूरसंचार नियामक प्राधिकरण (ट्राई) ने टाटा टेलीसर्विस लिमिटेड और रिलायंस इंफोकॉम लिमिटेड द्वारा फिक्सड वायरलेस फोन को वॉकी और अनलिमिटेड कार्डलेस फोन बताने पर कड़ा रुख अपनाया है ।,फोन,obj,iobj,को,को,R5,R5,ambiguous,ambiguous,Karma|Sampradāna,Karma|Sampradāna,no,yes,yes,yes
dev-s187,1,भारतीय दूरसंचार नियामक प्राधिकरण (ट्राई) ने टाटा टेलीसर्विस लिमिटेड और रिलायंस इंफोकॉम लिमिटेड द्वारा फिक्सड वायरलेस फोन को वॉकी और अनलिमिटेड कार्डलेस फोन बताने पर कड़ा रुख अपनाया है ।,लिमिटेड,nsubj,iobj,द्वारा,,,,mapping_hypothesis,mapping_hypothesis,Kartā,Sampradāna,no,no,yes,yes
dev-s187,1,भारतीय दूरसंचार नियामक प्राधिकरण (ट्राई) ने टाटा टेलीसर्विस लिमिटेड और रिलायंस इंफोकॉम लिमिटेड द्वारा फिक्सड वायरलेस फोन को वॉकी और अनलिमिटेड कार्डलेस फोन बताने पर कड़ा रुख अपनाया है ।,वॉकी,acl,obj,,,,,no_decision,mapping_hypothesis,,Karma,no,yes,yes,no
dev-s188,1,प्राधिकरण ने दोनों कंपनियों से फिक्सड वायरलेस फोन के 'वॉकी' और 'अनलिमिटेड कार्डलेस' फोन की तरह प्रचारित करने वाले विज्ञापनों को हटाने को कहा है ।,अनलिमिटेड,amod,compound,,,,,no_decision,no_decision,,,no,yes,yes,yes
dev-s188,1,प्राधिकरण ने दोनों कंपनियों से फिक्सड वायरलेस फोन के 'वॉकी' और 'अनलिमिटेड कार्डलेस' फोन की तरह प्रचारित करने वाले विज्ञापनों को हटाने को कहा है ।,हटाने,advcl,obj,,,,,no_decision,mapping_hypothesis,,Karma,no,yes,yes,no
dev-s189,1,प्राधिकरण ने इसके लिए १३ जनवरी तक दोनों पक्षों से जवाब देने को कहा है ।,देने,advcl,obj,,,,,no_decision,mapping_hypothesis,,Karma,no,yes,yes,no
dev-s189,1,प्राधिकरण ने इसके लिए १३ जनवरी तक दोनों पक्षों से जवाब देने को कहा है ।,पक्षों,obj,obl,से,से,,R4,mapping_hypothesis,ambiguous,Karma,Karaṇa|Apādāna,no,yes,no,no
dev-s19,1,"मंदिर परिसर से लगा काफी बड़ा सा पार्क है, जहाँ पर्यटकों का जमावड़ा लगा रहता है ।",परिसर,obj,obl,से,से,,R4,mapping_hypothesis,ambiguous,Karma,Karaṇa|Apādāna,no,yes,no,no
dev-s190,1,ट्राई को कई शिकायतें मिली थी कि दूरसंचार सेवा उपलब्ध कराने वाली कंपनियां टाटा टेलीसर्विस और रिलायंस इंफोकॉम अपने फिक्सड वायरलेस फोन सेवा का इस तरह से प्रचार कर रही हैं कि इन सेवाओं के मोबाइल के समान होने का भ्रम होता है ।,मोबाइल,compound,nsubj,के,के,,,no_decision,mapping_hypothesis,,Kartā,no,yes,yes,no
dev-s190,1,ट्राई को कई शिकायतें मिली थी कि दूरसंचार सेवा उपलब्ध कराने वाली कंपनियां टाटा टेलीसर्विस और रिलायंस इंफोकॉम अपने फिक्सड वायरलेस फोन सेवा का इस तरह से प्रचार कर रही हैं कि इन सेवाओं के मोबाइल के समान होने का भ्रम होता है ।,सेवाओं,nsubj,nmod,के,के,,,mapping_hypothesis,no_decision,Kartā,,no,yes,yes,no
dev-s190,1,ट्राई को कई शिकायतें मिली थी कि दूरसंचार सेवा उपलब्ध कराने वाली कंपनियां टाटा टेलीसर्विस और रिलायंस इंफोकॉम अपने फिक्सड वायरलेस फोन सेवा का इस तरह से प्रचार कर रही हैं कि इन सेवाओं के मोबाइल के समान होने का भ्रम होता है ।,होता,obj,acl,,,,,mapping_hypothesis,no_decision,Karma,,no,yes,yes,no
dev-s192,1,गौरतलब है कि लोकल फिक्सड फोन पर एडीसी नहीं देनी पड़ती है ।,एडीसी,obj,nsubj,,,,,mapping_hypothesis,mapping_hypothesis,Karma,Kartā,no,yes,yes,yes
dev-s192,1,गौरतलब है कि लोकल फिक्सड फोन पर एडीसी नहीं देनी पड़ती है ।,फिक्सड,amod,compound,,,,,no_decision,no_decision,,,no,yes,yes,yes
dev-s195,1,ट्राई द्वारा यह आदेश दूरसंचार नियामक प्राधिकरण अधिनियम १९९७ की धारा १३ और ११ (१) (बी) के तहत दिया गया है ।,धारा,nmod,compound,,,,,no_decision,no_decision,,,no,yes,yes,yes
dev-s195,1,ट्राई द्वारा यह आदेश दूरसंचार नियामक प्राधिकरण अधिनियम १९९७ की धारा १३ और ११ (१) (बी) के तहत दिया गया है ।,बी,conj,obl,के,के,,,no_decision,mapping_hypothesis,,Adhikaraṇa|Apādāna|Karaṇa,no,yes,yes,no
dev-s195,1,ट्राई द्वारा यह आदेश दूरसंचार नियामक प्राधिकरण अधिनियम १९९७ की धारा १३ और ११ (१) (बी) के तहत दिया गया है ।,१,nummod,nmod,,,,,no_decision,no_decision,,,no,yes,yes,yes
dev-s195,1,ट्राई द्वारा यह आदेश दूरसंचार नियामक प्राधिकरण अधिनियम १९९७ की धारा १३ और ११ (१) (बी) के तहत दिया गया है ।,११,nummod,compound,,,,,no_decision,no_decision,,,no,yes,yes,yes
dev-s195,1,ट्राई द्वारा यह आदेश दूरसंचार नियामक प्राधिकरण अधिनियम १९९७ की धारा १३ और ११ (१) (बी) के तहत दिया गया है ।,१३,obl,compound,,,,,mapping_hypothesis,no_decision,Adhikaraṇa|Apādāna|Karaṇa,,no,yes,yes,no
dev-s197,1,आपके सेलफोन पर वायरस हमला कर सकते हैं ।,वायरस,nsubj,obj,,,,,mapping_hypothesis,mapping_hypothesis,Kartā,Karma,no,yes,yes,yes
dev-s199,1,"भारतीय सुरक्षा एजेंसियों ने यह चेतावनी जारी करते हुए कहा कि नए मोबाइल फोन पर वायरस से आने वाली ऐसी कॉल, हैंडसेट को क्षति पहुंचा सकती हैं ।",हैंडसेट,obj,iobj,को,को,R5,R5,ambiguous,ambiguous,Karma|Sampradāna,Karma|Sampradāna,no,yes,yes,yes
dev-s200,1,सूत्रों का कहना है कि मोबाइल फोन उपभोक्ताओं को १२ अंकों वाली कॉल भी नहीं लेनी चाहिए ।,फोन,compound,nsubj,,,,,no_decision,mapping_hypothesis,,Kartā,no,yes,yes,no
dev-s201,1,यह भी फोन वायरस हो सकता है ।,वायरस,xcomp,nsubj,,,,,no_decision,mapping_hypothesis,,Kartā,no,yes,yes,no
dev-s203,1,"पूर्व प्रधानमंत्री अटल बिहारी वाजपेयी खुलकर आडवाणी के बचाव में सामने आ गए और बोले, पाकिस्तान के जनक ने स्वतंत्रता संघर्ष में महत्वपूर्ण भूमिका अदा की थी ।",सामने,compound,obl,,,,,no_decision,mapping_hypothesis,,Adhikaraṇa|Apādāna|Karaṇa,no,yes,yes,no
dev-s204,1,दूसरी ओर आडवाणी पर बयान वापस लेने का दबाव डालने वाले राष्ट्रीय स्वयं सेवक संघ ने उनके भाजपा अध्यक्ष पद से इस्तीफे को पार्टी का अंदरूनी मामला करार दिया ।,अध्यक्ष,nmod,compound,,,,,no_decision,no_decision,,,no,yes,yes,yes
dev-s204,1,दूसरी ओर आडवाणी पर बयान वापस लेने का दबाव डालने वाले राष्ट्रीय स्वयं सेवक संघ ने उनके भाजपा अध्यक्ष पद से इस्तीफे को पार्टी का अंदरूनी मामला करार दिया ।,इस्तीफे,obj,iobj,को,को,R5,R5,ambiguous,ambiguous,Karma|Sampradāna,Karma|Sampradāna,no,yes,yes,yes
dev-s204,1,दूसरी ओर आडवाणी पर बयान वापस लेने का दबाव डालने वाले राष्ट्रीय स्वयं सेवक संघ ने उनके भाजपा अध्यक्ष पद से इस्तीफे को पार्टी का अंदरूनी मामला करार दिया ।,दबाव,obj,compound,,,,,mapping_hypothesis,no_decision,Karma,,no,yes,yes,no
dev-s204,1,दूसरी ओर आडवाणी पर बयान वापस लेने का दबाव डालने वाले राष्ट्रीय स्वयं सेवक संघ ने उनके भाजपा अध्यक्ष पद से इस्तीफे को पार्टी का अंदरूनी मामला करार दिया ।,मामला,acl,obj,,,,,no_decision,mapping_hypothesis,,Karma,no,yes,yes,no
dev-s205,1,उन्होंने आरोप लगाया कि आडवाणी ने जो कुछ कहा उसके गलत अर्थ निकाले गए हैं ।,अर्थ,nsubj:pass,obj,,,,,no_decision,mapping_hypothesis,,Karma,no,yes,yes,no
dev-s208,1,आडवाणी से बयान वापस लेने की मांग करने वाले संघ ने उन पर इस्तीफे के लिए किसी तरह का दबाव डालने के आरोप से इनकार किया ।,आरोप,obj,obl,से,से,,R4,mapping_hypothesis,ambiguous,Karma,Karaṇa|Apādāna,no,yes,no,no
dev-s21,1,महापरिनिर्वाण मंदिर से कुछ दूर आगे माथा कुँवर का मंदिर है ।,दूर,amod,case,,,,,no_decision,no_decision,,,no,yes,yes,yes
dev-s21,1,महापरिनिर्वाण मंदिर से कुछ दूर आगे माथा कुँवर का मंदिर है ।,महापरिनिर्वाण,compound,nmod,,,,,no_decision,no_decision,,,no,yes,yes,yes
dev-s21,1,महापरिनिर्वाण मंदिर से कुछ दूर आगे माथा कुँवर का मंदिर है ।,माथा,compound,nsubj,,,,,no_decision,mapping_hypothesis,,Kartā,no,yes,yes,no
dev-s214,1,इसके साथ ही उन्होंने संघ परिवार को संयम बरतने की नसीहत दे डाली ।,परिवार,obj,iobj,को,को,R5,R5,ambiguous,ambiguous,Karma|Sampradāna,Karma|Sampradāna,no,yes,yes,yes
dev-s214,1,इसके साथ ही उन्होंने संघ परिवार को संयम बरतने की नसीहत दे डाली ।,संयम,compound,obj,,,,,no_decision,mapping_hypothesis,,Karma,no,yes,yes,no
dev-s216,1,झारखंड विधानसभा चुनाव के मद्देनजर सीटों के बंटवारे को लेकर यूपीए में दरार पैदा हो गई है ।,विधानसभा,nmod,compound,,,,,no_decision,no_decision,,,no,yes,yes,yes
dev-s218,1,दूसरी ओर केंद्र में सत्तारूढ़ यूपीए के एक प्रमुख घटक राजद और उसे बाहर से समर्थन दे रहे माकपा ने इसे एकतरफा करार दिया है ।,एकतरफा,acl,amod,,,,,no_decision,no_decision,,,no,yes,yes,yes
dev-s218,1,दूसरी ओर केंद्र में सत्तारूढ़ यूपीए के एक प्रमुख घटक राजद और उसे बाहर से समर्थन दे रहे माकपा ने इसे एकतरफा करार दिया है ।,माकपा,conj,nsubj,ने,ने,,R1,no_decision,confirmed,,Kartā,no,yes,no,no
dev-s218,1,दूसरी ओर केंद्र में सत्तारूढ़ यूपीए के एक प्रमुख घटक राजद और उसे बाहर से समर्थन दे रहे माकपा ने इसे एकतरफा करार दिया है ।,राजद,nsubj,iobj,,,,,mapping_hypothesis,mapping_hypothesis,Kartā,Sampradāna,no,yes,yes,yes
dev-s218,1,दूसरी ओर केंद्र में सत्तारूढ़ यूपीए के एक प्रमुख घटक राजद और उसे बाहर से समर्थन दे रहे माकपा ने इसे एकतरफा करार दिया है ।,समर्थन,compound,obj,,,,,no_decision,mapping_hypothesis,,Karma,no,yes,yes,no
dev-s219,1,कांग्रेस - झामुमो के समझौते से बौखलाए राजद प्रवक्ता ने इसे सरासर विश्वासघात बताया है ।,समझौते,obj,obl,से,से,,R4,mapping_hypothesis,ambiguous,Karma,Karaṇa|Apādāna,no,yes,no,no
dev-s22,1,इसके स्‍थानीय लोगों में भगवान विष्‍णु के अवतार होने की मान्‍यता भी प्रचलित है ।,अवतार,nsubj,compound,,,,,mapping_hypothesis,no_decision,Kartā,,no,yes,yes,no
dev-s222,1,हालांकि कांग्रेस प्रवक्ता अभिषेक मनु सिंघवी के मुताबिक 'यूपीए एक ठोस गठबंधन है और राज्य की मौजूदा सरकार को सत्ता से बाहर करने में कोई संदेह नहीं है,बाहर,case,compound,,,,,no_decision,no_decision,,,no,yes,yes,yes
dev-s222,1,हालांकि कांग्रेस प्रवक्ता अभिषेक मनु सिंघवी के मुताबिक 'यूपीए एक ठोस गठबंधन है और राज्य की मौजूदा सरकार को सत्ता से बाहर करने में कोई संदेह नहीं है,सत्ता,compound,obl,से,से,,R4,no_decision,ambiguous,,Karaṇa|Apādāna,no,yes,no,no
dev-s223,1,"इससे पहले आज कांग्रेस ने गठबंधन धर्म निभाते हुए झारखंड मुक्ति मोरचा के साथ विधानसभा सीटों के बंटवारे में पूरी दरियादिली का परिचय दिया और झामुमो को ३५ सीटें दे दीं, जो उसकी ३३ सीटों के मुकाबले दो कम हैं ।",दो,obl,nummod,,,,,mapping_hypothesis,no_decision,Adhikaraṇa|Apādāna|Karaṇa,,no,yes,yes,no
dev-s223,1,"इससे पहले आज कांग्रेस ने गठबंधन धर्म निभाते हुए झारखंड मुक्ति मोरचा के साथ विधानसभा सीटों के बंटवारे में पूरी दरियादिली का परिचय दिया और झामुमो को ३५ सीटें दे दीं, जो उसकी ३३ सीटों के मुकाबले दो कम हैं ।",परिचय,obj,compound,,,,,mapping_hypothesis,no_decision,Karma,,no,yes,yes,no
dev-s224,1,बदले में झामुमो सुप्रीमो और कोयला मंत्री शिबू सोरेन ने चुनाव के बाद मुख्यमंत्री पद का फैसला यूपीए अध्यक्ष सोनिया गांधी के हाथ सौंप दिया ।,झामुमो,compound,nmod,,,,,no_decision,no_decision,,,no,yes,yes,yes
dev-s224,1,बदले में झामुमो सुप्रीमो और कोयला मंत्री शिबू सोरेन ने चुनाव के बाद मुख्यमंत्री पद का फैसला यूपीए अध्यक्ष सोनिया गांधी के हाथ सौंप दिया ।,मंत्री,nmod,conj,,,,,no_decision,no_decision,,,no,yes,yes,yes
dev-s224,1,बदले में झामुमो सुप्रीमो और कोयला मंत्री शिबू सोरेन ने चुनाव के बाद मुख्यमंत्री पद का फैसला यूपीए अध्यक्ष सोनिया गांधी के हाथ सौंप दिया ।,सुप्रीमो,nsubj,nmod,,,,,mapping_hypothesis,no_decision,Kartā,,no,yes,yes,no
dev-s224,1,बदले में झामुमो सुप्रीमो और कोयला मंत्री शिबू सोरेन ने चुनाव के बाद मुख्यमंत्री पद का फैसला यूपीए अध्यक्ष सोनिया गांधी के हाथ सौंप दिया ।,सोरेन,conj,nsubj,ने,ने,,R1,no_decision,confirmed,,Kartā,no,yes,no,no
dev-s224,1,बदले में झामुमो सुप्रीमो और कोयला मंत्री शिबू सोरेन ने चुनाव के बाद मुख्यमंत्री पद का फैसला यूपीए अध्यक्ष सोनिया गांधी के हाथ सौंप दिया ।,हाथ,compound,obl,,,,,no_decision,mapping_hypothesis,,Adhikaraṇa|Apādāna|Karaṇa,no,yes,yes,no
dev-s227,1,सीटों के तालमेल का फैसला सोरेन व सोनिया गांधी के बीच हुई मुलाकात के बाद लिया गया ।,फैसला,obj,compound,,,,,mapping_hypothesis,no_decision,Karma,,no,yes,yes,no
dev-s229,1,"कांग्रेस की ओर से इस बैठक में अर्जुन सिंह, माखन लाल फोतेदार और कांग्रेस महासचिव व बिहार व झारखंड के प्रभारी हरिकेश बहादुर ने हिस्सा लिया ।",झारखंड,conj,nmod,,के,,,no_decision,no_decision,,,no,no,yes,yes
dev-s23,1,इस मूर्ति के भी करीब पाँच सौ वर्ष पुराना होने का प्रमाण मिलता है ।,पुराना,xcomp,compound,,,,,no_decision,no_decision,,,no,yes,yes,yes
dev-s240,1,"लिहाजा इसे पेशा नहीं माना जा सकता, जैसा कि बार काउंसिल के नियम २ (एच) में कहा गया है ।",कि,dep,mark,,,,,no_decision,no_decision,,,no,yes,yes,yes
dev-s240,1,"लिहाजा इसे पेशा नहीं माना जा सकता, जैसा कि बार काउंसिल के नियम २ (एच) में कहा गया है ।",जैसा,obj,mark,,,,,mapping_hypothesis,no_decision,Karma,,no,yes,yes,no
dev-s240,1,"लिहाजा इसे पेशा नहीं माना जा सकता, जैसा कि बार काउंसिल के नियम २ (एच) में कहा गया है ।",में,case,dislocated,,,,,no_decision,no_decision,,,no,yes,yes,yes
dev-s240,1,"लिहाजा इसे पेशा नहीं माना जा सकता, जैसा कि बार काउंसिल के नियम २ (एच) में कहा गया है ।",लिहाजा,cc,obl,,,,,no_decision,mapping_hypothesis,,Adhikaraṇa|Apādāna|Karaṇa,no,yes,yes,no
dev-s240,1,"लिहाजा इसे पेशा नहीं माना जा सकता, जैसा कि बार काउंसिल के नियम २ (एच) में कहा गया है ।",२,nmod,compound,,,,,no_decision,no_decision,,,no,yes,yes,yes
dev-s242,1,"अदालत ने बार काउंसिल की इस दलील को खारिज कर दिया कि धार्मिक कार्यो को अंजाम देना भी एक पेशा है, लिहाजा पादरी, नन और संन्यासिन कानूनी पेशे में प्रवेश के अधिकारी नहीं हैं ।",कार्यो,iobj,obj,को,को,R5,R5,ambiguous,ambiguous,Karma|Sampradāna,Karma|Sampradāna,no,yes,yes,yes
dev-s243,1,"अदालत का मानना है कि ऐसे लोगों के आने से पेशे में पवित्रता, ईमानदारी और पारदर्शिता बढ़ेगी, क्योंकि कानूनी पेशे को ऐसे लोगों की जरूरत है, जो पूरी निष्ठा और निस्वार्थ भाव से दबे कुचले लोगों और पर्यावरण संरक्षण के मसले उठाएं ।",कुचले,amod,acl,,,,,no_decision,no_decision,,,no,yes,yes,yes
dev-s243,1,"अदालत का मानना है कि ऐसे लोगों के आने से पेशे में पवित्रता, ईमानदारी और पारदर्शिता बढ़ेगी, क्योंकि कानूनी पेशे को ऐसे लोगों की जरूरत है, जो पूरी निष्ठा और निस्वार्थ भाव से दबे कुचले लोगों और पर्यावरण संरक्षण के मसले उठाएं ।",दबे,compound,xcomp,,,,,no_decision,no_decision,,,no,yes,yes,yes
dev-s243,1,"अदालत का मानना है कि ऐसे लोगों के आने से पेशे में पवित्रता, ईमानदारी और पारदर्शिता बढ़ेगी, क्योंकि कानूनी पेशे को ऐसे लोगों की जरूरत है, जो पूरी निष्ठा और निस्वार्थ भाव से दबे कुचले लोगों और पर्यावरण संरक्षण के मसले उठाएं ।",मसले,compound,obj,,,,,no_decision,mapping_hypothesis,,Karma,no,yes,yes,no
dev-s244,1,याचियों ने केरल बार काउंसिल पंजीकरण समिति के फैसले को चुनौती दी थी ।,फैसले,obj,iobj,को,को,R5,R5,ambiguous,ambiguous,Karma|Sampradāna,Karma|Sampradāna,no,yes,yes,yes
dev-s246,1,याचियों ने अपनी दलील में कहा कि यदि कोई वकील अदालत में प्रैक्टिस कर रहा है और वह पादरी या नन बन जाता है तो उसे वकील के रूप में वकालत जारी रखने से अयोग्य नहीं ठहराया जाता ।,अयोग्य,compound,acl,,,,,no_decision,no_decision,,,no,yes,yes,yes
dev-s248,1,अदालत ने कहा कि ऐसे लोग अपना जीवन ईश्वर और मानवता को समर्पित कर देते है ।,ईश्वर,iobj,obj,को,को,R5,R5,ambiguous,ambiguous,Karma|Sampradāna,Karma|Sampradāna,no,yes,yes,yes
dev-s249,1,इसलिए उन्हें किसी पेशे से जुड़ा नहीं माना जा सकता ।,किसी,obj,nsubj,,,,,mapping_hypothesis,mapping_hypothesis,Karma,Kartā,no,yes,yes,yes
dev-s249,1,इसलिए उन्हें किसी पेशे से जुड़ा नहीं माना जा सकता ।,पेशे,obj,obl,से,से,,R4,mapping_hypothesis,ambiguous,Karma,Karaṇa|Apādāna,no,yes,no,no
dev-s250,1,अदालत के फैसले पर सिस्टर टीना ने खुशी जताई है ।,खुशी,obj,compound,,,,,mapping_hypothesis,no_decision,Karma,,no,yes,yes,no
dev-s251,1,उन्होंने अलपुझा से फोन पर बताया कि अंततः ईश्वर ने हमारी प्रार्थना सुन ली है ।,प्रार्थना,compound,obj,,,,,no_decision,mapping_hypothesis,,Karma,no,yes,yes,no
dev-s252,1,उन्होंने कहा कि पिछले एक सप्ताह से वे अदालत द्वारा अपने पक्ष में फैसला दिए जाने के लिए ईश्वर से प्रार्थना कर रही थी ।,ईश्वर,obj,obl,से,से,,R4,mapping_hypothesis,ambiguous,Karma,Karaṇa|Apādāna,no,yes,no,no
dev-s255,1,मेरे जैसे दूसरे पादरी और ननों को भी वकालत के पेशे से जुड़ने का मौका मिलेगा ।,पादरी,iobj,nsubj,को,को,R5,,ambiguous,mapping_hypothesis,Karma|Sampradāna,Kartā,no,yes,no,no
dev-s256,1,वोल्कर रिपोर्ट पर केंद्र सरकार ने सोमवार को यू टर्न लिया ।,यू,compound,nmod,,,,,no_decision,no_decision,,,no,yes,yes,yes
dev-s258,1,यह विभाग अब वह खुद देखेंगे ।,विभाग,obj,nsubj,,,,,mapping_hypothesis,mapping_hypothesis,Karma,Kartā,no,yes,yes,yes
dev-s259,1,नटवर फिलहाल बिना विभाग के मंत्री रहेंगे ।,फिलहाल,obl,advmod,,,,,mapping_hypothesis,no_decision,Adhikaraṇa|Apādāna|Karaṇa,,no,yes,yes,no
dev-s26,1,मूर्ति भगवान बुद्ध के बोधि प्राप्‍त करने से पूर्व की ध्‍यान मुद्रा में है ।,करने,nmod,obl,की,,,,no_decision,mapping_hypothesis,,Adhikaraṇa|Apādāna|Karaṇa,no,no,yes,no
dev-s26,1,मूर्ति भगवान बुद्ध के बोधि प्राप्‍त करने से पूर्व की ध्‍यान मुद्रा में है ।,की,case,mark,,,,,no_decision,no_decision,,,no,yes,yes,yes
dev-s26,1,मूर्ति भगवान बुद्ध के बोधि प्राप्‍त करने से पूर्व की ध्‍यान मुद्रा में है ।,मुद्रा,root,obl,में,में,,R2,no_decision,confirmed,,Adhikaraṇa,no,yes,no,no
dev-s26,1,मूर्ति भगवान बुद्ध के बोधि प्राप्‍त करने से पूर्व की ध्‍यान मुद्रा में है ।,है,cop,root,,,,,no_decision,no_decision,,,no,yes,yes,yes
dev-s265,1,पर उन्होंने इस्तीफा देने से साफ इनकार कर दिया ।,इस्तीफा,compound,obj,,,,,no_decision,mapping_hypothesis,,Karma,no,yes,yes,no
dev-s265,1,पर उन्होंने इस्तीफा देने से साफ इनकार कर दिया ।,देने,advcl,obj,,,,,no_decision,mapping_hypothesis,,Karma,no,yes,yes,no
dev-s268,1,करीब दो घंटे तक गहन मंत्रणा के बाद नटवर सिंह को विदेश मंत्रालय से हटाने का फैसला किया गया ।,सिंह,nsubj,obj,को,को,,R5,mapping_hypothesis,ambiguous,Kartā,Karma|Sampradāna,no,yes,no,no
dev-s270,1,नटवर सिंह को मंत्रिमंडल में बनाए रखने का बचाव करते हुए पार्टी प्रवक्ता अभिषेक मनु संघवी का कहना है कि सिर्फ आरोप की बुनियाद पर किसी को दोषी नहीं ठहराया जा सकता ।,बनाए,advcl,nmod,,,,,no_decision,no_decision,,,no,yes,yes,yes
dev-s270,1,नटवर सिंह को मंत्रिमंडल में बनाए रखने का बचाव करते हुए पार्टी प्रवक्ता अभिषेक मनु संघवी का कहना है कि सिर्फ आरोप की बुनियाद पर किसी को दोषी नहीं ठहराया जा सकता ।,रखने,nmod,compound,,,,,no_decision,no_decision,,,no,yes,yes,yes
dev-s272,1,"हालांकि, नटवर सिंह की दलील थी कि उन्होंने संयुक्त राष्ट्र में भारत के राजदूत निरुपम सेन से कई बार बात की है ।",सेन,iobj,obj,से,से,,,mapping_hypothesis,mapping_hypothesis,Sampradāna,Karma,no,yes,yes,yes
dev-s273,1,सेन से यह पता लगाने के लिए कहा गया है कि उनका और कांग्रेस का नाम इस रिपोर्ट में कैसे आया ।,आया,obj,acl,,,,,mapping_hypothesis,no_decision,Karma,,no,yes,yes,no
dev-s275,1,पार्टी में आम राय थी कि जांच के वक्त विदेश मंत्रालय नटवर सिंह के पास नहीं होना चाहिए ।,होना,obj,acl,,,,,mapping_hypothesis,no_decision,Karma,,no,yes,yes,no
dev-s276,1,खुद मनमोहन सिंह भी पार्टी नेताओं की इस राय से सहमत थे ।,राय,obj,nmod,से,से,,,mapping_hypothesis,no_decision,Karma,,no,yes,yes,no
dev-s277,4,इस मामले की न्याययिक जांच की घोषणा करते हुए प्रधानमंत्री के मीडिया सलाहकार संजय बारू ने सोमवार को कहा कि न्यायमूर्ति आर. एस. पाठक की ओर से की जाने वाली जांच का दायरा व जांच के मुद्दों की घोषणा जल्द कर दी जाएगी ।,की,nmod,amod,,,,,no_decision,no_decision,,,no,yes,yes,yes
dev-s277,1,इस मामले की न्याययिक जांच की घोषणा करते हुए प्रधानमंत्री के मीडिया सलाहकार संजय बारू ने सोमवार को कहा कि न्यायमूर्ति आर. एस. पाठक की ओर से की जाने वाली जांच का दायरा व जांच के मुद्दों की घोषणा जल्द कर दी जाएगी ।,मुद्दों,conj,nmod,,की,,,no_decision,no_decision,,,no,no,yes,yes
dev-s278,1,जरूरत पड़ने पर नटवर सिंह से भी पूछताछ की जा सकती है ।,सिंह,iobj,obj,से,से,,,mapping_hypothesis,mapping_hypothesis,Sampradāna,Karma,no,yes,yes,yes
dev-s279,1,"बारू के मुताबिक, वीरेंद्र दयाल समिति वोल्कर रिपोर्ट से संबंधित तथ्यों और आंकड़ों को एकत्र करने के लिए संयुक्त राष्ट्र व अन्य सदस्य देशों की यात्रा करेगी ।",समिति,nsubj,compound,,,,,mapping_hypothesis,no_decision,Kartā,,no,yes,yes,no
dev-s28,1,भगवान बुद्ध के महापरिनिर्वाण के बाद 16 महाजनपदों में उनकी अस्‍थियों और भस्‍म को बाँट दिया गया ।,अस्‍थियों,iobj,obj,को,को,R5,R5,ambiguous,ambiguous,Karma|Sampradāna,Karma|Sampradāna,no,yes,yes,yes
dev-s280,1,जबकि पाठक की अगुआई में आयोग दयाल समिति के जुटाए गए तथ्यों के आधार पर जांच करेगा ।,आयोग,nsubj,compound,,,,,mapping_hypothesis,no_decision,Kartā,,no,yes,yes,no
dev-s280,1,जबकि पाठक की अगुआई में आयोग दयाल समिति के जुटाए गए तथ्यों के आधार पर जांच करेगा ।,समिति,nmod,nsubj:pass,के,के,,,no_decision,no_decision,,,no,yes,yes,yes
dev-s283,1,हालांकि ईडी और आयकर विभाग ने अंदलीब से रविवार को ८ घंटे तक पूछताछ की थी लेकिन अंदलीब ने इस नोटिस के जवाब में खुद को पेश किया ।,अंदलीब,iobj,obj,से,से,,,mapping_hypothesis,mapping_hypothesis,Sampradāna,Karma,no,yes,yes,yes
dev-s284,1,इस बीच नटवर ने वोल्कर रिपोर्ट को मृत रिपोर्ट का दर्जा दिया ।,दर्जा,obj,compound,,,,,mapping_hypothesis,no_decision,Karma,,no,yes,yes,no
dev-s285,1,उन्होंने कहा कि पॉल वोल्कर ने जब खुद स्वीकार किया कि उन्होंने कोफी अन्नान को संकट से उबारने के लिए इसकी भाषा में फेरबदल किया तो इससे इसकी गंभीरता का अंदाजा लगाया जा सकता है ।,अन्नान,nsubj,obj,को,को,,R5,mapping_hypothesis,ambiguous,Kartā,Karma|Sampradāna,no,yes,no,no
dev-s285,1,उन्होंने कहा कि पॉल वोल्कर ने जब खुद स्वीकार किया कि उन्होंने कोफी अन्नान को संकट से उबारने के लिए इसकी भाषा में फेरबदल किया तो इससे इसकी गंभीरता का अंदाजा लगाया जा सकता है ।,किया,acl:relcl,obj,,,,,no_decision,mapping_hypothesis,,Karma,no,yes,yes,no
dev-s285,2,उन्होंने कहा कि पॉल वोल्कर ने जब खुद स्वीकार किया कि उन्होंने कोफी अन्नान को संकट से उबारने के लिए इसकी भाषा में फेरबदल किया तो इससे इसकी गंभीरता का अंदाजा लगाया जा सकता है ।,किया,obj,advcl,,,,,mapping_hypothesis,no_decision,Karma,,no,yes,yes,no
dev-s285,1,उन्होंने कहा कि पॉल वोल्कर ने जब खुद स्वीकार किया कि उन्होंने कोफी अन्नान को संकट से उबारने के लिए इसकी भाषा में फेरबदल किया तो इससे इसकी गंभीरता का अंदाजा लगाया जा सकता है ।,खुद,nmod,iobj,,,,,no_decision,mapping_hypothesis,,Sampradāna,no,yes,yes,no
dev-s285,1,उन्होंने कहा कि पॉल वोल्कर ने जब खुद स्वीकार किया कि उन्होंने कोफी अन्नान को संकट से उबारने के लिए इसकी भाषा में फेरबदल किया तो इससे इसकी गंभीरता का अंदाजा लगाया जा सकता है ।,तो,obl,mark,,,,,mapping_hypothesis,no_decision,Adhikaraṇa|Apādāna|Karaṇa,,no,yes,yes,no
dev-s285,1,उन्होंने कहा कि पॉल वोल्कर ने जब खुद स्वीकार किया कि उन्होंने कोफी अन्नान को संकट से उबारने के लिए इसकी भाषा में फेरबदल किया तो इससे इसकी गंभीरता का अंदाजा लगाया जा सकता है ।,संकट,obj,obl,से,से,,R4,mapping_hypothesis,ambiguous,Karma,Karaṇa|Apādāna,no,yes,no,no
dev-s286,1,जनता दल (यूनाइटेड) के नेतृत्व वाली बिहार सरकार ने मंगलवार को सुप्रीम कोर्ट से कहा कि वह केंद्रीय मंत्री और राजद नेता मोहम्मद तस्लीमुद्दीन पर लगे हत्या के प्रयास के अभियोग को नहीं हटाना चाहती ।,केंद्रीय,compound,amod,,,,,no_decision,no_decision,,,no,yes,yes,yes
dev-s286,1,जनता दल (यूनाइटेड) के नेतृत्व वाली बिहार सरकार ने मंगलवार को सुप्रीम कोर्ट से कहा कि वह केंद्रीय मंत्री और राजद नेता मोहम्मद तस्लीमुद्दीन पर लगे हत्या के प्रयास के अभियोग को नहीं हटाना चाहती ।,तस्लीमुद्दीन,obl,conj,पर,पर,R3,,confirmed,no_decision,Adhikaraṇa,,no,yes,no,no
dev-s286,1,जनता दल (यूनाइटेड) के नेतृत्व वाली बिहार सरकार ने मंगलवार को सुप्रीम कोर्ट से कहा कि वह केंद्रीय मंत्री और राजद नेता मोहम्मद तस्लीमुद्दीन पर लगे हत्या के प्रयास के अभियोग को नहीं हटाना चाहती ।,नेता,conj,nmod,,,,,no_decision,no_decision,,,no,yes,yes,yes
dev-s286,1,जनता दल (यूनाइटेड) के नेतृत्व वाली बिहार सरकार ने मंगलवार को सुप्रीम कोर्ट से कहा कि वह केंद्रीय मंत्री और राजद नेता मोहम्मद तस्लीमुद्दीन पर लगे हत्या के प्रयास के अभियोग को नहीं हटाना चाहती ।,मंत्री,nmod,obl,,,,,no_decision,mapping_hypothesis,,Adhikaraṇa|Apādāna|Karaṇa,no,yes,yes,no
dev-s287,1,राज्य सरकार का कहना है कि यह आरोप बहुत ही गंभीर और गैर जमानती किस्म का है ।,आरोप,obj,nsubj,,,,,mapping_hypothesis,mapping_hypothesis,Karma,Kartā,no,yes,yes,yes
dev-s287,1,राज्य सरकार का कहना है कि यह आरोप बहुत ही गंभीर और गैर जमानती किस्म का है ।,किस्म,nmod,conj,का,का,,,no_decision,no_decision,,,no,yes,yes,yes
dev-s287,1,राज्य सरकार का कहना है कि यह आरोप बहुत ही गंभीर और गैर जमानती किस्म का है ।,गंभीर,amod,obj,,,,,no_decision,mapping_hypothesis,,Karma,no,yes,yes,no
dev-s288,1,पिछले साल बिहार में सत्ता परिवर्तन के बाद जद (यू) और भाजपा गठबंधन की सरकार आने पर उसने इस मामले पर अपना रुख स्पष्ट किया ।,गठबंधन,conj,nmod,,की,,,no_decision,no_decision,,,no,no,yes,yes
dev-s288,1,पिछले साल बिहार में सत्ता परिवर्तन के बाद जद (यू) और भाजपा गठबंधन की सरकार आने पर उसने इस मामले पर अपना रुख स्पष्ट किया ।,भाजपा,nmod,conj,,,,,no_decision,no_decision,,,no,yes,yes,yes
dev-s289,1,नितीश कुमार सरकार ने सुप्रीम कोर्ट को बताया कि वह विवादास्पद राजद नेता पर मुकदमा जारी रखने के पक्ष में है ।,कुमार,nmod,compound,,,,,no_decision,no_decision,,,no,yes,yes,yes
dev-s291,1,मंगलवार को अदालत में पेश किए गए नितीश कुमार सरकार के ताजा हलफनामे में कहा कि वह राबड़ी देवी शासन से इतर तस्लीमुद्दीन के खिलाफ मुकदमा जारी रखना चाहते हैं ।,देवी,nmod,compound,,,,,no_decision,no_decision,,,no,yes,yes,yes
dev-s295,1,ताजा हलफनामे में कहा गया कि तस्लीमुद्दीन के खिलाफ अभियोग बहुत गंभीर और गैर जमानती है ।,बहुत,advmod,det,,,,,no_decision,no_decision,,,no,yes,yes,yes
dev-s296,1,आर्थिक सर्वेक्षण २००३ - ०४ में शिक्षा और स्वास्थ्य को आर्थिक विकास की मानव पूंजी घोषित किया गया है और इसे विकास के बुनियादी ढांचे के बराबर का दर्जा दिया गया है ।,दर्जा,obj,compound,,,,,mapping_hypothesis,no_decision,Karma,,no,yes,yes,no
dev-s297,1,विकास की उच्च दर को हासिल करने और सामाजिक कल्याण को बढ़ावा देने के लिए इन बुनियादी क्षेत्रों का विकास जरूरी है ।,कल्याण,obj,iobj,को,को,R5,R5,ambiguous,ambiguous,Karma|Sampradāna,Karma|Sampradāna,no,yes,yes,yes
dev-s298,1,गरीबी की जड़ अशिक्षा है और यदि २००७ तक गरीबी में ५ फीसदी की कमी लानी है तो शिक्षा और स्वास्थ्य पर निवेश में बढ़ोतरी करनी होगी ।,कमी,obj,compound,,,,,mapping_hypothesis,no_decision,Karma,,no,yes,yes,no
dev-s299,1,सर्वेक्षण में कहा गया है कि न्यूनतम साझा कार्यक्रम के अनुरूप शिक्षा पर व्यय को चरणबद्ध तरीके से बढ़ाकर जीडीपी का ६ फीसदी करने से सामाजिक क्षेत्र की काफी मुश्किलों का हल निकल आएगा ।,फीसदी,compound,acl,,,,,no_decision,no_decision,,,no,yes,yes,yes
dev-s299,1,सर्वेक्षण में कहा गया है कि न्यूनतम साझा कार्यक्रम के अनुरूप शिक्षा पर व्यय को चरणबद्ध तरीके से बढ़ाकर जीडीपी का ६ फीसदी करने से सामाजिक क्षेत्र की काफी मुश्किलों का हल निकल आएगा ।,हल,nsubj,compound,,,,,mapping_hypothesis,no_decision,Kartā,,no,yes,yes,no
dev-s3,1,"बौद्ध धर्मावलंबियों के अनुसार लुंबनी, बोधगया और सारनाथ के साथ ही इस स्‍थान का विशद् महत्‍व है ।",बौद्ध,nmod,compound,,,,,no_decision,no_decision,,,no,yes,yes,yes
dev-s300,2,इसलिए सरकार का विचार है कि राष्ट्रीय स्वास्थ्य नीति २००२ के तहत जन स्वास्थ्य में निवेश को जीडीपी के ०.९ फीसदी से बढ़ाकर २०१० तक जीडीपी के २.० फीसदी तक लाया जाए ।,फीसदी,obl,acl,तक,तक,,,mapping_hypothesis,no_decision,Adhikaraṇa|Apādāna|Karaṇa,,no,yes,yes,no
dev-s301,2,सर्वेक्षण में इस बात का खुलासा किया गया है कि वर्ष २००३ - ०४ के दौरान केंद्रीय स्वास्थ्य क्षेत्र की योजनाओं के लिए आबंटित रकम में २००२ - ०३ के मुकाबले कोई वृद्धि नहीं की गई ।,की,obj,acl,,,,,mapping_hypothesis,no_decision,Karma,,no,yes,yes,no
dev-s302,1,आर्थिक सर्वेक्षण २००३ - ०४ में कहा गया है कि राष्ट्रीय शिक्षा नीति १९८६ के तहत निरक्षरता को पूरी तरह से समाप्त करने हेतु एक व्यापक नीतिगत रूपरेखा तैयार की गई है और सकल घरेलू उत्पाद के ६ फीसदी की दर से शिक्षा पर खर्च करने का लक्ष्य निर्धारित किया गया है ।,सकल,amod,compound,,,,,no_decision,no_decision,,,no,yes,yes,yes
dev-s303,1,गौरतलब है कि वर्ष २००२ - ०३ के दौरान शिक्षा पर केंद्र और राज्य सरकार द्वारा कुल मिलाकर जीडीपी का मात्र ३ फीसदी ही व्यय किया गया ।,केंद्र,nmod,nsubj,,द्वारा,,,no_decision,mapping_hypothesis,,Kartā,no,no,yes,no
dev-s303,1,गौरतलब है कि वर्ष २००२ - ०३ के दौरान शिक्षा पर केंद्र और राज्य सरकार द्वारा कुल मिलाकर जीडीपी का मात्र ३ फीसदी ही व्यय किया गया ।,फीसदी,obj,nmod,,,,,mapping_hypothesis,no_decision,Karma,,no,yes,yes,no
dev-s303,1,गौरतलब है कि वर्ष २००२ - ०३ के दौरान शिक्षा पर केंद्र और राज्य सरकार द्वारा कुल मिलाकर जीडीपी का मात्र ३ फीसदी ही व्यय किया गया ।,राज्य,conj,compound,,,,,no_decision,no_decision,,,no,yes,yes,yes
dev-s303,1,गौरतलब है कि वर्ष २००२ - ०३ के दौरान शिक्षा पर केंद्र और राज्य सरकार द्वारा कुल मिलाकर जीडीपी का मात्र ३ फीसदी ही व्यय किया गया ।,सरकार,nsubj:pass,conj,द्वारा,,,,no_decision,no_decision,,,no,no,yes,yes
dev-s305,2,पहली बार जनसंख्या वृद्धि की तुलना में साक्षरता में अधिक वृद्धि हुई है और निरक्षर लोगों की संख्या घटने लगी है ।,वृद्धि,nsubj,compound,,,,,mapping_hypothesis,no_decision,Kartā,,no,yes,yes,no
dev-s306,1,साक्षरता की वृद्धि दर १९५१ के १८.३ फीसदी से नाटकीय रूप से बढ़कर २००१ में ६४.८ फीसदी हो गई ।,फीसदी,obl,nmod,से,से,R4,,ambiguous,no_decision,Karaṇa|Apādāna,,no,yes,no,no
dev-s307,1,वर्ष १९९१ - २००० के दौरान साक्षर लोगों की संख्या में ५९ फीसदी की दर से वृद्धि हुई जबकि इसी अवधि के दौरान साक्षरता में १२.६ फीसदी की रफ्तार से बढ़त हुई ।,बढ़त,nsubj,compound,,,,,mapping_hypothesis,no_decision,Kartā,,no,yes,yes,no
dev-s307,1,वर्ष १९९१ - २००० के दौरान साक्षर लोगों की संख्या में ५९ फीसदी की दर से वृद्धि हुई जबकि इसी अवधि के दौरान साक्षरता में १२.६ फीसदी की रफ्तार से बढ़त हुई ।,वृद्धि,nsubj,compound,,,,,mapping_hypothesis,no_decision,Kartā,,no,yes,yes,no
dev-s308,1,पहली बार ऐसा हुआ है कि महिला साक्षरता की दर पुरुषों को मात दे गई हो ।,दे,obj,acl,,,,,mapping_hypothesis,no_decision,Karma,,no,yes,yes,no
dev-s308,1,पहली बार ऐसा हुआ है कि महिला साक्षरता की दर पुरुषों को मात दे गई हो ।,पुरुषों,obj,iobj,को,को,R5,R5,ambiguous,ambiguous,Karma|Sampradāna,Karma|Sampradāna,no,yes,yes,yes
dev-s310,1,आर्थिक सर्वेक्षण २००३ - ०४ में कहा गया है कि प्राथमिक कक्षा में नामांकन के मामले में लड़कियां लड़कों से आगे रही है ।,आगे,case,compound,,,,,no_decision,no_decision,,,no,yes,yes,yes
dev-s310,1,आर्थिक सर्वेक्षण २००३ - ०४ में कहा गया है कि प्राथमिक कक्षा में नामांकन के मामले में लड़कियां लड़कों से आगे रही है ।,२००३,compound,nmod,,,,,no_decision,no_decision,,,no,yes,yes,yes
dev-s313,2,उच्च शिक्षा में विद्यार्थियों की संख्या बढ़ी है और १९९७ - ९८ के ७.२६ मिलियन से बढ़कर २००२ - ०३ में ९.२ मिलियन हो गई ।,मिलियन,nsubj,xcomp,,,,,mapping_hypothesis,no_decision,Kartā,,no,yes,yes,no
dev-s313,1,उच्च शिक्षा में विद्यार्थियों की संख्या बढ़ी है और १९९७ - ९८ के ७.२६ मिलियन से बढ़कर २००२ - ०३ में ९.२ मिलियन हो गई ।,१९९७,compound,nmod,,,,,no_decision,no_decision,,,no,yes,yes,yes
dev-s313,1,उच्च शिक्षा में विद्यार्थियों की संख्या बढ़ी है और १९९७ - ९८ के ७.२६ मिलियन से बढ़कर २००२ - ०३ में ९.२ मिलियन हो गई ।,२००२,compound,nmod,,,,,no_decision,no_decision,,,no,yes,yes,yes
dev-s314,1,इस दौरान उच्च शिक्षा में महिलाओं की भागीदारी बढ़ कर ४० फीसदी हो गई ।,फीसदी,nsubj,xcomp,,,,,mapping_hypothesis,no_decision,Kartā,,no,yes,yes,no
dev-s314,1,इस दौरान उच्च शिक्षा में महिलाओं की भागीदारी बढ़ कर ४० फीसदी हो गई ।,भागीदारी,compound,nsubj,,,,,no_decision,mapping_hypothesis,,Kartā,no,yes,yes,no
dev-s315,1,राष्ट्रीय जनता दल के अध्यक्ष व रेल मंत्री लालू प्रसाद यादव ने कहा है कि गोधरा मामले की फाइल दोबारा खोलने के विरोध में ही विपक्ष उन पर दबाव बना रहा है ।,दबाव,obj,compound,,,,,mapping_hypothesis,no_decision,Karma,,no,yes,yes,no
dev-s315,1,राष्ट्रीय जनता दल के अध्यक्ष व रेल मंत्री लालू प्रसाद यादव ने कहा है कि गोधरा मामले की फाइल दोबारा खोलने के विरोध में ही विपक्ष उन पर दबाव बना रहा है ।,फाइल,nsubj,obj,,,,,mapping_hypothesis,mapping_hypothesis,Kartā,Karma,no,yes,yes,yes
dev-s316,1,लालू ने कहा कि वह किसी के दबाव में आने वाले नहीं ।,आने,nmod,obj,,,,,no_decision,mapping_hypothesis,,Karma,no,yes,yes,no
dev-s316,1,लालू ने कहा कि वह किसी के दबाव में आने वाले नहीं ।,नहीं,obj,advmod,,,,,mapping_hypothesis,no_decision,Karma,,no,yes,yes,no
dev-s317,1,उन्होंने कहा कि गोधरा कांड में विभिन्न जांच रिपोर्टों का वह अध्ययन कर रहे हैं और दोषियों को किसी भी सूरत में बख्शा नहीं जाएगा ।,दोषियों,nsubj:pass,obj,को,को,,R5,no_decision,ambiguous,,Karma|Sampradāna,no,yes,no,no
dev-s318,1,मनमोहन सिंह सरकार में दागी मंत्रियों पर विपक्ष के विरोध से क्षुब्ध लालू ने राष्ट्रीय जनतांत्रिक गठबंधन पर 'दोहरे मानक' अपनाने का आरोप लगाया ।,दोहरे,det,amod,,,,,no_decision,no_decision,,,no,yes,yes,yes
dev-s32,1,हालाँकि स्‍थानीय वाशिंदों में यह रामाभार स्‍तूप के नाम से ही आज भी जाना जाता है ।,जाता,aux,aux:pass,,,,,no_decision,no_decision,,,no,yes,yes,yes
dev-s32,1,हालाँकि स्‍थानीय वाशिंदों में यह रामाभार स्‍तूप के नाम से ही आज भी जाना जाता है ।,यह,nsubj,obj,,,,,mapping_hypothesis,mapping_hypothesis,Kartā,Karma,no,yes,yes,yes
dev-s327,1,"लोकसभा में बहस के दौरान प्रधानमंत्री वाजपेयी ने अपने मंत्रियों लालकृष्ण आडवाणी, डॉ मुरली मनोहर जोशी और उमा भारती का खुलकर बचाव किया था ।",आडवाणी,nmod,obj,का,,,,no_decision,mapping_hypothesis,,Karma,no,no,yes,no
dev-s327,1,"लोकसभा में बहस के दौरान प्रधानमंत्री वाजपेयी ने अपने मंत्रियों लालकृष्ण आडवाणी, डॉ मुरली मनोहर जोशी और उमा भारती का खुलकर बचाव किया था ।",खुलकर,advmod,advcl,,,,,no_decision,no_decision,,,no,yes,yes,yes
dev-s328,1,"वाजपेयी ने कहा था, जिन मंत्रियों को मंत्रिमंडल से हटाने की बात की जा रही है, उनके त्यागपत्र लेने का सवाल ही नहीं पैदा होता है ।",त्यागपत्र,obj,compound,,,,,mapping_hypothesis,no_decision,Karma,,no,yes,yes,no
dev-s328,1,"वाजपेयी ने कहा था, जिन मंत्रियों को मंत्रिमंडल से हटाने की बात की जा रही है, उनके त्यागपत्र लेने का सवाल ही नहीं पैदा होता है ।",नहीं,obl,advmod,,,,,mapping_hypothesis,no_decision,Adhikaraṇa|Apādāna|Karaṇa,,no,yes,yes,no
dev-s33,1,महापरिनिर्वाण मंदिर के उत्तर में मौजूद जापानी मंदिर अपने विशिष्‍ट वास्‍तु के लिए प्रसिद्ध है ।,महापरिनिर्वाण,nmod,compound,,,,,no_decision,no_decision,,,no,yes,yes,yes
dev-s330,1,"वहीं राज्यसभा में वाजपेयी ने कहा, 'मंत्री नियुक्त करना मेरी जिम्मेदारी है और प्रधानमंत्री के नाते त्यागपत्र लेना भी मेरी जिम्मेदारी है ।",त्यागपत्र,obj,compound,,,,,mapping_hypothesis,no_decision,Karma,,no,yes,yes,no
dev-s331,1,क्या सदन तय करेगा कि किसे मंत्री होना चाहिए,मंत्री,compound,xcomp,,,,,no_decision,no_decision,,,no,yes,yes,yes
dev-s332,1,वाजपेयी के बयानों का हवाला देते हुए लालू ने कहा कि राजग के प्रधानमंत्री जहां अपने मंत्रियों का बचाव कर रहे थे वहीं अब वे हमारे इस्तीफे की मांग कर रहे हैं ।,वहीं,advmod,obl,,,,,no_decision,mapping_hypothesis,,Adhikaraṇa|Apādāna|Karaṇa,no,yes,yes,no
dev-s332,1,वाजपेयी के बयानों का हवाला देते हुए लालू ने कहा कि राजग के प्रधानमंत्री जहां अपने मंत्रियों का बचाव कर रहे थे वहीं अब वे हमारे इस्तीफे की मांग कर रहे हैं ।,हवाला,obj,compound,,,,,mapping_hypothesis,no_decision,Karma,,no,yes,yes,no
dev-s334,1,लालू ने विपक्ष को चेतावनी दी है कि वे अपनी मुहिम खत्म करें वरना वह भी उनके दोहरे चरित्र का पर्दाफाश करेंगे ।,दोहरे,det,amod,,,,,no_decision,no_decision,,,no,yes,yes,yes
dev-s335,1,कारगिल युद्ध के बारे में गठित सुब्रह्मण्यम समिति की रिपोर्ट को खारिज करते हुए अवकाश प्राप्त ब्रिगेडियर सुरिंदर सिंह ने आरोप लगाया है कि सामरिक दृष्टिकोण से महत्वपूर्ण द्रास सेक्टर की एक महत्वपूर्ण चौकी अब भी पाकिस्तान के कब्जे में है ।,करते,acl,advcl,,,,,no_decision,no_decision,,,no,yes,yes,yes
dev-s336,1,कारगिल क्षेत्र में पाकिस्तानी घुसपैठ के बारे में सबसे पहले जानकारी देने वाले अवकाश प्राप्त ब्रिगेडियर सुरिंदर सिंह ने कहा है कि टाइगर हिल के निकट नियंत्रण रेखा के ३०० मीटर अंदर स्थित प्वाइंट ५३५३ अब भी पाकिस्तान के कब्जे में है ।,प्वाइंट,compound,nmod,,,,,no_decision,no_decision,,,no,yes,yes,yes
dev-s338,1,ब्रिगेडियर सिंह ने सुब्रह्मण्यम समिति की रिपोर्ट की किसी निवर्तमान जज से जांच कराने की मांग की है ।,जज,iobj,obl,से,से,,R4,mapping_hypothesis,ambiguous,Sampradāna,Karaṇa|Apādāna,no,yes,no,no
dev-s339,1,ब्रिगेडियर सिंह ने आरोप लगाया है कि इस समिति का गठन सरकार की विफलता को छिपाने के साथ - साथ वरिष्ठ अधिकारियों को बचाने के लिए किया गया था ।,आरोप,obj,compound,,,,,mapping_hypothesis,no_decision,Karma,,no,yes,yes,no
dev-s339,1,ब्रिगेडियर सिंह ने आरोप लगाया है कि इस समिति का गठन सरकार की विफलता को छिपाने के साथ - साथ वरिष्ठ अधिकारियों को बचाने के लिए किया गया था ।,किया,acl,obj,,,,,no_decision,mapping_hypothesis,,Karma,no,yes,yes,no
dev-s34,1,अर्द्धगोलाकर इस मंदिर में भगवान बुद्ध की अष्‍टधातु की मूर्ति है ।,अर्द्धगोलाकर,amod,nsubj,,,,,no_decision,mapping_hypothesis,,Kartā,no,yes,yes,no
dev-s340,1,लड़ाई के दिनों को याद करते हुए ब्रिगेडियर सिंह ने कहा कि टाइगर हिल और तोलोलिंग पर हमले के दौरान पाकिस्तानी सैनिकों ने प्वाइंट ५३५३ से हमारी सेना पर काफी गोलीबारी की थी ।,करते,acl,advcl,,,,,no_decision,no_decision,,,no,yes,yes,yes
dev-s340,1,लड़ाई के दिनों को याद करते हुए ब्रिगेडियर सिंह ने कहा कि टाइगर हिल और तोलोलिंग पर हमले के दौरान पाकिस्तानी सैनिकों ने प्वाइंट ५३५३ से हमारी सेना पर काफी गोलीबारी की थी ।,प्वाइंट,compound,nmod,,,,,no_decision,no_decision,,,no,yes,yes,yes
dev-s341,1,उन्होंने कहा कि उपग्रह के चित्रों से भी यह पता चला है कि पाकिस्तानी सेना ने इस चौकी पर अपना कब्जा जमाया हुआ है ।,यह,obj,nsubj,,,,,mapping_hypothesis,mapping_hypothesis,Karma,Kartā,no,yes,yes,yes
dev-s342,1,ब्रितानी हुकूमत की ग्रीष्मकालीन राजधानी रही शिमला की शीतल बयार में फुरसत के दिन गुजारने आई प्रियंका गांधी वढेरा ने सोमवार को रिट्रीट के दीदार करने की हसरत पूरी कर ली ।,गांधी,compound,nmod,,,,,no_decision,no_decision,,,no,yes,yes,yes
dev-s342,1,ब्रितानी हुकूमत की ग्रीष्मकालीन राजधानी रही शिमला की शीतल बयार में फुरसत के दिन गुजारने आई प्रियंका गांधी वढेरा ने सोमवार को रिट्रीट के दीदार करने की हसरत पूरी कर ली ।,राजधानी,obj,nsubj,,,,,mapping_hypothesis,mapping_hypothesis,Karma,Kartā,no,yes,yes,yes
dev-s344,1,वह उस हैलीपेड को भी निहारना नहीं भूलीं जिसकी यादें उनके पापा यानि राजीव गांधी से जुड़ी हैं ।,गांधी,obj,conj,से,से,,,mapping_hypothesis,no_decision,Karma,,no,yes,yes,no
dev-s344,1,वह उस हैलीपेड को भी निहारना नहीं भूलीं जिसकी यादें उनके पापा यानि राजीव गांधी से जुड़ी हैं ।,पापा,nmod,obl,,,,,no_decision,mapping_hypothesis,,Adhikaraṇa|Apādāna|Karaṇa,no,yes,yes,no
dev-s346,1,होटल वाइल्ड फ्लावर हॉल से कुछ फासले पर स्थित रिट्रीट को राष्ट्रपति के ग्रीष्मकालीन रिहाइश के तौर पर जाना जाता है ।,रिट्रीट,nsubj:pass,obj,को,को,,R5,no_decision,ambiguous,,Karma|Sampradāna,no,yes,no,no
dev-s346,1,होटल वाइल्ड फ्लावर हॉल से कुछ फासले पर स्थित रिट्रीट को राष्ट्रपति के ग्रीष्मकालीन रिहाइश के तौर पर जाना जाता है ।,होटल,nmod,compound,,,,,no_decision,no_decision,,,no,yes,yes,yes
dev-s348,1,प्रियंका की दादी पूर्व प्रधानमंत्री स्व. इंदिरा गांधी और पिता स्व. राजीव गांधी की रिट्रीट सर्वाधिक पसंदीदा जगहों में से रही है ।,स्व.,amod,compound,,,,,no_decision,no_decision,,,no,yes,yes,yes
dev-s348,2,प्रियंका की दादी पूर्व प्रधानमंत्री स्व. इंदिरा गांधी और पिता स्व. राजीव गांधी की रिट्रीट सर्वाधिक पसंदीदा जगहों में से रही है ।,स्व.,amod,compound,,,,,no_decision,no_decision,,,no,yes,yes,yes
dev-s351,1,पता चला है कि प्रियंका देवदार के घने जंगलों के बीच फैले खूबसूरत रिट्रीट भवन परिसर में टहलीं ।,टहलीं,obj,nsubj,,,,,mapping_hypothesis,mapping_hypothesis,Karma,Kartā,no,yes,yes,yes
dev-s351,1,पता चला है कि प्रियंका देवदार के घने जंगलों के बीच फैले खूबसूरत रिट्रीट भवन परिसर में टहलीं ।,प्रियंका,nsubj,nmod,,,,,mapping_hypothesis,no_decision,Kartā,,no,yes,yes,no
dev-s351,1,पता चला है कि प्रियंका देवदार के घने जंगलों के बीच फैले खूबसूरत रिट्रीट भवन परिसर में टहलीं ।,रिट्रीट,nmod,compound,,,,,no_decision,no_decision,,,no,yes,yes,yes
dev-s353,1,वह उस हेलीपैड को निहारना भी नहीं भूलीं जिसकी यादें उनके पिता के शौक से जुड़ी हैं ।,निहारना,advcl,obj,,,,,no_decision,mapping_hypothesis,,Karma,no,yes,yes,no
dev-s353,1,वह उस हेलीपैड को निहारना भी नहीं भूलीं जिसकी यादें उनके पिता के शौक से जुड़ी हैं ।,शौक,obj,obl,से,से,,R4,mapping_hypothesis,ambiguous,Karma,Karaṇa|Apādāna,no,yes,no,no
dev-s354,1,बताते हैं कि विमान उड़ाने के शौकीन राजीव की पहल पर ही हेलीपैड के दिन बहुतेरे थे ।,उड़ाने,advcl,nmod,,,,,no_decision,no_decision,,,no,yes,yes,yes
dev-s355,1,कल्याणी के नाम से जाना जाने वाला यह हेलीपैड दर्शनीय है ।,जाने,aux,aux:pass,,,,,no_decision,no_decision,,,no,yes,yes,yes
dev-s356,1,इस हेलीपैड पर प्रियंका के पिता उड़ान भी भर चुके हैं ।,उड़ान,compound,obj,,,,,no_decision,mapping_hypothesis,,Karma,no,yes,yes,no
dev-s357,1,रिट्रीट की निर्जन दुनिया से निकलकर प्रियंका दोपहर तक होटल वापस लौट आई ।,निकलकर,acl,advcl,,,,,no_decision,no_decision,,,no,yes,yes,yes
dev-s360,1,मंगलवार को प्रियंका के लौट जाने की संभावना है ।,मंगलवार,nmod,obl,को,को,,,no_decision,mapping_hypothesis,,Adhikaraṇa|Apādāna|Karaṇa,no,yes,yes,no
dev-s365,1,कांग्रेस के खुर्राट नेताओं ने भी प्रियंका की नितांत निजी यात्रा में दखलंदाजी करने से परहेज किया ।,करने,obj,advcl,,,,,mapping_hypothesis,no_decision,Karma,,no,yes,yes,no
dev-s365,1,कांग्रेस के खुर्राट नेताओं ने भी प्रियंका की नितांत निजी यात्रा में दखलंदाजी करने से परहेज किया ।,नितांत,compound,amod,,,,,no_decision,no_decision,,,no,yes,yes,yes
dev-s367,1,हालांकि चर्चाएं तो ये भी थीं कि मुख्यमंत्री व पीसीसी चीफ वढ़ेरा दंपत्ति को भोज की दावत दे सकते हैं ।,चीफ,conj,compound,,,,,no_decision,no_decision,,,no,yes,yes,yes
dev-s367,1,हालांकि चर्चाएं तो ये भी थीं कि मुख्यमंत्री व पीसीसी चीफ वढ़ेरा दंपत्ति को भोज की दावत दे सकते हैं ।,दंपत्ति,iobj,conj,को,को,R5,,ambiguous,no_decision,Karma|Sampradāna,,no,yes,no,no
dev-s367,1,हालांकि चर्चाएं तो ये भी थीं कि मुख्यमंत्री व पीसीसी चीफ वढ़ेरा दंपत्ति को भोज की दावत दे सकते हैं ।,दावत,obj,compound,,,,,mapping_hypothesis,no_decision,Karma,,no,yes,yes,no
dev-s367,1,हालांकि चर्चाएं तो ये भी थीं कि मुख्यमंत्री व पीसीसी चीफ वढ़ेरा दंपत्ति को भोज की दावत दे सकते हैं ।,वढ़ेरा,nmod,compound,,,,,no_decision,no_decision,,,no,yes,yes,yes
dev-s368,1,गत रात्रि से मनाली की ऊंची चोटियों पर हिमपात व निचले क्षेत्रों में बारिश होने से समूचा क्षेत्र ठंड की चपेट में आ गया है ।,क्षेत्र,obl,nsubj,,,,,mapping_hypothesis,mapping_hypothesis,Adhikaraṇa|Apādāna|Karaṇa,Kartā,no,yes,yes,yes
dev-s368,1,गत रात्रि से मनाली की ऊंची चोटियों पर हिमपात व निचले क्षेत्रों में बारिश होने से समूचा क्षेत्र ठंड की चपेट में आ गया है ।,क्षेत्रों,nmod,conj,में,,,,no_decision,no_decision,,,no,no,yes,yes
dev-s368,1,गत रात्रि से मनाली की ऊंची चोटियों पर हिमपात व निचले क्षेत्रों में बारिश होने से समूचा क्षेत्र ठंड की चपेट में आ गया है ।,चोटियों,nmod,obl,पर,पर,,R3,no_decision,confirmed,,Adhikaraṇa,no,yes,no,no
dev-s368,1,गत रात्रि से मनाली की ऊंची चोटियों पर हिमपात व निचले क्षेत्रों में बारिश होने से समूचा क्षेत्र ठंड की चपेट में आ गया है ।,बारिश,conj,compound,,,,,no_decision,no_decision,,,no,yes,yes,yes
dev-s368,1,गत रात्रि से मनाली की ऊंची चोटियों पर हिमपात व निचले क्षेत्रों में बारिश होने से समूचा क्षेत्र ठंड की चपेट में आ गया है ।,हिमपात,compound,obl,,में,,R2,no_decision,confirmed,,Adhikaraṇa,no,no,no,no
dev-s369,1,"रविवार की रात से ही मनाली की हामटा पास, रोहतांग पास, लद्दाखी पीक, देऊ टिब्बा, चंद्रखणी जोत, पतालसु पीक, मनाली पीक, हनुमान टिब्बा, ब्यास कुंड, शिरघण तुंग, शलीणधार, ७ सिस्टर पीक, फ्रेंडशिप पीक तथा पीर पंजाल श्रृंखलाओं की अनेकों चोटियों पर ताजा हिमपात हुआ ।",अनेकों,det,nummod,,,,,no_decision,no_decision,,,no,yes,yes,yes
dev-s369,1,"रविवार की रात से ही मनाली की हामटा पास, रोहतांग पास, लद्दाखी पीक, देऊ टिब्बा, चंद्रखणी जोत, पतालसु पीक, मनाली पीक, हनुमान टिब्बा, ब्यास कुंड, शिरघण तुंग, शलीणधार, ७ सिस्टर पीक, फ्रेंडशिप पीक तथा पीर पंजाल श्रृंखलाओं की अनेकों चोटियों पर ताजा हिमपात हुआ ।",पास,nmod,obl,,,,,no_decision,mapping_hypothesis,,Adhikaraṇa|Apādāna|Karaṇa,no,yes,yes,no
dev-s370,1,ताजा हिमपात होने से घाटी के तापमान में गिरावट आने के कारण लोगों ने गर्म वस्त्र पहनने शुरू कर दिए ।,हिमपात,compound,nsubj,,,,,no_decision,mapping_hypothesis,,Kartā,no,yes,yes,no
dev-s371,1,जबकि मनाली में घूमने आए पर्यटक अपने होटल के कमरों से बाहर होटल के प्रांगण में निकले और बारिश में भीगकर बारिश की भीनी - भीनी बूंदों का मजा लेने लगे ।,घूमने,obl,advcl,,,,,mapping_hypothesis,no_decision,Adhikaraṇa|Apādāna|Karaṇa,,no,yes,yes,no
dev-s371,1,जबकि मनाली में घूमने आए पर्यटक अपने होटल के कमरों से बाहर होटल के प्रांगण में निकले और बारिश में भीगकर बारिश की भीनी - भीनी बूंदों का मजा लेने लगे ।,भीनी,amod,compound,,,,,no_decision,no_decision,,,no,yes,yes,yes
dev-s371,2,जबकि मनाली में घूमने आए पर्यटक अपने होटल के कमरों से बाहर होटल के प्रांगण में निकले और बारिश में भीगकर बारिश की भीनी - भीनी बूंदों का मजा लेने लगे ।,भीनी,compound,amod,,,,,no_decision,no_decision,,,no,yes,yes,yes
dev-s372,1,वहीं स्थानीय लोगों के लिए यह बारिश वरदान से कम नहीं मानी जा रही है क्योंकि सेब की अच्छी फसल के लिए समय - समय पर बारिश का होना जरूरी माना जाता है ।,जरूरी,compound,acl,,,,,no_decision,no_decision,,,no,yes,yes,yes
dev-s373,1,वहीं पर पशुओं के चारे व अन्य फसलों की बिजाई के लिए यह बारिश अति उत्तम मानी जा रही है ।,पर,case,cc,,,,,no_decision,no_decision,,,no,yes,yes,yes
dev-s373,1,वहीं पर पशुओं के चारे व अन्य फसलों की बिजाई के लिए यह बारिश अति उत्तम मानी जा रही है ।,बारिश,obj,nsubj:pass,,,,,mapping_hypothesis,no_decision,Karma,,no,yes,yes,no
dev-s374,1,समय - समय पर हो रही बारिश तथा तापमान की अनुकूलता के कारण इस वर्ष अच्छी फसल होने की उम्मीद जताई जा रही है ।,फसल,compound,nsubj,,,,,no_decision,mapping_hypothesis,,Kartā,no,yes,yes,no
dev-s375,1,गत रात्रि से ही घाटी में काले बादल मंडराने शुरू हो गए थे मगर घाटी में इंद्रदेव की नाराजगी से बारिश की हल्की - हल्की बौछारें शुरू हुई ।,हल्की,amod,compound,,,,,no_decision,no_decision,,,no,yes,yes,yes
dev-s375,2,गत रात्रि से ही घाटी में काले बादल मंडराने शुरू हो गए थे मगर घाटी में इंद्रदेव की नाराजगी से बारिश की हल्की - हल्की बौछारें शुरू हुई ।,हल्की,compound,amod,,,,,no_decision,no_decision,,,no,yes,yes,yes
dev-s376,1,प्राप्त सूत्रों के अनुसार घाटी के ऊंचे क्षेत्रों में ड्रिलबु पीक व संमजोतर पीक में हल्का हिमपात होने से घाटी के तापमान पर काफी गिरावट दर्ज की गई जिससे घाटी के लोगों ने पुनः गर्म कपड़ों को पहनना शुरू कर दिया ।,हिमपात,obj,nsubj,,,,,mapping_hypothesis,mapping_hypothesis,Karma,Kartā,no,yes,yes,yes
dev-s377,1,श्रीराम जन्मभूमि मंदिर - बाबरी मस्जिद प्रकरण के सर्वमान्य समाधान के लिए ऑल इंडिया मुस्लिम पर्सनल लॉ बोर्ड से नए प्रस्तावों के तहत बातचीत की तैयारी है ।,तैयारी,compound,root,,,,,no_decision,no_decision,,,no,yes,yes,yes
dev-s377,1,श्रीराम जन्मभूमि मंदिर - बाबरी मस्जिद प्रकरण के सर्वमान्य समाधान के लिए ऑल इंडिया मुस्लिम पर्सनल लॉ बोर्ड से नए प्रस्तावों के तहत बातचीत की तैयारी है ।,प्रस्तावों,obl,nmod,के,के,,,mapping_hypothesis,no_decision,Adhikaraṇa|Apādāna|Karaṇa,,no,yes,yes,no
dev-s377,1,श्रीराम जन्मभूमि मंदिर - बाबरी मस्जिद प्रकरण के सर्वमान्य समाधान के लिए ऑल इंडिया मुस्लिम पर्सनल लॉ बोर्ड से नए प्रस्तावों के तहत बातचीत की तैयारी है ।,बोर्ड,obl,nmod,से,से,R4,,ambiguous,no_decision,Karaṇa|Apādāna,,no,yes,no,no
dev-s377,1,श्रीराम जन्मभूमि मंदिर - बाबरी मस्जिद प्रकरण के सर्वमान्य समाधान के लिए ऑल इंडिया मुस्लिम पर्सनल लॉ बोर्ड से नए प्रस्तावों के तहत बातचीत की तैयारी है ।,मस्जिद,nmod,compound,,,,,no_decision,no_decision,,,no,yes,yes,yes
dev-s377,1,श्रीराम जन्मभूमि मंदिर - बाबरी मस्जिद प्रकरण के सर्वमान्य समाधान के लिए ऑल इंडिया मुस्लिम पर्सनल लॉ बोर्ड से नए प्रस्तावों के तहत बातचीत की तैयारी है ।,समाधान,obl,nmod,के,के,,,mapping_hypothesis,no_decision,Adhikaraṇa|Apādāna|Karaṇa,,no,yes,yes,no
dev-s377,1,श्रीराम जन्मभूमि मंदिर - बाबरी मस्जिद प्रकरण के सर्वमान्य समाधान के लिए ऑल इंडिया मुस्लिम पर्सनल लॉ बोर्ड से नए प्रस्तावों के तहत बातचीत की तैयारी है ।,है,root,cop,,,,,no_decision,no_decision,,,no,yes,yes,yes
dev-s380,1,बोर्ड से बातचीत के लिए नए प्रस्ताव पर चर्चा को अयोध्या में इसी माह के तीसरे हफ्ते बैठक होने वाली है ।,चर्चा,iobj,obj,को,को,R5,R5,ambiguous,ambiguous,Karma|Sampradāna,Karma|Sampradāna,no,yes,yes,yes
dev-s383,1,शंकराचार्य की जिन लोगों से आमने - सामने बात नहीं हो पाई उनसे दूरभाष पर संपर्क करके अयोध्या प्रकरण के समाधान पर सक्रिय योगदान देने के लिए भी कहा है ।,योगदान,compound,obj,,,,,no_decision,mapping_hypothesis,,Karma,no,yes,yes,no
dev-s386,1,"इसमें सदस्य के तौर पर अयोध्या से विमलेंद्र मोहन प्रताप मिश्र, फैजाबाद से खालिक अहमद खान, चेन्नई से शंकराचार्य के प्रमुख सचिव सुंदर, अहमदाबाद से कृष्ण कुमार सिंघल व नई दिल्ली से अयोध्या जामा मस्जिद ट्रस्ट के अध्यक्ष व प्रबंध न्यासी अल्लामा सैयद असगर अब्बास रिजवी नामित किए गए हैं ।",अध्यक्ष,nmod,conj,,,,,no_decision,no_decision,,,no,yes,yes,yes
dev-s386,1,"इसमें सदस्य के तौर पर अयोध्या से विमलेंद्र मोहन प्रताप मिश्र, फैजाबाद से खालिक अहमद खान, चेन्नई से शंकराचार्य के प्रमुख सचिव सुंदर, अहमदाबाद से कृष्ण कुमार सिंघल व नई दिल्ली से अयोध्या जामा मस्जिद ट्रस्ट के अध्यक्ष व प्रबंध न्यासी अल्लामा सैयद असगर अब्बास रिजवी नामित किए गए हैं ।",अयोध्या,nmod,obl,से,से,,R4,no_decision,ambiguous,,Karaṇa|Apādāna,no,yes,no,no
dev-s386,1,"इसमें सदस्य के तौर पर अयोध्या से विमलेंद्र मोहन प्रताप मिश्र, फैजाबाद से खालिक अहमद खान, चेन्नई से शंकराचार्य के प्रमुख सचिव सुंदर, अहमदाबाद से कृष्ण कुमार सिंघल व नई दिल्ली से अयोध्या जामा मस्जिद ट्रस्ट के अध्यक्ष व प्रबंध न्यासी अल्लामा सैयद असगर अब्बास रिजवी नामित किए गए हैं ।",न्यासी,conj,nmod,,,,,no_decision,no_decision,,,no,yes,yes,yes
dev-s387,1,रिजवी समिति के संयोजक बनाए गए हैं ।,रिजवी,nsubj:pass,compound,,,,,no_decision,no_decision,,,no,yes,yes,yes
dev-s387,1,रिजवी समिति के संयोजक बनाए गए हैं ।,संयोजक,xcomp,obj,,,,,no_decision,mapping_hypothesis,,Karma,no,yes,yes,no
dev-s39,1,"इसमें बुद्धकालीन वस्‍तुएं, धातुएं, कुशीनगर में खुदाई के दौरान पाई गई मूर्ति, सिक्‍के, बर्तन आदि रखे गए हैं ।",कुशीनगर,obl,nmod,में,में,R2,,confirmed,no_decision,Adhikaraṇa,,no,yes,no,no
dev-s390,2,"उन्होंने बताया कि विभिन्न दलों के नेताओं के साथ शंकराचार्य जी ने अखिल भारतीय इमाम संगठन के अध्यक्ष मौलाना जमील इलियासी, इस्लामिक कौंसिल आफ इंडिया के अध्यक्ष कारी मुहम्मद मियां मजहरी, सिया मौलाना सैयद कल्वे रुशेद, हेलाल कमेटी फैजाबाद के पदाधिकारी सहित देवबंद के खालिद अंसारी, ऑल इंडिया सिया कांफ्रेंस के सैयद जमीर सुल्तान सहित दूसरे मौलानाओं से भी विचार - विमर्श किया ।",मौलाना,nmod,compound,,,,,no_decision,no_decision,,,no,yes,yes,yes
dev-s390,1,"उन्होंने बताया कि विभिन्न दलों के नेताओं के साथ शंकराचार्य जी ने अखिल भारतीय इमाम संगठन के अध्यक्ष मौलाना जमील इलियासी, इस्लामिक कौंसिल आफ इंडिया के अध्यक्ष कारी मुहम्मद मियां मजहरी, सिया मौलाना सैयद कल्वे रुशेद, हेलाल कमेटी फैजाबाद के पदाधिकारी सहित देवबंद के खालिद अंसारी, ऑल इंडिया सिया कांफ्रेंस के सैयद जमीर सुल्तान सहित दूसरे मौलानाओं से भी विचार - विमर्श किया ।",मौलानाओं,obl,obj,से,से,R4,,ambiguous,mapping_hypothesis,Karaṇa|Apādāna,Karma,no,yes,no,no
dev-s391,1,अयोध्या विवाद के हल के लिए नए सिरे से ऑल इंडिया मुस्लिम पर्सनल लॉ बोर्ड से बातचीत की रणनीति भी है ।,सिरे,obl,nmod,से,से,R4,,ambiguous,no_decision,Karaṇa|Apādāna,,no,yes,no,no
dev-s392,1,इसके लिए प्रस्ताव पर चर्चा शुरू होने वाली है ।,चर्चा,obj,nsubj,,,,,mapping_hypothesis,mapping_hypothesis,Karma,Kartā,no,yes,yes,yes
dev-s393,1,यह समाधान प्रस्ताव ३० सितंबर २००४ तक तैयार हो जाने की उम्मीद है ।,समाधान,compound,nsubj,,,,,no_decision,mapping_hypothesis,,Kartā,no,yes,yes,no
dev-s396,1,श्री रिजवी बताते हैं कि समाधान प्रस्ताव सभी संबंधित पक्षों से विचार - विमर्श किया जाएगा तथा अंतिम तौर पर शंकराचार्य जी महाराज और ऑल इंडिया मुस्लिम पर्सनल लॉ बोर्ड के अध्यक्ष मौलाना नदवी साहब ही समाधान प्रस्ताव पर निर्णय करेंगे ।,पक्षों,obj,obl,से,से,,R4,mapping_hypothesis,ambiguous,Karma,Karaṇa|Apādāna,no,yes,no,no
dev-s396,1,श्री रिजवी बताते हैं कि समाधान प्रस्ताव सभी संबंधित पक्षों से विचार - विमर्श किया जाएगा तथा अंतिम तौर पर शंकराचार्य जी महाराज और ऑल इंडिया मुस्लिम पर्सनल लॉ बोर्ड के अध्यक्ष मौलाना नदवी साहब ही समाधान प्रस्ताव पर निर्णय करेंगे ।,प्रस्ताव,obl,obj,,,,,mapping_hypothesis,mapping_hypothesis,Adhikaraṇa|Apādāna|Karaṇa,Karma,no,yes,yes,yes
dev-s396,1,श्री रिजवी बताते हैं कि समाधान प्रस्ताव सभी संबंधित पक्षों से विचार - विमर्श किया जाएगा तथा अंतिम तौर पर शंकराचार्य जी महाराज और ऑल इंडिया मुस्लिम पर्सनल लॉ बोर्ड के अध्यक्ष मौलाना नदवी साहब ही समाधान प्रस्ताव पर निर्णय करेंगे ।,शंकराचार्य,nmod,compound,,,,,no_decision,no_decision,,,no,yes,yes,yes
dev-s397,1,वह बताते हैं कि समिति शंकराचार्य जी के प्रति उत्तरदायी होगी ।,उत्तरदायी,compound,xcomp,,,,,no_decision,no_decision,,,no,yes,yes,yes
dev-s4,1,"हिंदू राजाओं के काल में चीन से ह्वेन सांग, फाह्यान और इत्‍सिंग ने अपने यात्रा वृत्तांत में इस स्‍थान के गौरव का वर्णन किया है ।",हिंदू,amod,compound,,,,,no_decision,no_decision,,,no,yes,yes,yes
dev-s401,1,सम्मेलन में अयोध्या प्रकरण से जुड़े सभी पक्षों को आमंत्रित किया जाएगा ।,अयोध्या,nmod,compound,,,,,no_decision,no_decision,,,no,yes,yes,yes
dev-s402,1,समाधान प्रस्ताव को सम्मेलन में पारित करवाकर उसे प्रधानमंत्री सरदार मनमोहन सिंह को इस आशय से सौंपा जाएगा कि भारत सरकार उच्चतम न्यायालय में याचिका पर समाधान प्रक्रिया सुनिश्चित कर सके ।,उसे,obj,iobj,,,,,mapping_hypothesis,mapping_hypothesis,Karma,Sampradāna,no,yes,yes,yes
dev-s403,1,उन्होंने साफ किया कि इस विषयक की जानकारी के लिए शंकराचार्य जी के प्रमुख सचिव श्री सुंदर व समन्वय समिति के सदस्यगण ही अधिकृत प्रवक्ता हैं ।,सदस्यगण,conj,nsubj,,,,,no_decision,mapping_hypothesis,,Kartā,no,yes,yes,no
dev-s403,1,उन्होंने साफ किया कि इस विषयक की जानकारी के लिए शंकराचार्य जी के प्रमुख सचिव श्री सुंदर व समन्वय समिति के सदस्यगण ही अधिकृत प्रवक्ता हैं ।,समिति,nmod,conj,के,,,,no_decision,no_decision,,,no,no,yes,yes
dev-s403,1,उन्होंने साफ किया कि इस विषयक की जानकारी के लिए शंकराचार्य जी के प्रमुख सचिव श्री सुंदर व समन्वय समिति के सदस्यगण ही अधिकृत प्रवक्ता हैं ।,सुंदर,nsubj,nmod,,के,,,mapping_hypothesis,no_decision,Kartā,,no,no,yes,no
dev-s404,1,आर्थिक सर्वेक्षण में जताई गई आशंकाओं के बीच बृहस्पतिवार को पेश होने वाले केंद्रीय बजट में कुछ साहसी निर्णय लिए जाने की उम्मीद है ।,बजट,nmod,obl,में,में,,R2,no_decision,confirmed,,Adhikaraṇa,no,yes,no,no
dev-s405,1,सरकार वित्तीय घाटे और खर्च पर अंकुश लगाने के साथ वेतनभोगी वर्ग को टैक्स में राहत दे सकती है ।,अंकुश,obj,compound,,,,,mapping_hypothesis,no_decision,Karma,,no,yes,yes,no
dev-s405,1,सरकार वित्तीय घाटे और खर्च पर अंकुश लगाने के साथ वेतनभोगी वर्ग को टैक्स में राहत दे सकती है ।,राहत,obj,compound,,,,,mapping_hypothesis,no_decision,Karma,,no,yes,yes,no
dev-s405,1,सरकार वित्तीय घाटे और खर्च पर अंकुश लगाने के साथ वेतनभोगी वर्ग को टैक्स में राहत दे सकती है ।,लगाने,advcl,obl,,,,,no_decision,mapping_hypothesis,,Adhikaraṇa|Apādāna|Karaṇa,no,yes,yes,no
dev-s407,1,इस बात की पूरी उम्मीद है कि पूर्ववर्तियों से सबक लेते हुए वह एक ही हिस्से में बजट पेश करें ।,सबक,obj,compound,,,,,mapping_hypothesis,no_decision,Karma,,no,yes,yes,no
dev-s408,1,"इस बजट में आयकर छूट सीमा 70,000 - 1,00,000 करने तथा बुनियादी शिक्षा के लिए धन जुटाने के मकसद से प्रत्यक्ष करों पर दो फीसदी उपकर लगाए जाने की आशा है ।","70,000",obj,nummod,,,,,mapping_hypothesis,no_decision,Karma,,no,yes,yes,no
dev-s408,1,"इस बजट में आयकर छूट सीमा 70,000 - 1,00,000 करने तथा बुनियादी शिक्षा के लिए धन जुटाने के मकसद से प्रत्यक्ष करों पर दो फीसदी उपकर लगाए जाने की आशा है ।",जुटाने,nmod,conj,,,,,no_decision,no_decision,,,no,yes,yes,yes
dev-s408,1,"इस बजट में आयकर छूट सीमा 70,000 - 1,00,000 करने तथा बुनियादी शिक्षा के लिए धन जुटाने के मकसद से प्रत्यक्ष करों पर दो फीसदी उपकर लगाए जाने की आशा है ।",बजट,nmod,obl,में,में,,R2,no_decision,confirmed,,Adhikaraṇa,no,yes,no,no
dev-s408,1,"इस बजट में आयकर छूट सीमा 70,000 - 1,00,000 करने तथा बुनियादी शिक्षा के लिए धन जुटाने के मकसद से प्रत्यक्ष करों पर दो फीसदी उपकर लगाए जाने की आशा है ।",मकसद,obl,nmod,से,से,R4,,ambiguous,no_decision,Karaṇa|Apādāna,,no,yes,no,no
dev-s408,1,"इस बजट में आयकर छूट सीमा 70,000 - 1,00,000 करने तथा बुनियादी शिक्षा के लिए धन जुटाने के मकसद से प्रत्यक्ष करों पर दो फीसदी उपकर लगाए जाने की आशा है ।",लगाए,conj,nmod,,,,,no_decision,no_decision,,,no,yes,yes,yes
dev-s409,1,"सूत्रों के मुताबिक बजट के साथ ही चिदंबरम तीन दस्तावेज - माक्रो - इकॉनामिक फ्रेमवर्क स्टेटमेंट, मीडियम टर्म फिस्किल पॉलिसी स्टेटमेंट तथा फिस्कल पॉलिसी स्ट्रेटजी स्टेटमेंट पेश करेंगे ।",दस्तावेज,nmod,obj,,,,,no_decision,mapping_hypothesis,,Karma,no,yes,yes,no
dev-s409,2,"सूत्रों के मुताबिक बजट के साथ ही चिदंबरम तीन दस्तावेज - माक्रो - इकॉनामिक फ्रेमवर्क स्टेटमेंट, मीडियम टर्म फिस्किल पॉलिसी स्टेटमेंट तथा फिस्कल पॉलिसी स्ट्रेटजी स्टेटमेंट पेश करेंगे ।",पॉलिसी,compound,nmod,,,,,no_decision,no_decision,,,no,yes,yes,yes
dev-s409,1,"सूत्रों के मुताबिक बजट के साथ ही चिदंबरम तीन दस्तावेज - माक्रो - इकॉनामिक फ्रेमवर्क स्टेटमेंट, मीडियम टर्म फिस्किल पॉलिसी स्टेटमेंट तथा फिस्कल पॉलिसी स्ट्रेटजी स्टेटमेंट पेश करेंगे ।",स्टेटमेंट,obj,conj,,,,,mapping_hypothesis,no_decision,Karma,,no,yes,yes,no
dev-s409,3,"सूत्रों के मुताबिक बजट के साथ ही चिदंबरम तीन दस्तावेज - माक्रो - इकॉनामिक फ्रेमवर्क स्टेटमेंट, मीडियम टर्म फिस्किल पॉलिसी स्टेटमेंट तथा फिस्कल पॉलिसी स्ट्रेटजी स्टेटमेंट पेश करेंगे ।",स्टेटमेंट,conj,obj,,,,,no_decision,mapping_hypothesis,,Karma,no,yes,yes,no
dev-s411,1,यह वित्तीय घाटे को कम करने के लिए सरकार के प्रयासों का मुख्य आधार बनेगा ।,आधार,obj,xcomp,,,,,mapping_hypothesis,no_decision,Karma,,no,yes,yes,no
dev-s412,1,सूत्रों ने बताया कि वित्तीय जिम्मेदारी और बजट प्रबंधन कानून 2003 'एफआरबीएम' की शर्तो के मुताबिक वित्तीय घाटे को सकल घरेलू उत्पाद के 4.3 फीसदी से कम रखने का उपाय किया जा सकता है ।,एफआरबीएम,nmod,conj,की,,,,no_decision,no_decision,,,no,no,yes,yes
dev-s412,1,सूत्रों ने बताया कि वित्तीय जिम्मेदारी और बजट प्रबंधन कानून 2003 'एफआरबीएम' की शर्तो के मुताबिक वित्तीय घाटे को सकल घरेलू उत्पाद के 4.3 फीसदी से कम रखने का उपाय किया जा सकता है ।,जिम्मेदारी,obl,nmod,,की,,,mapping_hypothesis,no_decision,Adhikaraṇa|Apādāna|Karaṇa,,no,no,yes,no
dev-s412,1,सूत्रों ने बताया कि वित्तीय जिम्मेदारी और बजट प्रबंधन कानून 2003 'एफआरबीएम' की शर्तो के मुताबिक वित्तीय घाटे को सकल घरेलू उत्पाद के 4.3 फीसदी से कम रखने का उपाय किया जा सकता है ।,फीसदी,obl,acl,से,से,R4,,ambiguous,no_decision,Karaṇa|Apādāna,,no,yes,no,no
dev-s412,1,सूत्रों ने बताया कि वित्तीय जिम्मेदारी और बजट प्रबंधन कानून 2003 'एफआरबीएम' की शर्तो के मुताबिक वित्तीय घाटे को सकल घरेलू उत्पाद के 4.3 फीसदी से कम रखने का उपाय किया जा सकता है ।,शर्तो,conj,obl,के,के,,,no_decision,mapping_hypothesis,,Adhikaraṇa|Apādāna|Karaṇa,no,yes,yes,no
dev-s413,1,विकास दर 7 - 8 फीसदी रखने के मद्देनजर बजट में सुधार उपायों के जारी रखने की उम्मीद है ।,7,obj,nummod,,,,,mapping_hypothesis,no_decision,Karma,,no,yes,yes,no
dev-s413,1,विकास दर 7 - 8 फीसदी रखने के मद्देनजर बजट में सुधार उपायों के जारी रखने की उम्मीद है ।,उपायों,obj,nmod,के,के,,,mapping_hypothesis,no_decision,Karma,,no,yes,yes,no
dev-s414,1,"इसमें बुनियादी, कृषि और सामाजिक क्षेत्रों में सार्वजनिक निवेश भी शामिल है ।",इसमें,obl,nmod,,,,,mapping_hypothesis,no_decision,Adhikaraṇa|Apādāna|Karaṇa,,no,yes,yes,no
dev-s414,1,"इसमें बुनियादी, कृषि और सामाजिक क्षेत्रों में सार्वजनिक निवेश भी शामिल है ।",निवेश,obj,nsubj,,,,,mapping_hypothesis,mapping_hypothesis,Karma,Kartā,no,yes,yes,yes
dev-s414,1,"इसमें बुनियादी, कृषि और सामाजिक क्षेत्रों में सार्वजनिक निवेश भी शामिल है ।",बुनियादी,amod,nmod,में,,,,no_decision,no_decision,,,no,no,yes,yes
dev-s414,1,"इसमें बुनियादी, कृषि और सामाजिक क्षेत्रों में सार्वजनिक निवेश भी शामिल है ।",शामिल,compound,root,,,,,no_decision,no_decision,,,no,yes,yes,yes
dev-s414,1,"इसमें बुनियादी, कृषि और सामाजिक क्षेत्रों में सार्वजनिक निवेश भी शामिल है ।",है,root,cop,,,,,no_decision,no_decision,,,no,yes,yes,yes
dev-s416,1,सूत्रों ने बताया कि वैश्विक स्तर पर ब्याज दरों में उछाल आने तथा पिछले कुछ हफ्तों में मुद्रास्फीती बढ़ने के मद्देनजर बजट में लघु बचत दरों को 8 - 8.5 फीसदी ही रखे जाने की उम्मीद है ।,8,compound,nummod,,,,,no_decision,no_decision,,,no,yes,yes,yes
dev-s416,1,सूत्रों ने बताया कि वैश्विक स्तर पर ब्याज दरों में उछाल आने तथा पिछले कुछ हफ्तों में मुद्रास्फीती बढ़ने के मद्देनजर बजट में लघु बचत दरों को 8 - 8.5 फीसदी ही रखे जाने की उम्मीद है ।,उछाल,compound,obj,,,,,no_decision,mapping_hypothesis,,Karma,no,yes,yes,no
dev-s416,1,सूत्रों ने बताया कि वैश्विक स्तर पर ब्याज दरों में उछाल आने तथा पिछले कुछ हफ्तों में मुद्रास्फीती बढ़ने के मद्देनजर बजट में लघु बचत दरों को 8 - 8.5 फीसदी ही रखे जाने की उम्मीद है ।,मुद्रास्फीती,compound,nsubj,,,,,no_decision,mapping_hypothesis,,Kartā,no,yes,yes,no
dev-s416,1,सूत्रों ने बताया कि वैश्विक स्तर पर ब्याज दरों में उछाल आने तथा पिछले कुछ हफ्तों में मुद्रास्फीती बढ़ने के मद्देनजर बजट में लघु बचत दरों को 8 - 8.5 फीसदी ही रखे जाने की उम्मीद है ।,लघु,compound,amod,,,,,no_decision,no_decision,,,no,yes,yes,yes
dev-s419,1,"आर्थिक सर्वे में सीमा शुल्क को आसियान स्तर पर लाने की जरूरत पर बल दिया गया है, इसलिए कच्चे मालों की दरों में कुछ बदलाव किया जा सकता है, लेकिन पीक रेट 20 फीसदी ही रहेगा ।",आसियान,compound,nmod,,,,,no_decision,no_decision,,,no,yes,yes,yes
dev-s419,1,"आर्थिक सर्वे में सीमा शुल्क को आसियान स्तर पर लाने की जरूरत पर बल दिया गया है, इसलिए कच्चे मालों की दरों में कुछ बदलाव किया जा सकता है, लेकिन पीक रेट 20 फीसदी ही रहेगा ।",किया,advcl,root,,,,,no_decision,no_decision,,,no,yes,yes,yes
dev-s419,1,"आर्थिक सर्वे में सीमा शुल्क को आसियान स्तर पर लाने की जरूरत पर बल दिया गया है, इसलिए कच्चे मालों की दरों में कुछ बदलाव किया जा सकता है, लेकिन पीक रेट 20 फीसदी ही रहेगा ।",दिया,root,acl,,,,,no_decision,no_decision,,,no,yes,yes,yes
dev-s419,1,"आर्थिक सर्वे में सीमा शुल्क को आसियान स्तर पर लाने की जरूरत पर बल दिया गया है, इसलिए कच्चे मालों की दरों में कुछ बदलाव किया जा सकता है, लेकिन पीक रेट 20 फीसदी ही रहेगा ।",पीक,amod,compound,,,,,no_decision,no_decision,,,no,yes,yes,yes
dev-s421,1,राज्यसभा सांसद और रिलायंस समूह के उपाध्यक्ष अनिल अंबानी ने अपना फोन टैप किये जाने का सनसनीखेज आरोप लगाया है ।,आरोप,obj,compound,,,,,mapping_hypothesis,no_decision,Karma,,no,yes,yes,no
dev-s421,1,राज्यसभा सांसद और रिलायंस समूह के उपाध्यक्ष अनिल अंबानी ने अपना फोन टैप किये जाने का सनसनीखेज आरोप लगाया है ।,उपाध्यक्ष,nmod,conj,,,,,no_decision,no_decision,,,no,yes,yes,yes
dev-s421,1,राज्यसभा सांसद और रिलायंस समूह के उपाध्यक्ष अनिल अंबानी ने अपना फोन टैप किये जाने का सनसनीखेज आरोप लगाया है ।,समूह,conj,nmod,,के,,,no_decision,no_decision,,,no,no,yes,yes
dev-s422,1,उनका कहना है कि रिलायंस इंफोकॉम के एक निदेशक और दो अधिकारी मिल कर इस आपराधिक कृत्य को अंजाम दे रहे हैं ।,कृत्य,obj,iobj,को,को,R5,R5,ambiguous,ambiguous,Karma|Sampradāna,Karma|Sampradāna,no,yes,yes,yes
dev-s426,1,गौरतलब है कि रिलायंस समूह में स्वामित्व विवाद के निपटारे के लिए किसी फॉर्मूले पर अमल की बात चल रही है और ताजा घटनाक्रम को इससे जोड़कर भी देखा जा रहा है ।,इससे,obj,obl,,,,,mapping_hypothesis,mapping_hypothesis,Karma,Adhikaraṇa|Apādāna|Karaṇa,no,yes,yes,yes
dev-s427,1,"ऐसी खबरें हैं कि रिलायंस इंफोकॉम, रिलायंस कैपिटल और रिलायंस एनर्जी अनिल के हिस्से में आ सकतीं हैं ।",आ,nmod,acl,,,,,no_decision,no_decision,,,no,yes,yes,yes
dev-s428,1,अनिल ने पाटिल को लिख कर कहा कि विश्वस्त सूत्रों से उन्हें पता चला है कि इस आपराधिक कृत्य के पीछे सारा दिमाग रिलायंस इंफोकॉम के एक निदेशक का है ।,उन्हें,iobj,nsubj,,,,,mapping_hypothesis,mapping_hypothesis,Sampradāna,Kartā,no,yes,yes,yes
dev-s428,1,अनिल ने पाटिल को लिख कर कहा कि विश्वस्त सूत्रों से उन्हें पता चला है कि इस आपराधिक कृत्य के पीछे सारा दिमाग रिलायंस इंफोकॉम के एक निदेशक का है ।,दिमाग,obj,nsubj,,,,,mapping_hypothesis,mapping_hypothesis,Karma,Kartā,no,yes,yes,yes
dev-s428,1,अनिल ने पाटिल को लिख कर कहा कि विश्वस्त सूत्रों से उन्हें पता चला है कि इस आपराधिक कृत्य के पीछे सारा दिमाग रिलायंस इंफोकॉम के एक निदेशक का है ।,निदेशक,nmod,obj,का,का,,,no_decision,mapping_hypothesis,,Karma,no,yes,yes,no
dev-s428,1,अनिल ने पाटिल को लिख कर कहा कि विश्वस्त सूत्रों से उन्हें पता चला है कि इस आपराधिक कृत्य के पीछे सारा दिमाग रिलायंस इंफोकॉम के एक निदेशक का है ।,पाटिल,obj,iobj,को,को,R5,R5,ambiguous,ambiguous,Karma|Sampradāna,Karma|Sampradāna,no,yes,yes,yes
dev-s430,1,माना जा रहा है कि सरकार ने प्रारंभिक जांच के लिए यह खुफिया एजेंसियों के पास भेज दिया है ।,यह,obj,det,,,,,mapping_hypothesis,no_decision,Karma,,no,yes,yes,no
dev-s431,1,गृह मंत्रालय ने धमकी भरे फोन मिलने की शिकायत के बाद अनिल को पिछले महीने ही सुरक्षा प्रदान की थी ।,फोन,obj,nsubj,,,,,mapping_hypothesis,mapping_hypothesis,Karma,Kartā,no,yes,yes,yes
dev-s431,1,गृह मंत्रालय ने धमकी भरे फोन मिलने की शिकायत के बाद अनिल को पिछले महीने ही सुरक्षा प्रदान की थी ।,भरे,amod,acl,,,,,no_decision,no_decision,,,no,yes,yes,yes
dev-s432,1,अनिल ने इस निदेशक की मदद करने वाले रिलायंस समूह के दो वरिष्ठ अधिकारियों के नामों का भी उल्लेख किया है ।,रिलायंस,compound,nmod,,,,,no_decision,no_decision,,,no,yes,yes,yes
dev-s433,1,"अनिल का कहना है कि उनके मोबाइल और लैंड लाइन फोन को टैप करने में लिप्त लोगों के पास जीएसएम चिप क्लोनिंग मशीनें और अन्य टैपिंग उपकरण हो सकते हैं, जो इस्राइल और अन्य देशों में बिक्री के लिए उपलब्ध हैं ।",इस्राइल,obl,nmod,में,में,R2,,confirmed,no_decision,Adhikaraṇa,,no,yes,no,no
dev-s433,1,"अनिल का कहना है कि उनके मोबाइल और लैंड लाइन फोन को टैप करने में लिप्त लोगों के पास जीएसएम चिप क्लोनिंग मशीनें और अन्य टैपिंग उपकरण हो सकते हैं, जो इस्राइल और अन्य देशों में बिक्री के लिए उपलब्ध हैं ।",उपलब्ध,compound,acl:relcl,,,,,no_decision,no_decision,,,no,yes,yes,yes
dev-s433,1,"अनिल का कहना है कि उनके मोबाइल और लैंड लाइन फोन को टैप करने में लिप्त लोगों के पास जीएसएम चिप क्लोनिंग मशीनें और अन्य टैपिंग उपकरण हो सकते हैं, जो इस्राइल और अन्य देशों में बिक्री के लिए उपलब्ध हैं ।",बिक्री,obl,nmod,के,के,,,mapping_hypothesis,no_decision,Adhikaraṇa|Apādāna|Karaṇa,,no,yes,yes,no
dev-s433,1,"अनिल का कहना है कि उनके मोबाइल और लैंड लाइन फोन को टैप करने में लिप्त लोगों के पास जीएसएम चिप क्लोनिंग मशीनें और अन्य टैपिंग उपकरण हो सकते हैं, जो इस्राइल और अन्य देशों में बिक्री के लिए उपलब्ध हैं ।",मशीनें,obj,nsubj,,,,,mapping_hypothesis,mapping_hypothesis,Karma,Kartā,no,yes,yes,yes
dev-s433,2,"अनिल का कहना है कि उनके मोबाइल और लैंड लाइन फोन को टैप करने में लिप्त लोगों के पास जीएसएम चिप क्लोनिंग मशीनें और अन्य टैपिंग उपकरण हो सकते हैं, जो इस्राइल और अन्य देशों में बिक्री के लिए उपलब्ध हैं ।",हैं,acl:relcl,cop,,,,,no_decision,no_decision,,,no,yes,yes,yes
dev-s434,1,अनिल ने कहा कि यदि इन लोगों ने यह हरकत की है तो संसद के चुने हुए सदस्य और एक नागरिक के तौर पर उनके संवैधानिक अधिकारों के संपूर्ण उल्लंघन और उनकी निजता का आपराधिक हनन है ।,उल्लंघन,obj,nmod,,,,,mapping_hypothesis,no_decision,Karma,,no,yes,yes,no
dev-s434,1,अनिल ने कहा कि यदि इन लोगों ने यह हरकत की है तो संसद के चुने हुए सदस्य और एक नागरिक के तौर पर उनके संवैधानिक अधिकारों के संपूर्ण उल्लंघन और उनकी निजता का आपराधिक हनन है ।,निजता,nmod,conj,का,का,,,no_decision,no_decision,,,no,yes,yes,yes
dev-s434,1,अनिल ने कहा कि यदि इन लोगों ने यह हरकत की है तो संसद के चुने हुए सदस्य और एक नागरिक के तौर पर उनके संवैधानिक अधिकारों के संपूर्ण उल्लंघन और उनकी निजता का आपराधिक हनन है ।,संसद,obj,obl,के,के,,,mapping_hypothesis,mapping_hypothesis,Karma,Adhikaraṇa|Apādāna|Karaṇa,no,yes,yes,yes
dev-s434,1,अनिल ने कहा कि यदि इन लोगों ने यह हरकत की है तो संसद के चुने हुए सदस्य और एक नागरिक के तौर पर उनके संवैधानिक अधिकारों के संपूर्ण उल्लंघन और उनकी निजता का आपराधिक हनन है ।,हनन,conj,obj,,,,,no_decision,mapping_hypothesis,,Karma,no,yes,yes,no
dev-s434,1,अनिल ने कहा कि यदि इन लोगों ने यह हरकत की है तो संसद के चुने हुए सदस्य और एक नागरिक के तौर पर उनके संवैधानिक अधिकारों के संपूर्ण उल्लंघन और उनकी निजता का आपराधिक हनन है ।,हरकत,obj,compound,,,,,mapping_hypothesis,no_decision,Karma,,no,yes,yes,no
dev-s435,1,अनिल ने इसमें लिखा है कि आरोपों की गंभीरता को देखते हुए वह एक सक्षम सरकारी एजेंसी से मामले की तत्काल जांच के आदेश देने का अनुरोध करते हैं ।,आदेश,obj,compound,,,,,mapping_hypothesis,no_decision,Karma,,no,yes,yes,no
dev-s435,1,अनिल ने इसमें लिखा है कि आरोपों की गंभीरता को देखते हुए वह एक सक्षम सरकारी एजेंसी से मामले की तत्काल जांच के आदेश देने का अनुरोध करते हैं ।,एजेंसी,obj,obl,से,से,,R4,mapping_hypothesis,ambiguous,Karma,Karaṇa|Apādāna,no,yes,no,no
dev-s435,1,अनिल ने इसमें लिखा है कि आरोपों की गंभीरता को देखते हुए वह एक सक्षम सरकारी एजेंसी से मामले की तत्काल जांच के आदेश देने का अनुरोध करते हैं ।,तत्काल,amod,advmod,,,,,no_decision,no_decision,,,no,yes,yes,yes
dev-s436,1,पूर्वी दिल्ली जिला पुलिस कार्यालय परिसर से सटे भोलानाथ नगर स्थित तिमंजिला हौज़री फैक्टरी में आग लगने से 12 कारीगर काल के गाल में समा गए ।,आग,obj,nsubj,,,,,mapping_hypothesis,mapping_hypothesis,Karma,Kartā,no,yes,yes,yes
dev-s436,1,पूर्वी दिल्ली जिला पुलिस कार्यालय परिसर से सटे भोलानाथ नगर स्थित तिमंजिला हौज़री फैक्टरी में आग लगने से 12 कारीगर काल के गाल में समा गए ।,तिमंजिला,amod,compound,,,,,no_decision,no_decision,,,no,yes,yes,yes
dev-s436,1,पूर्वी दिल्ली जिला पुलिस कार्यालय परिसर से सटे भोलानाथ नगर स्थित तिमंजिला हौज़री फैक्टरी में आग लगने से 12 कारीगर काल के गाल में समा गए ।,परिसर,obj,obl,से,से,,R4,mapping_hypothesis,ambiguous,Karma,Karaṇa|Apādāna,no,yes,no,no
dev-s436,1,पूर्वी दिल्ली जिला पुलिस कार्यालय परिसर से सटे भोलानाथ नगर स्थित तिमंजिला हौज़री फैक्टरी में आग लगने से 12 कारीगर काल के गाल में समा गए ।,पूर्वी,amod,compound,,,,,no_decision,no_decision,,,no,yes,yes,yes
dev-s439,1,फैक्टरी में लाखों रुपये का सामान जलकर राख हो गया ।,राख,obj,compound,,,,,mapping_hypothesis,no_decision,Karma,,no,yes,yes,no
dev-s439,1,फैक्टरी में लाखों रुपये का सामान जलकर राख हो गया ।,सामान,obj,nsubj,,,,,mapping_hypothesis,mapping_hypothesis,Karma,Kartā,no,yes,yes,yes
dev-s440,1,फैक्टरी से सटे दो मकानों की दीवारों में दरार आ गई ।,दरार,compound,nsubj,,,,,no_decision,mapping_hypothesis,,Kartā,no,yes,yes,no
dev-s446,1,आग की घटना बुधवार सुबह करीब साढ़े दस बजे भोलानाथ नगर गली नंबर - 16 स्थित फैक्टरी नंबर 25ए - 16 विश्वास नगर में हुई ।,नगर,nmod,compound,,,,,no_decision,no_decision,,,no,yes,yes,yes
dev-s446,1,आग की घटना बुधवार सुबह करीब साढ़े दस बजे भोलानाथ नगर गली नंबर - 16 स्थित फैक्टरी नंबर 25ए - 16 विश्वास नगर में हुई ।,सुबह,obl,nmod,,,,,mapping_hypothesis,no_decision,Adhikaraṇa|Apādāna|Karaṇa,,no,yes,yes,no
dev-s447,1,बताया जाता है कि इस फैक्टरी में पेरिस ब्यूटी के नाम से अंतःवस्त्र बनाए जाते हैं ।,नाम,nmod,obl,से,से,,R4,no_decision,ambiguous,,Karaṇa|Apādāna,no,yes,no,no
dev-s448,1,फैक्टरी मालिक राकेश ग्रोवर हैं जिनका ग्रोवर एंड संस के नाम से काफी बड़ा कारोबार है ।,काफी,det,advmod,,,,,no_decision,no_decision,,,no,yes,yes,yes
dev-s448,1,फैक्टरी मालिक राकेश ग्रोवर हैं जिनका ग्रोवर एंड संस के नाम से काफी बड़ा कारोबार है ।,जिनका,nsubj,nmod,,,,,mapping_hypothesis,no_decision,Kartā,,no,yes,yes,no
dev-s448,1,फैक्टरी मालिक राकेश ग्रोवर हैं जिनका ग्रोवर एंड संस के नाम से काफी बड़ा कारोबार है ।,मालिक,nsubj,nmod,,,,,mapping_hypothesis,no_decision,Kartā,,no,yes,yes,no
dev-s450,1,फैक्टरी की पहली मंजिल तथा दूसरी मंजिल पर फोम तथा अन्य हौज़री का सामान रखा था ।,फोम,nmod,conj,का,,,,no_decision,no_decision,,,no,no,yes,yes
dev-s451,1,एक कारीगर थिनर से कपड़े साफ कर रहा था कि अचानक एक मशीन में स्पार्क हो गया और आग लग गई ।,आग,compound,nsubj,,,,,no_decision,mapping_hypothesis,,Kartā,no,yes,yes,no
dev-s451,1,एक कारीगर थिनर से कपड़े साफ कर रहा था कि अचानक एक मशीन में स्पार्क हो गया और आग लग गई ।,स्पार्क,compound,nsubj,,,,,no_decision,mapping_hypothesis,,Kartā,no,yes,yes,no
dev-s451,1,एक कारीगर थिनर से कपड़े साफ कर रहा था कि अचानक एक मशीन में स्पार्क हो गया और आग लग गई ।,हो,advcl,obj,,,,,no_decision,mapping_hypothesis,,Karma,no,yes,yes,no
dev-s452,1,फोम तथा कपड़ों में लगी आग ने चंद ही मिनटों में उग्र रूप ले लिया ।,रूप,obj,compound,,,,,mapping_hypothesis,no_decision,Karma,,no,yes,yes,no
dev-s454,1,घटनास्थल पर मौजूद लोगों ने बताया कि ऊपर से कूदने की वजह से संजय नामक कारीगर के पैरों में चोट आई ।,घटनास्थल,nmod,obl,पर,पर,,R3,no_decision,confirmed,,Adhikaraṇa,no,yes,no,no
dev-s454,1,घटनास्थल पर मौजूद लोगों ने बताया कि ऊपर से कूदने की वजह से संजय नामक कारीगर के पैरों में चोट आई ।,चोट,obj,compound,,,,,mapping_hypothesis,no_decision,Karma,,no,yes,yes,no
dev-s454,1,घटनास्थल पर मौजूद लोगों ने बताया कि ऊपर से कूदने की वजह से संजय नामक कारीगर के पैरों में चोट आई ।,संजय,nmod,obl,,,,,no_decision,mapping_hypothesis,,Adhikaraṇa|Apādāna|Karaṇa,no,yes,yes,no
dev-s455,1,फैक्टरी से आग की लपटें बराबर के मकानों तक पहुंचने लगीं तो लोगों में खलबली मच गई ।,खलबली,obj,compound,,,,,mapping_hypothesis,no_decision,Karma,,no,yes,yes,no
dev-s455,1,फैक्टरी से आग की लपटें बराबर के मकानों तक पहुंचने लगीं तो लोगों में खलबली मच गई ।,तो,mark,obl,,,,,no_decision,mapping_hypothesis,,Adhikaraṇa|Apādāna|Karaṇa,no,yes,yes,no
dev-s455,1,फैक्टरी से आग की लपटें बराबर के मकानों तक पहुंचने लगीं तो लोगों में खलबली मच गई ।,लगीं,advcl,acl:relcl,,,,,no_decision,no_decision,,,no,yes,yes,yes
dev-s455,1,फैक्टरी से आग की लपटें बराबर के मकानों तक पहुंचने लगीं तो लोगों में खलबली मच गई ।,लपटें,obj,nsubj,,,,,mapping_hypothesis,mapping_hypothesis,Karma,Kartā,no,yes,yes,yes
dev-s456,2,मकान नंबर 1993ए निवासी मंगल सेन जैन तथा 1993बी निवासी राजीव जैन ने बताया कि आग की वजह से उनके मकानों की दीवारों में दरार आ गई और ऊपरी हिस्सा टूट गया ।,जैन,conj,nsubj,ने,ने,,R1,no_decision,confirmed,,Kartā,no,yes,no,no
dev-s456,1,मकान नंबर 1993ए निवासी मंगल सेन जैन तथा 1993बी निवासी राजीव जैन ने बताया कि आग की वजह से उनके मकानों की दीवारों में दरार आ गई और ऊपरी हिस्सा टूट गया ।,दरार,obj,nsubj,,,,,mapping_hypothesis,mapping_hypothesis,Karma,Kartā,no,yes,yes,yes
dev-s457,1,मंगल सेन के मकान की दीवार तो पूरी तरह क्षतिग्रस्त हो गई ।,क्षतिग्रस्त,xcomp,compound,,,,,no_decision,no_decision,,,no,yes,yes,yes
dev-s458,1,करीब 11 बजे दमकल विभाग तथा पुलिस नियंत्रण कक्ष को आग लगने की सूचना दी गई ।,विभाग,iobj,nsubj,,,,,mapping_hypothesis,mapping_hypothesis,Sampradāna,Kartā,no,yes,yes,yes
dev-s458,1,करीब 11 बजे दमकल विभाग तथा पुलिस नियंत्रण कक्ष को आग लगने की सूचना दी गई ।,सूचना,obj,compound,,,,,mapping_hypothesis,no_decision,Karma,,no,yes,yes,no
dev-s459,1,करीब पौने दो बजे आग पर काबू पाया गया ।,काबू,obj,compound,,,,,mapping_hypothesis,no_decision,Karma,,no,yes,yes,no
dev-s46,1,वर्तमान में सबसे आकर्षण का केंद्र यहाँ पर हाल ही में निर्मित वाट थाई मंदिर है ।,थाई,compound,nmod,,,,,no_decision,no_decision,,,no,yes,yes,yes
dev-s462,1,घायल संजय को हेडगेवार अस्पताल में भर्ती कराया गया है जबकि चार अन्य को प्राइवेट अस्पताल ले जाया गया ।,ले,advcl,conj,,,,,no_decision,no_decision,,,no,yes,yes,yes
dev-s463,1,उपायुक्त मधुप तिवारी ने बताया कि इस संबंध में फैक्टरी मालिक राकेश ग्रोवर तथा ठेकेदार के खिलाफ लापरवाही से हुई मौत तथा आगजनी की धारा 304ए तथा 337 के तहत मामला दर्ज किया गया है ।,304ए,obl,conj,के,,,,mapping_hypothesis,no_decision,Adhikaraṇa|Apādāna|Karaṇa,,no,no,yes,no
dev-s463,1,उपायुक्त मधुप तिवारी ने बताया कि इस संबंध में फैक्टरी मालिक राकेश ग्रोवर तथा ठेकेदार के खिलाफ लापरवाही से हुई मौत तथा आगजनी की धारा 304ए तथा 337 के तहत मामला दर्ज किया गया है ।,आगजनी,conj,nmod,,की,,,no_decision,no_decision,,,no,no,yes,yes
dev-s463,1,उपायुक्त मधुप तिवारी ने बताया कि इस संबंध में फैक्टरी मालिक राकेश ग्रोवर तथा ठेकेदार के खिलाफ लापरवाही से हुई मौत तथा आगजनी की धारा 304ए तथा 337 के तहत मामला दर्ज किया गया है ।,धारा,nmod,compound,,,,,no_decision,no_decision,,,no,yes,yes,yes
dev-s463,1,उपायुक्त मधुप तिवारी ने बताया कि इस संबंध में फैक्टरी मालिक राकेश ग्रोवर तथा ठेकेदार के खिलाफ लापरवाही से हुई मौत तथा आगजनी की धारा 304ए तथा 337 के तहत मामला दर्ज किया गया है ।,मौत,nmod,obl,की,,,,no_decision,mapping_hypothesis,,Adhikaraṇa|Apādāna|Karaṇa,no,no,yes,no
dev-s466,1,कांग्रेस चाहती है कि राज्यसभा का उपसभापति पद चुनावी संघर्ष के बजाय आम सहमति से तय हो ।,हो,obj,ccomp,,,,,mapping_hypothesis,no_decision,Karma,,no,yes,yes,no
dev-s468,1,हालांकि अब तक भाजपा व एनडीए नेतृत्व की ओर से कांग्रेस के इस तर्क को कोई समर्थन नहीं मिला है कि सदनों के प्रमुखों के चार पदों में से कम से कम एक पद सत्ताधारी दल को मिलना चाहिए ।,एनडीए,nmod,conj,,,,,no_decision,no_decision,,,no,yes,yes,yes
dev-s468,1,हालांकि अब तक भाजपा व एनडीए नेतृत्व की ओर से कांग्रेस के इस तर्क को कोई समर्थन नहीं मिला है कि सदनों के प्रमुखों के चार पदों में से कम से कम एक पद सत्ताधारी दल को मिलना चाहिए ।,तर्क,iobj,nsubj,को,को,R5,,ambiguous,mapping_hypothesis,Karma|Sampradāna,Kartā,no,yes,no,no
dev-s468,1,हालांकि अब तक भाजपा व एनडीए नेतृत्व की ओर से कांग्रेस के इस तर्क को कोई समर्थन नहीं मिला है कि सदनों के प्रमुखों के चार पदों में से कम से कम एक पद सत्ताधारी दल को मिलना चाहिए ।,नेतृत्व,conj,obl,,की,,,no_decision,mapping_hypothesis,,Adhikaraṇa|Apādāna|Karaṇa,no,no,yes,no
dev-s468,1,हालांकि अब तक भाजपा व एनडीए नेतृत्व की ओर से कांग्रेस के इस तर्क को कोई समर्थन नहीं मिला है कि सदनों के प्रमुखों के चार पदों में से कम से कम एक पद सत्ताधारी दल को मिलना चाहिए ।,भाजपा,obl,nmod,की,,,,mapping_hypothesis,no_decision,Adhikaraṇa|Apādāna|Karaṇa,,no,no,yes,no
dev-s468,1,हालांकि अब तक भाजपा व एनडीए नेतृत्व की ओर से कांग्रेस के इस तर्क को कोई समर्थन नहीं मिला है कि सदनों के प्रमुखों के चार पदों में से कम से कम एक पद सत्ताधारी दल को मिलना चाहिए ।,मिलना,obj,acl,,,,,mapping_hypothesis,no_decision,Karma,,no,yes,yes,no
dev-s469,1,भाजपा की नेता सुषमा स्वराज ने इस तर्क को खारिज करते हुए कहा कि भैंरो सिंह शेखावत उपराष्ट्रपति हैं और उन्हें किसी दल का व्यक्ति नहीं माना जा सकता ।,उन्हें,iobj,obj,,,,,mapping_hypothesis,mapping_hypothesis,Sampradāna,Karma,no,yes,yes,yes
dev-s469,1,भाजपा की नेता सुषमा स्वराज ने इस तर्क को खारिज करते हुए कहा कि भैंरो सिंह शेखावत उपराष्ट्रपति हैं और उन्हें किसी दल का व्यक्ति नहीं माना जा सकता ।,किसी,iobj,nsubj,,,,,mapping_hypothesis,mapping_hypothesis,Sampradāna,Kartā,no,yes,yes,yes
dev-s469,1,भाजपा की नेता सुषमा स्वराज ने इस तर्क को खारिज करते हुए कहा कि भैंरो सिंह शेखावत उपराष्ट्रपति हैं और उन्हें किसी दल का व्यक्ति नहीं माना जा सकता ।,व्यक्ति,obj,acl,,,,,mapping_hypothesis,no_decision,Karma,,no,yes,yes,no
dev-s47,1,मंदिर का निर्माण थाईलैंड सरकार के सौजन्‍य से किया गया है ।,सरकार,obl,nmod,के,के,,,mapping_hypothesis,no_decision,Adhikaraṇa|Apādāna|Karaṇa,,no,yes,yes,no
dev-s47,1,मंदिर का निर्माण थाईलैंड सरकार के सौजन्‍य से किया गया है ।,सौजन्‍य,case,obl,,से,,R4,no_decision,ambiguous,,Karaṇa|Apādāna,no,no,no,no
dev-s470,1,यदि राज्यसभा का उपसभापति पद कांग्रेस को दिए जाने पर सहमति बनती है तो हाल ही में राज्यसभा सदस्य बनीं मोहसिना किदवई का नाम सबसे ऊपर माना जा रहा है ।,ऊपर,compound,obl,,,,,no_decision,mapping_hypothesis,,Adhikaraṇa|Apādāna|Karaṇa,no,yes,yes,no
dev-s473,1,"लोकसभा अध्यक्ष सोमनाथ चटर्जी वाम मोरचे से हैं, जो यूपीए में शामिल नहीं है बल्कि बाहर से समर्थन दे रहें हैं ।",यूपीए,obl,nmod,में,में,R2,,confirmed,no_decision,Adhikaraṇa,,no,yes,no,no
dev-s473,1,"लोकसभा अध्यक्ष सोमनाथ चटर्जी वाम मोरचे से हैं, जो यूपीए में शामिल नहीं है बल्कि बाहर से समर्थन दे रहें हैं ।",शामिल,compound,acl:relcl,,,,,no_decision,no_decision,,,no,yes,yes,yes
dev-s473,1,"लोकसभा अध्यक्ष सोमनाथ चटर्जी वाम मोरचे से हैं, जो यूपीए में शामिल नहीं है बल्कि बाहर से समर्थन दे रहें हैं ।",है,acl:relcl,cop,,,,,no_decision,no_decision,,,no,yes,yes,yes
dev-s474,1,कांग्रेस का तर्क यह भी है कि लोकसभा उपाध्यक्ष का पद परंपरा के मुताबिक विपक्ष को प्रस्तावित था और एनडीए ने अकाली दल को यह पद दे दिया ।,विपक्ष,iobj,nsubj,को,को,R5,,ambiguous,mapping_hypothesis,Karma|Sampradāna,Kartā,no,yes,no,no
dev-s475,1,इसके उलट भाजपा के तर्क हैं ।,इसके,obl,nmod,उलट,उलट,,,mapping_hypothesis,no_decision,Adhikaraṇa|Apādāna|Karaṇa,,no,yes,yes,no
dev-s476,1,जबकि बाकी तीनों पदों में सदन के सदस्य को ही लिया जाता है ।,बाकी,det,amod,,,,,no_decision,no_decision,,,no,yes,yes,yes
dev-s478,1,एक बार यह पद टीडीपी के पास था और बाद में शिवसेना के पास था ।,बार,nmod,obl,,,,,no_decision,mapping_hypothesis,,Adhikaraṇa|Apādāna|Karaṇa,no,yes,yes,no
dev-s479,1,टीडीपी ने भी बाहर से समर्थन दिया था ।,समर्थन,compound,obj,,,,,no_decision,mapping_hypothesis,,Karma,no,yes,yes,no
dev-s483,1,इस बात की संभावना है कि संसदीय कार्यमंत्री गुलाम नबी आजाद इस मामले में अगले कुछ दिनों में एनडीए के शीर्ष नेताओं से बात कर सकते हैं ।,नेताओं,obl,obj,से,से,R4,,ambiguous,mapping_hypothesis,Karaṇa|Apādāna,Karma,no,yes,no,no
dev-s483,1,इस बात की संभावना है कि संसदीय कार्यमंत्री गुलाम नबी आजाद इस मामले में अगले कुछ दिनों में एनडीए के शीर्ष नेताओं से बात कर सकते हैं ।,संसदीय,amod,compound,,,,,no_decision,no_decision,,,no,yes,yes,yes
dev-s484,1,लालकृष्ण आडवाणी से बातचीत के बाद इस मामले में आम सहमति के प्रयास किए जा रहे हैं ।,आडवाणी,obj,iobj,से,से,,,mapping_hypothesis,mapping_hypothesis,Karma,Sampradāna,no,yes,yes,yes
dev-s488,1,केंद्रीय विद्यालय की १०वीं की छात्रा सृष्टि कृष्णमूर्ति के पिता और स्कूल के प्रधानाचार्य ने बताया कि सृष्टि ने भारत - पाक क्रिकेट सीरीज़ के बाद 'सिंबायोसिस' शीर्षक से एक कविता लिखकर मुशर्रफ को भेजी थी ।,शीर्षक,nmod,obl,से,से,,R4,no_decision,ambiguous,,Karaṇa|Apādāna,no,yes,no,no
dev-s489,1,हालांकि सृष्टि को इस बात की कतई उम्मीद नहीं थी कि मुशर्रफ कविता के रूप में लिखे गए उसके पत्र का जवाब देंगे ।,जवाब,compound,obj,,,,,no_decision,mapping_hypothesis,,Karma,no,yes,yes,no
dev-s491,1,कविता में उसने कहा है कि वह यह सोच कर रोमांचित हो उठती है कि हम सभी के अंदर एक आत्मा है ।,हम,det,nsubj,,,,,no_decision,mapping_hypothesis,,Kartā,no,yes,yes,no
dev-s493,1,बजट पूर्व आर्थिक सर्वेक्षण में सरकार से सिफारिश की गई है कि इंटरनेट से ज्यादा से ज्यादा लोगों को जोड़ने के उपाय किए जाएं ।,पूर्व,case,amod,,,,,no_decision,no_decision,,,no,yes,yes,yes
dev-s493,1,बजट पूर्व आर्थिक सर्वेक्षण में सरकार से सिफारिश की गई है कि इंटरनेट से ज्यादा से ज्यादा लोगों को जोड़ने के उपाय किए जाएं ।,बजट,nmod,compound,पूर्व,,,,no_decision,no_decision,,,no,no,yes,yes
dev-s494,1,"सर्वे के मुताबिक ब्रॉडबैंड सुविधा में विकास कई देशों में सबसे बड़ी समस्या बनी हुई है, वहीं दक्षिण कोरिया जैसे कुछ देशों में ब्रॉडबैंड के जरिए इंटरनेट ने घरों में पहुंच बना ली है ।",पहुंच,compound,obj,,,,,no_decision,mapping_hypothesis,,Karma,no,yes,yes,no
dev-s495,1,वर्ष २००३ - ०४ में टेलीफोन कनेक्शन में तकरीबन ४० फीसदी वृद्धि दर्ज करने के बाद सर्वे में यह उम्मीद जताई गई है कि वर्ष २००४ - ०५ में यदि इसी गति से बढ़ोतरी हुई तो वर्ष २००५ - ०६ के अंत तक ग्राहकों की संख्या १५ करोड़ तक पहुंच जाएगी ।,उम्मीद,nsubj:pass,obj,,,,,no_decision,mapping_hypothesis,,Karma,no,yes,yes,no
dev-s495,1,वर्ष २००३ - ०४ में टेलीफोन कनेक्शन में तकरीबन ४० फीसदी वृद्धि दर्ज करने के बाद सर्वे में यह उम्मीद जताई गई है कि वर्ष २००४ - ०५ में यदि इसी गति से बढ़ोतरी हुई तो वर्ष २००५ - ०६ के अंत तक ग्राहकों की संख्या १५ करोड़ तक पहुंच जाएगी ।,पहुंच,obj,acl,,,,,mapping_hypothesis,no_decision,Karma,,no,yes,yes,no
dev-s495,1,वर्ष २००३ - ०४ में टेलीफोन कनेक्शन में तकरीबन ४० फीसदी वृद्धि दर्ज करने के बाद सर्वे में यह उम्मीद जताई गई है कि वर्ष २००४ - ०५ में यदि इसी गति से बढ़ोतरी हुई तो वर्ष २००५ - ०६ के अंत तक ग्राहकों की संख्या १५ करोड़ तक पहुंच जाएगी ।,बढ़ोतरी,nsubj,compound,,,,,mapping_hypothesis,no_decision,Kartā,,no,yes,yes,no
dev-s496,1,सर्वे में इस बात पर चिंता जताई गई है कि इसके बावजूद मार्च २००६ तक टेलीफोन घनत्व केवल १४ रहेगा ।,रहेगा,ccomp,acl,,,,,no_decision,no_decision,,,no,yes,yes,yes
dev-s5,1,कुशीनगर का सबसे ज्‍यादा महत्‍व बौद्ध तीर्थ के रूप में है ।,बौद्ध,nmod,compound,,,,,no_decision,no_decision,,,no,yes,yes,yes
dev-s501,1,"प्रतियोगिता की वजह से, खासकर सेलुलर क्षेत्र में, एसटीडी और आईएसडी शुल्क में आई गिरावट की सर्वे में सराहना की गई है ।",एसटीडी,nmod,conj,,,,,no_decision,no_decision,,,no,yes,yes,yes
dev-s503,2,हालांकि मोबाइल फोन के मामले में सार्वजनिक क्षेत्र के ग्राहकों की संख्या २६.४ लाख से बढ़कर ६० लाख हो गई है ।,लाख,nsubj,xcomp,,,,,mapping_hypothesis,no_decision,Kartā,,no,yes,yes,no
dev-s503,1,हालांकि मोबाइल फोन के मामले में सार्वजनिक क्षेत्र के ग्राहकों की संख्या २६.४ लाख से बढ़कर ६० लाख हो गई है ।,संख्या,obj,nsubj,,,,,mapping_hypothesis,mapping_hypothesis,Karma,Kartā,no,yes,yes,yes
dev-s503,1,हालांकि मोबाइल फोन के मामले में सार्वजनिक क्षेत्र के ग्राहकों की संख्या २६.४ लाख से बढ़कर ६० लाख हो गई है ।,२६.४,obj,compound,,,,,mapping_hypothesis,no_decision,Karma,,no,yes,yes,no
dev-s504,1,श्रीलंका में १६ जुलाई से शुरू हो रहे एशिया कप के लिए घोषित १४ सदस्यीय भारतीय क्रिकेट टीम में तेज गेंदबाज अजीत अगरकर को जगह नहीं दी गई है ।,क्रिकेट,nmod,compound,,,,,no_decision,no_decision,,,no,yes,yes,yes
dev-s504,1,श्रीलंका में १६ जुलाई से शुरू हो रहे एशिया कप के लिए घोषित १४ सदस्यीय भारतीय क्रिकेट टीम में तेज गेंदबाज अजीत अगरकर को जगह नहीं दी गई है ।,जगह,obj,compound,,,,,mapping_hypothesis,no_decision,Karma,,no,yes,yes,no
dev-s504,1,श्रीलंका में १६ जुलाई से शुरू हो रहे एशिया कप के लिए घोषित १४ सदस्यीय भारतीय क्रिकेट टीम में तेज गेंदबाज अजीत अगरकर को जगह नहीं दी गई है ।,भारतीय,amod,compound,,,,,no_decision,no_decision,,,no,yes,yes,yes
dev-s506,1,भारतीय क्रिकेट बोर्ड के सचिव एस. के. नायर द्वारा बुधवार को यहां घोषित टीम में पार्थिव पटेल को अतिरिक्त विकेटकीपर के रूप में स्थान दिया गया है ।,स्थान,obj,compound,,,,,mapping_hypothesis,no_decision,Karma,,no,yes,yes,no
dev-s509,1,"ऑफ स्पिनर हरभजन की चोट की वजह से छह माह तक टीम से बाहर रहने के बाद वापसी हुई है, जबकि कुंबले पाकिस्तान के खिलाफ वन - डे सिरीज में नहीं खेल पाने के बाद टीम में वापसी कर रहे हैं ।",वापसी,nsubj,compound,,,,,mapping_hypothesis,no_decision,Kartā,,no,yes,yes,no
dev-s510,1,बाएं हाथ के तेज गेंदबाज जहीर खान व आशीष नेहरा भी श्रीलंका में १६ जुलाई से शुरू हो रहे एशिया कप टूर्नामेंट के लिए टीम में जगह बनाने में कामयाब रहे ।,जगह,obj,compound,,,,,mapping_hypothesis,no_decision,Karma,,no,yes,yes,no
dev-s511,1,कुंबले व हरभजन के साथ इन दोनों तेज गेंदबाजों की टीम में मौजूदगी का मतलब हुआ कि भारत लंबे अरसे बाद किसी टूर्नामेंट में अपने पूरी क्षमता वाले गेंदबाजी आक्रमण के साथ उतरेगा ।,उतरेगा,nsubj,ccomp,,,,,mapping_hypothesis,no_decision,Kartā,,no,yes,yes,no
dev-s511,1,कुंबले व हरभजन के साथ इन दोनों तेज गेंदबाजों की टीम में मौजूदगी का मतलब हुआ कि भारत लंबे अरसे बाद किसी टूर्नामेंट में अपने पूरी क्षमता वाले गेंदबाजी आक्रमण के साथ उतरेगा ।,कुंबले,nmod,obl,के,के,,,no_decision,mapping_hypothesis,,Adhikaraṇa|Apādāna|Karaṇa,no,yes,yes,no
dev-s511,1,कुंबले व हरभजन के साथ इन दोनों तेज गेंदबाजों की टीम में मौजूदगी का मतलब हुआ कि भारत लंबे अरसे बाद किसी टूर्नामेंट में अपने पूरी क्षमता वाले गेंदबाजी आक्रमण के साथ उतरेगा ।,टीम,nmod,obl,में,में,,R2,no_decision,confirmed,,Adhikaraṇa,no,yes,no,no
dev-s511,1,कुंबले व हरभजन के साथ इन दोनों तेज गेंदबाजों की टीम में मौजूदगी का मतलब हुआ कि भारत लंबे अरसे बाद किसी टूर्नामेंट में अपने पूरी क्षमता वाले गेंदबाजी आक्रमण के साथ उतरेगा ।,मतलब,compound,nsubj,,,,,no_decision,mapping_hypothesis,,Kartā,no,yes,yes,no
dev-s512,1,"एशिया कप के लिए घोषित २० संभावित खिलाड़ियों में से अगरकर के अलावा रोहन गावस्कर, हेमांग बदानी, रमेश पवार, अमित भंडारी और मुरली कार्तिक टीम में जगह नहीं पा सके ।",एशिया,compound,nmod,,,,,no_decision,no_decision,,,no,yes,yes,yes
dev-s512,1,"एशिया कप के लिए घोषित २० संभावित खिलाड़ियों में से अगरकर के अलावा रोहन गावस्कर, हेमांग बदानी, रमेश पवार, अमित भंडारी और मुरली कार्तिक टीम में जगह नहीं पा सके ।",कार्तिक,conj,compound,,,,,no_decision,no_decision,,,no,yes,yes,yes
dev-s512,1,"एशिया कप के लिए घोषित २० संभावित खिलाड़ियों में से अगरकर के अलावा रोहन गावस्कर, हेमांग बदानी, रमेश पवार, अमित भंडारी और मुरली कार्तिक टीम में जगह नहीं पा सके ।",गावस्कर,nsubj,obl,,,,,mapping_hypothesis,mapping_hypothesis,Kartā,Adhikaraṇa|Apādāna|Karaṇa,no,yes,yes,yes
dev-s512,1,"एशिया कप के लिए घोषित २० संभावित खिलाड़ियों में से अगरकर के अलावा रोहन गावस्कर, हेमांग बदानी, रमेश पवार, अमित भंडारी और मुरली कार्तिक टीम में जगह नहीं पा सके ।",टीम,obl,conj,में,में,R2,,confirmed,no_decision,Adhikaraṇa,,no,yes,no,no
dev-s513,1,"टीम सौरव गांगुली (कप्तान), राहुल द्रविड़, सचिन तेंदुलकर, युवराज सिंह, वीवीएस लक्ष्मण, वीरेंद्र सहवाग, मोहम्मद कैफ, पार्थिव पटेल, अनिल कुंबले, हरभजन सिंह, जहीर खान, आशीष नेहरा, इरफान पठान व लक्ष्मीपति बालाजी ।",गांगुली,nmod,root,,,,,no_decision,no_decision,,,no,yes,yes,yes
dev-s513,1,"टीम सौरव गांगुली (कप्तान), राहुल द्रविड़, सचिन तेंदुलकर, युवराज सिंह, वीवीएस लक्ष्मण, वीरेंद्र सहवाग, मोहम्मद कैफ, पार्थिव पटेल, अनिल कुंबले, हरभजन सिंह, जहीर खान, आशीष नेहरा, इरफान पठान व लक्ष्मीपति बालाजी ।",टीम,root,nmod,,,,,no_decision,no_decision,,,no,yes,yes,yes
dev-s515,1,"मौसम विभाग ने बताया कि इन जगहों पर बुधवार सुबह हुई बारिश, मानसून की वर्षा नहीं थी ।",बारिश,nsubj,nmod,,,,,mapping_hypothesis,no_decision,Kartā,,no,yes,yes,no
dev-s516,1,लोगों को इसके लिए कुछ और दिन इंतजार करना पड़ेगा ।,कुछ,compound,det,,,,,no_decision,no_decision,,,no,yes,yes,yes
dev-s517,1,चंडीगढ़ व दिल्ली के सफदरजंग स्थित मौसम विभाग का कहना है कि इन राज्यों में मानसून के लिए स्थिति अनुकूल नहीं बन पाई है ।,चंडीगढ़,obl,nmod,,के,,,mapping_hypothesis,no_decision,Adhikaraṇa|Apādāna|Karaṇa,,no,no,yes,no
dev-s517,1,चंडीगढ़ व दिल्ली के सफदरजंग स्थित मौसम विभाग का कहना है कि इन राज्यों में मानसून के लिए स्थिति अनुकूल नहीं बन पाई है ।,दिल्ली,nmod,conj,के,,,,no_decision,no_decision,,,no,no,yes,yes
dev-s517,1,चंडीगढ़ व दिल्ली के सफदरजंग स्थित मौसम विभाग का कहना है कि इन राज्यों में मानसून के लिए स्थिति अनुकूल नहीं बन पाई है ।,सफदरजंग,conj,obl,,,,,no_decision,mapping_hypothesis,,Adhikaraṇa|Apādāna|Karaṇa,no,yes,yes,no
dev-s518,1,इन राज्यों में मानसून प्रवेश करने में कुछ दिन और लगेंगे ।,और,compound,advmod,,,,,no_decision,no_decision,,,no,yes,yes,yes
dev-s518,1,इन राज्यों में मानसून प्रवेश करने में कुछ दिन और लगेंगे ।,दिन,nsubj,obl,,,,,mapping_hypothesis,mapping_hypothesis,Kartā,Adhikaraṇa|Apādāna|Karaṇa,no,yes,yes,yes
dev-s518,1,इन राज्यों में मानसून प्रवेश करने में कुछ दिन और लगेंगे ।,मानसून,obj,nsubj,,,,,mapping_hypothesis,mapping_hypothesis,Karma,Kartā,no,yes,yes,yes
dev-s519,1,मौसम विभाग के मुताबिक यमुनानगर जिले के छछरौली और फरीदाबाद जिले के पलवल में बुधवार को मानसून पूर्व बारिश हुई ।,छछरौली,obl,nmod,में,,R2,,confirmed,no_decision,Adhikaraṇa,,no,no,no,no
dev-s519,2,मौसम विभाग के मुताबिक यमुनानगर जिले के छछरौली और फरीदाबाद जिले के पलवल में बुधवार को मानसून पूर्व बारिश हुई ।,जिले,nmod,conj,के,के,,,no_decision,no_decision,,,no,yes,yes,yes
dev-s519,1,मौसम विभाग के मुताबिक यमुनानगर जिले के छछरौली और फरीदाबाद जिले के पलवल में बुधवार को मानसून पूर्व बारिश हुई ।,पलवल,conj,obl,,में,,R2,no_decision,confirmed,,Adhikaraṇa,no,no,no,no
dev-s519,1,मौसम विभाग के मुताबिक यमुनानगर जिले के छछरौली और फरीदाबाद जिले के पलवल में बुधवार को मानसून पूर्व बारिश हुई ।,बारिश,nsubj,compound,,,,,mapping_hypothesis,no_decision,Kartā,,no,yes,yes,no
dev-s521,1,सुबह हुई हल्की बारिश से तापमान कम हुआ है और लोगों को गर्मी से राहत मिली है ।,कम,xcomp,compound,,,,,no_decision,no_decision,,,no,yes,yes,yes
dev-s524,1,खासकर पेट्रोलियम पदार्थो की अंतर्राष्ट्रीय कीमतों में बढ़ोतरी रुझान को देखते हुए महंगाई और ब्याज दरों में तेजी आ सकती है ।,तेजी,compound,nsubj,,,,,no_decision,mapping_hypothesis,,Kartā,no,yes,yes,no
dev-s525,2,इससे सरकार के अनुमान धरे के धरे रह सकते हैं ।,के,dep,case,,,,,no_decision,no_decision,,,no,yes,yes,yes
dev-s525,1,इससे सरकार के अनुमान धरे के धरे रह सकते हैं ।,धरे,compound,obl,,के,,,no_decision,mapping_hypothesis,,Adhikaraṇa|Apādāna|Karaṇa,no,no,yes,no
dev-s525,2,इससे सरकार के अनुमान धरे के धरे रह सकते हैं ।,धरे,advmod,advcl,,,,,no_decision,no_decision,,,no,yes,yes,yes
dev-s526,1,"खासकर, अंतर्राष्ट्रीय बाजार में तेल की बढ़ती कीमतों का देश की आर्थिक विकास दर पर पड़ने वाले असर को लेकर सर्वे काफी गंभीर है ।",काफी,det,advmod,,,,,no_decision,no_decision,,,no,yes,yes,yes
dev-s526,1,"खासकर, अंतर्राष्ट्रीय बाजार में तेल की बढ़ती कीमतों का देश की आर्थिक विकास दर पर पड़ने वाले असर को लेकर सर्वे काफी गंभीर है ।",खासकर,advmod,nmod,,,,,no_decision,no_decision,,,no,yes,yes,yes
dev-s528,1,उद्योग जगत की ओर से ऋण की मांग में बढ़ोतरी और राजकोषी घाटे में वृद्धि के कारण निम्न ब्याज दरों के फायदे छूमंतर हो सकते हैं ।,घाटे,conj,nmod,,में,,,no_decision,no_decision,,,no,no,yes,yes
dev-s528,1,उद्योग जगत की ओर से ऋण की मांग में बढ़ोतरी और राजकोषी घाटे में वृद्धि के कारण निम्न ब्याज दरों के फायदे छूमंतर हो सकते हैं ।,वृद्धि,obl,conj,के,,,,mapping_hypothesis,no_decision,Adhikaraṇa|Apādāna|Karaṇa,,no,no,yes,no
dev-s531,1,सर्वे में कहा गया है कि उच्च शिक्षा की फीस बढ़ाने की जरूरत है ।,उच्च,compound,amod,,,,,no_decision,no_decision,,,no,yes,yes,yes
dev-s531,1,सर्वे में कहा गया है कि उच्च शिक्षा की फीस बढ़ाने की जरूरत है ।,फीस,compound,obj,,,,,no_decision,mapping_hypothesis,,Karma,no,yes,yes,no
dev-s532,1,अच्छे मानसून के कारण खाद्यान्नों की पैदावार २००२ - ०३ के १७.४२ करोड़ टन से बढ़ कर २००३ - ०४ के २१.०८ करोड़ टन पहुंच गई ।,टन,obj,obl,से,से,,R4,mapping_hypothesis,ambiguous,Karma,Karaṇa|Apādāna,no,yes,no,no
dev-s532,2,अच्छे मानसून के कारण खाद्यान्नों की पैदावार २००२ - ०३ के १७.४२ करोड़ टन से बढ़ कर २००३ - ०४ के २१.०८ करोड़ टन पहुंच गई ।,टन,nsubj,xcomp,,,,,mapping_hypothesis,no_decision,Kartā,,no,yes,yes,no
dev-s532,1,अच्छे मानसून के कारण खाद्यान्नों की पैदावार २००२ - ०३ के १७.४२ करोड़ टन से बढ़ कर २००३ - ०४ के २१.०८ करोड़ टन पहुंच गई ।,२००३,nmod,nummod,,,,,no_decision,no_decision,,,no,yes,yes,yes
dev-s534,1,सामान्य मानसून की संभावना के मद्देनजर २००३ - ०४ में खाद्यान्नों की पैदावार बढ़ने की उम्मीद है ।,पैदावार,compound,nsubj,,,,,no_decision,mapping_hypothesis,,Kartā,no,yes,yes,no
dev-s534,1,सामान्य मानसून की संभावना के मद्देनजर २००३ - ०४ में खाद्यान्नों की पैदावार बढ़ने की उम्मीद है ।,संभावना,nmod,obl,के,के,,,no_decision,mapping_hypothesis,,Adhikaraṇa|Apādāna|Karaṇa,no,yes,yes,no
dev-s535,1,सर्वे में कहा गया है कि कृषि क्षेत्र में कार्य कर रहे अतिरिक्त श्रमिकों को उद्योग में रोजगार देने और इसके लिए कृषि प्रसंस्करण उद्योगों को बढ़ावा देने के लिए विशेष अभियान चलाया जाएगा ।,चलाया,conj,obj,,,,,no_decision,mapping_hypothesis,,Karma,no,yes,yes,no
dev-s535,1,सर्वे में कहा गया है कि कृषि क्षेत्र में कार्य कर रहे अतिरिक्त श्रमिकों को उद्योग में रोजगार देने और इसके लिए कृषि प्रसंस्करण उद्योगों को बढ़ावा देने के लिए विशेष अभियान चलाया जाएगा ।,देने,obj,advcl,,,,,mapping_hypothesis,no_decision,Karma,,no,yes,yes,no
dev-s535,2,सर्वे में कहा गया है कि कृषि क्षेत्र में कार्य कर रहे अतिरिक्त श्रमिकों को उद्योग में रोजगार देने और इसके लिए कृषि प्रसंस्करण उद्योगों को बढ़ावा देने के लिए विशेष अभियान चलाया जाएगा ।,देने,advcl,conj,,,,,no_decision,no_decision,,,no,yes,yes,yes
dev-s537,1,"केंद्र सरकार के अनुसार यद्यपि टेलीकॉम, सड़क और बंदरगाह जैसी सुविधाओं के क्षेत्र में मांग और पूर्ति का अंतर कम हुआ है, पर इन सुविधाओं के अभाव के कारण आर्थिक विकास में बाधा आ रही है ।",आ,root,conj,,,,,no_decision,no_decision,,,no,yes,yes,yes
dev-s537,1,"केंद्र सरकार के अनुसार यद्यपि टेलीकॉम, सड़क और बंदरगाह जैसी सुविधाओं के क्षेत्र में मांग और पूर्ति का अंतर कम हुआ है, पर इन सुविधाओं के अभाव के कारण आर्थिक विकास में बाधा आ रही है ।",कम,xcomp,compound,,,,,no_decision,no_decision,,,no,yes,yes,yes
dev-s537,1,"केंद्र सरकार के अनुसार यद्यपि टेलीकॉम, सड़क और बंदरगाह जैसी सुविधाओं के क्षेत्र में मांग और पूर्ति का अंतर कम हुआ है, पर इन सुविधाओं के अभाव के कारण आर्थिक विकास में बाधा आ रही है ।",बाधा,compound,nsubj,,,,,no_decision,mapping_hypothesis,,Kartā,no,yes,yes,no
dev-s537,1,"केंद्र सरकार के अनुसार यद्यपि टेलीकॉम, सड़क और बंदरगाह जैसी सुविधाओं के क्षेत्र में मांग और पूर्ति का अंतर कम हुआ है, पर इन सुविधाओं के अभाव के कारण आर्थिक विकास में बाधा आ रही है ।",हुआ,advcl,root,,,,,no_decision,no_decision,,,no,yes,yes,yes
dev-s538,1,आर्थिक सर्वेक्षण २००४ में कहा गया है कि सामाजिक इन्फ्रास्ट्रक्चर को भौतिक इन्फ्रास्ट्रक्चर के बराबर महत्व देने की गरज से राष्ट्रीय साझा न्यूनतम कार्यक्रम के अनुरूप शिक्षा और स्वास्थ्य पर विशेष बल दिया जाएगा ।,आर्थिक,compound,amod,,,,,no_decision,no_decision,,,no,yes,yes,yes
dev-s538,2,आर्थिक सर्वेक्षण २००४ में कहा गया है कि सामाजिक इन्फ्रास्ट्रक्चर को भौतिक इन्फ्रास्ट्रक्चर के बराबर महत्व देने की गरज से राष्ट्रीय साझा न्यूनतम कार्यक्रम के अनुरूप शिक्षा और स्वास्थ्य पर विशेष बल दिया जाएगा ।,इन्फ्रास्ट्रक्चर,obj,obl,के,के,,,mapping_hypothesis,mapping_hypothesis,Karma,Adhikaraṇa|Apādāna|Karaṇa,no,yes,yes,yes
dev-s538,1,आर्थिक सर्वेक्षण २००४ में कहा गया है कि सामाजिक इन्फ्रास्ट्रक्चर को भौतिक इन्फ्रास्ट्रक्चर के बराबर महत्व देने की गरज से राष्ट्रीय साझा न्यूनतम कार्यक्रम के अनुरूप शिक्षा और स्वास्थ्य पर विशेष बल दिया जाएगा ।,बल,obj,compound,,,,,mapping_hypothesis,no_decision,Karma,,no,yes,yes,no
dev-s538,1,आर्थिक सर्वेक्षण २००४ में कहा गया है कि सामाजिक इन्फ्रास्ट्रक्चर को भौतिक इन्फ्रास्ट्रक्चर के बराबर महत्व देने की गरज से राष्ट्रीय साझा न्यूनतम कार्यक्रम के अनुरूप शिक्षा और स्वास्थ्य पर विशेष बल दिया जाएगा ।,महत्व,acl,compound,,,,,no_decision,no_decision,,,no,yes,yes,yes
dev-s538,1,आर्थिक सर्वेक्षण २००४ में कहा गया है कि सामाजिक इन्फ्रास्ट्रक्चर को भौतिक इन्फ्रास्ट्रक्चर के बराबर महत्व देने की गरज से राष्ट्रीय साझा न्यूनतम कार्यक्रम के अनुरूप शिक्षा और स्वास्थ्य पर विशेष बल दिया जाएगा ।,सर्वेक्षण,compound,nmod,,,,,no_decision,no_decision,,,no,yes,yes,yes
dev-s539,1,"नतीजतन, बजट अनुमान २००३ - ०४ में शिक्षा और स्वास्थ्य पर सार्वजनिक व्यय को बढ़ा कर जीडीपी का क्रमशः ६ फीसदी और २ - ३ फीसदी करने का निर्णय लिया गया है ।",अनुमान,compound,nmod,,,,,no_decision,no_decision,,,no,yes,yes,yes
dev-s539,1,"नतीजतन, बजट अनुमान २००३ - ०४ में शिक्षा और स्वास्थ्य पर सार्वजनिक व्यय को बढ़ा कर जीडीपी का क्रमशः ६ फीसदी और २ - ३ फीसदी करने का निर्णय लिया गया है ।",क्रमशः,advmod,amod,,,,,no_decision,no_decision,,,no,yes,yes,yes
dev-s539,1,"नतीजतन, बजट अनुमान २००३ - ०४ में शिक्षा और स्वास्थ्य पर सार्वजनिक व्यय को बढ़ा कर जीडीपी का क्रमशः ६ फीसदी और २ - ३ फीसदी करने का निर्णय लिया गया है ।",नतीजतन,advmod,obl,,,,,no_decision,mapping_hypothesis,,Adhikaraṇa|Apādāna|Karaṇa,no,yes,yes,no
dev-s539,1,"नतीजतन, बजट अनुमान २००३ - ०४ में शिक्षा और स्वास्थ्य पर सार्वजनिक व्यय को बढ़ा कर जीडीपी का क्रमशः ६ फीसदी और २ - ३ फीसदी करने का निर्णय लिया गया है ।",निर्णय,obj,compound,,,,,mapping_hypothesis,no_decision,Karma,,no,yes,yes,no
dev-s539,1,"नतीजतन, बजट अनुमान २००३ - ०४ में शिक्षा और स्वास्थ्य पर सार्वजनिक व्यय को बढ़ा कर जीडीपी का क्रमशः ६ फीसदी और २ - ३ फीसदी करने का निर्णय लिया गया है ।",फीसदी,compound,acl,,,,,no_decision,no_decision,,,no,yes,yes,yes
dev-s539,1,"नतीजतन, बजट अनुमान २००३ - ०४ में शिक्षा और स्वास्थ्य पर सार्वजनिक व्यय को बढ़ा कर जीडीपी का क्रमशः ६ फीसदी और २ - ३ फीसदी करने का निर्णय लिया गया है ।",२००३,compound,nmod,,,,,no_decision,no_decision,,,no,yes,yes,yes
dev-s542,1,कृषि क्षेत्र में ९.१ फीसदी की दर से वृद्धि हुई है और इसका जीडीपी में भारी योगदान रहा ।,योगदान,nsubj,compound,,,,,mapping_hypothesis,no_decision,Kartā,,no,yes,yes,no
dev-s544,1,मुद्रास्फीति की औसत दर ५.५ फीसदी रही ।,औसत,compound,amod,,,,,no_decision,no_decision,,,no,yes,yes,yes
dev-s547,1,"केंद्र सरकार ने बुधवार को कहा कि ब्रिटेन द्वारा निर्मित हॉक उन्नत प्रशिक्षण विमान (एजेटी) भारत को सितंबर, २००७ से मिलने शुरू हो जाएँगे ।",भारत,iobj,obj,को,को,R5,R5,ambiguous,ambiguous,Karma|Sampradāna,Karma|Sampradāna,no,yes,yes,yes
dev-s547,1,"केंद्र सरकार ने बुधवार को कहा कि ब्रिटेन द्वारा निर्मित हॉक उन्नत प्रशिक्षण विमान (एजेटी) भारत को सितंबर, २००७ से मिलने शुरू हो जाएँगे ।",मिलने,nsubj,xcomp,,,,,mapping_hypothesis,no_decision,Kartā,,no,yes,yes,no
dev-s548,1,इन विमानों के लिए भारतीय वायु - सेना के ७५ पायलेटों को अगले साढ़े तीन साल में ब्रिटेन में प्रशिक्षित किया जाएगा ।,भारतीय,compound,amod,,,,,no_decision,no_decision,,,no,yes,yes,yes
dev-s549,1,एक सवाल के जवाब में राज्यसभा में रक्षा मंत्री प्रणब मुखर्जी ने कहा कि सरकार ने हॉक एजेटी के लिए ब्रिटिश सरकार के साथ एक समझौते पर हस्ताक्षर किया है ।,ब्रिटिश,compound,amod,,,,,no_decision,no_decision,,,no,yes,yes,yes
dev-s550,1,"इसके तहत भारत को फरवरी, २००८ तक कुल ६६ में से २४ हॉक एजेटी विमान मिल जाएँगे ।",एजेटी,nmod,compound,,,,,no_decision,no_decision,,,no,yes,yes,yes
dev-s557,2,हाईपर प्लेन के बारे में जानकारी देते हुए मुखर्जी ने कहा कि रक्षा वैज्ञानिकों ने हाईपर प्लेन की आरंभिक परिकल्पना तैयार कर ली है ।,हाईपर,compound,amod,,,,,no_decision,no_decision,,,no,yes,yes,yes
dev-s559,1,इसके साथ ही उन्होंने बताया कि अभी तक हाईपर प्लेन विकसित करने की परियोजना को मंजूरी नहीं दी गई है ।,मंजूरी,obj,compound,,,,,mapping_hypothesis,no_decision,Karma,,no,yes,yes,no
dev-s559,1,इसके साथ ही उन्होंने बताया कि अभी तक हाईपर प्लेन विकसित करने की परियोजना को मंजूरी नहीं दी गई है ।,हाईपर,compound,amod,,,,,no_decision,no_decision,,,no,yes,yes,yes
dev-s56,1,कुशीनगर के विस्‍तार के साथ ही यहाँ पर सबसे अधिक बनाए गए मंदिरों में से एक चीनी मंदिर है ।,अधिक,xcomp,advmod,,,,,no_decision,no_decision,,,no,yes,yes,yes
dev-s56,1,कुशीनगर के विस्‍तार के साथ ही यहाँ पर सबसे अधिक बनाए गए मंदिरों में से एक चीनी मंदिर है ।,यहाँ,nmod,obl,पर,पर,,R3,no_decision,confirmed,,Adhikaraṇa,no,yes,no,no
dev-s560,1,उन्होंने बताया कि १५५ मिमी ५२ कैलिबर की हॉविटजर प्रणाली पर अभी कुछ और परीक्षण किए जाने हैं ।,कुछ,nmod,det,,,,,no_decision,no_decision,,,no,yes,yes,yes
dev-s562,1,मगर तय शर्तो के अनुसार उन्होंने गरीब मरीज़ों का इलाज करने से इन्कार कर दिया ।,करने,obj,advcl,,,,,mapping_hypothesis,no_decision,Karma,,no,yes,yes,no
dev-s564,1,इसके अलावा सभी अस्पतालों को फिलहाल दो हजार रुपये मासिक आय वाले परिवार का अस्पताल में निःशुल्क इलाज करने का निर्देश दिया है ।,फिलहाल,obl,advmod,,,,,mapping_hypothesis,no_decision,Adhikaraṇa|Apādāna|Karaṇa,,no,yes,yes,no
dev-s566,1,अदालत ने इसके आधार पर निर्देश दिया कि सस्ती दर पर भूमि प्राप्त करने वाले अस्पताल किसी भी मरीज़ को भर्ती करने के दौरान उससे आय संबंधी कोई भी दस्तावेज या फिर बीपीएल कार्ड इत्यादि नहीं माँगेगा ।,आय,obl,compound,,,,,mapping_hypothesis,no_decision,Adhikaraṇa|Apādāna|Karaṇa,,no,yes,yes,no
dev-s566,1,अदालत ने इसके आधार पर निर्देश दिया कि सस्ती दर पर भूमि प्राप्त करने वाले अस्पताल किसी भी मरीज़ को भर्ती करने के दौरान उससे आय संबंधी कोई भी दस्तावेज या फिर बीपीएल कार्ड इत्यादि नहीं माँगेगा ।,मरीज़,iobj,obj,को,को,R5,R5,ambiguous,ambiguous,Karma|Sampradāna,Karma|Sampradāna,no,yes,yes,yes
dev-s567,1,दाखिले के समय मरीज़ से फार्म भराकर कि उसकी आय दो हजार रुपये मासिक से ज्यादा नहीं है और इलाज शुरू कर दें ।,ज्यादा,acl,obl,,,,,no_decision,mapping_hypothesis,,Adhikaraṇa|Apādāna|Karaṇa,no,yes,yes,no
dev-s567,1,दाखिले के समय मरीज़ से फार्म भराकर कि उसकी आय दो हजार रुपये मासिक से ज्यादा नहीं है और इलाज शुरू कर दें ।,दो,compound,nmod,,,,,no_decision,no_decision,,,no,yes,yes,yes
dev-s567,1,दाखिले के समय मरीज़ से फार्म भराकर कि उसकी आय दो हजार रुपये मासिक से ज्यादा नहीं है और इलाज शुरू कर दें ।,मरीज़,obl,iobj,से,से,R4,,ambiguous,mapping_hypothesis,Karaṇa|Apādāna,Sampradāna,no,yes,no,no
dev-s569,1,अदालत ने कमेटी की इस रिपोर्ट को भी गंभीरता से लिया कि सस्ती दर पर भूमि लेने वाले २८ अस्पतालों का कोई पता नहीं है और बताए पते पर उनका कोई रिकार्ड ही नहीं है ।,पता,acl,nmod,,,,,no_decision,no_decision,,,no,yes,yes,yes
dev-s57,1,मंदिर में भगवान बुद्ध की मूर्ति अपने पूरे स्‍वरूप में चीनी लगती है ।,चीनी,xcomp,obj,,,,,no_decision,mapping_hypothesis,,Karma,no,yes,yes,no
dev-s571,1,इसी प्रकार खंडपीठ ने मुख्य सचिव को निर्देश दिया कि वे कमेटी की रिपोर्ट के अनुसार सभी अस्पतालों में नोटिस बोर्ड लगवाएँ जिसमें तय निशुल्क बेड की संख्या और अन्य प्रकार की जानकारी दी जाए ।,निर्देश,obj,compound,,,,,mapping_hypothesis,no_decision,Karma,,no,yes,yes,no
dev-s571,1,इसी प्रकार खंडपीठ ने मुख्य सचिव को निर्देश दिया कि वे कमेटी की रिपोर्ट के अनुसार सभी अस्पतालों में नोटिस बोर्ड लगवाएँ जिसमें तय निशुल्क बेड की संख्या और अन्य प्रकार की जानकारी दी जाए ।,लगवाएँ,acl,ccomp,,,,,no_decision,no_decision,,,no,yes,yes,yes
dev-s574,1,अधिकांश अस्पतालों से इससे संबंधित रिकॉर्ड नहीं है और अस्पतालों ने २५ प्रतिशत की अपेक्षा कुछ ही बेड गरीबों के लिए रखे हैं ।,अधिकांश,amod,det,,,,,no_decision,no_decision,,,no,yes,yes,yes
dev-s578,1,प्रतिनिधिमंडल ने बिहार में बिजली की स्थिति से प्रधानमंत्री को अवगत कराते हुए राज्य में परमाणु रिएक्टर की स्थापना की माँग रखी ।,अवगत,obj,compound,,,,,mapping_hypothesis,no_decision,Karma,,no,yes,yes,no
dev-s578,1,प्रतिनिधिमंडल ने बिहार में बिजली की स्थिति से प्रधानमंत्री को अवगत कराते हुए राज्य में परमाणु रिएक्टर की स्थापना की माँग रखी ।,माँग,obj,compound,,,,,mapping_hypothesis,no_decision,Karma,,no,yes,yes,no
dev-s58,1,इसकी दीवारों पर जातक कथाओं से संबंधित पेंटिंग अत्‍यंत ही आकर्षक है ।,जातक,compound,amod,,,,,no_decision,no_decision,,,no,yes,yes,yes
dev-s580,1,"प्रतिनिधिमंडल में केंद्रीय मंत्री पी. सी. गुप्ता, कांति सिंह, एम. ए. ए. फातमी और सांसद विजय किशन, रघुनाथ झा, कुमकुम राय व वीरचंद पासवान शामिल थे ।",केंद्रीय,compound,amod,,,,,no_decision,no_decision,,,no,yes,yes,yes
dev-s581,1,दिल्ली पुलिस ने हवारा और उसके साथी को दिल्ली के ही किसी स्थान से गिरफ्तार करने का दावा किया है ।,करने,amod,nmod,,,,,no_decision,no_decision,,,no,yes,yes,yes
dev-s582,1,जबकि कुछ प्रत्यक्षदर्शियों के मुताबिक हवारा और उसके साथी को दिल्ली पुलिस की स्पेशल ब्रांच ने पंजाब यूनीवर्सिटी के मुख्य द्वार से काबू किया है ।,हवारा,obj,nsubj,,को,,,mapping_hypothesis,mapping_hypothesis,Karma,Kartā,no,no,yes,yes
dev-s584,1,बताया जाता है कि दिल्ली के सिनेमा घरों में हुए विस्फोटों के एक आरोपी को नवांशहर से धरने के बाद दिल्ली पुलिस को उससे पूछ - ताछ में हवारा और उसके साथी के ठिकाने के बारे में पता लगा ।,आरोपी,obj,nsubj,को,को,R5,,ambiguous,mapping_hypothesis,Karma|Sampradāna,Kartā,no,yes,no,no
dev-s584,3,बताया जाता है कि दिल्ली के सिनेमा घरों में हुए विस्फोटों के एक आरोपी को नवांशहर से धरने के बाद दिल्ली पुलिस को उससे पूछ - ताछ में हवारा और उसके साथी के ठिकाने के बारे में पता लगा ।,के,mark,case,,,,,no_decision,no_decision,,,no,yes,yes,yes
dev-s584,1,बताया जाता है कि दिल्ली के सिनेमा घरों में हुए विस्फोटों के एक आरोपी को नवांशहर से धरने के बाद दिल्ली पुलिस को उससे पूछ - ताछ में हवारा और उसके साथी के ठिकाने के बारे में पता लगा ।,ठिकाने,obl,conj,के,के,,,mapping_hypothesis,no_decision,Adhikaraṇa|Apādāna|Karaṇa,,no,yes,yes,no
dev-s584,1,बताया जाता है कि दिल्ली के सिनेमा घरों में हुए विस्फोटों के एक आरोपी को नवांशहर से धरने के बाद दिल्ली पुलिस को उससे पूछ - ताछ में हवारा और उसके साथी के ठिकाने के बारे में पता लगा ।,पुलिस,iobj,nsubj,को,को,R5,,ambiguous,mapping_hypothesis,Karma|Sampradāna,Kartā,no,yes,no,no
dev-s584,1,बताया जाता है कि दिल्ली के सिनेमा घरों में हुए विस्फोटों के एक आरोपी को नवांशहर से धरने के बाद दिल्ली पुलिस को उससे पूछ - ताछ में हवारा और उसके साथी के ठिकाने के बारे में पता लगा ।,बाद,mark,case,,,,,no_decision,no_decision,,,no,yes,yes,yes
dev-s584,1,बताया जाता है कि दिल्ली के सिनेमा घरों में हुए विस्फोटों के एक आरोपी को नवांशहर से धरने के बाद दिल्ली पुलिस को उससे पूछ - ताछ में हवारा और उसके साथी के ठिकाने के बारे में पता लगा ।,साथी,conj,nmod,के,के,,,no_decision,no_decision,,,no,yes,yes,yes
dev-s584,1,बताया जाता है कि दिल्ली के सिनेमा घरों में हुए विस्फोटों के एक आरोपी को नवांशहर से धरने के बाद दिल्ली पुलिस को उससे पूछ - ताछ में हवारा और उसके साथी के ठिकाने के बारे में पता लगा ।,हवारा,nmod,obl,,,,,no_decision,mapping_hypothesis,,Adhikaraṇa|Apādāna|Karaṇa,no,yes,yes,no
dev-s585,1,पूछ - ताछ में दिल्ली पुलिस को पता लगा कि हवारा और उसका साथी पटियाला की पंजाब यूनीवर्सिटी में कुछ लोगों से मिलने गया है ।,ताछ,obl,compound,में,,R2,,confirmed,no_decision,Adhikaraṇa,,no,no,no,no
dev-s585,1,पूछ - ताछ में दिल्ली पुलिस को पता लगा कि हवारा और उसका साथी पटियाला की पंजाब यूनीवर्सिटी में कुछ लोगों से मिलने गया है ।,पुलिस,iobj,nsubj,को,को,R5,,ambiguous,mapping_hypothesis,Karma|Sampradāna,Kartā,no,yes,no,no
dev-s585,1,पूछ - ताछ में दिल्ली पुलिस को पता लगा कि हवारा और उसका साथी पटियाला की पंजाब यूनीवर्सिटी में कुछ लोगों से मिलने गया है ।,पूछ,compound,obl,,में,,R2,no_decision,confirmed,,Adhikaraṇa,no,no,no,no
dev-s586,1,इसके बाद दिल्ली पुलिस ने पूरी योजना के साथ पटियाला में डेरा डाला ।,दिल्ली,compound,nmod,,,,,no_decision,no_decision,,,no,yes,yes,yes
dev-s588,1,वहीं पर सादे कपड़ों में मौजूद दिल्ली पुलिस ने इस कार पर धावा बोल दिया ।,पर,case,cc,,,,,no_decision,no_decision,,,no,yes,yes,yes
dev-s589,1,भनक लगते ही कार में बैठे दोनों व्यक्ति भागने लगे ।,भनक,obj,nsubj,,,,,mapping_hypothesis,mapping_hypothesis,Karma,Kartā,no,yes,yes,yes
dev-s593,1,दिल्ली पुलिस दोनों को पकड़ने के बाद वहाँ से फौरन रवाना हो गई ।,दोनों,iobj,obj,को,को,R5,R5,ambiguous,ambiguous,Karma|Sampradāna,Karma|Sampradāna,no,yes,yes,yes
dev-s596,1,पंजाब पुलिस का कहना था कि उसके अधिकार क्षेत्र में हवारा को पकड़ने की कार्रवाई उसको जानकारी देने के बाद होनी चाहिए थी ।,जानकारी,obj,compound,,,,,mapping_hypothesis,no_decision,Karma,,no,yes,yes,no
dev-s597,1,यही कारण है कि हवारा की गिरफ्तारी दिल्ली पुलिस ने काफी देर बाद खोली ।,खोली,nmod,acl,,,,,no_decision,no_decision,,,no,yes,yes,yes
dev-s598,1,पटियाला पुलिस को इस कार्रवाई की भनक काफी देर बाद लगी ।,भनक,compound,nsubj,,,,,no_decision,mapping_hypothesis,,Kartā,no,yes,yes,no
dev-s599,1,मंगलवार की रात एसएसपी ए. एस. रॉय की अगुआई में पुलिस टीम ने यूनीवर्सिटी जाकर वहाँ के सुरक्षा अधिकारी से भी इस संबंध में बात की ।,अधिकारी,obj,iobj,से,से,,,mapping_hypothesis,mapping_hypothesis,Karma,Sampradāna,no,yes,yes,yes
dev-s60,1,महापरिनिर्वाण मंदिर से पहले बीच तालाब में बना भगवान बुद्ध का मंदिर और इसके सामने बना विशाल पगोडा पर्यटकों के आकर्षण का केंद्र है ।,बीच,case,obl,,,,,no_decision,mapping_hypothesis,,Adhikaraṇa|Apādāna|Karaṇa,no,yes,yes,no
dev-s601,1,भारत के कंट्रोलर एंड ऑडिटर जनरल वी. एन. कॉल ने कहा है कि सार्वजनिक उपक्रमों के विनिवेश का लेखा ऑडिटरों के सामने एक नई चुनौती के रूप में खड़ा हुआ है ।,खड़ा,obj,compound,,,,,mapping_hypothesis,no_decision,Karma,,no,yes,yes,no
dev-s601,1,भारत के कंट्रोलर एंड ऑडिटर जनरल वी. एन. कॉल ने कहा है कि सार्वजनिक उपक्रमों के विनिवेश का लेखा ऑडिटरों के सामने एक नई चुनौती के रूप में खड़ा हुआ है ।,जनरल,nmod,compound,,,,,no_decision,no_decision,,,no,yes,yes,yes
dev-s601,1,भारत के कंट्रोलर एंड ऑडिटर जनरल वी. एन. कॉल ने कहा है कि सार्वजनिक उपक्रमों के विनिवेश का लेखा ऑडिटरों के सामने एक नई चुनौती के रूप में खड़ा हुआ है ।,लेखा,nsubj,compound,,,,,mapping_hypothesis,no_decision,Kartā,,no,yes,yes,no
dev-s601,1,भारत के कंट्रोलर एंड ऑडिटर जनरल वी. एन. कॉल ने कहा है कि सार्वजनिक उपक्रमों के विनिवेश का लेखा ऑडिटरों के सामने एक नई चुनौती के रूप में खड़ा हुआ है ।,हुआ,aux,obj,,,,,no_decision,mapping_hypothesis,,Karma,no,yes,yes,no
dev-s601,2,भारत के कंट्रोलर एंड ऑडिटर जनरल वी. एन. कॉल ने कहा है कि सार्वजनिक उपक्रमों के विनिवेश का लेखा ऑडिटरों के सामने एक नई चुनौती के रूप में खड़ा हुआ है ।,है,aux:pass,aux,,,,,no_decision,no_decision,,,no,yes,yes,yes
dev-s602,1,कॉल सोमवार से शुरू हुए २५ विकासशील देशों के वित्त नियंत्रकों एवं ऑडिटरों के लिए आयोजित एक माह के अंतर्राष्ट्रीय प्रशिक्षण कार्यक्रम का उद्घाटन कर रहे थे ।,शुरू,obj,compound,,,,,mapping_hypothesis,no_decision,Karma,,no,yes,yes,no
dev-s603,1,"इस कार्यक्रम में भारत के अलावा अफगानिस्तान, बांग्लादेश, कोरिया, थाईलैंड, वियतनाम, मॉरीशस, नेपाल, ओमान, श्रीलंका, घाना व उजबेकिस्तान के प्रतिनिधि भाग ले रहे हैं ।",भाग,obj,compound,,,,,mapping_hypothesis,no_decision,Karma,,no,yes,yes,no
dev-s605,1,उन्होंने कहा कि नियामक अधिकरणों और सार्वजनिक उपक्रमों की पारदर्शिता लेखा के मामले में महत्वपूर्ण होती जा रही है ।,नियामक,amod,compound,,,,,no_decision,no_decision,,,no,yes,yes,yes
dev-s605,1,उन्होंने कहा कि नियामक अधिकरणों और सार्वजनिक उपक्रमों की पारदर्शिता लेखा के मामले में महत्वपूर्ण होती जा रही है ।,महत्वपूर्ण,compound,xcomp,,,,,no_decision,no_decision,,,no,yes,yes,yes
dev-s607,1,इस स्थिति में सार्वजनिक उपक्रमों को अपने काम - काज के तरीके में बदलाव लाने की जरूरत है ।,तरीके,nmod,obl,में,में,,R2,no_decision,confirmed,,Adhikaraṇa,no,yes,no,no
dev-s607,1,इस स्थिति में सार्वजनिक उपक्रमों को अपने काम - काज के तरीके में बदलाव लाने की जरूरत है ।,बदलाव,obj,compound,,,,,mapping_hypothesis,no_decision,Karma,,no,yes,yes,no
dev-s608,1,कॉल ने कहा कि विकासशील देशों में इस तरह के परिवर्तन ज्यादा हो रहे हैं ।,ज्यादा,compound,xcomp,,,,,no_decision,no_decision,,,no,yes,yes,yes
dev-s611,1,जनता दल यू के वरिष्ठ नेता नितीश कुमार ने पिछले लोकसभा चुनाव के दौरान विशेष पर्यवेक्षक रहे एल. वी. सप्तऋषि को चुनाव आयोग पर आरोप लगाने के कारण बर्खास्त करने की माँग की है ।,आरोप,obj,compound,,,,,mapping_hypothesis,no_decision,Karma,,no,yes,yes,no
dev-s611,1,जनता दल यू के वरिष्ठ नेता नितीश कुमार ने पिछले लोकसभा चुनाव के दौरान विशेष पर्यवेक्षक रहे एल. वी. सप्तऋषि को चुनाव आयोग पर आरोप लगाने के कारण बर्खास्त करने की माँग की है ।,सप्तऋषि,obj,iobj,को,को,R5,R5,ambiguous,ambiguous,Karma|Sampradāna,Karma|Sampradāna,no,yes,yes,yes
dev-s612,1,नितीश ने यूपीए सरकार से चुनाव आयोग जैसी संवैधानिक संस्था पर दोषारोपण करने के लिए राष्ट्रीय जनता दल के प्रमुख व केंद्रीय रेल मंत्री लालू यादव के खिलाफ़ भी कार्रवाई करने की माँग की है ।,प्रमुख,nmod,obl,,,,,no_decision,mapping_hypothesis,,Adhikaraṇa|Apādāna|Karaṇa,no,yes,yes,no
dev-s612,1,नितीश ने यूपीए सरकार से चुनाव आयोग जैसी संवैधानिक संस्था पर दोषारोपण करने के लिए राष्ट्रीय जनता दल के प्रमुख व केंद्रीय रेल मंत्री लालू यादव के खिलाफ़ भी कार्रवाई करने की माँग की है ।,मंत्री,conj,nmod,,,,,no_decision,no_decision,,,no,yes,yes,yes
dev-s612,1,नितीश ने यूपीए सरकार से चुनाव आयोग जैसी संवैधानिक संस्था पर दोषारोपण करने के लिए राष्ट्रीय जनता दल के प्रमुख व केंद्रीय रेल मंत्री लालू यादव के खिलाफ़ भी कार्रवाई करने की माँग की है ।,यादव,obl,conj,के,के,,,mapping_hypothesis,no_decision,Adhikaraṇa|Apādāna|Karaṇa,,no,yes,yes,no
dev-s612,1,नितीश ने यूपीए सरकार से चुनाव आयोग जैसी संवैधानिक संस्था पर दोषारोपण करने के लिए राष्ट्रीय जनता दल के प्रमुख व केंद्रीय रेल मंत्री लालू यादव के खिलाफ़ भी कार्रवाई करने की माँग की है ।,सरकार,obl,iobj,से,से,R4,,ambiguous,mapping_hypothesis,Karaṇa|Apādāna,Sampradāna,no,yes,no,no
dev-s613,1,नितीश ने सप्तऋषि द्वारा उठाए मुद्दे को 'किसी से' प्रेरित बताया ।,किसी,obl,acl,से,से,R4,,ambiguous,no_decision,Karaṇa|Apādāna,,no,yes,no,no
dev-s615,1,उन्होंने कहा कि लालू को संवैधानिक संगठनों की आलोचना करने की आदत सी पड़ गई है ।,आदत,obj,compound,,,,,mapping_hypothesis,no_decision,Karma,,no,yes,yes,no
dev-s62,1,इसमें कछुओं और बतख के साथ ही मछलियों को अठखेलियाँ करते देखना बहुत अच्‍छा लगता है ।,अच्‍छा,compound,xcomp,,,,,no_decision,no_decision,,,no,yes,yes,yes
dev-s62,1,इसमें कछुओं और बतख के साथ ही मछलियों को अठखेलियाँ करते देखना बहुत अच्‍छा लगता है ।,देखना,obj,nsubj,,,,,mapping_hypothesis,mapping_hypothesis,Karma,Kartā,no,yes,yes,yes
dev-s62,1,इसमें कछुओं और बतख के साथ ही मछलियों को अठखेलियाँ करते देखना बहुत अच्‍छा लगता है ।,बहुत,det,advmod,,,,,no_decision,no_decision,,,no,yes,yes,yes
dev-s621,1,अफ्रीका की गरीबी और मौसम परिवर्तन पर चर्चा करने आए दुनिया के ८ सबसे धनी देश (जी - ८) आतंकवाद पर चर्चा करते नज़र आए ।,करने,compound,advcl,,,,,no_decision,no_decision,,,no,yes,yes,yes
dev-s621,2,अफ्रीका की गरीबी और मौसम परिवर्तन पर चर्चा करने आए दुनिया के ८ सबसे धनी देश (जी - ८) आतंकवाद पर चर्चा करते नज़र आए ।,८,nsubj,nmod,,,,,mapping_hypothesis,no_decision,Kartā,,no,yes,yes,no
dev-s622,1,"अंततः इन नेताओं को संशोधित घोषणा जारी करनी पड़ी, जिसमें आतंकवाद से लड़ने की चुनौती फेहरिस्त में सबसे ऊपर थी ।",अंततः,advmod,obl,,,,,no_decision,mapping_hypothesis,,Adhikaraṇa|Apādāna|Karaṇa,no,yes,yes,no
dev-s622,1,"अंततः इन नेताओं को संशोधित घोषणा जारी करनी पड़ी, जिसमें आतंकवाद से लड़ने की चुनौती फेहरिस्त में सबसे ऊपर थी ।",आतंकवाद,obl,obj,से,से,R4,,ambiguous,mapping_hypothesis,Karaṇa|Apādāna,Karma,no,yes,no,no
dev-s622,1,"अंततः इन नेताओं को संशोधित घोषणा जारी करनी पड़ी, जिसमें आतंकवाद से लड़ने की चुनौती फेहरिस्त में सबसे ऊपर थी ।",ऊपर,case,acl:relcl,,,,,no_decision,no_decision,,,no,yes,yes,yes
dev-s622,1,"अंततः इन नेताओं को संशोधित घोषणा जारी करनी पड़ी, जिसमें आतंकवाद से लड़ने की चुनौती फेहरिस्त में सबसे ऊपर थी ।",सबसे,acl:relcl,amod,ऊपर,,,,no_decision,no_decision,,,no,no,yes,yes
dev-s625,1,उन्होंने वाशिंगटन स्थित इन वरिष्ठ सुरक्षा अधिकारियों से अधिकतम चौकसी बरतने को कहा ।,चौकसी,obj,compound,,,,,mapping_hypothesis,no_decision,Karma,,no,yes,yes,no
dev-s626,1,"हालांकि, उनके प्रेस सचिव स्कॉट मैकक्लेलन ने बाद में जोर देकर कहा कि बुश ने आतंकवादी हमले के कारण बीच में शिखर बैठक नहीं छोड़ी थी ।",देकर,compound,advcl,,,,,no_decision,no_decision,,,no,yes,yes,yes
dev-s627,1,वैसे जी - ८ के एजेंडे में आए बदलाव से बुश की परेशानी भी कम हुई ।,कम,compound,xcomp,,,,,no_decision,no_decision,,,no,yes,yes,yes
dev-s63,1,ठीक सामने मौजूद पगोडा के ऊपर बँधी घंटियाँ सुरम्‍य और शांत वातावरण में जब बजती हैं तो लगता है कि ये सभी दिशाओं में अहिंसा और प्रेम का संदेश दे रहीं हों ।,संदेश,compound,obj,,,,,no_decision,mapping_hypothesis,,Karma,no,yes,yes,no
dev-s63,1,ठीक सामने मौजूद पगोडा के ऊपर बँधी घंटियाँ सुरम्‍य और शांत वातावरण में जब बजती हैं तो लगता है कि ये सभी दिशाओं में अहिंसा और प्रेम का संदेश दे रहीं हों ।,सामने,advmod,obl,,,,,no_decision,mapping_hypothesis,,Adhikaraṇa|Apādāna|Karaṇa,no,yes,yes,no
dev-s630,1,अगर लंदन में धमाके नहीं होते तो इस शिखर बैठक में तापमान परिवर्तन प्रमुख मुद्दा बना रहता और इस पर जी - ८ देशों में मतभेद भी लक्षित हो सकते थे ।,मुद्दा,obj,xcomp,,,,,mapping_hypothesis,no_decision,Karma,,no,yes,yes,no
dev-s631,1,"यूं तो समूह - ८ अभी भी तापमान परिवर्तन पर एक समझौते का प्रयास कर रहा है, लेकिन धमाकों के बाद अब उसके लिए आतंकवाद ही प्रमुख मुद्दा बन गया है ।",मुद्दा,compound,xcomp,,,,,no_decision,no_decision,,,no,yes,yes,yes
dev-s631,1,"यूं तो समूह - ८ अभी भी तापमान परिवर्तन पर एक समझौते का प्रयास कर रहा है, लेकिन धमाकों के बाद अब उसके लिए आतंकवाद ही प्रमुख मुद्दा बन गया है ।",यूं,obl,advmod,,,,,mapping_hypothesis,no_decision,Adhikaraṇa|Apādāna|Karaṇa,,no,yes,yes,no
dev-s632,1,फॉर्म सब्सिडी खत्म करने पर हालाँकि उन्हें अमेरिका और ब्रिटेन से चतुराई वाला समर्थन मिला लेकिन शिराक़ से हुई मुलाकात इसलिए खास है कि फ्रांस डब्लूटीओ में इस मुद्दे पर जंग छेड़े हुए है ।,समर्थन,compound,nsubj,,,,,no_decision,mapping_hypothesis,,Kartā,no,yes,yes,no
dev-s637,1,पुंछ में हुई मुठभेड़ के बारे में एक सरकारी अधिकारी ने बताया कि १३वीं सिख लाईट इनफेंट्री द्वारा लश्कर - ए - ताइबा गुट के आतंकियों को नियंत्रण - रेखा पर चुनौती देने पर मुठभेड़ रात ११.४५ बजे शुरू हुई ।,रात,obl,nmod,,,,,mapping_hypothesis,no_decision,Adhikaraṇa|Apādāna|Karaṇa,,no,yes,yes,no
dev-s64,1,जलमंदिर के सामने भगवान शिव को समर्पित बिरला मंदिर मौजूद है ।,बिरला,nmod,compound,,,,,no_decision,no_decision,,,no,yes,yes,yes
dev-s640,1,सेना की जबावी कार्रवाई में तीन आतंकी मारे गए ।,आतंकी,nsubj:pass,obj,,,,,no_decision,mapping_hypothesis,,Karma,no,yes,yes,no
dev-s643,1,जहाँ एक तबका फसलों के लिए न्यूनतम समर्थन मूल्य निर्धारित करने वाले कृषि मूल्य लागत आयोग को समाप्त करने का पक्षधर है ।,फसलों,nmod,obl,के,के,,,no_decision,mapping_hypothesis,,Adhikaraṇa|Apādāna|Karaṇa,no,yes,yes,no
dev-s647,1,इसके अलावा ऋण सीमा को ५० हजार रुपए से बढ़ाकर १.५ लाख किया जाना चाहिए और इस पर ७ फीसदी के हिसाब से ब्याज दर लागू होनी चाहिए ।,लाख,obj,acl,,,,,mapping_hypothesis,no_decision,Karma,,no,yes,yes,no
dev-s647,1,इसके अलावा ऋण सीमा को ५० हजार रुपए से बढ़ाकर १.५ लाख किया जाना चाहिए और इस पर ७ फीसदी के हिसाब से ब्याज दर लागू होनी चाहिए ।,१.५,advcl,compound,,,,,no_decision,no_decision,,,no,yes,yes,yes
dev-s648,1,कृषि मूल्य लागत आयोग को ज्यादा स्वतंत्र और मजबूत बनाने के लिए लोकसभा की कृषि मामलों की स्थायी समिति प्रयास कर रही है ।,और,cc,det,,,,,no_decision,no_decision,,,no,yes,yes,yes
dev-s648,1,कृषि मूल्य लागत आयोग को ज्यादा स्वतंत्र और मजबूत बनाने के लिए लोकसभा की कृषि मामलों की स्थायी समिति प्रयास कर रही है ।,मजबूत,conj,compound,,,,,no_decision,no_decision,,,no,yes,yes,yes
dev-s648,1,कृषि मूल्य लागत आयोग को ज्यादा स्वतंत्र और मजबूत बनाने के लिए लोकसभा की कृषि मामलों की स्थायी समिति प्रयास कर रही है ।,स्वतंत्र,acl,advmod,,,,,no_decision,no_decision,,,no,yes,yes,yes
dev-s649,1,समिति का मानना है कि किसानों को उनकी फसल का पूरा मूल्य नहीं मिल पाता है और इसलिए आयोग में किसानों का भी प्रतिनिधित्व होना चाहिए ।,प्रतिनिधित्व,nsubj,compound,,,,,mapping_hypothesis,no_decision,Kartā,,no,yes,yes,no
dev-s65,1,दक्षिण भारतीय शैली में बने इस मंदिर में शिव की ध्‍यान मुद्रा में सफेद संगमरमर की मूर्ति है ।,भारतीय,compound,amod,,,,,no_decision,no_decision,,,no,yes,yes,yes
dev-s652,1,स्थायी समिति के अध्यक्ष प्रोफेसर राम गोपाल यादव का कहना है कि स्थायी समिति यह महसूस करती है कि राज्य सरकारें फसलों के लिए जो मूल्य तय करने के सुझाव देती हैं ।,सुझाव,obj,compound,,,,,mapping_hypothesis,no_decision,Karma,,no,yes,yes,no
dev-s655,1,उनका कहना है पिछले साल उत्तर प्रदेश सरकार ने धान के लिए ७२० रुपये प्रति क्विंटल मूल्य निर्धारित करने की सिफारिश आयोग से की थी ।,आयोग,obj,iobj,से,से,,,mapping_hypothesis,mapping_hypothesis,Karma,Sampradāna,no,yes,yes,yes
dev-s66,1,इसके बगल में ही बिरला धर्मशाला है ।,बगल,nmod,case,में,,,,no_decision,no_decision,,,no,no,yes,yes
dev-s66,1,इसके बगल में ही बिरला धर्मशाला है ।,बिरला,nmod,compound,,,,,no_decision,no_decision,,,no,yes,yes,yes
dev-s660,1,हालांकि अभी तक महज २५ फसलों का ही मूल्य आयोग द्वारा निर्धारित किया जाता है ।,मूल्य,obj,compound,,,,,mapping_hypothesis,no_decision,Karma,,no,yes,yes,no
dev-s662,1,यादव का कहना है कि कृषि में सबसे बड़ी समस्या निवेश ऋण पर लगने वाले ब्याज दर की है ।,कृषि,nmod,obl,में,में,,R2,no_decision,confirmed,,Adhikaraṇa,no,yes,no,no
dev-s662,1,यादव का कहना है कि कृषि में सबसे बड़ी समस्या निवेश ऋण पर लगने वाले ब्याज दर की है ।,दर,nmod,obj,की,की,,,no_decision,mapping_hypothesis,,Karma,no,yes,yes,no
dev-s662,1,यादव का कहना है कि कृषि में सबसे बड़ी समस्या निवेश ऋण पर लगने वाले ब्याज दर की है ।,समस्या,obj,compound,,,,,mapping_hypothesis,no_decision,Karma,,no,yes,yes,no
dev-s663,1,क्योंकि वर्तमान में किसानों को दिए जाने वाले ऋणों की ब्याज दरें काफी ज्यादा हैं और इन ब्याज दरों को नाबार्ड द्वारा राज्यों को दिए जाने वाले ऋण पर लागू होने वाली ब्याज दर के समान ही होना चाहिए ।,नाबार्ड,nsubj,nsubj:pass,द्वारा,द्वारा,,,mapping_hypothesis,no_decision,Kartā,,no,yes,yes,no
dev-s664,1,उनका कहना है कि समिति इसकी पक्षधर है कि किसानों को ६ फीसदी ब्याज दर पर ऋण मुहैया कराया जाना चाहिए ।,किसानों,nsubj:pass,iobj,को,को,,R5,no_decision,ambiguous,,Karma|Sampradāna,no,yes,no,no
dev-s666,1,उन्होंने अमेरिकन एसोसिएशन ऑफ फिजीशियंस ऑफ इंडियन ऑरिजिन (एएपीआई) के पूर्व अध्यक्ष नवीन शाह को यह आश्वासन दिया ।,आश्वासन,compound,obj,,,,,no_decision,mapping_hypothesis,,Karma,no,yes,yes,no
dev-s669,1,उन्होंने एनआरआई डॉक्टरों द्वारा चलाई जा रही परियोजनाओं को सफल बनाने में भरपूर योगदान देने का वादा किया है ।,योगदान,compound,obj,,,,,no_decision,mapping_hypothesis,,Karma,no,yes,yes,no
dev-s669,1,उन्होंने एनआरआई डॉक्टरों द्वारा चलाई जा रही परियोजनाओं को सफल बनाने में भरपूर योगदान देने का वादा किया है ।,सफल,acl,compound,,,,,no_decision,no_decision,,,no,yes,yes,yes
dev-s670,1,एनआरआई डॉक्टरों से जुड़े दूसरे मसलों पर भी इन दोनों के बीच बातचीत हुई ।,बातचीत,nsubj,compound,,,,,mapping_hypothesis,no_decision,Kartā,,no,yes,yes,no
dev-s673,1,शाह ने बताया कि ६ महीने पहले भी इन मसलों पर उन्होंने दिल्ली में मंत्री से बातचीत की थी ।,मंत्री,obj,iobj,से,से,,,mapping_hypothesis,mapping_hypothesis,Karma,Sampradāna,no,yes,yes,yes
dev-s677,1,उन्होंने भारत में कई और संक्रामक रोग चिकित्सा केंद्रों की स्थापना का भी वादा किया ।,संक्रामक,compound,amod,,,,,no_decision,no_decision,,,no,yes,yes,yes
dev-s678,1,शाह के मुताबिक रामदास ने दो जाने - माने आयुर्वेद विशेषज्ञों को अमेरिका में आयुर्वेद चिकित्सा पद्घति की पढ़ाई के लिए अमेरिका भेजने का वादा किया है ।,आयुर्वेद,compound,nmod,,,,,no_decision,no_decision,,,no,yes,yes,yes
dev-s678,2,शाह के मुताबिक रामदास ने दो जाने - माने आयुर्वेद विशेषज्ञों को अमेरिका में आयुर्वेद चिकित्सा पद्घति की पढ़ाई के लिए अमेरिका भेजने का वादा किया है ।,आयुर्वेद,compound,nmod,,,,,no_decision,no_decision,,,no,yes,yes,yes
dev-s679,1,उन्होंने आयुर्वेद के क्षेत्र में संयुक्त भारत - अमेरिका शोध परियोजना को भी सफल बनाने का वादा किया ।,संयुक्त,amod,compound,,,,,no_decision,no_decision,,,no,yes,yes,yes
dev-s679,1,उन्होंने आयुर्वेद के क्षेत्र में संयुक्त भारत - अमेरिका शोध परियोजना को भी सफल बनाने का वादा किया ।,सफल,acl,compound,,,,,no_decision,no_decision,,,no,yes,yes,yes
dev-s680,1,"आज देश के कर्जदार हर १०० किसानों में से १० अनुसूचित जनजाति, १८ अनुसूचित जाति व ४४ अन्य पिछड़े वर्ग से हैं ।",अनुसूचित,amod,compound,,,,,no_decision,no_decision,,,no,yes,yes,yes
dev-s680,1,"आज देश के कर्जदार हर १०० किसानों में से १० अनुसूचित जनजाति, १८ अनुसूचित जाति व ४४ अन्य पिछड़े वर्ग से हैं ।",कर्जदार,nsubj,nmod,,,,,mapping_hypothesis,no_decision,Kartā,,no,yes,yes,no
dev-s681,1,इस बात की जानकारी राष्ट्रीय सैंपल सर्वे से मिली है ।,राष्ट्रीय,compound,amod,,,,,no_decision,no_decision,,,no,yes,yes,yes
dev-s682,1,"आंध्र प्रदेश के कर्जदार किसानों में ११ फीसदी अनुसूचित जनजाति, १७ फीसदी अनुसूचित जाति व ४७ फीसदी अन्य पिछड़े वर्ग से हैं ।",अनुसूचित,amod,compound,,,,,no_decision,no_decision,,,no,yes,yes,yes
dev-s682,2,"आंध्र प्रदेश के कर्जदार किसानों में ११ फीसदी अनुसूचित जनजाति, १७ फीसदी अनुसूचित जाति व ४७ फीसदी अन्य पिछड़े वर्ग से हैं ।",अनुसूचित,amod,compound,,,,,no_decision,no_decision,,,no,yes,yes,yes
dev-s683,1,"जबकि तमिलनाडु में यह अनुपात इस प्रकार से है ४ फीसदी अनुसूचित जनजाति, २२ फीसदी अनुसूचित जाति व ७३ फीसदी अन्य पिछड़े वर्ग से हैं ।",अनुसूचित,amod,compound,,,,,no_decision,no_decision,,,no,yes,yes,yes
dev-s683,2,"जबकि तमिलनाडु में यह अनुपात इस प्रकार से है ४ फीसदी अनुसूचित जनजाति, २२ फीसदी अनुसूचित जाति व ७३ फीसदी अन्य पिछड़े वर्ग से हैं ।",अनुसूचित,amod,compound,,,,,no_decision,no_decision,,,no,yes,yes,yes
dev-s686,1,इसका उद्देश्य रहन - सहन के आधार पर किसानों की स्थिति का आकलन करना था ।,करना,obj,root,,,,,mapping_hypothesis,no_decision,Karma,,no,yes,yes,no
dev-s686,1,इसका उद्देश्य रहन - सहन के आधार पर किसानों की स्थिति का आकलन करना था ।,था,root,aux,,,,,no_decision,no_decision,,,no,yes,yes,yes
dev-s689,1,"अदालत ने कहा है कि इस बात की जाँच की जाएगी कि क्या राज्यपाल ने दुर्भावनाओं से ग्रस्त होकर केंद्र को रिपोर्ट भेजी थी, जिसकी वजह से राष्ट्रपति शासन लगाया गया ।",भेजी,obj,acl,,,,,mapping_hypothesis,no_decision,Karma,,no,yes,yes,no
dev-s69,1,यहाँ पहुँचने के लिए सबसे नजदीकी रेलवे स्‍टेशन गोरखपुर रेलवे जंक्‍शन है ।,गोरखपुर,compound,nmod,,,,,no_decision,no_decision,,,no,yes,yes,yes
dev-s69,1,यहाँ पहुँचने के लिए सबसे नजदीकी रेलवे स्‍टेशन गोरखपुर रेलवे जंक्‍शन है ।,जंक्‍शन,obj,nsubj,,,,,mapping_hypothesis,mapping_hypothesis,Karma,Kartā,no,yes,yes,yes
dev-s69,1,यहाँ पहुँचने के लिए सबसे नजदीकी रेलवे स्‍टेशन गोरखपुर रेलवे जंक्‍शन है ।,स्‍टेशन,nsubj,nmod,,,,,mapping_hypothesis,no_decision,Kartā,,no,yes,yes,no
dev-s691,1,हालांकि अदालत ने यह साफ कर दिया कि राज्यपाल ने अगर दुर्भावनाओं से ग्रस्त होकर इस बाबत फैसला लिया है तो यह उनके विशेषाधिकार के दायरे से बाहर है और अदालत को इस मामले की जाँच का अधिकार है ।,फैसला,obj,compound,,,,,mapping_hypothesis,no_decision,Karma,,no,yes,yes,no
dev-s693,1,अदालत ने चुनाव आयोग द्वारा बिहार विधानसभा चुनाव की घोषणा के मद्देनज़र सुनवाई की तारीख घटा दी है ।,आयोग,nmod,obl,द्वारा,द्वारा,,,no_decision,mapping_hypothesis,,Adhikaraṇa|Apādāna|Karaṇa,no,yes,yes,no
dev-s693,1,अदालत ने चुनाव आयोग द्वारा बिहार विधानसभा चुनाव की घोषणा के मद्देनज़र सुनवाई की तारीख घटा दी है ।,बिहार,compound,nmod,,,,,no_decision,no_decision,,,no,yes,yes,yes
dev-s693,1,अदालत ने चुनाव आयोग द्वारा बिहार विधानसभा चुनाव की घोषणा के मद्देनज़र सुनवाई की तारीख घटा दी है ।,विधानसभा,nmod,compound,,,,,no_decision,no_decision,,,no,yes,yes,yes
dev-s694,1,"लेकिन जवाब से संतुष्ट नहीं होने पर अदालत ने अटॅर्नी जनरल मिलन बनर्जी, एडिशनल सॉलीसिटर जनरल गोपाल सुब्रह्मण्यम् और पूर्व अटॅर्नी जनरल सोली जे. सोराबजी से राय ली ।",जवाब,obj,obl,से,से,,R4,mapping_hypothesis,ambiguous,Karma,Karaṇa|Apādāna,no,yes,no,no
dev-s694,1,"लेकिन जवाब से संतुष्ट नहीं होने पर अदालत ने अटॅर्नी जनरल मिलन बनर्जी, एडिशनल सॉलीसिटर जनरल गोपाल सुब्रह्मण्यम् और पूर्व अटॅर्नी जनरल सोली जे. सोराबजी से राय ली ।",बनर्जी,iobj,obl,,,,,mapping_hypothesis,mapping_hypothesis,Sampradāna,Adhikaraṇa|Apādāna|Karaṇa,no,yes,yes,yes
dev-s696,1,"सशस्त्र बलों के आधुनिकीकरण में हो रही देरी को जड़ से मिटाने के लिए सरकार ने रक्षा बजट में २७ फीसदी की वृद्धि करते हुए ७७,००० करोड़ रुपये आवंटित किए हैं ।",करते,acl,advcl,,,,,no_decision,no_decision,,,no,yes,yes,yes
dev-s698,2,वहीं पंजी प्रावधान के मामले में थल सेना की अनदेखी की गई है तो वायु और नौ सेना के आवंटन में मामूली बढ़ोतरी हुई है ।,की,root,advcl,,,,,no_decision,no_decision,,,no,yes,yes,yes
dev-s698,1,वहीं पंजी प्रावधान के मामले में थल सेना की अनदेखी की गई है तो वायु और नौ सेना के आवंटन में मामूली बढ़ोतरी हुई है ।,नौ,conj,nummod,,,,,no_decision,no_decision,,,no,yes,yes,yes
dev-s698,1,वहीं पंजी प्रावधान के मामले में थल सेना की अनदेखी की गई है तो वायु और नौ सेना के आवंटन में मामूली बढ़ोतरी हुई है ।,पंजी,compound,amod,,,,,no_decision,no_decision,,,no,yes,yes,yes
dev-s698,2,वहीं पंजी प्रावधान के मामले में थल सेना की अनदेखी की गई है तो वायु और नौ सेना के आवंटन में मामूली बढ़ोतरी हुई है ।,सेना,nmod,conj,के,,,,no_decision,no_decision,,,no,no,yes,yes
dev-s698,1,वहीं पंजी प्रावधान के मामले में थल सेना की अनदेखी की गई है तो वायु और नौ सेना के आवंटन में मामूली बढ़ोतरी हुई है ।,हुई,advcl,root,,,,,no_decision,no_decision,,,no,yes,yes,yes
dev-s699,1,प्रधानमंत्री मनमोहन सिंह ने कहा कि पिछले तीन - चार सालों में रक्षा बजट की अनदेखी की गई है ।,तीन,nummod,amod,,,,,no_decision,no_decision,,,no,yes,yes,yes
dev-s7,1,आइए करें सैर -,आइए,vocative,advcl,,,,,no_decision,no_decision,,,no,yes,yes,yes
dev-s7,1,आइए करें सैर -,सैर,compound,obl,,,,,no_decision,mapping_hypothesis,,Adhikaraṇa|Apādāna|Karaṇa,no,yes,yes,no
dev-s701,1,केंद्रीय बजट २००४ - ०५ में रक्षा प्रावधान में वृद्धि करते हुए पी. चिदंबरम् ने कहा कि आधुनिक हथियारों के अधिग्रहण के लिए यह 'जरूरी' हो गया है कि इस साल आवंटन अधिक हो ।,अधिक,xcomp,compound,,,,,no_decision,no_decision,,,no,yes,yes,yes
dev-s701,1,केंद्रीय बजट २००४ - ०५ में रक्षा प्रावधान में वृद्धि करते हुए पी. चिदंबरम् ने कहा कि आधुनिक हथियारों के अधिग्रहण के लिए यह 'जरूरी' हो गया है कि इस साल आवंटन अधिक हो ।,जरूरी,compound,xcomp,,,,,no_decision,no_decision,,,no,yes,yes,yes
dev-s701,1,केंद्रीय बजट २००४ - ०५ में रक्षा प्रावधान में वृद्धि करते हुए पी. चिदंबरम् ने कहा कि आधुनिक हथियारों के अधिग्रहण के लिए यह 'जरूरी' हो गया है कि इस साल आवंटन अधिक हो ।,बजट,compound,nmod,,,,,no_decision,no_decision,,,no,yes,yes,yes
dev-s701,1,केंद्रीय बजट २००४ - ०५ में रक्षा प्रावधान में वृद्धि करते हुए पी. चिदंबरम् ने कहा कि आधुनिक हथियारों के अधिग्रहण के लिए यह 'जरूरी' हो गया है कि इस साल आवंटन अधिक हो ।,२००४,compound,nmod,,,,,no_decision,no_decision,,,no,yes,yes,yes
dev-s702,1,"पूँजी प्रावधान को दोगुना किए जाने से संकेत मिलते हैं कि सरकार का फ्रांसीसी पनडुब्बी 'स्कॉर्पियो', मिग - २१ के स्थान पर १२५ बहुउद्देशीय लड़ाकू विमान और थल सेना की फायरपॉवर में इजाफा करने के लिए चार हजार करोड़ रुपये की योजना पर आगे बढ़ने का विचार है ।",आगे,obl,compound,,,,,mapping_hypothesis,no_decision,Adhikaraṇa|Apādāna|Karaṇa,,no,yes,yes,no
dev-s702,1,"पूँजी प्रावधान को दोगुना किए जाने से संकेत मिलते हैं कि सरकार का फ्रांसीसी पनडुब्बी 'स्कॉर्पियो', मिग - २१ के स्थान पर १२५ बहुउद्देशीय लड़ाकू विमान और थल सेना की फायरपॉवर में इजाफा करने के लिए चार हजार करोड़ रुपये की योजना पर आगे बढ़ने का विचार है ।",पनडुब्बी,nmod,nsubj,,,,,no_decision,mapping_hypothesis,,Kartā,no,yes,yes,no
dev-s702,1,"पूँजी प्रावधान को दोगुना किए जाने से संकेत मिलते हैं कि सरकार का फ्रांसीसी पनडुब्बी 'स्कॉर्पियो', मिग - २१ के स्थान पर १२५ बहुउद्देशीय लड़ाकू विमान और थल सेना की फायरपॉवर में इजाफा करने के लिए चार हजार करोड़ रुपये की योजना पर आगे बढ़ने का विचार है ।",फायरपॉवर,conj,obl,में,में,,R2,no_decision,confirmed,,Adhikaraṇa,no,yes,no,no
dev-s702,1,"पूँजी प्रावधान को दोगुना किए जाने से संकेत मिलते हैं कि सरकार का फ्रांसीसी पनडुब्बी 'स्कॉर्पियो', मिग - २१ के स्थान पर १२५ बहुउद्देशीय लड़ाकू विमान और थल सेना की फायरपॉवर में इजाफा करने के लिए चार हजार करोड़ रुपये की योजना पर आगे बढ़ने का विचार है ।",विचार,nsubj,nmod,,,,,mapping_hypothesis,no_decision,Kartā,,no,yes,yes,no
dev-s702,1,"पूँजी प्रावधान को दोगुना किए जाने से संकेत मिलते हैं कि सरकार का फ्रांसीसी पनडुब्बी 'स्कॉर्पियो', मिग - २१ के स्थान पर १२५ बहुउद्देशीय लड़ाकू विमान और थल सेना की फायरपॉवर में इजाफा करने के लिए चार हजार करोड़ रुपये की योजना पर आगे बढ़ने का विचार है ।",स्कॉर्पियो,obl,nmod,,,,,mapping_hypothesis,no_decision,Adhikaraṇa|Apādāna|Karaṇa,,no,yes,yes,no
dev-s702,1,"पूँजी प्रावधान को दोगुना किए जाने से संकेत मिलते हैं कि सरकार का फ्रांसीसी पनडुब्बी 'स्कॉर्पियो', मिग - २१ के स्थान पर १२५ बहुउद्देशीय लड़ाकू विमान और थल सेना की फायरपॉवर में इजाफा करने के लिए चार हजार करोड़ रुपये की योजना पर आगे बढ़ने का विचार है ।",है,acl,cop,,,,,no_decision,no_decision,,,no,yes,yes,yes
dev-s703,1,रक्षा बजट में इस वृद्धि के बावजूद भारत का रक्षा खर्च सकल घरेलू उत्पाद का सिर्फ २.५ फीसदी है जो चीन के ६ फीसदी और पाकिस्तान के ५.५ फीसदी की अपेक्षा बहुत कम है ।,घरेलू,amod,compound,,,,,no_decision,no_decision,,,no,yes,yes,yes
dev-s703,1,रक्षा बजट में इस वृद्धि के बावजूद भारत का रक्षा खर्च सकल घरेलू उत्पाद का सिर्फ २.५ फीसदी है जो चीन के ६ फीसदी और पाकिस्तान के ५.५ फीसदी की अपेक्षा बहुत कम है ।,सकल,amod,compound,,,,,no_decision,no_decision,,,no,yes,yes,yes
dev-s705,1,अगर पूँजी प्रावधानों पर नजर दौड़ाई जाए तो थल सेना के लिए बजट अनुमान में कमी आई है जबकि वायु और नौ सेना के लिए मामूली वृद्धि की गई है ।,नजर,obj,compound,,,,,mapping_hypothesis,no_decision,Karma,,no,yes,yes,no
dev-s705,1,अगर पूँजी प्रावधानों पर नजर दौड़ाई जाए तो थल सेना के लिए बजट अनुमान में कमी आई है जबकि वायु और नौ सेना के लिए मामूली वृद्धि की गई है ।,नौ,conj,nummod,,,,,no_decision,no_decision,,,no,yes,yes,yes
dev-s705,1,अगर पूँजी प्रावधानों पर नजर दौड़ाई जाए तो थल सेना के लिए बजट अनुमान में कमी आई है जबकि वायु और नौ सेना के लिए मामूली वृद्धि की गई है ।,वायु,nmod,obl,,के,,,no_decision,mapping_hypothesis,,Adhikaraṇa|Apādāna|Karaṇa,no,no,yes,no
dev-s705,2,अगर पूँजी प्रावधानों पर नजर दौड़ाई जाए तो थल सेना के लिए बजट अनुमान में कमी आई है जबकि वायु और नौ सेना के लिए मामूली वृद्धि की गई है ।,सेना,obl,conj,के,,,,mapping_hypothesis,no_decision,Adhikaraṇa|Apādāna|Karaṇa,,no,no,yes,no
dev-s706,1,"मौजूदा वर्ष में थल सेना के लिए आवंटन २७,८२८९९ करोड़ रुपये रखा गया है जबकि पिछले साल के संशोधित अनुमान में यह राशि २८,२७६ करोड़ रुपये रखी गई थी ।",गया,aux,aux:pass,,,,,no_decision,no_decision,,,no,yes,yes,yes
dev-s706,1,"मौजूदा वर्ष में थल सेना के लिए आवंटन २७,८२८९९ करोड़ रुपये रखा गया है जबकि पिछले साल के संशोधित अनुमान में यह राशि २८,२७६ करोड़ रुपये रखी गई थी ।",राशि,obj,nsubj:pass,,,,,mapping_hypothesis,no_decision,Karma,,no,yes,yes,no
dev-s707,1,"जबकि नौ सेना के लिए पिछले साल संशोधित अनुमान ४,९१० करोड़ रखा गया था जिसे मौजूदा वित्त वर्ष में बढ़ा कर ५,२९३ करोड़ रुपये कर दिया गया है ।",गया,aux,aux:pass,,,,,no_decision,no_decision,,,no,yes,yes,yes
dev-s707,1,"जबकि नौ सेना के लिए पिछले साल संशोधित अनुमान ४,९१० करोड़ रखा गया था जिसे मौजूदा वित्त वर्ष में बढ़ा कर ५,२९३ करोड़ रुपये कर दिया गया है ।",नौ,compound,nummod,,,,,no_decision,no_decision,,,no,yes,yes,yes
dev-s707,1,"जबकि नौ सेना के लिए पिछले साल संशोधित अनुमान ४,९१० करोड़ रखा गया था जिसे मौजूदा वित्त वर्ष में बढ़ा कर ५,२९३ करोड़ रुपये कर दिया गया है ।",रुपये,obj,acl,,,,,mapping_hypothesis,no_decision,Karma,,no,yes,yes,no
dev-s707,1,"जबकि नौ सेना के लिए पिछले साल संशोधित अनुमान ४,९१० करोड़ रखा गया था जिसे मौजूदा वित्त वर्ष में बढ़ा कर ५,२९३ करोड़ रुपये कर दिया गया है ।","४,९१०",obj,compound,,,,,mapping_hypothesis,no_decision,Karma,,no,yes,yes,no
dev-s708,2,"वहीं, वायु सेना के लिए ७८४७.२९ करोड़ रुपये को बढ़ाकर ८४६८.४० करोड़ रुपये कर दिया गया है ।",रुपये,obj,acl,,,,,mapping_hypothesis,no_decision,Karma,,no,yes,yes,no
dev-s715,1,रिपोर्ट के मुताबिक २००० - ०४ के दौरान रेलवे ने सड़क और ओवर बिज्र के निर्माण के लिए मिले फंड के इस्तेमाल में बेरुखी दिखाई ।,२०००,compound,nmod,,,,,no_decision,no_decision,,,no,yes,yes,yes
dev-s717,1,इसके चलते सरकार को कार कंपनियों से मिलने वाले राजस्व में ३८ फीसदी का नुकसान हुआ ।,सरकार,iobj,nsubj,को,को,R5,,ambiguous,mapping_hypothesis,Karma|Sampradāna,Kartā,no,yes,no,no
dev-s719,1,इसी तरह २००१ - ०२ के दौरान कारों का विशेष उत्पाद कर २४ फीसदी के बजाय १६ फीसदी कर दिया गया ।,उत्पाद,compound,obj,,,,,no_decision,mapping_hypothesis,,Karma,no,yes,yes,no
dev-s719,1,इसी तरह २००१ - ०२ के दौरान कारों का विशेष उत्पाद कर २४ फीसदी के बजाय १६ फीसदी कर दिया गया ।,कर,obj,nmod,,,,,mapping_hypothesis,no_decision,Karma,,no,yes,yes,no
dev-s719,2,इसी तरह २००१ - ०२ के दौरान कारों का विशेष उत्पाद कर २४ फीसदी के बजाय १६ फीसदी कर दिया गया ।,फीसदी,compound,acl,,,,,no_decision,no_decision,,,no,yes,yes,yes
dev-s72,1,"इसके साथ ही गोरखपुर से दिल्‍ली, मुंबई और कोलकाता के लिए हवाई सुविधा भी उपलब्‍ध है ।",इसके,nmod,obl,साथ,साथ,,,no_decision,mapping_hypothesis,,Adhikaraṇa|Apādāna|Karaṇa,no,yes,yes,no
dev-s72,1,"इसके साथ ही गोरखपुर से दिल्‍ली, मुंबई और कोलकाता के लिए हवाई सुविधा भी उपलब्‍ध है ।",उपलब्‍ध,root,compound,,,,,no_decision,no_decision,,,no,yes,yes,yes
dev-s72,1,"इसके साथ ही गोरखपुर से दिल्‍ली, मुंबई और कोलकाता के लिए हवाई सुविधा भी उपलब्‍ध है ।",गोरखपुर,nmod,obl,से,से,,R4,no_decision,ambiguous,,Karaṇa|Apādāna,no,yes,no,no
dev-s72,1,"इसके साथ ही गोरखपुर से दिल्‍ली, मुंबई और कोलकाता के लिए हवाई सुविधा भी उपलब्‍ध है ।",दिल्‍ली,nmod,obl,,,,,no_decision,mapping_hypothesis,,Adhikaraṇa|Apādāna|Karaṇa,no,yes,yes,no
dev-s72,1,"इसके साथ ही गोरखपुर से दिल्‍ली, मुंबई और कोलकाता के लिए हवाई सुविधा भी उपलब्‍ध है ।",है,cop,root,,,,,no_decision,no_decision,,,no,yes,yes,yes
dev-s721,2,इससे २००१ - ०२ के दौरान शुल्क ४० फीसदी से घटकर ३२ फीसदी हो गया ।,फीसदी,nsubj,xcomp,,,,,mapping_hypothesis,no_decision,Kartā,,no,yes,yes,no
dev-s722,2,जबकि २००३ - ०४ के दौरान शुल्क ३२ फीसदी से घटकर २४ फीसदी रह गया ।,फीसदी,nsubj,xcomp,,,,,mapping_hypothesis,no_decision,Kartā,,no,yes,yes,no
dev-s723,1,"रिपोर्ट के मुताबिक मार्च २००१ से फरवरी २००२ के दौरान पाया गया कि मारुति, टाटा मोटर्स, होंडा सिएल और महेंद्रा एंड महेंद्रा ने शुल्क में कटौती के अनुरूप कारों के दाम नहीं घटाए ।",२००१,nmod,obl,से,से,,R4,no_decision,ambiguous,,Karaṇa|Apādāna,no,yes,no,no
dev-s727,1,इमराना बलात्कार कांड का विवाद अभी ठंडा भी नहीं पड़ा था कि असम के नागौन जिले में १९ वर्षीय महिला का इमराना जैसा मामला सामने आया है ।,इमराना,nmod,compound,,,,,no_decision,no_decision,,,no,yes,yes,yes
dev-s727,1,इमराना बलात्कार कांड का विवाद अभी ठंडा भी नहीं पड़ा था कि असम के नागौन जिले में १९ वर्षीय महिला का इमराना जैसा मामला सामने आया है ।,ठंडा,compound,xcomp,,,,,no_decision,no_decision,,,no,yes,yes,yes
dev-s727,1,इमराना बलात्कार कांड का विवाद अभी ठंडा भी नहीं पड़ा था कि असम के नागौन जिले में १९ वर्षीय महिला का इमराना जैसा मामला सामने आया है ।,सामने,compound,obl,,,,,no_decision,mapping_hypothesis,,Adhikaraṇa|Apādāna|Karaṇa,no,yes,yes,no
dev-s729,1,उसके बाद उस बांग्लादेशी आव्रजक युवती की शिकायत पर स्थानीय जमात ने उल्टे उसे उसके पति को तलाक देने का फरमान सुनाया है ।,तलाक,compound,obj,,,,,no_decision,mapping_hypothesis,,Karma,no,yes,yes,no
dev-s73,2,दिल्‍ली और लखनऊ से पर्यटन विभाग की ओर से भी विदेशी और घरेलू पर्यटकों के लिए वाहन और रहने की व्‍यवस्‍था की जाती है ।,की,case,mark,,,,,no_decision,no_decision,,,no,yes,yes,yes
dev-s731,1,उसने ढिंग पुलिस स्टेशन में कल बृहस्पतिवार को ही इस बारे में एफआईआर दर्ज कराई ।,कल,nmod,obl,,,,,no_decision,mapping_hypothesis,,Adhikaraṇa|Apādāna|Karaṇa,no,yes,yes,no
dev-s732,1,सरमा के अनुसार उस युवती के साथ २५ मई को उसके पचास वर्षीय ससुर मोइनुद्दीन ने तब बलात्कार किया जब वह ढिंग पुलिस थानान्तर्गत दक्षिण जेरामाई गाँव के अपने घर में अकेली थी ।,घर,nmod,obl,में,में,,R2,no_decision,confirmed,,Adhikaraṇa,no,yes,no,no
dev-s732,1,सरमा के अनुसार उस युवती के साथ २५ मई को उसके पचास वर्षीय ससुर मोइनुद्दीन ने तब बलात्कार किया जब वह ढिंग पुलिस थानान्तर्गत दक्षिण जेरामाई गाँव के अपने घर में अकेली थी ।,जब,nmod,obl,,,,,no_decision,mapping_hypothesis,,Adhikaraṇa|Apādāna|Karaṇa,no,yes,yes,no
dev-s732,1,सरमा के अनुसार उस युवती के साथ २५ मई को उसके पचास वर्षीय ससुर मोइनुद्दीन ने तब बलात्कार किया जब वह ढिंग पुलिस थानान्तर्गत दक्षिण जेरामाई गाँव के अपने घर में अकेली थी ।,ढिंग,nmod,compound,,,,,no_decision,no_decision,,,no,yes,yes,yes
dev-s732,1,सरमा के अनुसार उस युवती के साथ २५ मई को उसके पचास वर्षीय ससुर मोइनुद्दीन ने तब बलात्कार किया जब वह ढिंग पुलिस थानान्तर्गत दक्षिण जेरामाई गाँव के अपने घर में अकेली थी ।,थानान्तर्गत,nmod,amod,,,,,no_decision,no_decision,,,no,yes,yes,yes
dev-s732,1,सरमा के अनुसार उस युवती के साथ २५ मई को उसके पचास वर्षीय ससुर मोइनुद्दीन ने तब बलात्कार किया जब वह ढिंग पुलिस थानान्तर्गत दक्षिण जेरामाई गाँव के अपने घर में अकेली थी ।,थी,cop,aux,,,,,no_decision,no_decision,,,no,yes,yes,yes
dev-s732,1,सरमा के अनुसार उस युवती के साथ २५ मई को उसके पचास वर्षीय ससुर मोइनुद्दीन ने तब बलात्कार किया जब वह ढिंग पुलिस थानान्तर्गत दक्षिण जेरामाई गाँव के अपने घर में अकेली थी ।,पुलिस,compound,obl,,,,,no_decision,mapping_hypothesis,,Adhikaraṇa|Apādāna|Karaṇa,no,yes,yes,no
dev-s735,1,जबकि ससुर को कोई सजा तो दूर उसे 'आजादी' बख्श दी ।,आजादी,acl,obj,,,,,no_decision,mapping_hypothesis,,Karma,no,yes,yes,no
dev-s735,1,जबकि ससुर को कोई सजा तो दूर उसे 'आजादी' बख्श दी ।,दूर,advmod,case,,,,,no_decision,no_decision,,,no,yes,yes,yes
dev-s735,1,जबकि ससुर को कोई सजा तो दूर उसे 'आजादी' बख्श दी ।,सजा,nmod,obl,,दूर,,,no_decision,mapping_hypothesis,,Adhikaraṇa|Apādāna|Karaṇa,no,no,yes,no
dev-s735,1,जबकि ससुर को कोई सजा तो दूर उसे 'आजादी' बख्श दी ।,ससुर,obj,nsubj,को,को,R5,,ambiguous,mapping_hypothesis,Karma|Sampradāna,Kartā,no,yes,no,no
dev-s737,1,पुलिस अधिकारियों ने कहा कि उन्होंने एक पुलिस दल उस गाँव में भेजा जब उन्हें अज्ञात व्यक्ति से इस घटना के ब्यौरे के साथ इस बारे में शिकायत मिली ।,ब्यौरे,obj,obl,के,के,,,mapping_hypothesis,mapping_hypothesis,Karma,Adhikaraṇa|Apādāna|Karaṇa,no,yes,yes,yes
dev-s737,1,पुलिस अधिकारियों ने कहा कि उन्होंने एक पुलिस दल उस गाँव में भेजा जब उन्हें अज्ञात व्यक्ति से इस घटना के ब्यौरे के साथ इस बारे में शिकायत मिली ।,मिली,advcl,acl:relcl,,,,,no_decision,no_decision,,,no,yes,yes,yes
dev-s737,1,पुलिस अधिकारियों ने कहा कि उन्होंने एक पुलिस दल उस गाँव में भेजा जब उन्हें अज्ञात व्यक्ति से इस घटना के ब्यौरे के साथ इस बारे में शिकायत मिली ।,शिकायत,compound,nsubj,,,,,no_decision,mapping_hypothesis,,Kartā,no,yes,yes,no
dev-s740,1,इससे पहले पिछले महीने दारुल उलूम देवबंद ने २८ वर्षीय पांच बच्चों की माँ से उसके ससुर के बलात्कार करने पर महिला को अपने पति के साथ नहीं रहने का फरमान सुनाया था ।,महिला,iobj,obj,को,को,R5,R5,ambiguous,ambiguous,Karma|Sampradāna,Karma|Sampradāna,no,yes,yes,yes
dev-s740,1,इससे पहले पिछले महीने दारुल उलूम देवबंद ने २८ वर्षीय पांच बच्चों की माँ से उसके ससुर के बलात्कार करने पर महिला को अपने पति के साथ नहीं रहने का फरमान सुनाया था ।,माँ,iobj,obj,से,से,,,mapping_hypothesis,mapping_hypothesis,Sampradāna,Karma,no,yes,yes,yes
dev-s742,1,प्रधानमंत्री मनमोहन सिंह ने शुक्रवार को आतंकवाद को कायरतापूर्ण कृत करार देते हुए कहा कि लोकतंत्र में आस्था रखने वाले देशों को मिलकर इसका मुकाबला करना चाहिए ।,कायरतापूर्ण,amod,advmod,,,,,no_decision,no_decision,,,no,yes,yes,yes
dev-s742,1,प्रधानमंत्री मनमोहन सिंह ने शुक्रवार को आतंकवाद को कायरतापूर्ण कृत करार देते हुए कहा कि लोकतंत्र में आस्था रखने वाले देशों को मिलकर इसका मुकाबला करना चाहिए ।,देशों,nsubj,obj,को,को,,R5,mapping_hypothesis,ambiguous,Kartā,Karma|Sampradāna,no,yes,no,no
dev-s744,1,इस अवसर पर आयोजित समारोह को संबोधित करते हुए सिंह ने कहा कि लोकतंत्र और कानून के शासन में आस्था रखने वालों को चाहिए कि वे मिलकर आतंकवाद का मुकाबला करें ।,आस्था,obj,compound,,,,,mapping_hypothesis,no_decision,Karma,,no,yes,yes,no
dev-s744,1,इस अवसर पर आयोजित समारोह को संबोधित करते हुए सिंह ने कहा कि लोकतंत्र और कानून के शासन में आस्था रखने वालों को चाहिए कि वे मिलकर आतंकवाद का मुकाबला करें ।,कानून,nmod,conj,के,के,,,no_decision,no_decision,,,no,yes,yes,yes
dev-s744,1,इस अवसर पर आयोजित समारोह को संबोधित करते हुए सिंह ने कहा कि लोकतंत्र और कानून के शासन में आस्था रखने वालों को चाहिए कि वे मिलकर आतंकवाद का मुकाबला करें ।,रखने,iobj,nsubj,,,,,mapping_hypothesis,mapping_hypothesis,Sampradāna,Kartā,no,yes,yes,yes
dev-s744,1,इस अवसर पर आयोजित समारोह को संबोधित करते हुए सिंह ने कहा कि लोकतंत्र और कानून के शासन में आस्था रखने वालों को चाहिए कि वे मिलकर आतंकवाद का मुकाबला करें ।,लोकतंत्र,obl,nmod,,,,,mapping_hypothesis,no_decision,Adhikaraṇa|Apādāna|Karaṇa,,no,yes,yes,no
dev-s744,1,इस अवसर पर आयोजित समारोह को संबोधित करते हुए सिंह ने कहा कि लोकतंत्र और कानून के शासन में आस्था रखने वालों को चाहिए कि वे मिलकर आतंकवाद का मुकाबला करें ।,शासन,conj,obl,में,में,,R2,no_decision,confirmed,,Adhikaraṇa,no,yes,no,no
dev-s744,1,इस अवसर पर आयोजित समारोह को संबोधित करते हुए सिंह ने कहा कि लोकतंत्र और कानून के शासन में आस्था रखने वालों को चाहिए कि वे मिलकर आतंकवाद का मुकाबला करें ।,समारोह,iobj,obj,को,को,R5,R5,ambiguous,ambiguous,Karma|Sampradāna,Karma|Sampradāna,no,yes,yes,yes
dev-s746,1,इस घटना पर शोक जताते हुए प्रधानमंत्री ने कहा कि संकट की इस घड़ी में भारतीय ब्रिटेन के साथ हैं ।,भारतीय,nsubj,amod,,,,,mapping_hypothesis,no_decision,Kartā,,no,yes,yes,no
dev-s746,1,इस घटना पर शोक जताते हुए प्रधानमंत्री ने कहा कि संकट की इस घड़ी में भारतीय ब्रिटेन के साथ हैं ।,शोक,obj,compound,,,,,mapping_hypothesis,no_decision,Karma,,no,yes,yes,no
dev-s747,1,अयोध्या में आतंकी हमले का जिक्र करते हुए मनमोहन सिंह ने कहा कि आतंकवाद विश्व के सभी देशों के लिए खतरा बन गया है ।,खतरा,obj,xcomp,,,,,mapping_hypothesis,no_decision,Karma,,no,yes,yes,no
dev-s748,1,यह शांति और मानवीयता को तहस - नहस कर रहा है और हमें इसका मुकाबला मिलकर करना चाहिए ।,मिलकर,obl,advcl,,,,,mapping_hypothesis,no_decision,Adhikaraṇa|Apādāna|Karaṇa,,no,yes,yes,no
dev-s752,1,उसने कहा है कि वह हिंदू रीति - रिवाज के मुताबिक वाराणसी में शव का अंतिम संस्कार करेगी ।,हिंदू,compound,nmod,,,,,no_decision,no_decision,,,no,yes,yes,yes
dev-s758,1,उन्होंने आगे कहा कि बहादुरी भरे कारनामों के मद्देनज़र पुलिसकर्मियों के लिए बारी से पहले प्रोन्नति देने का प्रावधान है ।,आगे,obl,advmod,,,,,mapping_hypothesis,no_decision,Adhikaraṇa|Apādāna|Karaṇa,,no,yes,yes,no
dev-s758,1,उन्होंने आगे कहा कि बहादुरी भरे कारनामों के मद्देनज़र पुलिसकर्मियों के लिए बारी से पहले प्रोन्नति देने का प्रावधान है ।,पुलिसकर्मियों,nmod,obl,के,के,,,no_decision,mapping_hypothesis,,Adhikaraṇa|Apādāna|Karaṇa,no,yes,yes,no
dev-s758,1,उन्होंने आगे कहा कि बहादुरी भरे कारनामों के मद्देनज़र पुलिसकर्मियों के लिए बारी से पहले प्रोन्नति देने का प्रावधान है ।,प्रोन्नति,obj,compound,,,,,mapping_hypothesis,no_decision,Karma,,no,yes,yes,no
dev-s758,1,उन्होंने आगे कहा कि बहादुरी भरे कारनामों के मद्देनज़र पुलिसकर्मियों के लिए बारी से पहले प्रोन्नति देने का प्रावधान है ।,बहादुरी,compound,obj,,,,,no_decision,mapping_hypothesis,,Karma,no,yes,yes,no
dev-s758,1,उन्होंने आगे कहा कि बहादुरी भरे कारनामों के मद्देनज़र पुलिसकर्मियों के लिए बारी से पहले प्रोन्नति देने का प्रावधान है ।,बारी,nmod,obl,से,से,,R4,no_decision,ambiguous,,Karaṇa|Apādāna,no,yes,no,no
dev-s758,1,उन्होंने आगे कहा कि बहादुरी भरे कारनामों के मद्देनज़र पुलिसकर्मियों के लिए बारी से पहले प्रोन्नति देने का प्रावधान है ।,भरे,amod,acl,,,,,no_decision,no_decision,,,no,yes,yes,yes
dev-s76,1,"यहाँ लोटस, निक्‍को होटल, होटल रेसीडेंसी और पथिक निवास में ठहरने के लिए बेहतर होगा कि पहले से बुकिंग करवा ली जाए ।",निक्‍को,nmod,compound,,,,,no_decision,no_decision,,,no,yes,yes,yes
dev-s76,1,"यहाँ लोटस, निक्‍को होटल, होटल रेसीडेंसी और पथिक निवास में ठहरने के लिए बेहतर होगा कि पहले से बुकिंग करवा ली जाए ।",पथिक,compound,nmod,,,,,no_decision,no_decision,,,no,yes,yes,yes
dev-s76,2,"यहाँ लोटस, निक्‍को होटल, होटल रेसीडेंसी और पथिक निवास में ठहरने के लिए बेहतर होगा कि पहले से बुकिंग करवा ली जाए ।",होटल,nmod,compound,,,,,no_decision,no_decision,,,no,yes,yes,yes
dev-s760,1,समझा जाता है कि बाद में जब लालाराम ने सीमा के साथ जबरन शारीरिक संबंध बनाया तो गुस्साए गुर्जर ने लालाराम गिरोह से अलग होकर अपना एक अलग गिरोह बना लिया ।,जबरन,amod,advmod,,,,,no_decision,no_decision,,,no,yes,yes,yes
dev-s762,1,उन्होंने भाजपा में अपने प्रवेश का भी समर्थन किया ।,प्रवेश,obl,nmod,का,का,,,mapping_hypothesis,no_decision,Adhikaraṇa|Apādāna|Karaṇa,,no,yes,yes,no
dev-s762,1,उन्होंने भाजपा में अपने प्रवेश का भी समर्थन किया ।,भाजपा,nmod,obl,में,में,,R2,no_decision,confirmed,,Adhikaraṇa,no,yes,no,no
dev-s765,1,उन्होंने कहा कि अगर लोगों को बेहतर शिक्षा और अवसर मिले तो उनमें आत्म विश्वास बढ़ता है और वे जीवन में परिवार का समर्थन नहीं लेंगे ।,आत्म,compound,amod,,,,,no_decision,no_decision,,,no,yes,yes,yes
dev-s765,1,उन्होंने कहा कि अगर लोगों को बेहतर शिक्षा और अवसर मिले तो उनमें आत्म विश्वास बढ़ता है और वे जीवन में परिवार का समर्थन नहीं लेंगे ।,समर्थन,obj,compound,,,,,mapping_hypothesis,no_decision,Karma,,no,yes,yes,no
dev-s767,1,उन्होंने कहा कि मैं भाजपा के राष्ट्रवाद और आत्मविश्वास की विचार धारा से पूरी तरह प्रभावित हूँ ।,धारा,obl,nmod,से,से,R4,,ambiguous,no_decision,Karaṇa|Apādāna,,no,yes,no,no
dev-s767,1,उन्होंने कहा कि मैं भाजपा के राष्ट्रवाद और आत्मविश्वास की विचार धारा से पूरी तरह प्रभावित हूँ ।,प्रभावित,compound,obj,,,,,no_decision,mapping_hypothesis,,Karma,no,yes,yes,no
dev-s767,1,उन्होंने कहा कि मैं भाजपा के राष्ट्रवाद और आत्मविश्वास की विचार धारा से पूरी तरह प्रभावित हूँ ।,हूँ,ccomp,cop,,,,,no_decision,no_decision,,,no,yes,yes,yes
dev-s768,1,"उन्होंने कहा कि कुछ लोगों को इस बात पर आश्चर्य हो सकता है कि गांधी परिवार का सदस्य होने के बावजूद मैं भाजपा में कैसे शामिल हो गया, लेकिन हम पार्टी नहीं विचार धारा का सम्मान करते हैं ।",नहीं,amod,advmod,,,,,no_decision,no_decision,,,no,yes,yes,yes
dev-s768,1,"उन्होंने कहा कि कुछ लोगों को इस बात पर आश्चर्य हो सकता है कि गांधी परिवार का सदस्य होने के बावजूद मैं भाजपा में कैसे शामिल हो गया, लेकिन हम पार्टी नहीं विचार धारा का सम्मान करते हैं ।",पार्टी,nmod,obj,,,,,no_decision,mapping_hypothesis,,Karma,no,yes,yes,no
dev-s768,1,"उन्होंने कहा कि कुछ लोगों को इस बात पर आश्चर्य हो सकता है कि गांधी परिवार का सदस्य होने के बावजूद मैं भाजपा में कैसे शामिल हो गया, लेकिन हम पार्टी नहीं विचार धारा का सम्मान करते हैं ।",सदस्य,compound,nsubj,,,,,no_decision,mapping_hypothesis,,Kartā,no,yes,yes,no
dev-s769,1,उन्होंने भारतीय राजनीतिकों की कमजोरी पर प्रतिक्रिया व्यक्त करते हुए कहा कि आजकल राजनीति शक्ति और धन उपभोग करने का माध्यम हो गयी है ।,आजकल,obl,advmod,,,,,mapping_hypothesis,no_decision,Adhikaraṇa|Apādāna|Karaṇa,,no,yes,yes,no
dev-s769,1,उन्होंने भारतीय राजनीतिकों की कमजोरी पर प्रतिक्रिया व्यक्त करते हुए कहा कि आजकल राजनीति शक्ति और धन उपभोग करने का माध्यम हो गयी है ।,उपभोग,conj,compound,,,,,no_decision,no_decision,,,no,yes,yes,yes
dev-s769,1,उन्होंने भारतीय राजनीतिकों की कमजोरी पर प्रतिक्रिया व्यक्त करते हुए कहा कि आजकल राजनीति शक्ति और धन उपभोग करने का माध्यम हो गयी है ।,धन,nmod,conj,,,,,no_decision,no_decision,,,no,yes,yes,yes
dev-s769,1,उन्होंने भारतीय राजनीतिकों की कमजोरी पर प्रतिक्रिया व्यक्त करते हुए कहा कि आजकल राजनीति शक्ति और धन उपभोग करने का माध्यम हो गयी है ।,राजनीति,nsubj,compound,,,,,mapping_hypothesis,no_decision,Kartā,,no,yes,yes,no
dev-s769,1,उन्होंने भारतीय राजनीतिकों की कमजोरी पर प्रतिक्रिया व्यक्त करते हुए कहा कि आजकल राजनीति शक्ति और धन उपभोग करने का माध्यम हो गयी है ।,शक्ति,compound,obj,,,,,no_decision,mapping_hypothesis,,Karma,no,yes,yes,no
dev-s77,1,इनमें से पथिक निवास उत्तरप्रदेश पर्यटन विकास निगम की ओर से संचालित होता है ।,इनमें,nmod,obl,से,से,,R4,no_decision,ambiguous,,Karaṇa|Apādāna,no,yes,no,no
dev-s770,1,शायद ही कोई राजनेता सही अर्थों में लोगों की सेवा करना चाहता है ।,कोई,dep,det,,,,,no_decision,no_decision,,,no,yes,yes,yes
dev-s772,1,वरुण के अनुसार वे अपनी राजनीतिक पृष्ठभूमि का लाभ नहीं उठाना चाहते ।,उठाना,advcl,obj,,,,,no_decision,mapping_hypothesis,,Karma,no,yes,yes,no
dev-s773,1,लोक जनशक्ति पार्टी (लोजपा) अध्यक्ष राम विलास पासवान ने बिहार में होने वाले विधानसभा चुनाव में एक बार फिर से राष्ट्रीय जनता दल (राजद) व भारतीय जनता पार्टी (भाजपा) के साथ किसी प्रकार के तालमेल की संभावना से इनकार किया है ।,किसी,nmod,det,,,,,no_decision,no_decision,,,no,yes,yes,yes
dev-s773,1,लोक जनशक्ति पार्टी (लोजपा) अध्यक्ष राम विलास पासवान ने बिहार में होने वाले विधानसभा चुनाव में एक बार फिर से राष्ट्रीय जनता दल (राजद) व भारतीय जनता पार्टी (भाजपा) के साथ किसी प्रकार के तालमेल की संभावना से इनकार किया है ।,के,case,dislocated,,,,,no_decision,no_decision,,,no,yes,yes,yes
dev-s773,1,लोक जनशक्ति पार्टी (लोजपा) अध्यक्ष राम विलास पासवान ने बिहार में होने वाले विधानसभा चुनाव में एक बार फिर से राष्ट्रीय जनता दल (राजद) व भारतीय जनता पार्टी (भाजपा) के साथ किसी प्रकार के तालमेल की संभावना से इनकार किया है ।,प्रकार,conj,nmod,के,के,,,no_decision,no_decision,,,no,yes,yes,yes
dev-s773,1,लोक जनशक्ति पार्टी (लोजपा) अध्यक्ष राम विलास पासवान ने बिहार में होने वाले विधानसभा चुनाव में एक बार फिर से राष्ट्रीय जनता दल (राजद) व भारतीय जनता पार्टी (भाजपा) के साथ किसी प्रकार के तालमेल की संभावना से इनकार किया है ।,साथ,conj,dislocated,के,,,,no_decision,no_decision,,,no,no,yes,yes
dev-s776,1,यह पूछे जाने पर कि क्या सोनिया गांधी के कहने पर उनकी पार्टी राजद के साथ चुनावी तालमेल करेगी इस प्रश्न को पासवान ने कल्पनात्मक प्रश्न करार दिया ।,पूछे,nmod,obl,,,,,no_decision,mapping_hypothesis,,Adhikaraṇa|Apādāna|Karaṇa,no,yes,yes,no
dev-s776,1,यह पूछे जाने पर कि क्या सोनिया गांधी के कहने पर उनकी पार्टी राजद के साथ चुनावी तालमेल करेगी इस प्रश्न को पासवान ने कल्पनात्मक प्रश्न करार दिया ।,प्रश्न,obj,iobj,को,को,R5,R5,ambiguous,ambiguous,Karma|Sampradāna,Karma|Sampradāna,no,yes,yes,yes
dev-s776,2,यह पूछे जाने पर कि क्या सोनिया गांधी के कहने पर उनकी पार्टी राजद के साथ चुनावी तालमेल करेगी इस प्रश्न को पासवान ने कल्पनात्मक प्रश्न करार दिया ।,प्रश्न,acl,obj,,,,,no_decision,mapping_hypothesis,,Karma,no,yes,yes,no
dev-s779,1,पासवान ने कहा कि उन्होंने अपने कार्यकर्ताओं से राज्य की सभी २४३ सीटों से चुनाव लड़ने के लिए तैयार रहने को कहा है ।,चुनाव,obj,compound,,,,,mapping_hypothesis,no_decision,Karma,,no,yes,yes,no
dev-s782,1,रिपोर्ट में कहा गया है कि आयोग को ऐसा कोई साक्ष्य नहीं मिला है जिससे यह सिद्ध किया जा सके कि गुरुद्वारा रकाबगंज में मौजूदगी के दौरान कमलनाथ ने उत्तेजित भीड़ को भड़काया ।,गुरुद्वारा,compound,nmod,,,,,no_decision,no_decision,,,no,yes,yes,yes
dev-s783,1,इसी प्रकार वसंत साठे की वहां मौजूदगी संबंधी दावे को आयोग ने भ्रामक माना है ।,भ्रामक,compound,acl,,,,,no_decision,no_decision,,,no,yes,yes,yes
dev-s783,1,इसी प्रकार वसंत साठे की वहां मौजूदगी संबंधी दावे को आयोग ने भ्रामक माना है ।,मौजूदगी,nmod,obl,,,,,no_decision,mapping_hypothesis,,Adhikaraṇa|Apādāna|Karaṇa,no,yes,yes,no
dev-s783,1,इसी प्रकार वसंत साठे की वहां मौजूदगी संबंधी दावे को आयोग ने भ्रामक माना है ।,वहां,nmod,obl,,,,,no_decision,mapping_hypothesis,,Adhikaraṇa|Apādāna|Karaṇa,no,yes,yes,no
dev-s784,1,पत्रकार संजय सूरी ने अपने बयान में आयोग को बताया कि ३१ अक्टूबर ८४ को कमलनाथ गुरुद्वारा रकाबगंज में मौजूद थे तथा वह भीड़ को शांत करने का प्रयास कर रहे थे ।,गुरुद्वारा,compound,nmod,,,,,no_decision,no_decision,,,no,yes,yes,yes
dev-s787,1,उन्होंने भीड़ को तितर - बितर होने और कानून अपने हाथ में नहीं लेने के लिए राजी किया ।,भीड़,nsubj,obj,को,को,,R5,mapping_hypothesis,ambiguous,Kartā,Karma|Sampradāna,no,yes,no,no
dev-s788,1,हालांकि आयोग ने इस बात पर आश्चर्य प्रकट किया कि कमलनाथ पुलिस अधिकारियों से संपर्क किये बगैर कानून व्यवस्था की चिंता के लिए गुरुद्वारा पहुंच गये ।,किये,obl,advcl,,,,,mapping_hypothesis,no_decision,Adhikaraṇa|Apādāna|Karaṇa,,no,yes,yes,no
dev-s789,1,लेकिन कमलनाथ का तर्क था कि २० साल बाद यह बता पाना संभव नहीं है कि वे वहां कब और कैसे गये ।,और,cc,det,,,,,no_decision,no_decision,,,no,yes,yes,yes
dev-s789,1,लेकिन कमलनाथ का तर्क था कि २० साल बाद यह बता पाना संभव नहीं है कि वे वहां कब और कैसे गये ।,कैसे,conj,obl,,,,,no_decision,mapping_hypothesis,,Adhikaraṇa|Apādāna|Karaṇa,no,yes,yes,no
dev-s789,1,लेकिन कमलनाथ का तर्क था कि २० साल बाद यह बता पाना संभव नहीं है कि वे वहां कब और कैसे गये ।,है,acl,ccomp,,,,,no_decision,no_decision,,,no,yes,yes,yes
dev-s79,1,इसमें बिरला धर्मशाला और बुद्ध धर्मशाला प्रमुख हैं ।,बिरला,nmod,compound,,,,,no_decision,no_decision,,,no,yes,yes,yes
dev-s79,1,इसमें बिरला धर्मशाला और बुद्ध धर्मशाला प्रमुख हैं ।,बुद्ध,nmod,compound,,,,,no_decision,no_decision,,,no,yes,yes,yes
dev-s790,1,बहरहाल आयोग को दंगे भड़काने में भूमिका होने की बाबत उनके खिलाफ कोई साक्ष्य नहीं मिला है ।,आयोग,nsubj,iobj,को,को,,R5,mapping_hypothesis,ambiguous,Kartā,Karma|Sampradāna,no,yes,no,no
dev-s791,1,वसंत साठे के मामले में मुख्त्यार सिंह नामक एक व्यक्ति ने उनके गुरुद्धारा रकाबगंज में होने का दावा किया था ।,उनके,nsubj,nmod,,,,,mapping_hypothesis,no_decision,Kartā,,no,yes,yes,no
dev-s791,1,वसंत साठे के मामले में मुख्त्यार सिंह नामक एक व्यक्ति ने उनके गुरुद्धारा रकाबगंज में होने का दावा किया था ।,गुरुद्धारा,compound,nmod,,,,,no_decision,no_decision,,,no,yes,yes,yes
dev-s793,1,साठे का जवाब है कि उस दिन ग्यारह बजे के आसपास वे तीन मूर्ति भवन में मौजूद थे जहां इंदिरा का पार्थिव शरीर रखा गया था ।,तीन,compound,nummod,,,,,no_decision,no_decision,,,no,yes,yes,yes
dev-s793,1,साठे का जवाब है कि उस दिन ग्यारह बजे के आसपास वे तीन मूर्ति भवन में मौजूद थे जहां इंदिरा का पार्थिव शरीर रखा गया था ।,थे,cop,ccomp,,,,,no_decision,no_decision,,,no,yes,yes,yes
dev-s793,1,साठे का जवाब है कि उस दिन ग्यारह बजे के आसपास वे तीन मूर्ति भवन में मौजूद थे जहां इंदिरा का पार्थिव शरीर रखा गया था ।,दिन,nmod,obl,,,,,no_decision,mapping_hypothesis,,Adhikaraṇa|Apādāna|Karaṇa,no,yes,yes,no
dev-s793,1,साठे का जवाब है कि उस दिन ग्यारह बजे के आसपास वे तीन मूर्ति भवन में मौजूद थे जहां इंदिरा का पार्थिव शरीर रखा गया था ।,बजे,nmod,obl,के,के,,,no_decision,mapping_hypothesis,,Adhikaraṇa|Apādāna|Karaṇa,no,yes,yes,no
dev-s793,1,साठे का जवाब है कि उस दिन ग्यारह बजे के आसपास वे तीन मूर्ति भवन में मौजूद थे जहां इंदिरा का पार्थिव शरीर रखा गया था ।,भवन,nmod,obl,में,में,,R2,no_decision,confirmed,,Adhikaraṇa,no,yes,no,no
dev-s793,1,साठे का जवाब है कि उस दिन ग्यारह बजे के आसपास वे तीन मूर्ति भवन में मौजूद थे जहां इंदिरा का पार्थिव शरीर रखा गया था ।,मौजूद,amod,nmod,,,,,no_decision,no_decision,,,no,yes,yes,yes
dev-s804,1,दिल्ली पुलिस सुनील को भी साथ ले गई है ।,साथ,compound,obl,,,,,no_decision,mapping_hypothesis,,Adhikaraṇa|Apādāna|Karaṇa,no,yes,yes,no
dev-s807,2,"दिल्ली पुलिस के सूत्रों के मुताबिक, मुठभेड़ में मारे गए पटना के आतंकी शख्स की डायरी में इफ्तखार के देहरादून स्थित बैंक खाते का नंबर का उल्लेख है, जिससे संदेह है कि इफ्तखार को आतंकी आर्थिक मदद भी दे रहे थे ।",आतंकी,nsubj,amod,,,,,mapping_hypothesis,no_decision,Kartā,,no,yes,yes,no
dev-s807,2,"दिल्ली पुलिस के सूत्रों के मुताबिक, मुठभेड़ में मारे गए पटना के आतंकी शख्स की डायरी में इफ्तखार के देहरादून स्थित बैंक खाते का नंबर का उल्लेख है, जिससे संदेह है कि इफ्तखार को आतंकी आर्थिक मदद भी दे रहे थे ।",इफ्तखार,iobj,nsubj,को,को,R5,,ambiguous,mapping_hypothesis,Karma|Sampradāna,Kartā,no,yes,no,no
dev-s807,1,"दिल्ली पुलिस के सूत्रों के मुताबिक, मुठभेड़ में मारे गए पटना के आतंकी शख्स की डायरी में इफ्तखार के देहरादून स्थित बैंक खाते का नंबर का उल्लेख है, जिससे संदेह है कि इफ्तखार को आतंकी आर्थिक मदद भी दे रहे थे ।",दे,nmod,acl,,,,,no_decision,no_decision,,,no,yes,yes,yes
dev-s807,1,"दिल्ली पुलिस के सूत्रों के मुताबिक, मुठभेड़ में मारे गए पटना के आतंकी शख्स की डायरी में इफ्तखार के देहरादून स्थित बैंक खाते का नंबर का उल्लेख है, जिससे संदेह है कि इफ्तखार को आतंकी आर्थिक मदद भी दे रहे थे ।",मदद,compound,obj,,,,,no_decision,mapping_hypothesis,,Karma,no,yes,yes,no
dev-s808,1,इफ्तखार ने पुलिस को बताया कि उसने वर्ष २००३ में पटना के बीएलपी कॉलेज से १२वीं पास की ।,१२वीं,obj,amod,,,,,mapping_hypothesis,no_decision,Karma,,no,yes,yes,no
dev-s81,1,बौद्ध भिक्षुओं के लिए कुछ मंदिरों में विहार की व्‍यवस्‍था है ।,बौद्ध,amod,compound,,,,,no_decision,no_decision,,,no,yes,yes,yes
dev-s810,1,शख्स ने उसे प्रतिबंधित संगठन स्टूडेंट इस्लामिक मूवमेंट ऑफ इंडिया (सिमी) के लिए काम करने के लिए उकसाया ।,उसे,iobj,obj,,,,,mapping_hypothesis,mapping_hypothesis,Sampradāna,Karma,no,yes,yes,yes
dev-s816,1,७३ भारतीय संगठन आठ देशों के उन ३६० निजी कंपनियों और सरकारी संगठनों में शामिल हैं जिनकी पहचान महाविनाश के हथियार में इस्तेमाल के लिए उपकरण अथवा तकनीक खरीदने वाले संगठन के रूप में की गई है ।,कंपनियों,obl,nmod,में,में,R2,,confirmed,no_decision,Adhikaraṇa,,no,yes,no,no
dev-s816,1,७३ भारतीय संगठन आठ देशों के उन ३६० निजी कंपनियों और सरकारी संगठनों में शामिल हैं जिनकी पहचान महाविनाश के हथियार में इस्तेमाल के लिए उपकरण अथवा तकनीक खरीदने वाले संगठन के रूप में की गई है ।,की,conj,acl:relcl,,,,,no_decision,no_decision,,,no,yes,yes,yes
dev-s816,1,७३ भारतीय संगठन आठ देशों के उन ३६० निजी कंपनियों और सरकारी संगठनों में शामिल हैं जिनकी पहचान महाविनाश के हथियार में इस्तेमाल के लिए उपकरण अथवा तकनीक खरीदने वाले संगठन के रूप में की गई है ।,शामिल,compound,root,,,,,no_decision,no_decision,,,no,yes,yes,yes
dev-s816,1,७३ भारतीय संगठन आठ देशों के उन ३६० निजी कंपनियों और सरकारी संगठनों में शामिल हैं जिनकी पहचान महाविनाश के हथियार में इस्तेमाल के लिए उपकरण अथवा तकनीक खरीदने वाले संगठन के रूप में की गई है ।,हैं,root,cop,,,,,no_decision,no_decision,,,no,yes,yes,yes
dev-s817,1,लंदन से प्रकाशित अंग्रेजी दैनिक 'गार्जियन' में छपी एक रिपोर्ट में इसकी जानकारी दी गई है ।,अंग्रेजी,amod,compound,,,,,no_decision,no_decision,,,no,yes,yes,yes
dev-s818,1,ब्रिटेन की आंतरिक खुफिया एजेंसी एमआई ५ द्वारा तैयार की गई सूची की लंबाई यह दर्शाती है कि हथियारों की खरीद - फरोख्त का बाजार सामान्य अनुमान के मुकाबले काफी बड़ा है ।,खुफिया,amod,compound,,,,,no_decision,no_decision,,,no,yes,yes,yes
dev-s82,1,युग - युगांतर से उत्तराखंड भारतीयों के लिए आध्यात्मिक शरणस्थल और शांति प्रदाता रहा है ।,शरणस्थल,xcomp,obj,,,,,no_decision,mapping_hypothesis,,Karma,no,yes,yes,no
dev-s820,1,एमआई ५ द्वारा संकलित १७ नौ के दस्तावेज में लंदन स्थित पाकिस्तानी उच्चायोग समेत ९५ पाकिस्तानी संगठनों और विभिन्न सरकारी निकायों का उल्लेख है ।,नौ,nmod,nummod,के,के,,,no_decision,no_decision,,,no,yes,yes,yes
dev-s820,1,एमआई ५ द्वारा संकलित १७ नौ के दस्तावेज में लंदन स्थित पाकिस्तानी उच्चायोग समेत ९५ पाकिस्तानी संगठनों और विभिन्न सरकारी निकायों का उल्लेख है ।,१७,compound,amod,,,,,no_decision,no_decision,,,no,yes,yes,yes
dev-s823,1,गौरतलब है कि शुक्रवार को संयुक्त राष्ट्र संघ की परमाणु मामले की निगरानी करने वाली संस्था अंतरराष्ट्रीय परमाणु ऊर्जा एजेंसी (आईएईए) और इसके प्रमुख मोहम्मद अलबरदेई को संयुक्त रूप से इस साल शांति के क्षेत्र में दिए जाने वाले नोबेल पुरस्कार के लिए चुना गया ।,एजेंसी,obj,iobj,को,,R5,,ambiguous,mapping_hypothesis,Karma|Sampradāna,Sampradāna,no,no,no,no
dev-s825,1,हिमाचल प्रदेश के किन्नौर जिले में सतलुज नदी पर निर्माणाधीन खारो पुल के बृहस्पतिवार दोपहर अचानक टूट जाने से ३३ सैन्यकर्मी और कुछ सिविलियन डूब गए हैं ।,नदी,nmod,obl,पर,पर,,R3,no_decision,confirmed,,Adhikaraṇa,no,yes,no,no
dev-s825,1,हिमाचल प्रदेश के किन्नौर जिले में सतलुज नदी पर निर्माणाधीन खारो पुल के बृहस्पतिवार दोपहर अचानक टूट जाने से ३३ सैन्यकर्मी और कुछ सिविलियन डूब गए हैं ।,पुल,nsubj,nmod,के,के,,,mapping_hypothesis,no_decision,Kartā,,no,yes,yes,no
dev-s827,1,चंडीमंदिर स्थित पश्चिमी कमान के सूत्रों ने दो अफसरों और १८ जवानों के मरने की पुष्टि की है ।,अफसरों,nsubj,obj,के,के,,,mapping_hypothesis,mapping_hypothesis,Kartā,Karma,no,yes,yes,yes
dev-s83,1,"प्रागैतिहासिक काल से ऋषि - मुनियों और साधक, परिव्राजकों को यह आकर्षित करता आ रहा है ।",मुनियों,obj,nsubj,,,,,mapping_hypothesis,mapping_hypothesis,Karma,Kartā,no,yes,yes,yes
dev-s83,1,"प्रागैतिहासिक काल से ऋषि - मुनियों और साधक, परिव्राजकों को यह आकर्षित करता आ रहा है ।",यह,nsubj,obj,,,,,mapping_hypothesis,mapping_hypothesis,Kartā,Karma,no,yes,yes,yes
dev-s831,1,जवानों के शवों को तलाशने और राहत कार्यों के लिए पश्चिमी कमान से हेलीकॉप्टर से गोताखोर दस्ता घटनास्थल पर पहुंचा है ।,लिए,case,mark,,,,,no_decision,no_decision,,,no,yes,yes,yes
dev-s832,1,खारो वेली पुल के टूटकर बह जाने से डूबने वाले अफसरों में लेफ्टिनेंट कर्नल ए. डी. सिंह और कैप्टन बोक्किल शामिल हैं ।,अफसरों,nmod,obl,में,में,,R2,no_decision,confirmed,,Adhikaraṇa,no,yes,no,no
dev-s832,1,खारो वेली पुल के टूटकर बह जाने से डूबने वाले अफसरों में लेफ्टिनेंट कर्नल ए. डी. सिंह और कैप्टन बोक्किल शामिल हैं ।,पुल,obl,nsubj,के,के,,,mapping_hypothesis,mapping_hypothesis,Adhikaraṇa|Apādāna|Karaṇa,Kartā,no,yes,yes,yes
dev-s832,1,खारो वेली पुल के टूटकर बह जाने से डूबने वाले अफसरों में लेफ्टिनेंट कर्नल ए. डी. सिंह और कैप्टन बोक्किल शामिल हैं ।,वेली,compound,nmod,,,,,no_decision,no_decision,,,no,yes,yes,yes
dev-s832,1,खारो वेली पुल के टूटकर बह जाने से डूबने वाले अफसरों में लेफ्टिनेंट कर्नल ए. डी. सिंह और कैप्टन बोक्किल शामिल हैं ।,शामिल,root,compound,,,,,no_decision,no_decision,,,no,yes,yes,yes
dev-s832,1,खारो वेली पुल के टूटकर बह जाने से डूबने वाले अफसरों में लेफ्टिनेंट कर्नल ए. डी. सिंह और कैप्टन बोक्किल शामिल हैं ।,हैं,cop,root,,,,,no_decision,no_decision,,,no,yes,yes,yes
dev-s833,1,नायब सूबेदार विद्याधरन भी सतलुज में बह गए हैं ।,नायब,compound,amod,,,,,no_decision,no_decision,,,no,yes,yes,yes
dev-s833,1,नायब सूबेदार विद्याधरन भी सतलुज में बह गए हैं ।,सूबेदार,compound,nmod,,,,,no_decision,no_decision,,,no,yes,yes,yes
dev-s834,1,"किन्नौर के उपायुक्त अमनदीप गर्ग का कहना है कि लाशों के नाथपा - झाकड़ी के बांध में फंसे होने की संभावना है, इसलिए वहां जाल डालकर उन्हें ढूंढ़ने की कोशिश हो रही है ।",जाल,obj,compound,,,,,mapping_hypothesis,no_decision,Karma,,no,yes,yes,no
dev-s834,1,"किन्नौर के उपायुक्त अमनदीप गर्ग का कहना है कि लाशों के नाथपा - झाकड़ी के बांध में फंसे होने की संभावना है, इसलिए वहां जाल डालकर उन्हें ढूंढ़ने की कोशिश हो रही है ।",नाथपा,compound,nmod,,,,,no_decision,no_decision,,,no,yes,yes,yes
dev-s834,1,"किन्नौर के उपायुक्त अमनदीप गर्ग का कहना है कि लाशों के नाथपा - झाकड़ी के बांध में फंसे होने की संभावना है, इसलिए वहां जाल डालकर उन्हें ढूंढ़ने की कोशिश हो रही है ।",संभावना,obj,acl:relcl,,,,,mapping_hypothesis,no_decision,Karma,,no,yes,yes,no
dev-s834,1,"किन्नौर के उपायुक्त अमनदीप गर्ग का कहना है कि लाशों के नाथपा - झाकड़ी के बांध में फंसे होने की संभावना है, इसलिए वहां जाल डालकर उन्हें ढूंढ़ने की कोशिश हो रही है ।",हो,advcl,obj,,,,,no_decision,mapping_hypothesis,,Karma,no,yes,yes,no
dev-s835,1,"उपायुक्त ने कहा कि सतलुज के पानी का वेग बहुत अधिक है और यह पहाड़ी चट्टानों से गुजरती है, इसलिए डूबे लोगों के बचने की संभावना नहीं के बराबर है ।",इसलिए,nmod,obl,,,,,no_decision,mapping_hypothesis,,Adhikaraṇa|Apādāna|Karaṇa,no,yes,yes,no
dev-s835,1,"उपायुक्त ने कहा कि सतलुज के पानी का वेग बहुत अधिक है और यह पहाड़ी चट्टानों से गुजरती है, इसलिए डूबे लोगों के बचने की संभावना नहीं के बराबर है ।",नहीं,obl,advmod,के,,,,mapping_hypothesis,no_decision,Adhikaraṇa|Apādāna|Karaṇa,,no,no,yes,no
dev-s835,1,"उपायुक्त ने कहा कि सतलुज के पानी का वेग बहुत अधिक है और यह पहाड़ी चट्टानों से गुजरती है, इसलिए डूबे लोगों के बचने की संभावना नहीं के बराबर है ।",संभावना,nsubj,conj,,के,,,mapping_hypothesis,no_decision,Kartā,,no,no,yes,no
dev-s837,1,पुल टूटने के पीछे यांत्रिक कमी बताई गई है ।,टूटने,advcl,obl,,,,,no_decision,mapping_hypothesis,,Adhikaraṇa|Apādāna|Karaṇa,no,yes,yes,no
dev-s837,1,पुल टूटने के पीछे यांत्रिक कमी बताई गई है ।,पुल,obj,nsubj,,,,,mapping_hypothesis,mapping_hypothesis,Karma,Kartā,no,yes,yes,yes
dev-s838,1,खारो में निर्माणाधीन पुल के क्षतिग्रस्त होने से किन्नौर जिले में जनजीवन के पटरी पर लौटने में अब और भी समय लगेगा ।,पुल,nsubj,nmod,के,के,,,mapping_hypothesis,no_decision,Kartā,,no,yes,yes,no
dev-s838,1,खारो में निर्माणाधीन पुल के क्षतिग्रस्त होने से किन्नौर जिले में जनजीवन के पटरी पर लौटने में अब और भी समय लगेगा ।,समय,obj,nsubj,,,,,mapping_hypothesis,mapping_hypothesis,Karma,Kartā,no,yes,yes,yes
dev-s840,1,किन्नौर जिले में जनजीवन को पटरी पर लाने और किसानों व बागवानों की नगदी फसलों को मंडियों तक पहुंचाने के मकसद से सरकार ने इन दोनों पुलों का निर्माण कार्य युद्ध स्तर पर जारी किया था ।,नगदी,amod,compound,,,,,no_decision,no_decision,,,no,yes,yes,yes
dev-s842,1,"खारो पुल का निर्माण कार्य पूरा होने वाला था, मगर इससे पहले कि सेना के जवान इस पुल को जनता को समर्पित कर पाते काल के क्रूर हाथों ने उन्हें सतलुज में धकेल दिया ।",कर,advcl,acl:relcl,,,,,no_decision,no_decision,,,no,yes,yes,yes
dev-s842,1,"खारो पुल का निर्माण कार्य पूरा होने वाला था, मगर इससे पहले कि सेना के जवान इस पुल को जनता को समर्पित कर पाते काल के क्रूर हाथों ने उन्हें सतलुज में धकेल दिया ।",था,aux:pass,root,,,,,no_decision,no_decision,,,no,yes,yes,yes
dev-s842,1,"खारो पुल का निर्माण कार्य पूरा होने वाला था, मगर इससे पहले कि सेना के जवान इस पुल को जनता को समर्पित कर पाते काल के क्रूर हाथों ने उन्हें सतलुज में धकेल दिया ।",होने,root,obj,,,,,no_decision,mapping_hypothesis,,Karma,no,yes,yes,no
dev-s844,1,"दोपहर तक सब कुछ ठीक ठाक चल रहा था, मगर दोपहर बाद करीब पौने एक बजे अचानक ही यह पुल टूट गया ।",ठाक,advmod,xcomp,,,,,no_decision,no_decision,,,no,yes,yes,yes
dev-s844,1,"दोपहर तक सब कुछ ठीक ठाक चल रहा था, मगर दोपहर बाद करीब पौने एक बजे अचानक ही यह पुल टूट गया ।",पौने,det,dep,,,,,no_decision,no_decision,,,no,yes,yes,yes
dev-s844,1,"दोपहर तक सब कुछ ठीक ठाक चल रहा था, मगर दोपहर बाद करीब पौने एक बजे अचानक ही यह पुल टूट गया ।",सब,compound,nmod,,,,,no_decision,no_decision,,,no,yes,yes,yes
dev-s846,1,पुल के निर्माण कार्य को अंजाम दे रहे चार जवान ही डूबने से बचे हैं ।,कार्य,obj,iobj,को,को,R5,R5,ambiguous,ambiguous,Karma|Sampradāna,Karma|Sampradāna,no,yes,yes,yes
dev-s846,1,पुल के निर्माण कार्य को अंजाम दे रहे चार जवान ही डूबने से बचे हैं ।,डूबने,obl,advcl,,,,,mapping_hypothesis,no_decision,Adhikaraṇa|Apādāna|Karaṇa,,no,yes,yes,no
dev-s847,1,"ये भाग्यशाली जवान प्रभाकरण, मुगेसकेटी, सी. सुब्रह्मण्यम व के. संजीवन हैं ।",जवान,nsubj,nmod,,,,,mapping_hypothesis,no_decision,Kartā,,no,yes,yes,no
dev-s851,1,हादसे के समय पुल पर ड्यूटी दे रहे होम गार्ड के जवान टाशी डुनडुप ने बताया कि हादसे के वक्त पुल पर ३५ से ४० जवान काम कर रहे थे ।,ड्यूटी,compound,obj,,,,,no_decision,mapping_hypothesis,,Karma,no,yes,yes,no
dev-s853,1,तीन बार सतलुज की बाढ़ इसे बहा ले गई तो एक बार यह क्षतिग्रस्त हो चुका है ।,गई,aux,aux:pass,,,,,no_decision,no_decision,,,no,yes,yes,yes
dev-s853,1,तीन बार सतलुज की बाढ़ इसे बहा ले गई तो एक बार यह क्षतिग्रस्त हो चुका है ।,चुका,advcl,root,,,,,no_decision,no_decision,,,no,yes,yes,yes
dev-s853,1,तीन बार सतलुज की बाढ़ इसे बहा ले गई तो एक बार यह क्षतिग्रस्त हो चुका है ।,तो,mark,obl,,,,,no_decision,mapping_hypothesis,,Adhikaraṇa|Apādāna|Karaṇa,no,yes,yes,no
dev-s853,1,तीन बार सतलुज की बाढ़ इसे बहा ले गई तो एक बार यह क्षतिग्रस्त हो चुका है ।,बहा,advcl,acl:relcl,,,,,no_decision,no_decision,,,no,yes,yes,yes
dev-s853,1,तीन बार सतलुज की बाढ़ इसे बहा ले गई तो एक बार यह क्षतिग्रस्त हो चुका है ।,ले,root,compound,,,,,no_decision,no_decision,,,no,yes,yes,yes
dev-s854,1,पंचकूला से मिली खबर के मुताबिक पुल टूटने की सूचना मिलते ही चंडीमंदिर स्थित पश्चिमी कमान मुख्यालय में आपातकालीन बैठक बुलाई गई ।,पुल,obj,nsubj,,,,,mapping_hypothesis,mapping_hypothesis,Karma,Kartā,no,yes,yes,yes
dev-s854,1,पंचकूला से मिली खबर के मुताबिक पुल टूटने की सूचना मिलते ही चंडीमंदिर स्थित पश्चिमी कमान मुख्यालय में आपातकालीन बैठक बुलाई गई ।,बैठक,nsubj:pass,obj,,,,,no_decision,mapping_hypothesis,,Karma,no,yes,yes,no
dev-s857,1,"इससे पहले लखनऊ स्थित हुसैनबाद ट्रस्ट ने अमेरिकी नेतृत्व वाली गठबंधन सेना द्वारा पवित्र स्थलों को अपवित्र करने और इराकियों पर अत्याचार करने के विरोध में बड़ा और छोटा इमामबाड़ा में अमेरिकी, ब्रिटिश और इस्राइली नागरिकों के प्रवेश पर रोक लगा दी थी ।",करने,nmod,advcl,,,,,no_decision,no_decision,,,no,yes,yes,yes
dev-s857,1,"इससे पहले लखनऊ स्थित हुसैनबाद ट्रस्ट ने अमेरिकी नेतृत्व वाली गठबंधन सेना द्वारा पवित्र स्थलों को अपवित्र करने और इराकियों पर अत्याचार करने के विरोध में बड़ा और छोटा इमामबाड़ा में अमेरिकी, ब्रिटिश और इस्राइली नागरिकों के प्रवेश पर रोक लगा दी थी ।",विरोध,obl,conj,में,में,R2,,confirmed,no_decision,Adhikaraṇa,,no,yes,no,no
dev-s858,1,विदेश विभाग ने चेतावनी में अपने नागरिकों से कहा कि उन्हें ऐसे स्थलों का दौरा करते समय सतर्कता बरतनी चाहिए और उम्मीद है कि हालात सामान्य होने तक वे यात्राएं स्थगित करेंगे ।,वे,nsubj,det,,,,,mapping_hypothesis,no_decision,Kartā,,no,yes,yes,no
dev-s858,1,विदेश विभाग ने चेतावनी में अपने नागरिकों से कहा कि उन्हें ऐसे स्थलों का दौरा करते समय सतर्कता बरतनी चाहिए और उम्मीद है कि हालात सामान्य होने तक वे यात्राएं स्थगित करेंगे ।,सतर्कता,obj,compound,,,,,mapping_hypothesis,no_decision,Karma,,no,yes,yes,no
dev-s859,1,"कुछ दिन पहले तक यहां बंदूकों की आवाजें गूंजा करती थीं, लेकिन अब जम्मू - कश्मीर के उरी क्षेत्र का कमान पोस्ट नियंत्रण रेखा से बंटे राज्य का एक द्वार बन गया है ।",कमान,compound,nsubj,,,,,no_decision,mapping_hypothesis,,Kartā,no,yes,yes,no
dev-s859,1,"कुछ दिन पहले तक यहां बंदूकों की आवाजें गूंजा करती थीं, लेकिन अब जम्मू - कश्मीर के उरी क्षेत्र का कमान पोस्ट नियंत्रण रेखा से बंटे राज्य का एक द्वार बन गया है ।",पोस्ट,nsubj,compound,,,,,mapping_hypothesis,no_decision,Kartā,,no,yes,yes,no
dev-s86,1,यहाँ जाते समय पैरों के नीचे यत्र - तत्र हिम राशि खिसकती दिखाई पड़ती है ।,खिसकती,xcomp,advcl,,,,,no_decision,no_decision,,,no,yes,yes,yes
dev-s86,1,यहाँ जाते समय पैरों के नीचे यत्र - तत्र हिम राशि खिसकती दिखाई पड़ती है ।,तत्र,obl,compound,,,,,mapping_hypothesis,no_decision,Adhikaraṇa|Apādāna|Karaṇa,,no,yes,yes,no
dev-s861,1,बृहस्पतिवार को श्रीनगर - मुजफ्फराबाद बस सेवा शुरू होने से उरी के लोगों को एक नई उम्मीद मिली है ।,मुजफ्फराबाद,nmod,compound,,,,,no_decision,no_decision,,,no,yes,yes,yes
dev-s861,1,बृहस्पतिवार को श्रीनगर - मुजफ्फराबाद बस सेवा शुरू होने से उरी के लोगों को एक नई उम्मीद मिली है ।,श्रीनगर,nmod,compound,,,,,no_decision,no_decision,,,no,yes,yes,yes
dev-s862,1,कमान पोस्ट के नजदीक सीमावर्ती गांव उरूसा के ७२ - वर्षीय मोहम्मद जमान ने बताया कि 'मेरा यह सपना था कि मेरे मरने से पहले यह सड़क खुल जाए और मेरा यह सपना साकार हो गया,कमान,compound,nmod,,,,,no_decision,no_decision,,,no,yes,yes,yes
dev-s862,1,कमान पोस्ट के नजदीक सीमावर्ती गांव उरूसा के ७२ - वर्षीय मोहम्मद जमान ने बताया कि 'मेरा यह सपना था कि मेरे मरने से पहले यह सड़क खुल जाए और मेरा यह सपना साकार हो गया,पोस्ट,nmod,obl,के,के,,,no_decision,mapping_hypothesis,,Adhikaraṇa|Apādāna|Karaṇa,no,yes,yes,no
dev-s865,1,भावविह्वल जमान ने कहा कि राज्य के बंटवारे से पहले उरी मुजफ्फराबाद की तहसील हुआ करता था ।,उरी,nsubj,nmod,,,,,mapping_hypothesis,no_decision,Kartā,,no,yes,yes,no
dev-s865,1,भावविह्वल जमान ने कहा कि राज्य के बंटवारे से पहले उरी मुजफ्फराबाद की तहसील हुआ करता था ।,तहसील,xcomp,nsubj,,,,,no_decision,mapping_hypothesis,,Kartā,no,yes,yes,no
dev-s865,1,भावविह्वल जमान ने कहा कि राज्य के बंटवारे से पहले उरी मुजफ्फराबाद की तहसील हुआ करता था ।,भावविह्वल,amod,compound,,,,,no_decision,no_decision,,,no,yes,yes,yes
dev-s865,1,भावविह्वल जमान ने कहा कि राज्य के बंटवारे से पहले उरी मुजफ्फराबाद की तहसील हुआ करता था ।,हुआ,acl,obj,,,,,no_decision,mapping_hypothesis,,Karma,no,yes,yes,no
dev-s866,1,उन्होंने बताया कि 'मेरे गांव में एक भी घर ऐसा नहीं है जिसके परिजन नियंत्रण रेखा के उस पार नहीं हों,ऐसा,obl,obj,,,,,mapping_hypothesis,mapping_hypothesis,Adhikaraṇa|Apādāna|Karaṇa,Karma,no,yes,yes,yes
dev-s866,1,उन्होंने बताया कि 'मेरे गांव में एक भी घर ऐसा नहीं है जिसके परिजन नियंत्रण रेखा के उस पार नहीं हों,घर,obj,nsubj,,,,,mapping_hypothesis,mapping_hypothesis,Karma,Kartā,no,yes,yes,yes
dev-s866,1,उन्होंने बताया कि 'मेरे गांव में एक भी घर ऐसा नहीं है जिसके परिजन नियंत्रण रेखा के उस पार नहीं हों,पार,acl:relcl,obl,,,,,no_decision,mapping_hypothesis,,Adhikaraṇa|Apādāna|Karaṇa,no,yes,yes,no
dev-s866,1,उन्होंने बताया कि 'मेरे गांव में एक भी घर ऐसा नहीं है जिसके परिजन नियंत्रण रेखा के उस पार नहीं हों,हों,cop,acl:relcl,,,,,no_decision,no_decision,,,no,yes,yes,yes
dev-s868,1,"सुलेमान ने बताया कि 'यहां से सिर्फ एक घंटे का सफर है, लेकिन इस दूरी को पाटने में कई दशक लग गए",दशक,obl,nsubj,,,,,mapping_hypothesis,mapping_hypothesis,Adhikaraṇa|Apādāna|Karaṇa,Kartā,no,yes,yes,yes
dev-s869,1,"बहरहाल, उरी के लोग बस सेवा शुरू होने का जशन मनाएंगे ।",जशन,obj,compound,,,,,mapping_hypothesis,no_decision,Karma,,no,yes,yes,no
dev-s87,1,बर्फ के पास ही अत्यंत मादक सुगंध वाले सिरंगा पुष्पकुंज मिलने लगते हैं ।,पुष्पकुंज,nsubj,obl,,,,,mapping_hypothesis,mapping_hypothesis,Kartā,Adhikaraṇa|Apādāna|Karaṇa,no,yes,yes,yes
dev-s87,1,बर्फ के पास ही अत्यंत मादक सुगंध वाले सिरंगा पुष्पकुंज मिलने लगते हैं ।,सिरंगा,nmod,nsubj,,,,,no_decision,mapping_hypothesis,,Kartā,no,yes,yes,no
dev-s874,1,उन्होंने कहा कि संघर्ष विराम के कारण उनका जीवन सुरक्षित और जीने के काबिल हो गया है ।,काबिल,conj,compound,,,,,no_decision,no_decision,,,no,yes,yes,yes
dev-s874,1,उन्होंने कहा कि संघर्ष विराम के कारण उनका जीवन सुरक्षित और जीने के काबिल हो गया है ।,जीने,advcl,conj,,,,,no_decision,no_decision,,,no,yes,yes,yes
dev-s874,1,उन्होंने कहा कि संघर्ष विराम के कारण उनका जीवन सुरक्षित और जीने के काबिल हो गया है ।,सुरक्षित,compound,nmod,,,,,no_decision,no_decision,,,no,yes,yes,yes
dev-s875,1,बीएसएनएल के उत्तरी कश्मीर के मंडलीय अभियंता राकेश वर्मा ने बताया कि जम्मू कश्मीर और पाकिस्तान के कब्जे वाले कश्मीर के यात्रियों की सुविधा के लिए कमान पोस्ट पर सात लाइनें व सलामाबाद में दस लाइनें बिछाई गई हैं ।,उत्तरी,amod,compound,,,,,no_decision,no_decision,,,no,yes,yes,yes
dev-s875,3,बीएसएनएल के उत्तरी कश्मीर के मंडलीय अभियंता राकेश वर्मा ने बताया कि जम्मू कश्मीर और पाकिस्तान के कब्जे वाले कश्मीर के यात्रियों की सुविधा के लिए कमान पोस्ट पर सात लाइनें व सलामाबाद में दस लाइनें बिछाई गई हैं ।,कश्मीर,conj,nmod,के,के,,,no_decision,no_decision,,,no,yes,yes,yes
dev-s875,1,बीएसएनएल के उत्तरी कश्मीर के मंडलीय अभियंता राकेश वर्मा ने बताया कि जम्मू कश्मीर और पाकिस्तान के कब्जे वाले कश्मीर के यात्रियों की सुविधा के लिए कमान पोस्ट पर सात लाइनें व सलामाबाद में दस लाइनें बिछाई गई हैं ।,पाकिस्तान,nmod,conj,के,,,,no_decision,no_decision,,,no,no,yes,yes
dev-s875,1,बीएसएनएल के उत्तरी कश्मीर के मंडलीय अभियंता राकेश वर्मा ने बताया कि जम्मू कश्मीर और पाकिस्तान के कब्जे वाले कश्मीर के यात्रियों की सुविधा के लिए कमान पोस्ट पर सात लाइनें व सलामाबाद में दस लाइनें बिछाई गई हैं ।,पोस्ट,nmod,obl,पर,पर,,R3,no_decision,confirmed,,Adhikaraṇa,no,yes,no,no
dev-s875,1,बीएसएनएल के उत्तरी कश्मीर के मंडलीय अभियंता राकेश वर्मा ने बताया कि जम्मू कश्मीर और पाकिस्तान के कब्जे वाले कश्मीर के यात्रियों की सुविधा के लिए कमान पोस्ट पर सात लाइनें व सलामाबाद में दस लाइनें बिछाई गई हैं ।,लाइनें,obj,obl,,,,,mapping_hypothesis,mapping_hypothesis,Karma,Adhikaraṇa|Apādāna|Karaṇa,no,yes,yes,yes
dev-s875,2,बीएसएनएल के उत्तरी कश्मीर के मंडलीय अभियंता राकेश वर्मा ने बताया कि जम्मू कश्मीर और पाकिस्तान के कब्जे वाले कश्मीर के यात्रियों की सुविधा के लिए कमान पोस्ट पर सात लाइनें व सलामाबाद में दस लाइनें बिछाई गई हैं ।,लाइनें,conj,obj,,,,,no_decision,mapping_hypothesis,,Karma,no,yes,yes,no
dev-s875,1,बीएसएनएल के उत्तरी कश्मीर के मंडलीय अभियंता राकेश वर्मा ने बताया कि जम्मू कश्मीर और पाकिस्तान के कब्जे वाले कश्मीर के यात्रियों की सुविधा के लिए कमान पोस्ट पर सात लाइनें व सलामाबाद में दस लाइनें बिछाई गई हैं ।,सलामाबाद,nmod,conj,में,में,,,no_decision,no_decision,,,no,yes,yes,yes
dev-s875,1,बीएसएनएल के उत्तरी कश्मीर के मंडलीय अभियंता राकेश वर्मा ने बताया कि जम्मू कश्मीर और पाकिस्तान के कब्जे वाले कश्मीर के यात्रियों की सुविधा के लिए कमान पोस्ट पर सात लाइनें व सलामाबाद में दस लाइनें बिछाई गई हैं ।,सुविधा,nmod,obl,के,के,,,no_decision,mapping_hypothesis,,Adhikaraṇa|Apādāna|Karaṇa,no,yes,yes,no
dev-s878,1,"उन्होंने कहा कि बीएसएनएल ने उरी शहर, कमान पोस्ट व सलामाबाद में मोबाइल सेवा शुरू करने के लिए भरसक कोशिश की लेकिन खराब मौसम के कारण यह योजना रद्द करनी पड़ी ।",उरी,nmod,compound,,,,,no_decision,no_decision,,,no,yes,yes,yes
dev-s88,1,इनके समाप्त होने पर हरी बुग्याल 'दूब' मिलती है ।,इनके,nsubj,nmod,,,,,mapping_hypothesis,no_decision,Kartā,,no,yes,yes,no
dev-s88,1,इनके समाप्त होने पर हरी बुग्याल 'दूब' मिलती है ।,बुग्याल,nmod,nsubj,,,,,no_decision,mapping_hypothesis,,Kartā,no,yes,yes,no
dev-s880,1,विदेश मंत्री के. नटवर सिंह ने कहा कि अमेरिका के पाकिस्तान को एफ - १६ विमान बेचने के निर्णय के बावजूद भारत - अमेरिकी संबंध इतने बेहतर कभी नहीं थे ।,अमेरिका,nsubj,nmod,के,के,,,mapping_hypothesis,no_decision,Kartā,,no,yes,yes,no
dev-s880,1,विदेश मंत्री के. नटवर सिंह ने कहा कि अमेरिका के पाकिस्तान को एफ - १६ विमान बेचने के निर्णय के बावजूद भारत - अमेरिकी संबंध इतने बेहतर कभी नहीं थे ।,भारत,compound,nmod,,,,,no_decision,no_decision,,,no,yes,yes,yes
dev-s881,1,इसके अलावा उन्होंने कहा कि भारत पाकिस्तान के सभी प्रस्तावों पर विचार करने को तैयार है लेकिन वह नक्शे में तब्दीली स्वीकार करके दूसरे बंटवारे को न्योता नहीं दे सकता ।,बंटवारे,obj,iobj,को,को,R5,R5,ambiguous,ambiguous,Karma|Sampradāna,Karma|Sampradāna,no,yes,yes,yes
dev-s882,1,बीबीसी वर्ल्ड को दिए एक इंटरव्यू में वह भारत का नया नक्शा बनाकर दूसरे बंटवारे की बात छोड़कर पाकिस्तान के सुझाए सभी विकल्पों को सुनने को राजी हैं ।,पाकिस्तान,nmod,obl,के,के,,,no_decision,mapping_hypothesis,,Adhikaraṇa|Apādāna|Karaṇa,no,yes,yes,no
dev-s882,1,बीबीसी वर्ल्ड को दिए एक इंटरव्यू में वह भारत का नया नक्शा बनाकर दूसरे बंटवारे की बात छोड़कर पाकिस्तान के सुझाए सभी विकल्पों को सुनने को राजी हैं ।,बीबीसी,compound,nmod,,,,,no_decision,no_decision,,,no,yes,yes,yes
dev-s882,1,बीबीसी वर्ल्ड को दिए एक इंटरव्यू में वह भारत का नया नक्शा बनाकर दूसरे बंटवारे की बात छोड़कर पाकिस्तान के सुझाए सभी विकल्पों को सुनने को राजी हैं ।,वर्ल्ड,obj,iobj,को,को,R5,R5,ambiguous,ambiguous,Karma|Sampradāna,Karma|Sampradāna,no,yes,yes,yes
dev-s883,1,उन्होंने कहा कि भारत - पाक के बीच समग्र बातचीत की प्रगति काफी संतोषजनक है ।,काफी,det,advmod,,,,,no_decision,no_decision,,,no,yes,yes,yes
dev-s885,1,उन्होंने श्रीनगर - मुजफ्फराबाद बस सेवा के शुरू होने को काफी महत्वपूर्ण घटनाक्रम बताया ।,मुजफ्फराबाद,nmod,compound,,,,,no_decision,no_decision,,,no,yes,yes,yes
dev-s885,1,उन्होंने श्रीनगर - मुजफ्फराबाद बस सेवा के शुरू होने को काफी महत्वपूर्ण घटनाक्रम बताया ।,श्रीनगर,nmod,compound,,,,,no_decision,no_decision,,,no,yes,yes,yes
dev-s885,1,उन्होंने श्रीनगर - मुजफ्फराबाद बस सेवा के शुरू होने को काफी महत्वपूर्ण घटनाक्रम बताया ।,सेवा,nmod,nsubj,के,के,,,no_decision,mapping_hypothesis,,Kartā,no,yes,yes,no
dev-s887,1,"इसके अलावा, नटवर सिंह ने कहा कि भारत - अमेरिकी संबंध परिपक्वता के उस मुकाम पर पहुंच चुके हैं जहां हमारे मतभेद हमारे मूलभूत मित्रतापूर्ण संबंध को प्रभावित नहीं करते ।",भारत,compound,nmod,,,,,no_decision,no_decision,,,no,yes,yes,yes
dev-s889,1,यह संबंध इतने बेहतर कभी नहीं थे ।,कभी,root,obl,,,,,no_decision,mapping_hypothesis,,Adhikaraṇa|Apādāna|Karaṇa,no,yes,yes,no
dev-s889,1,यह संबंध इतने बेहतर कभी नहीं थे ।,बेहतर,amod,root,,,,,no_decision,no_decision,,,no,yes,yes,yes
dev-s89,1,इसके पश्चात केदारनाथ का हिमनद और उससे निकलने वाली मंदाकिनी अपने में असंख्य पाषाण खंडों को फोड़कर निकले झरनों और फव्वारों के जल को समेटे उद्दाम गति से प्रवाहित होती दिखाई देती है ।,असंख्य,det,amod,,,,,no_decision,no_decision,,,no,yes,yes,yes
dev-s89,1,इसके पश्चात केदारनाथ का हिमनद और उससे निकलने वाली मंदाकिनी अपने में असंख्य पाषाण खंडों को फोड़कर निकले झरनों और फव्वारों के जल को समेटे उद्दाम गति से प्रवाहित होती दिखाई देती है ।,उद्दाम,amod,compound,,,,,no_decision,no_decision,,,no,yes,yes,yes
dev-s89,1,इसके पश्चात केदारनाथ का हिमनद और उससे निकलने वाली मंदाकिनी अपने में असंख्य पाषाण खंडों को फोड़कर निकले झरनों और फव्वारों के जल को समेटे उद्दाम गति से प्रवाहित होती दिखाई देती है ।,समेटे,advcl,acl,,,,,no_decision,no_decision,,,no,yes,yes,yes
dev-s89,1,इसके पश्चात केदारनाथ का हिमनद और उससे निकलने वाली मंदाकिनी अपने में असंख्य पाषाण खंडों को फोड़कर निकले झरनों और फव्वारों के जल को समेटे उद्दाम गति से प्रवाहित होती दिखाई देती है ।,होती,nsubj,advcl,,,,,mapping_hypothesis,no_decision,Kartā,,no,yes,yes,no
dev-s891,1,अमेरिकी विदेश विभाग के एक वरिष्ठ अधिकारी ने कहा था कि अमेरिका भारत को २१वीं सदी की एक प्रमुख महाशक्ति के रूप में विकसित करने में मदद करना चाहता है ।,अमेरिकी,amod,compound,,,,,no_decision,no_decision,,,no,yes,yes,yes
dev-s891,1,अमेरिकी विदेश विभाग के एक वरिष्ठ अधिकारी ने कहा था कि अमेरिका भारत को २१वीं सदी की एक प्रमुख महाशक्ति के रूप में विकसित करने में मदद करना चाहता है ।,भारत,iobj,obj,को,को,R5,R5,ambiguous,ambiguous,Karma|Sampradāna,Karma|Sampradāna,no,yes,yes,yes
dev-s892,1,इस बयान पर अपनी असहमति जताते हुए नटवर सिंह ने कहा कि भारत एक महाशक्ति बनने की जुगत में शामिल नहीं है ।,असहमति,obj,compound,,,,,mapping_hypothesis,no_decision,Karma,,no,yes,yes,no
dev-s893,1,नेपाल के हालात पर अप्रसन्नता जताते हुए उन्होंने कहा कि आपातकाल खत्म होना चाहिए ।,अप्रसन्नता,obj,compound,,,,,mapping_hypothesis,no_decision,Karma,,no,yes,yes,no
dev-s894,1,यह बहुत ही चिंताजनक स्थिति है ।,बहुत,det,advmod,,,,,no_decision,no_decision,,,no,yes,yes,yes
dev-s896,1,हेलियोथैरेपी और ओजोनथैरेपी जैसे ट्रेंडी नाम योगाभ्यास से ज्यादा असरदार सिद्ध हो रहे हैं ।,ज्यादा,advmod,det,,,,,no_decision,no_decision,,,no,yes,yes,yes
dev-s897,1,पंचसितारा होटल की सुविधाओं से युक्त जिम और स्पा में योग को टू मिनट नूडल्स की शक्ल में परोसा जा रहा है ।,टू,nummod,compound,,,,,no_decision,no_decision,,,no,yes,yes,yes
dev-s897,1,पंचसितारा होटल की सुविधाओं से युक्त जिम और स्पा में योग को टू मिनट नूडल्स की शक्ल में परोसा जा रहा है ।,पंचसितारा,compound,nmod,,,,,no_decision,no_decision,,,no,yes,yes,yes
dev-s897,1,पंचसितारा होटल की सुविधाओं से युक्त जिम और स्पा में योग को टू मिनट नूडल्स की शक्ल में परोसा जा रहा है ।,मिनट,nmod,compound,,,,,no_decision,no_decision,,,no,yes,yes,yes
dev-s898,1,मुंबई स्थित द कटारिया स्कूल ऑफ हास्य योगा लोकप्रियता के नए रिकॉर्ड कायम कर रहा है ।,योगा,nsubj,compound,,,,,mapping_hypothesis,no_decision,Kartā,,no,yes,yes,no
dev-s90,1,"इन सबके ऊपर केदारनाथ का 6 हजार 940 मीटर ऊँचा हिमशिखर ऐसा दिखाई देता है, मानो स्वर्ग में रहने वाले देवताओं का मृत्युलोक को झाँकने का यह झरोखा हो ।",ऐसा,obl,obj,,,,,mapping_hypothesis,mapping_hypothesis,Adhikaraṇa|Apādāna|Karaṇa,Karma,no,yes,yes,yes
dev-s90,1,"इन सबके ऊपर केदारनाथ का 6 हजार 940 मीटर ऊँचा हिमशिखर ऐसा दिखाई देता है, मानो स्वर्ग में रहने वाले देवताओं का मृत्युलोक को झाँकने का यह झरोखा हो ।",झरोखा,xcomp,nsubj,,,,,no_decision,mapping_hypothesis,,Kartā,no,yes,yes,no
dev-s90,1,"इन सबके ऊपर केदारनाथ का 6 हजार 940 मीटर ऊँचा हिमशिखर ऐसा दिखाई देता है, मानो स्वर्ग में रहने वाले देवताओं का मृत्युलोक को झाँकने का यह झरोखा हो ।",मानो,advmod,mark,,,,,no_decision,no_decision,,,no,yes,yes,yes
dev-s90,1,"इन सबके ऊपर केदारनाथ का 6 हजार 940 मीटर ऊँचा हिमशिखर ऐसा दिखाई देता है, मानो स्वर्ग में रहने वाले देवताओं का मृत्युलोक को झाँकने का यह झरोखा हो ।",यह,nsubj,det,,,,,mapping_hypothesis,no_decision,Kartā,,no,yes,yes,no
dev-s90,1,"इन सबके ऊपर केदारनाथ का 6 हजार 940 मीटर ऊँचा हिमशिखर ऐसा दिखाई देता है, मानो स्वर्ग में रहने वाले देवताओं का मृत्युलोक को झाँकने का यह झरोखा हो ।",हो,acl:relcl,acl,,,,,no_decision,no_decision,,,no,yes,yes,yes
dev-s901,1,'पॉवर योगा' के तहत सूर्य नमस्कार को तेज गति से किया जाता है तो 'बीट योगा' के तहत पॉप म्यूजिक की धुन पर अंगों को लय में लहराया जाता है ।,किया,root,advcl,,,,,no_decision,no_decision,,,no,yes,yes,yes
dev-s901,1,'पॉवर योगा' के तहत सूर्य नमस्कार को तेज गति से किया जाता है तो 'बीट योगा' के तहत पॉप म्यूजिक की धुन पर अंगों को लय में लहराया जाता है ।,लहराया,advcl,root,,,,,no_decision,no_decision,,,no,yes,yes,yes
dev-s903,1,ऋषियों द्वारा निर्धारित सूर्य नमस्कार प्रणाली के तहत कुल बारह तरह के आसनों का विधान है ।,नमस्कार,nmod,compound,,,,,no_decision,no_decision,,,no,yes,yes,yes
dev-s904,1,इन आसनों को एक बार करने में तकरीबन १० मिनट का समय लगता है ।,समय,obj,nsubj,,,,,mapping_hypothesis,mapping_hypothesis,Karma,Kartā,no,yes,yes,yes
dev-s906,1,मॉर्निंग वॉक के लिए आपकी भले नींद नहीं खुलती हो पर यदि कोई 'आनंद योग' की बात करे तो आप जगे बिना नहीं रहेंगे ।,कोई,det,nsubj,,,,,no_decision,mapping_hypothesis,,Kartā,no,yes,yes,no
dev-s906,1,मॉर्निंग वॉक के लिए आपकी भले नींद नहीं खुलती हो पर यदि कोई 'आनंद योग' की बात करे तो आप जगे बिना नहीं रहेंगे ।,भले,obl,dep,,,,,mapping_hypothesis,no_decision,Adhikaraṇa|Apādāna|Karaṇa,,no,yes,yes,no
dev-s908,1,योग को ऐसी शक्ल देनी होगी कि आज का व्यक्ति उसे अपना सके,अपना,advcl,acl,,,,,no_decision,no_decision,,,no,yes,yes,yes
dev-s908,1,योग को ऐसी शक्ल देनी होगी कि आज का व्यक्ति उसे अपना सके,शक्ल,compound,obj,,,,,no_decision,mapping_hypothesis,,Karma,no,yes,yes,no
dev-s91,1,"ऋषिकेश से केदारनाथ की दूरी 223 किमी है, जिसमें अंतिम दस किमी का अंश जो गौरीकुंड से केदारनाथ है वह पैदल, घोड़े या पालकी से जाना पड़ता है ।",अंश,nsubj,nmod,,,,,mapping_hypothesis,no_decision,Kartā,,no,yes,yes,no
dev-s91,1,"ऋषिकेश से केदारनाथ की दूरी 223 किमी है, जिसमें अंतिम दस किमी का अंश जो गौरीकुंड से केदारनाथ है वह पैदल, घोड़े या पालकी से जाना पड़ता है ।",वह,xcomp,nsubj,,,,,no_decision,mapping_hypothesis,,Kartā,no,yes,yes,no
dev-s910,1,दिल्ली में वीएलसीसी और ओजोन नामक स्पा में योग के आधुनिक रूप ग्राहकों के बीच अपनी पैठ बना रहे हैं ।,पैठ,compound,obj,,,,,no_decision,mapping_hypothesis,,Karma,no,yes,yes,no
dev-s910,1,दिल्ली में वीएलसीसी और ओजोन नामक स्पा में योग के आधुनिक रूप ग्राहकों के बीच अपनी पैठ बना रहे हैं ।,रूप,nsubj,nmod,,,,,mapping_hypothesis,no_decision,Kartā,,no,yes,yes,no
dev-s911,1,'ओजोन' के योग निदेशक कहते हैं - 'हम वही दे रहे हैं जो आप चाहते हैं ।,जो,obj,nsubj,,,,,mapping_hypothesis,mapping_hypothesis,Karma,Kartā,no,yes,yes,yes
dev-s912,1,वित्त मंत्री पी चिदंबरम ने अपने बजट को जनता के 'हितों का ध्यान रखने वाला तथा साहसी' करार दिया ।,ध्यान,obj,compound,,,,,mapping_hypothesis,no_decision,Karma,,no,yes,yes,no
dev-s912,1,वित्त मंत्री पी चिदंबरम ने अपने बजट को जनता के 'हितों का ध्यान रखने वाला तथा साहसी' करार दिया ।,रखने,acl,obj,,,,,no_decision,mapping_hypothesis,,Karma,no,yes,yes,no
dev-s914,1,वर्ष २००४ - ०५ के लिए यूपीए सरकार के पहले बजट को पेश करने के बाद चिदंबरम ने कहा कि हमने यह दिखा दिया है कि हमारी सरकार को जनता के हितों का पूरा ध्यान है और वह साहसी फैसले लेने से पीछे नहीं हटती ।,पीछे,obl,compound,,,,,mapping_hypothesis,no_decision,Adhikaraṇa|Apādāna|Karaṇa,,no,yes,yes,no
dev-s916,1,इसके लिए हम काम के बदले अनाज कार्यक्रम जैसी योजनाएं शुरू कर रहे हैं ।,कार्यक्रम,nmod,obl,जैसी,जैसी,,,no_decision,mapping_hypothesis,,Adhikaraṇa|Apādāna|Karaṇa,no,yes,yes,no
dev-s917,1,उदारीकरण की राह में आगे कदम बढ़ाकर हमने साहसी फैसला लिया है ।,कदम,obj,compound,,,,,mapping_hypothesis,no_decision,Karma,,no,yes,yes,no
dev-s919,1,उन्होंने कहा कि दूरसंचार या नागरिक उड्डयन के क्षेत्र में बंदिशें कम करने के मुद्दे पर उन्हें किसी प्रकार की समस्या पेश आने की आशंका नहीं है ।,उन्हें,nsubj,iobj,,,,,mapping_hypothesis,mapping_hypothesis,Kartā,Sampradāna,no,yes,yes,yes
dev-s919,1,उन्होंने कहा कि दूरसंचार या नागरिक उड्डयन के क्षेत्र में बंदिशें कम करने के मुद्दे पर उन्हें किसी प्रकार की समस्या पेश आने की आशंका नहीं है ।,क्षेत्र,nmod,obl,में,में,,R2,no_decision,confirmed,,Adhikaraṇa,no,yes,no,no
dev-s919,1,उन्होंने कहा कि दूरसंचार या नागरिक उड्डयन के क्षेत्र में बंदिशें कम करने के मुद्दे पर उन्हें किसी प्रकार की समस्या पेश आने की आशंका नहीं है ।,मुद्दे,nmod,obl,पर,पर,,R3,no_decision,confirmed,,Adhikaraṇa,no,yes,no,no
dev-s919,1,उन्होंने कहा कि दूरसंचार या नागरिक उड्डयन के क्षेत्र में बंदिशें कम करने के मुद्दे पर उन्हें किसी प्रकार की समस्या पेश आने की आशंका नहीं है ।,समस्या,obj,nsubj,,,,,mapping_hypothesis,mapping_hypothesis,Karma,Kartā,no,yes,yes,yes
dev-s92,1,"यह उत्तराखंड का सबसे विशाल शिव मंदिर है, जो कटवाँ पत्थरों के विशाल शिलाखंडों को जोड़कर बनाया गया है ।",कटवाँ,amod,nmod,,,,,no_decision,no_decision,,,no,yes,yes,yes
dev-s92,1,"यह उत्तराखंड का सबसे विशाल शिव मंदिर है, जो कटवाँ पत्थरों के विशाल शिलाखंडों को जोड़कर बनाया गया है ।",जो,obj,nsubj:pass,,,,,mapping_hypothesis,no_decision,Karma,,no,yes,yes,no
dev-s923,1,मैं उनके नेताओं से बातचीत करूंगा ।,नेताओं,iobj,obj,से,से,,,mapping_hypothesis,mapping_hypothesis,Sampradāna,Karma,no,yes,yes,yes
dev-s924,1,फिलहाल इससे निपटने के लिए इसी तरह के विकल्पों पर विचार कर रहा हूं ।,इससे,obj,obl,,,,,mapping_hypothesis,mapping_hypothesis,Karma,Adhikaraṇa|Apādāna|Karaṇa,no,yes,yes,yes
dev-s925,1,"इस सवाल पर कि क्या एफडीआई सीमा बढ़ाने के फैसले पर पुनर्विचार करने की संभावना है, उन्होंने कहा कि काफी विचार - विमर्श के बाद यह फैसला किया गया है ।",फैसले,nmod,obl,पर,पर,,R3,no_decision,confirmed,,Adhikaraṇa,no,yes,no,no
dev-s928,1,मेरा मानना है कि ४० और ४९ फीसदी में कोई खास अंतर नहीं है ।,४०,nummod,nmod,,,,,no_decision,no_decision,,,no,yes,yes,yes
dev-s931,1,केवल पचास रह गए इन आदिवासियों ने अपनी पुरानी परंपराओं को खुद ही खुशी - खुशी छोड़ दिया है ।,खुशी,obl,compound,,,,,mapping_hypothesis,no_decision,Adhikaraṇa|Apādāna|Karaṇa,,no,yes,yes,no
dev-s931,2,केवल पचास रह गए इन आदिवासियों ने अपनी पुरानी परंपराओं को खुद ही खुशी - खुशी छोड़ दिया है ।,खुशी,compound,acl,,,,,no_decision,no_decision,,,no,yes,yes,yes
dev-s932,1,इसके चलते इस आदिवासी जनजाति का क्षरण हो रहा है ।,आदिवासी,compound,amod,,,,,no_decision,no_decision,,,no,yes,yes,yes
dev-s933,1,जो परंपराएं इन्हें बाहर की दुनिया से अलग पहचान देती हैं ।,अलग,amod,compound,,,,,no_decision,no_decision,,,no,yes,yes,yes
dev-s933,1,जो परंपराएं इन्हें बाहर की दुनिया से अलग पहचान देती हैं ।,इन्हें,iobj,obj,,,,,mapping_hypothesis,mapping_hypothesis,Sampradāna,Karma,no,yes,yes,yes
dev-s933,1,जो परंपराएं इन्हें बाहर की दुनिया से अलग पहचान देती हैं ।,देती,root,compound,,,,,no_decision,no_decision,,,no,yes,yes,yes
dev-s933,1,जो परंपराएं इन्हें बाहर की दुनिया से अलग पहचान देती हैं ।,पहचान,compound,root,,,,,no_decision,no_decision,,,no,yes,yes,yes
dev-s933,1,जो परंपराएं इन्हें बाहर की दुनिया से अलग पहचान देती हैं ।,हैं,aux,aux:pass,,,,,no_decision,no_decision,,,no,yes,yes,yes
dev-s936,1,पोर्ट ब्लेयर के एक सरकारी अस्पताल में भर्ती ग्रेट अंडमानीज जनजाति के राजा जिरोकी ने बताया कि सुनामी में उनकी जनजाति का कोई हताहत नहीं हुआ है ।,अंडमानीज,nmod,compound,,,,,no_decision,no_decision,,,no,yes,yes,yes
dev-s936,1,पोर्ट ब्लेयर के एक सरकारी अस्पताल में भर्ती ग्रेट अंडमानीज जनजाति के राजा जिरोकी ने बताया कि सुनामी में उनकी जनजाति का कोई हताहत नहीं हुआ है ।,कोई,nsubj,det,,,,,mapping_hypothesis,no_decision,Kartā,,no,yes,yes,no
dev-s936,1,पोर्ट ब्लेयर के एक सरकारी अस्पताल में भर्ती ग्रेट अंडमानीज जनजाति के राजा जिरोकी ने बताया कि सुनामी में उनकी जनजाति का कोई हताहत नहीं हुआ है ।,राजा,nmod,compound,,,,,no_decision,no_decision,,,no,yes,yes,yes
dev-s936,1,पोर्ट ब्लेयर के एक सरकारी अस्पताल में भर्ती ग्रेट अंडमानीज जनजाति के राजा जिरोकी ने बताया कि सुनामी में उनकी जनजाति का कोई हताहत नहीं हुआ है ।,हुआ,compound,obj,,,,,no_decision,mapping_hypothesis,,Karma,no,yes,yes,no
dev-s938,1,इसके बाद हमें भूखे रहना पड़ा,भूखे,compound,xcomp,,,,,no_decision,no_decision,,,no,yes,yes,yes
dev-s942,1,इस मौके का फायदा उठाते हुए इनके राजा जिरोकी ने यहां मिरगी का इलाज कराया ।,राजा,nmod,compound,,,,,no_decision,no_decision,,,no,yes,yes,yes
dev-s943,1,लाल टी - शर्ट और शॉर्टस पहने जिरोकी टूटी - फूटी हिंदी में बताते हैं कि झटके से उनके घर हिलने लगे ।,जिरोकी,nsubj,advmod,,,,,mapping_hypothesis,no_decision,Kartā,,no,yes,yes,no
dev-s943,1,लाल टी - शर्ट और शॉर्टस पहने जिरोकी टूटी - फूटी हिंदी में बताते हैं कि झटके से उनके घर हिलने लगे ।,टूटी,compound,acl,,,,,no_decision,no_decision,,,no,yes,yes,yes
dev-s944,1,इसके बाद मैंने सभी को भागने के निर्देश दिए ।,निर्देश,compound,obj,,,,,no_decision,mapping_hypothesis,,Karma,no,yes,yes,no
dev-s944,1,इसके बाद मैंने सभी को भागने के निर्देश दिए ।,सभी,obj,iobj,को,को,R5,R5,ambiguous,ambiguous,Karma|Sampradāna,Karma|Sampradāna,no,yes,yes,yes
dev-s946,1,मैं जैसा कहूंगा उन्हें वैसा ही करना होगा ।,कहूंगा,acl:relcl,advcl,,,,,no_decision,no_decision,,,no,yes,yes,yes
dev-s946,1,मैं जैसा कहूंगा उन्हें वैसा ही करना होगा ।,जैसा,advmod,obl,,,,,no_decision,mapping_hypothesis,,Adhikaraṇa|Apādāna|Karaṇa,no,yes,yes,no
dev-s946,1,मैं जैसा कहूंगा उन्हें वैसा ही करना होगा ।,वैसा,advmod,obl,,,,,no_decision,mapping_hypothesis,,Adhikaraṇa|Apādāna|Karaṇa,no,yes,yes,no
dev-s949,1,"मानवशास्त्रियों का कहना है कि ग्रेट अंडमानीज ऐसे लोगों का बेहतरीन उदाहरण हैं, जो कि बाहरी दुनिया के संपर्क में आकर अपनी सदियों पुरानी परंपराओं व संस्कृति को भूल चुके हैं ।",सदियों,nmod,compound,,,,,no_decision,no_decision,,,no,yes,yes,yes
dev-s95,1,"मंदिर के गर्भगृह में अर्धा के पास चारों कोनों पर चार सुदृढ़ पाषाण स्तंभ हैं, जहाँ से होकर प्रदक्षिणा होती है ।",प्रदक्षिणा,nsubj,compound,,,,,mapping_hypothesis,no_decision,Kartā,,no,yes,yes,no
dev-s950,1,स्वतंत्र अंडमान निकोबार सोसाइटी के प्रमुख समीर आचार्य ने बताया कि उन्होंने इन आदिवासियों का बारीकी से अध्ययन किया है ।,स्वतंत्र,compound,amod,,,,,no_decision,no_decision,,,no,yes,yes,yes
dev-s954,1,आदिवासी नेता ने माना कि उनकी जिंदगी उनके पूर्वजों की जीनवशैली से एकदम बदल चुकी है ।,आदिवासी,compound,amod,,,,,no_decision,no_decision,,,no,yes,yes,yes
dev-s958,1,नुकसान देह पेय पीकर वे तरह - तरह की बीमारियों को न्योता दे रहे हैं ।,देह,amod,compound,,,,,no_decision,no_decision,,,no,yes,yes,yes
dev-s958,1,नुकसान देह पेय पीकर वे तरह - तरह की बीमारियों को न्योता दे रहे हैं ।,नुकसान,compound,obj,,,,,no_decision,mapping_hypothesis,,Karma,no,yes,yes,no
dev-s96,1,"अर्धा, जो चौकोर है, अंदर से पोली है और अपेक्षाकृत नवीन बनी है ।",अंदर,advmod,nmod,से,से,,,no_decision,no_decision,,,no,yes,yes,yes
dev-s96,1,"अर्धा, जो चौकोर है, अंदर से पोली है और अपेक्षाकृत नवीन बनी है ।",चौकोर,acl:relcl,amod,,,,,no_decision,no_decision,,,no,yes,yes,yes
dev-s960,1,आदिम जनजाति में आ रहे बदलाव की झलक ग्रेट अंडमानीज के राजा और उनकी पत्नी की जिंदगी में भी दिखाई दे रही है ।,आदिम,amod,compound,,,,,no_decision,no_decision,,,no,yes,yes,yes
dev-s960,1,आदिम जनजाति में आ रहे बदलाव की झलक ग्रेट अंडमानीज के राजा और उनकी पत्नी की जिंदगी में भी दिखाई दे रही है ।,झलक,compound,obj,,,,,no_decision,mapping_hypothesis,,Karma,no,yes,yes,no
dev-s961,1,सुरमई को पोर्टब्लेयर रास नहीं आया ।,पोर्टब्लेयर,obl,nsubj,,,,,mapping_hypothesis,mapping_hypothesis,Adhikaraṇa|Apādāna|Karaṇa,Kartā,no,yes,yes,yes
dev-s962,1,"उन्होंने कहा, 'मैं वापस जाना चाहती हूं ।",वापस,compound,obl,,,,,no_decision,mapping_hypothesis,,Adhikaraṇa|Apādāna|Karaṇa,no,yes,yes,no
dev-s963,1,मुझे यहां अच्छा नहीं लग रहा है ।,अच्छा,compound,xcomp,,,,,no_decision,no_decision,,,no,yes,yes,yes
dev-s965,1,"लेकिन, उनके पति जिरोकी इससे असहमत थे ।",असहमत,compound,root,,,,,no_decision,no_decision,,,no,yes,yes,yes
dev-s965,1,"लेकिन, उनके पति जिरोकी इससे असहमत थे ।",इससे,obl,nmod,,,,,mapping_hypothesis,no_decision,Adhikaraṇa|Apādāna|Karaṇa,,no,yes,yes,no
dev-s965,1,"लेकिन, उनके पति जिरोकी इससे असहमत थे ।",थे,root,cop,,,,,no_decision,no_decision,,,no,yes,yes,yes
dev-s966,1,वह कहते हैं बाहरी दुनिया के संपर्क में आकर अच्छा लग रहा है ।,अच्छा,compound,xcomp,,,,,no_decision,no_decision,,,no,yes,yes,yes
dev-s968,1,अंडमान निकोबार के दक्षिणी द्वीप स्ट्रैट में रहने वाले इन आदिवासियों के राजा जिरोकी को पहली बार सरकारी अस्पताल में अपनी मिरगी का इलाज कराने का मौका मिला ।,दक्षिणी,amod,compound,,,,,no_decision,no_decision,,,no,yes,yes,yes
dev-s968,1,अंडमान निकोबार के दक्षिणी द्वीप स्ट्रैट में रहने वाले इन आदिवासियों के राजा जिरोकी को पहली बार सरकारी अस्पताल में अपनी मिरगी का इलाज कराने का मौका मिला ।,द्वीप,nmod,compound,,,,,no_decision,no_decision,,,no,yes,yes,yes
dev-s971,1,रिक्टर पैमाने पर इसकी तीव्रता ३.१ रिकार्ड की गई ।,३.१,acl,nummod,,,,,no_decision,no_decision,,,no,yes,yes,yes
dev-s976,1,इसके बाद शनिवार सुबह ८.१९ बजे रिक्टर पैमाने पर ५ की तीव्रता के साथ दूसरा झटका लगा जिसका केंद्र उत्तरी अंडमान था ।,झटका,obj,nsubj,,,,,mapping_hypothesis,mapping_hypothesis,Karma,Kartā,no,yes,yes,yes
dev-s976,1,इसके बाद शनिवार सुबह ८.१९ बजे रिक्टर पैमाने पर ५ की तीव्रता के साथ दूसरा झटका लगा जिसका केंद्र उत्तरी अंडमान था ।,रिक्टर,nmod,compound,,,,,no_decision,no_decision,,,no,yes,yes,yes
dev-s977,1,दिन में ११.०० बजे के करीब ५.२ की तीव्रता के साथ तीसरा झटका महसूस किया गया जिसका केंद्र लिटिल अंडमान का पश्चिमी तट था ।,करीब,dep,case,,,,,no_decision,no_decision,,,no,yes,yes,yes
dev-s979,1,आज शाम ६.०० बजे दक्षिण अंडमान के पूर्वी केंद्र में रिक्टर पैमाने पर ५.३ की तीव्रता का एक अन्य झटका महसूस किया गया ।,आज,nmod,obl,,,,,no_decision,mapping_hypothesis,,Adhikaraṇa|Apādāna|Karaṇa,no,yes,yes,no
dev-s979,1,आज शाम ६.०० बजे दक्षिण अंडमान के पूर्वी केंद्र में रिक्टर पैमाने पर ५.३ की तीव्रता का एक अन्य झटका महसूस किया गया ।,शाम,obl,nmod,,,,,mapping_hypothesis,no_decision,Adhikaraṇa|Apādāna|Karaṇa,,no,yes,yes,no
dev-s980,1,"सुप्रीम कोर्ट के फैसले से बेचैन दिल्लीवासियों को राहत देते हुए केंद्रीय शहरी विकास मंत्रालय ने देर रात राजधानी के मास्टर प्लान, २००१ में संशोधन की अधिसूचना जारी कर दी, जिसमें रिहायशी क्षेत्रों में मिक्सलैंड यूज के प्रस्ताव को अनुमति दी गई है ।",देते,acl,advcl,,,,,no_decision,no_decision,,,no,yes,yes,yes
dev-s980,1,"सुप्रीम कोर्ट के फैसले से बेचैन दिल्लीवासियों को राहत देते हुए केंद्रीय शहरी विकास मंत्रालय ने देर रात राजधानी के मास्टर प्लान, २००१ में संशोधन की अधिसूचना जारी कर दी, जिसमें रिहायशी क्षेत्रों में मिक्सलैंड यूज के प्रस्ताव को अनुमति दी गई है ।",राजधानी,nsubj,nmod,के,के,,,mapping_hypothesis,no_decision,Kartā,,no,yes,yes,no
dev-s982,1,इससे लगभग दो लाख दुकानदारों को राहत मिलने की संभावना है ।,राहत,compound,nsubj,,,,,no_decision,mapping_hypothesis,,Kartā,no,yes,yes,no
dev-s99,1,"गवाक्षों में आठ पुरुष प्रमाण मूर्तियाँ हैं, जो अत्यंत कलात्मक हैं ।",पुरुष,compound,nmod,,,,,no_decision,no_decision,,,no,yes,yes,yes
dev-s99,1,"गवाक्षों में आठ पुरुष प्रमाण मूर्तियाँ हैं, जो अत्यंत कलात्मक हैं ।",प्रमाण,amod,compound,,,,,no_decision,no_decision,,,no,yes,yes,yes
dev-s991,1,इसलिए यह जरूरी हो जाता है कि दिल्ली में दुकानों की कमी पूरी करने के लिए मिश्रित भू उपयोग की नीति को लागू किया जाए ।,जरूरी,compound,xcomp,,,,,no_decision,no_decision,,,no,yes,yes,yes
dev-s993,1,अधिसूचना से बड़े शोरूम को कोई राहत मिलती नजर नहीं आ रही है ।,राहत,compound,nsubj,,,,,no_decision,mapping_hypothesis,,Kartā,no,yes,yes,no
dev-s994,1,उन्होंने कहा कि उच्चतम न्यायालय ने भी आदेश में छोटे दुकानदारों को राहत दी है ।,राहत,obj,compound,,,,,mapping_hypothesis,no_decision,Karma,,no,yes,yes,no
dev-s995,1,सिर्फ बड़ी दुकानों को ही बंद करने का आदेश दिया है ।,दुकानों,iobj,obj,को,को,R5,R5,ambiguous,ambiguous,Karma|Sampradāna,Karma|Sampradāna,no,yes,yes,yes
dev-s996,1,इसमें भी १८९ में से ११८ मार्गों को ही राहत दी गई है ।,मार्गों,obj,iobj,को,को,R5,R5,ambiguous,ambiguous,Karma|Sampradāna,Karma|Sampradāna,no,yes,yes,yes
dev-s998,1,"कंफेडरेशन ऑफ ऑल इंडिया ट्रेडर्स, दिल्ली संघर्ष मोर्चा, फेडरेशन ऑफ दिल्ली ट्रेड एसोसिएशन और फोरम ऑफ दिल्ली ट्रेड एसोसिएशन सहित अन्य प्रमुख संगठनों ने केंद्रीय शहरी विकास मंत्रालय द्वारा मिश्रित लैंडयूज की अधिसूचना का स्वागत किया है ।",ट्रेडर्स,obl,nmod,,,,,mapping_hypothesis,no_decision,Adhikaraṇa|Apādāna|Karaṇa,,no,yes,yes,no
dev-s999,1,इस संबंध में कन्फेडरेशन के राष्ट्रीय महामंत्री प्रवीण खंडेलवाल ने कहा कि अधिसूचना जारी होने से कुछ हद तक व्यापारियों को राहत मिल सकेगी ।,राष्ट्रीय,compound,amod,,,,,no_decision,no_decision,,,no,yes,yes,yes
dev-s999,1,इस संबंध में कन्फेडरेशन के राष्ट्रीय महामंत्री प्रवीण खंडेलवाल ने कहा कि अधिसूचना जारी होने से कुछ हद तक व्यापारियों को राहत मिल सकेगी ।,राहत,compound,nsubj,,,,,no_decision,mapping_hypothesis,,Kartā,no,yes,yes,no
